ZIP,ZCTA,State,County_Name,County_FIPS,Latitude,Longitude,ALAND20,AWATER20,Land_Area_SqMi,Water_Area_SqMi,Total_Population,Median_Age,Pct_Age_65_Plus,Median_Household_Income,Pct_Below_Poverty,Pct_No_Health_Insurance,Pct_Commute_Public_Transit,Pct_Broadband_Internet,Pct_NonEnglish_Language_Home,BRFSS_Year,BRFSS_Pct_Cigarette_Smoking_Sample_Size,BRFSS_Pct_Cigarette_Smoking,BRFSS_Pct_Cigarette_Smoking_CI_Low,BRFSS_Pct_Cigarette_Smoking_CI_High,BRFSS_Pct_Smoke_Every_Day_Sample_Size,BRFSS_Pct_Smoke_Every_Day,BRFSS_Pct_Smoke_Every_Day_CI_Low,BRFSS_Pct_Smoke_Every_Day_CI_High,BRFSS_Pct_Ecigarette_Use_Sample_Size,BRFSS_Pct_Ecigarette_Use,BRFSS_Pct_Ecigarette_Use_CI_Low,BRFSS_Pct_Ecigarette_Use_CI_High,BRFSS_Pct_Binge_Drinking_Sample_Size,BRFSS_Pct_Binge_Drinking,BRFSS_Pct_Binge_Drinking_CI_Low,BRFSS_Pct_Binge_Drinking_CI_High,BRFSS_Pct_Heavy_Drinking_Sample_Size,BRFSS_Pct_Heavy_Drinking,BRFSS_Pct_Heavy_Drinking_CI_Low,BRFSS_Pct_Heavy_Drinking_CI_High,BRFSS_Pct_Adult_Obesity_Sample_Size,BRFSS_Pct_Adult_Obesity,BRFSS_Pct_Adult_Obesity_CI_Low,BRFSS_Pct_Adult_Obesity_CI_High,BRFSS_Pct_Adult_Overweight_Sample_Size,BRFSS_Pct_Adult_Overweight,BRFSS_Pct_Adult_Overweight_CI_Low,BRFSS_Pct_Adult_Overweight_CI_High,BRFSS_Pct_No_Physical_Activity_Sample_Size,BRFSS_Pct_No_Physical_Activity,BRFSS_Pct_No_Physical_Activity_CI_Low,BRFSS_Pct_No_Physical_Activity_CI_High,BRFSS_Pct_Arthritis_Sample_Size,BRFSS_Pct_Arthritis,BRFSS_Pct_Arthritis_CI_Low,BRFSS_Pct_Arthritis_CI_High,BRFSS_Pct_Current_Asthma_Sample_Size,BRFSS_Pct_Current_Asthma,BRFSS_Pct_Current_Asthma_CI_Low,BRFSS_Pct_Current_Asthma_CI_High,BRFSS_Pct_Ever_Asthma_Sample_Size,BRFSS_Pct_Ever_Asthma,BRFSS_Pct_Ever_Asthma_CI_Low,BRFSS_Pct_Ever_Asthma_CI_High,BRFSS_Pct_COPD_Sample_Size,BRFSS_Pct_COPD,BRFSS_Pct_COPD_CI_Low,BRFSS_Pct_COPD_CI_High,BRFSS_Pct_Coronary_Heart_Disease_Sample_Size,BRFSS_Pct_Coronary_Heart_Disease,BRFSS_Pct_Coronary_Heart_Disease_CI_Low,BRFSS_Pct_Coronary_Heart_Disease_CI_High,BRFSS_Pct_Had_Stroke_Sample_Size,BRFSS_Pct_Had_Stroke,BRFSS_Pct_Had_Stroke_CI_Low,BRFSS_Pct_Had_Stroke_CI_High,BRFSS_Pct_Diabetes_Sample_Size,BRFSS_Pct_Diabetes,BRFSS_Pct_Diabetes_CI_Low,BRFSS_Pct_Diabetes_CI_High,BRFSS_Pct_Kidney_Disease_Sample_Size,BRFSS_Pct_Kidney_Disease,BRFSS_Pct_Kidney_Disease_CI_Low,BRFSS_Pct_Kidney_Disease_CI_High,BRFSS_Pct_Depression_Sample_Size,BRFSS_Pct_Depression,BRFSS_Pct_Depression_CI_Low,BRFSS_Pct_Depression_CI_High,BRFSS_Pct_Skin_Cancer_Sample_Size,BRFSS_Pct_Skin_Cancer,BRFSS_Pct_Skin_Cancer_CI_Low,BRFSS_Pct_Skin_Cancer_CI_High,BRFSS_Pct_Other_Cancer_Sample_Size,BRFSS_Pct_Other_Cancer,BRFSS_Pct_Other_Cancer_CI_Low,BRFSS_Pct_Other_Cancer_CI_High,BRFSS_Pct_Fair_Poor_Health_Sample_Size,BRFSS_Pct_Fair_Poor_Health,BRFSS_Pct_Fair_Poor_Health_CI_Low,BRFSS_Pct_Fair_Poor_Health_CI_High,BRFSS_Pct_Frequent_Mental_Distress_Sample_Size,BRFSS_Pct_Frequent_Mental_Distress,BRFSS_Pct_Frequent_Mental_Distress_CI_Low,BRFSS_Pct_Frequent_Mental_Distress_CI_High,BRFSS_Pct_Frequent_Physical_Distress_Sample_Size,BRFSS_Pct_Frequent_Physical_Distress,BRFSS_Pct_Frequent_Physical_Distress_CI_Low,BRFSS_Pct_Frequent_Physical_Distress_CI_High,BRFSS_Pct_Uninsured_Sample_Size,BRFSS_Pct_Uninsured,BRFSS_Pct_Uninsured_CI_Low,BRFSS_Pct_Uninsured_CI_High,BRFSS_Pct_Uninsured_18_64_Sample_Size,BRFSS_Pct_Uninsured_18_64,BRFSS_Pct_Uninsured_18_64_CI_Low,BRFSS_Pct_Uninsured_18_64_CI_High,BRFSS_Pct_Cost_Barrier_Medical_Care_Sample_Size,BRFSS_Pct_Cost_Barrier_Medical_Care,BRFSS_Pct_Cost_Barrier_Medical_Care_CI_Low,BRFSS_Pct_Cost_Barrier_Medical_Care_CI_High,BRFSS_Pct_No_Personal_Doctor_Sample_Size,BRFSS_Pct_No_Personal_Doctor,BRFSS_Pct_No_Personal_Doctor_CI_Low,BRFSS_Pct_No_Personal_Doctor_CI_High,BRFSS_Pct_Routine_Checkup_Past_Year_Sample_Size,BRFSS_Pct_Routine_Checkup_Past_Year,BRFSS_Pct_Routine_Checkup_Past_Year_CI_Low,BRFSS_Pct_Routine_Checkup_Past_Year_CI_High,BRFSS_Pct_Colorectal_Screening_45_75_Sample_Size,BRFSS_Pct_Colorectal_Screening_45_75,BRFSS_Pct_Colorectal_Screening_45_75_CI_Low,BRFSS_Pct_Colorectal_Screening_45_75_CI_High,BRFSS_Pct_Mammography_40_74_Sample_Size,BRFSS_Pct_Mammography_40_74,BRFSS_Pct_Mammography_40_74_CI_Low,BRFSS_Pct_Mammography_40_74_CI_High,BRFSS_Pct_Flu_Vaccinated_65_Plus_Sample_Size,BRFSS_Pct_Flu_Vaccinated_65_Plus,BRFSS_Pct_Flu_Vaccinated_65_Plus_CI_Low,BRFSS_Pct_Flu_Vaccinated_65_Plus_CI_High,BRFSS_Pct_Pneumonia_Vaccinated_65_Plus_Sample_Size,BRFSS_Pct_Pneumonia_Vaccinated_65_Plus,BRFSS_Pct_Pneumonia_Vaccinated_65_Plus_CI_Low,BRFSS_Pct_Pneumonia_Vaccinated_65_Plus_CI_High,BRFSS_Pct_HIV_Tested_Ever_Sample_Size,BRFSS_Pct_HIV_Tested_Ever,BRFSS_Pct_HIV_Tested_Ever_CI_Low,BRFSS_Pct_HIV_Tested_Ever_CI_High,BRFSS_Pct_Permanent_Teeth_Removed_Sample_Size,BRFSS_Pct_Permanent_Teeth_Removed,BRFSS_Pct_Permanent_Teeth_Removed_CI_Low,BRFSS_Pct_Permanent_Teeth_Removed_CI_High,BRFSS_Pct_All_Teeth_Removed_65_Plus_Sample_Size,BRFSS_Pct_All_Teeth_Removed_65_Plus,BRFSS_Pct_All_Teeth_Removed_65_Plus_CI_Low,BRFSS_Pct_All_Teeth_Removed_65_Plus_CI_High,BRFSS_Pct_Walking_Difficulty_Sample_Size,BRFSS_Pct_Walking_Difficulty,BRFSS_Pct_Walking_Difficulty_CI_Low,BRFSS_Pct_Walking_Difficulty_CI_High,BRFSS_Pct_Seeing_Difficulty_Sample_Size,BRFSS_Pct_Seeing_Difficulty,BRFSS_Pct_Seeing_Difficulty_CI_Low,BRFSS_Pct_Seeing_Difficulty_CI_High,BRFSS_Pct_Cognitive_Difficulty_Sample_Size,BRFSS_Pct_Cognitive_Difficulty,BRFSS_Pct_Cognitive_Difficulty_CI_Low,BRFSS_Pct_Cognitive_Difficulty_CI_High,Pct_Poor_Fair_Health,Pct_Poor_Fair_Health_LowCI,Pct_Poor_Fair_Health_HighCI,Pct_Poor_Fair_Health_Quartile,Avg_Poor_Physical_Health_Days,Avg_Poor_Physical_Health_Days_LowCI,Avg_Poor_Physical_Health_Days_HighCI,Avg_Poor_Physical_Health_Days_Quartile,Avg_Poor_Mental_Health_Days,Avg_Poor_Mental_Health_Days_LowCI,Avg_Poor_Mental_Health_Days_HighCI,Avg_Poor_Mental_Health_Days_Quartile,CHR_YPLL_Rate,CHR_Premature_Deaths_Count,CHR_Pct_Low_Birthweight,CHR_Pct_Low_Birthweight_Quartile,Pct_Adult_Smoking,Pct_Adult_Smoking_LowCI,Pct_Adult_Smoking_HighCI,Pct_Adult_Smoking_Quartile,Pct_Adult_Obesity,Pct_Adult_Obesity_LowCI,Pct_Adult_Obesity_HighCI,Pct_Adult_Obesity_Quartile,Pct_Physical_Inactivity,Pct_Physical_Inactivity_LowCI,Pct_Physical_Inactivity_HighCI,Pct_Physical_Inactivity_Quartile,Excessive_Drinking_Pct,Excessive_Drinking_Pct_LowCI,Excessive_Drinking_Pct_HighCI,Excessive_Drinking_Pct_Quartile,CHR_Food_Environment_Index,CHR_Access_Exercise_Opportunities_Pct,CHR_Alcohol_Impaired_Driving_Deaths_Pct,CHR_STI_Chlamydia_Rate,CHR_Teen_Birth_Rate,CHR_Uninsured_Pct,CHR_Uninsured_Pct_LowCI,CHR_Uninsured_Pct_HighCI,CHR_Uninsured_Pct_Quartile,CHR_PCP_Ratio_Population,Dentist_Ratio_Population,Mental_Health_Provider_Ratio,CHR_Preventable_Hospital_Stays_Rate,CHR_Mammography_Screening_Pct,CHR_Mammography_Screening_Pct_Quartile,CHR_Flu_Vaccination_Pct,CHR_Flu_Vaccination_Pct_Quartile,CHR_Data_Year,Population_Density_SqMi,Uninsured_Population_Count,Poverty_Population_Count,Seniors_65_Plus_Count,No_Broadband_Households_Estimate
21842,21842,Delaware,Sussex,10005,38.451256,-75.071562,23724173,31478537,9.159954406122738,12.153931085034982,10960,53.5,31.5,63630.0,8.3,8.7,3.1,90.3,10.9,2024,393,10.1,8.7,11.4,274,6.9,5.7,8.0,148,6.6,5.3,8.0,372,13.1,11.4,14.8,202,6.1,4.9,7.3,1427,36.6,34.4,38.9,1385,33.6,31.4,35.7,1163,25.2,23.3,27.1,1737,30.8,29.0,32.7,475,10.9,9.5,12.3,674,15.7,14.1,17.4,365,5.9,5.0,6.8,480,7.6,6.7,8.6,274,4.5,3.7,5.2,744,13.2,11.9,14.6,276,4.5,3.7,5.2,848,21.4,19.5,23.2,480,6.5,5.8,7.3,645,10.4,9.3,11.6,853,18.6,16.9,20.2,532,16.1,14.3,18.0,598,12.5,11.1,13.9,218,7.5,6.3,8.8,205,10.3,8.6,12.0,318,9.5,8.2,10.8,417,13.7,12.0,15.3,3767,82.8,81.1,84.5,1778,76.2,73.6,78.8,1105,80.2,77.3,83.2,1264,69.0,66.0,72.1,1324,75.0,72.0,78.0,1284,40.8,38.4,43.2,2108,41.9,39.7,44.0,157,8.4,6.7,10.2,710,13.6,12.2,15.1,233,5.1,4.2,6.1,437,14.5,12.6,16.4,18.6,16.5,21.0,2.0,4.0195656944,3.7443923075,4.3018948313,2.0,4.5931942046,4.2980193963,4.8716387341,2.0,8196.0382329,3644.0,8.4004746737,1.0,17.5,15.1,20.1,2.0,35.3,34.0,36.6,2.0,27.3,24.9,29.9,2.0,20.005054131,19.337844257,20.710241959,2.0,8.0,64.296330112,25.906735751,447.4,29.104251152,10.392208124,9.3198676983,11.464548549,3.0,1697.0,4393.0,488.0,4009.0,52.0,1.0,56.0,1.0,2022.0,1196.51,954.0,910.0,3452.0,1063.0
21874,21874,Delaware,Sussex,10005,38.453907,-75.386634,73216361,111701,28.268995026390296,0.043127997216944755,2239,30.4,6.7,66447.0,18.9,13.7,0.0,84.8,16.7,2024,393,10.1,8.7,11.4,274,6.9,5.7,8.0,148,6.6,5.3,8.0,372,13.1,11.4,14.8,202,6.1,4.9,7.3,1427,36.6,34.4,38.9,1385,33.6,31.4,35.7,1163,25.2,23.3,27.1,1737,30.8,29.0,32.7,475,10.9,9.5,12.3,674,15.7,14.1,17.4,365,5.9,5.0,6.8,480,7.6,6.7,8.6,274,4.5,3.7,5.2,744,13.2,11.9,14.6,276,4.5,3.7,5.2,848,21.4,19.5,23.2,480,6.5,5.8,7.3,645,10.4,9.3,11.6,853,18.6,16.9,20.2,532,16.1,14.3,18.0,598,12.5,11.1,13.9,218,7.5,6.3,8.8,205,10.3,8.6,12.0,318,9.5,8.2,10.8,417,13.7,12.0,15.3,3767,82.8,81.1,84.5,1778,76.2,73.6,78.8,1105,80.2,77.3,83.2,1264,69.0,66.0,72.1,1324,75.0,72.0,78.0,1284,40.8,38.4,43.2,2108,41.9,39.7,44.0,157,8.4,6.7,10.2,710,13.6,12.2,15.1,233,5.1,4.2,6.1,437,14.5,12.6,16.4,18.6,16.5,21.0,2.0,4.0195656944,3.7443923075,4.3018948313,2.0,4.5931942046,4.2980193963,4.8716387341,2.0,8196.0382329,3644.0,8.4004746737,1.0,17.5,15.1,20.1,2.0,35.3,34.0,36.6,2.0,27.3,24.9,29.9,2.0,20.005054131,19.337844257,20.710241959,2.0,8.0,64.296330112,25.906735751,447.4,29.104251152,10.392208124,9.3198676983,11.464548549,3.0,1697.0,4393.0,488.0,4009.0,52.0,1.0,56.0,1.0,2022.0,79.2,307.0,423.0,150.0,340.0
21813,21813,Delaware,Sussex,10005,38.451177,-75.147748,71041842,17696993,27.429408546589816,6.8328471978969825,2662,47.5,22.7,92813.0,4.7,5.0,0.0,93.4,4.0,2024,393,10.1,8.7,11.4,274,6.9,5.7,8.0,148,6.6,5.3,8.0,372,13.1,11.4,14.8,202,6.1,4.9,7.3,1427,36.6,34.4,38.9,1385,33.6,31.4,35.7,1163,25.2,23.3,27.1,1737,30.8,29.0,32.7,475,10.9,9.5,12.3,674,15.7,14.1,17.4,365,5.9,5.0,6.8,480,7.6,6.7,8.6,274,4.5,3.7,5.2,744,13.2,11.9,14.6,276,4.5,3.7,5.2,848,21.4,19.5,23.2,480,6.5,5.8,7.3,645,10.4,9.3,11.6,853,18.6,16.9,20.2,532,16.1,14.3,18.0,598,12.5,11.1,13.9,218,7.5,6.3,8.8,205,10.3,8.6,12.0,318,9.5,8.2,10.8,417,13.7,12.0,15.3,3767,82.8,81.1,84.5,1778,76.2,73.6,78.8,1105,80.2,77.3,83.2,1264,69.0,66.0,72.1,1324,75.0,72.0,78.0,1284,40.8,38.4,43.2,2108,41.9,39.7,44.0,157,8.4,6.7,10.2,710,13.6,12.2,15.1,233,5.1,4.2,6.1,437,14.5,12.6,16.4,18.6,16.5,21.0,2.0,4.0195656944,3.7443923075,4.3018948313,2.0,4.5931942046,4.2980193963,4.8716387341,2.0,8196.0382329,3644.0,8.4004746737,1.0,17.5,15.1,20.1,2.0,35.3,34.0,36.6,2.0,27.3,24.9,29.9,2.0,20.005054131,19.337844257,20.710241959,2.0,8.0,64.296330112,25.906735751,447.4,29.104251152,10.392208124,9.3198676983,11.464548549,3.0,1697.0,4393.0,488.0,4009.0,52.0,1.0,56.0,1.0,2022.0,97.05,133.0,125.0,604.0,176.0
19975,19975,Delaware,Sussex,10005,38.468685,-75.174526,66138389,4512947,25.536174758732773,1.7424585783137052,9610,58.7,39.1,72474.0,6.9,7.5,0.0,87.8,8.5,2024,393,10.1,8.7,11.4,274,6.9,5.7,8.0,148,6.6,5.3,8.0,372,13.1,11.4,14.8,202,6.1,4.9,7.3,1427,36.6,34.4,38.9,1385,33.6,31.4,35.7,1163,25.2,23.3,27.1,1737,30.8,29.0,32.7,475,10.9,9.5,12.3,674,15.7,14.1,17.4,365,5.9,5.0,6.8,480,7.6,6.7,8.6,274,4.5,3.7,5.2,744,13.2,11.9,14.6,276,4.5,3.7,5.2,848,21.4,19.5,23.2,480,6.5,5.8,7.3,645,10.4,9.3,11.6,853,18.6,16.9,20.2,532,16.1,14.3,18.0,598,12.5,11.1,13.9,218,7.5,6.3,8.8,205,10.3,8.6,12.0,318,9.5,8.2,10.8,417,13.7,12.0,15.3,3767,82.8,81.1,84.5,1778,76.2,73.6,78.8,1105,80.2,77.3,83.2,1264,69.0,66.0,72.1,1324,75.0,72.0,78.0,1284,40.8,38.4,43.2,2108,41.9,39.7,44.0,157,8.4,6.7,10.2,710,13.6,12.2,15.1,233,5.1,4.2,6.1,437,14.5,12.6,16.4,18.6,16.5,21.0,2.0,4.0195656944,3.7443923075,4.3018948313,2.0,4.5931942046,4.2980193963,4.8716387341,2.0,8196.0382329,3644.0,8.4004746737,1.0,17.5,15.1,20.1,2.0,35.3,34.0,36.6,2.0,27.3,24.9,29.9,2.0,20.005054131,19.337844257,20.710241959,2.0,8.0,64.296330112,25.906735751,447.4,29.104251152,10.392208124,9.3198676983,11.464548549,3.0,1697.0,4393.0,488.0,4009.0,52.0,1.0,56.0,1.0,2022.0,376.33,721.0,663.0,3758.0,1172.0
19944,19944,Delaware,Sussex,10005,38.474638,-75.055982,3218022,2728230,1.2424852405982667,1.0533754921369118,657,71.1,61.3,98750.0,2.4,1.4,0.0,90.9,1.7,2024,393,10.1,8.7,11.4,274,6.9,5.7,8.0,148,6.6,5.3,8.0,372,13.1,11.4,14.8,202,6.1,4.9,7.3,1427,36.6,34.4,38.9,1385,33.6,31.4,35.7,1163,25.2,23.3,27.1,1737,30.8,29.0,32.7,475,10.9,9.5,12.3,674,15.7,14.1,17.4,365,5.9,5.0,6.8,480,7.6,6.7,8.6,274,4.5,3.7,5.2,744,13.2,11.9,14.6,276,4.5,3.7,5.2,848,21.4,19.5,23.2,480,6.5,5.8,7.3,645,10.4,9.3,11.6,853,18.6,16.9,20.2,532,16.1,14.3,18.0,598,12.5,11.1,13.9,218,7.5,6.3,8.8,205,10.3,8.6,12.0,318,9.5,8.2,10.8,417,13.7,12.0,15.3,3767,82.8,81.1,84.5,1778,76.2,73.6,78.8,1105,80.2,77.3,83.2,1264,69.0,66.0,72.1,1324,75.0,72.0,78.0,1284,40.8,38.4,43.2,2108,41.9,39.7,44.0,157,8.4,6.7,10.2,710,13.6,12.2,15.1,233,5.1,4.2,6.1,437,14.5,12.6,16.4,18.6,16.5,21.0,2.0,4.0195656944,3.7443923075,4.3018948313,2.0,4.5931942046,4.2980193963,4.8716387341,2.0,8196.0382329,3644.0,8.4004746737,1.0,17.5,15.1,20.1,2.0,35.3,34.0,36.6,2.0,27.3,24.9,29.9,2.0,20.005054131,19.337844257,20.710241959,2.0,8.0,64.296330112,25.906735751,447.4,29.104251152,10.392208124,9.3198676983,11.464548549,3.0,1697.0,4393.0,488.0,4009.0,52.0,1.0,56.0,1.0,2022.0,528.78,9.0,16.0,403.0,60.0
21875,21875,Delaware,Sussex,10005,38.46539,-75.693304,63109255,299661,24.366619582666733,0.11569975894599764,7052,44.5,15.4,65294.0,11.9,6.1,0.0,86.8,13.6,2024,393,10.1,8.7,11.4,274,6.9,5.7,8.0,148,6.6,5.3,8.0,372,13.1,11.4,14.8,202,6.1,4.9,7.3,1427,36.6,34.4,38.9,1385,33.6,31.4,35.7,1163,25.2,23.3,27.1,1737,30.8,29.0,32.7,475,10.9,9.5,12.3,674,15.7,14.1,17.4,365,5.9,5.0,6.8,480,7.6,6.7,8.6,274,4.5,3.7,5.2,744,13.2,11.9,14.6,276,4.5,3.7,5.2,848,21.4,19.5,23.2,480,6.5,5.8,7.3,645,10.4,9.3,11.6,853,18.6,16.9,20.2,532,16.1,14.3,18.0,598,12.5,11.1,13.9,218,7.5,6.3,8.8,205,10.3,8.6,12.0,318,9.5,8.2,10.8,417,13.7,12.0,15.3,3767,82.8,81.1,84.5,1778,76.2,73.6,78.8,1105,80.2,77.3,83.2,1264,69.0,66.0,72.1,1324,75.0,72.0,78.0,1284,40.8,38.4,43.2,2108,41.9,39.7,44.0,157,8.4,6.7,10.2,710,13.6,12.2,15.1,233,5.1,4.2,6.1,437,14.5,12.6,16.4,18.6,16.5,21.0,2.0,4.0195656944,3.7443923075,4.3018948313,2.0,4.5931942046,4.2980193963,4.8716387341,2.0,8196.0382329,3644.0,8.4004746737,1.0,17.5,15.1,20.1,2.0,35.3,34.0,36.6,2.0,27.3,24.9,29.9,2.0,20.005054131,19.337844257,20.710241959,2.0,8.0,64.296330112,25.906735751,447.4,29.104251152,10.392208124,9.3198676983,11.464548549,3.0,1697.0,4393.0,488.0,4009.0,52.0,1.0,56.0,1.0,2022.0,289.41,430.0,839.0,1086.0,931.0
21837,21837,Delaware,Sussex,10005,38.53746,-75.699889,113595339,8420299,43.85940559395078,3.251095619894564,3164,39.3,16.9,69457.0,8.6,6.8,0.1,72.1,7.3,2024,393,10.1,8.7,11.4,274,6.9,5.7,8.0,148,6.6,5.3,8.0,372,13.1,11.4,14.8,202,6.1,4.9,7.3,1427,36.6,34.4,38.9,1385,33.6,31.4,35.7,1163,25.2,23.3,27.1,1737,30.8,29.0,32.7,475,10.9,9.5,12.3,674,15.7,14.1,17.4,365,5.9,5.0,6.8,480,7.6,6.7,8.6,274,4.5,3.7,5.2,744,13.2,11.9,14.6,276,4.5,3.7,5.2,848,21.4,19.5,23.2,480,6.5,5.8,7.3,645,10.4,9.3,11.6,853,18.6,16.9,20.2,532,16.1,14.3,18.0,598,12.5,11.1,13.9,218,7.5,6.3,8.8,205,10.3,8.6,12.0,318,9.5,8.2,10.8,417,13.7,12.0,15.3,3767,82.8,81.1,84.5,1778,76.2,73.6,78.8,1105,80.2,77.3,83.2,1264,69.0,66.0,72.1,1324,75.0,72.0,78.0,1284,40.8,38.4,43.2,2108,41.9,39.7,44.0,157,8.4,6.7,10.2,710,13.6,12.2,15.1,233,5.1,4.2,6.1,437,14.5,12.6,16.4,18.6,16.5,21.0,2.0,4.0195656944,3.7443923075,4.3018948313,2.0,4.5931942046,4.2980193963,4.8716387341,2.0,8196.0382329,3644.0,8.4004746737,1.0,17.5,15.1,20.1,2.0,35.3,34.0,36.6,2.0,27.3,24.9,29.9,2.0,20.005054131,19.337844257,20.710241959,2.0,8.0,64.296330112,25.906735751,447.4,29.104251152,10.392208124,9.3198676983,11.464548549,3.0,1697.0,4393.0,488.0,4009.0,52.0,1.0,56.0,1.0,2022.0,72.14,215.0,272.0,535.0,883.0
19940,19940,Delaware,Sussex,10005,38.477459,-75.568399,106992523,235,41.31004408356145,9.073400726924573e-05,6146,45.9,20.5,58444.0,14.5,7.1,0.0,75.0,11.0,2024,393,10.1,8.7,11.4,274,6.9,5.7,8.0,148,6.6,5.3,8.0,372,13.1,11.4,14.8,202,6.1,4.9,7.3,1427,36.6,34.4,38.9,1385,33.6,31.4,35.7,1163,25.2,23.3,27.1,1737,30.8,29.0,32.7,475,10.9,9.5,12.3,674,15.7,14.1,17.4,365,5.9,5.0,6.8,480,7.6,6.7,8.6,274,4.5,3.7,5.2,744,13.2,11.9,14.6,276,4.5,3.7,5.2,848,21.4,19.5,23.2,480,6.5,5.8,7.3,645,10.4,9.3,11.6,853,18.6,16.9,20.2,532,16.1,14.3,18.0,598,12.5,11.1,13.9,218,7.5,6.3,8.8,205,10.3,8.6,12.0,318,9.5,8.2,10.8,417,13.7,12.0,15.3,3767,82.8,81.1,84.5,1778,76.2,73.6,78.8,1105,80.2,77.3,83.2,1264,69.0,66.0,72.1,1324,75.0,72.0,78.0,1284,40.8,38.4,43.2,2108,41.9,39.7,44.0,157,8.4,6.7,10.2,710,13.6,12.2,15.1,233,5.1,4.2,6.1,437,14.5,12.6,16.4,18.6,16.5,21.0,2.0,4.0195656944,3.7443923075,4.3018948313,2.0,4.5931942046,4.2980193963,4.8716387341,2.0,8196.0382329,3644.0,8.4004746737,1.0,17.5,15.1,20.1,2.0,35.3,34.0,36.6,2.0,27.3,24.9,29.9,2.0,20.005054131,19.337844257,20.710241959,2.0,8.0,64.296330112,25.906735751,447.4,29.104251152,10.392208124,9.3198676983,11.464548549,3.0,1697.0,4393.0,488.0,4009.0,52.0,1.0,56.0,1.0,2022.0,148.78,436.0,891.0,1260.0,1536.0
21861,21861,Delaware,Sussex,10005,38.551728,-75.700975,6745322,1261616,2.6043833846017157,0.48711266091487965,738,35.5,14.8,74609.0,3.3,4.6,0.0,93.6,2.6,2024,393,10.1,8.7,11.4,274,6.9,5.7,8.0,148,6.6,5.3,8.0,372,13.1,11.4,14.8,202,6.1,4.9,7.3,1427,36.6,34.4,38.9,1385,33.6,31.4,35.7,1163,25.2,23.3,27.1,1737,30.8,29.0,32.7,475,10.9,9.5,12.3,674,15.7,14.1,17.4,365,5.9,5.0,6.8,480,7.6,6.7,8.6,274,4.5,3.7,5.2,744,13.2,11.9,14.6,276,4.5,3.7,5.2,848,21.4,19.5,23.2,480,6.5,5.8,7.3,645,10.4,9.3,11.6,853,18.6,16.9,20.2,532,16.1,14.3,18.0,598,12.5,11.1,13.9,218,7.5,6.3,8.8,205,10.3,8.6,12.0,318,9.5,8.2,10.8,417,13.7,12.0,15.3,3767,82.8,81.1,84.5,1778,76.2,73.6,78.8,1105,80.2,77.3,83.2,1264,69.0,66.0,72.1,1324,75.0,72.0,78.0,1284,40.8,38.4,43.2,2108,41.9,39.7,44.0,157,8.4,6.7,10.2,710,13.6,12.2,15.1,233,5.1,4.2,6.1,437,14.5,12.6,16.4,18.6,16.5,21.0,2.0,4.0195656944,3.7443923075,4.3018948313,2.0,4.5931942046,4.2980193963,4.8716387341,2.0,8196.0382329,3644.0,8.4004746737,1.0,17.5,15.1,20.1,2.0,35.3,34.0,36.6,2.0,27.3,24.9,29.9,2.0,20.005054131,19.337844257,20.710241959,2.0,8.0,64.296330112,25.906735751,447.4,29.104251152,10.392208124,9.3198676983,11.464548549,3.0,1697.0,4393.0,488.0,4009.0,52.0,1.0,56.0,1.0,2022.0,283.37,34.0,24.0,109.0,47.0
19956,19956,Delaware,Sussex,10005,38.546514,-75.539612,260035756,2589667,100.40036670284174,0.9998760187358544,15349,37.7,16.5,51171.0,20.8,6.7,0.7,81.4,10.4,2024,393,10.1,8.7,11.4,274,6.9,5.7,8.0,148,6.6,5.3,8.0,372,13.1,11.4,14.8,202,6.1,4.9,7.3,1427,36.6,34.4,38.9,1385,33.6,31.4,35.7,1163,25.2,23.3,27.1,1737,30.8,29.0,32.7,475,10.9,9.5,12.3,674,15.7,14.1,17.4,365,5.9,5.0,6.8,480,7.6,6.7,8.6,274,4.5,3.7,5.2,744,13.2,11.9,14.6,276,4.5,3.7,5.2,848,21.4,19.5,23.2,480,6.5,5.8,7.3,645,10.4,9.3,11.6,853,18.6,16.9,20.2,532,16.1,14.3,18.0,598,12.5,11.1,13.9,218,7.5,6.3,8.8,205,10.3,8.6,12.0,318,9.5,8.2,10.8,417,13.7,12.0,15.3,3767,82.8,81.1,84.5,1778,76.2,73.6,78.8,1105,80.2,77.3,83.2,1264,69.0,66.0,72.1,1324,75.0,72.0,78.0,1284,40.8,38.4,43.2,2108,41.9,39.7,44.0,157,8.4,6.7,10.2,710,13.6,12.2,15.1,233,5.1,4.2,6.1,437,14.5,12.6,16.4,18.6,16.5,21.0,2.0,4.0195656944,3.7443923075,4.3018948313,2.0,4.5931942046,4.2980193963,4.8716387341,2.0,8196.0382329,3644.0,8.4004746737,1.0,17.5,15.1,20.1,2.0,35.3,34.0,36.6,2.0,27.3,24.9,29.9,2.0,20.005054131,19.337844257,20.710241959,2.0,8.0,64.296330112,25.906735751,447.4,29.104251152,10.392208124,9.3198676983,11.464548549,3.0,1697.0,4393.0,488.0,4009.0,52.0,1.0,56.0,1.0,2022.0,152.88,1028.0,3193.0,2533.0,2855.0
19931,19931,Delaware,Sussex,10005,38.56928,-75.610292,3091195,0,1.1935170621304514,0.0,348,58.4,24.4,81818.0,1.4,2.3,0.0,77.8,15.4,2024,393,10.1,8.7,11.4,274,6.9,5.7,8.0,148,6.6,5.3,8.0,372,13.1,11.4,14.8,202,6.1,4.9,7.3,1427,36.6,34.4,38.9,1385,33.6,31.4,35.7,1163,25.2,23.3,27.1,1737,30.8,29.0,32.7,475,10.9,9.5,12.3,674,15.7,14.1,17.4,365,5.9,5.0,6.8,480,7.6,6.7,8.6,274,4.5,3.7,5.2,744,13.2,11.9,14.6,276,4.5,3.7,5.2,848,21.4,19.5,23.2,480,6.5,5.8,7.3,645,10.4,9.3,11.6,853,18.6,16.9,20.2,532,16.1,14.3,18.0,598,12.5,11.1,13.9,218,7.5,6.3,8.8,205,10.3,8.6,12.0,318,9.5,8.2,10.8,417,13.7,12.0,15.3,3767,82.8,81.1,84.5,1778,76.2,73.6,78.8,1105,80.2,77.3,83.2,1264,69.0,66.0,72.1,1324,75.0,72.0,78.0,1284,40.8,38.4,43.2,2108,41.9,39.7,44.0,157,8.4,6.7,10.2,710,13.6,12.2,15.1,233,5.1,4.2,6.1,437,14.5,12.6,16.4,18.6,16.5,21.0,2.0,4.0195656944,3.7443923075,4.3018948313,2.0,4.5931942046,4.2980193963,4.8716387341,2.0,8196.0382329,3644.0,8.4004746737,1.0,17.5,15.1,20.1,2.0,35.3,34.0,36.6,2.0,27.3,24.9,29.9,2.0,20.005054131,19.337844257,20.710241959,2.0,8.0,64.296330112,25.906735751,447.4,29.104251152,10.392208124,9.3198676983,11.464548549,3.0,1697.0,4393.0,488.0,4009.0,52.0,1.0,56.0,1.0,2022.0,291.58,8.0,5.0,85.0,77.0
21659,21659,Delaware,Sussex,10005,38.585196,-75.703563,113367804,2440347,43.77155383929543,0.9422232444148171,1163,50.8,15.6,81065.0,2.8,3.5,0.0,80.4,1.0,2024,393,10.1,8.7,11.4,274,6.9,5.7,8.0,148,6.6,5.3,8.0,372,13.1,11.4,14.8,202,6.1,4.9,7.3,1427,36.6,34.4,38.9,1385,33.6,31.4,35.7,1163,25.2,23.3,27.1,1737,30.8,29.0,32.7,475,10.9,9.5,12.3,674,15.7,14.1,17.4,365,5.9,5.0,6.8,480,7.6,6.7,8.6,274,4.5,3.7,5.2,744,13.2,11.9,14.6,276,4.5,3.7,5.2,848,21.4,19.5,23.2,480,6.5,5.8,7.3,645,10.4,9.3,11.6,853,18.6,16.9,20.2,532,16.1,14.3,18.0,598,12.5,11.1,13.9,218,7.5,6.3,8.8,205,10.3,8.6,12.0,318,9.5,8.2,10.8,417,13.7,12.0,15.3,3767,82.8,81.1,84.5,1778,76.2,73.6,78.8,1105,80.2,77.3,83.2,1264,69.0,66.0,72.1,1324,75.0,72.0,78.0,1284,40.8,38.4,43.2,2108,41.9,39.7,44.0,157,8.4,6.7,10.2,710,13.6,12.2,15.1,233,5.1,4.2,6.1,437,14.5,12.6,16.4,18.6,16.5,21.0,2.0,4.0195656944,3.7443923075,4.3018948313,2.0,4.5931942046,4.2980193963,4.8716387341,2.0,8196.0382329,3644.0,8.4004746737,1.0,17.5,15.1,20.1,2.0,35.3,34.0,36.6,2.0,27.3,24.9,29.9,2.0,20.005054131,19.337844257,20.710241959,2.0,8.0,64.296330112,25.906735751,447.4,29.104251152,10.392208124,9.3198676983,11.464548549,3.0,1697.0,4393.0,488.0,4009.0,52.0,1.0,56.0,1.0,2022.0,26.57,41.0,33.0,181.0,228.0
19945,19945,Delaware,Sussex,10005,38.50346,-75.228456,161408619,4568235,62.32021621134006,1.7638053944579692,8080,55.9,30.2,75192.0,11.2,7.4,0.0,90.3,10.8,2024,393,10.1,8.7,11.4,274,6.9,5.7,8.0,148,6.6,5.3,8.0,372,13.1,11.4,14.8,202,6.1,4.9,7.3,1427,36.6,34.4,38.9,1385,33.6,31.4,35.7,1163,25.2,23.3,27.1,1737,30.8,29.0,32.7,475,10.9,9.5,12.3,674,15.7,14.1,17.4,365,5.9,5.0,6.8,480,7.6,6.7,8.6,274,4.5,3.7,5.2,744,13.2,11.9,14.6,276,4.5,3.7,5.2,848,21.4,19.5,23.2,480,6.5,5.8,7.3,645,10.4,9.3,11.6,853,18.6,16.9,20.2,532,16.1,14.3,18.0,598,12.5,11.1,13.9,218,7.5,6.3,8.8,205,10.3,8.6,12.0,318,9.5,8.2,10.8,417,13.7,12.0,15.3,3767,82.8,81.1,84.5,1778,76.2,73.6,78.8,1105,80.2,77.3,83.2,1264,69.0,66.0,72.1,1324,75.0,72.0,78.0,1284,40.8,38.4,43.2,2108,41.9,39.7,44.0,157,8.4,6.7,10.2,710,13.6,12.2,15.1,233,5.1,4.2,6.1,437,14.5,12.6,16.4,18.6,16.5,21.0,2.0,4.0195656944,3.7443923075,4.3018948313,2.0,4.5931942046,4.2980193963,4.8716387341,2.0,8196.0382329,3644.0,8.4004746737,1.0,17.5,15.1,20.1,2.0,35.3,34.0,36.6,2.0,27.3,24.9,29.9,2.0,20.005054131,19.337844257,20.710241959,2.0,8.0,64.296330112,25.906735751,447.4,29.104251152,10.392208124,9.3198676983,11.464548549,3.0,1697.0,4393.0,488.0,4009.0,52.0,1.0,56.0,1.0,2022.0,129.65,598.0,905.0,2440.0,784.0
19967,19967,Delaware,Sussex,10005,38.539791,-75.12083,4216009,0,1.627810175545555,0.0,1706,64.8,49.2,85000.0,4.5,1.9,0.9,93.7,4.2,2024,393,10.1,8.7,11.4,274,6.9,5.7,8.0,148,6.6,5.3,8.0,372,13.1,11.4,14.8,202,6.1,4.9,7.3,1427,36.6,34.4,38.9,1385,33.6,31.4,35.7,1163,25.2,23.3,27.1,1737,30.8,29.0,32.7,475,10.9,9.5,12.3,674,15.7,14.1,17.4,365,5.9,5.0,6.8,480,7.6,6.7,8.6,274,4.5,3.7,5.2,744,13.2,11.9,14.6,276,4.5,3.7,5.2,848,21.4,19.5,23.2,480,6.5,5.8,7.3,645,10.4,9.3,11.6,853,18.6,16.9,20.2,532,16.1,14.3,18.0,598,12.5,11.1,13.9,218,7.5,6.3,8.8,205,10.3,8.6,12.0,318,9.5,8.2,10.8,417,13.7,12.0,15.3,3767,82.8,81.1,84.5,1778,76.2,73.6,78.8,1105,80.2,77.3,83.2,1264,69.0,66.0,72.1,1324,75.0,72.0,78.0,1284,40.8,38.4,43.2,2108,41.9,39.7,44.0,157,8.4,6.7,10.2,710,13.6,12.2,15.1,233,5.1,4.2,6.1,437,14.5,12.6,16.4,18.6,16.5,21.0,2.0,4.0195656944,3.7443923075,4.3018948313,2.0,4.5931942046,4.2980193963,4.8716387341,2.0,8196.0382329,3644.0,8.4004746737,1.0,17.5,15.1,20.1,2.0,35.3,34.0,36.6,2.0,27.3,24.9,29.9,2.0,20.005054131,19.337844257,20.710241959,2.0,8.0,64.296330112,25.906735751,447.4,29.104251152,10.392208124,9.3198676983,11.464548549,3.0,1697.0,4393.0,488.0,4009.0,52.0,1.0,56.0,1.0,2022.0,1048.03,32.0,77.0,839.0,107.0
19930,19930,Delaware,Sussex,10005,38.562629,-75.071272,15171699,12242516,5.857825733416205,4.726861854203648,2799,66.7,58.1,112868.0,3.1,1.9,2.0,93.9,9.4,2024,393,10.1,8.7,11.4,274,6.9,5.7,8.0,148,6.6,5.3,8.0,372,13.1,11.4,14.8,202,6.1,4.9,7.3,1427,36.6,34.4,38.9,1385,33.6,31.4,35.7,1163,25.2,23.3,27.1,1737,30.8,29.0,32.7,475,10.9,9.5,12.3,674,15.7,14.1,17.4,365,5.9,5.0,6.8,480,7.6,6.7,8.6,274,4.5,3.7,5.2,744,13.2,11.9,14.6,276,4.5,3.7,5.2,848,21.4,19.5,23.2,480,6.5,5.8,7.3,645,10.4,9.3,11.6,853,18.6,16.9,20.2,532,16.1,14.3,18.0,598,12.5,11.1,13.9,218,7.5,6.3,8.8,205,10.3,8.6,12.0,318,9.5,8.2,10.8,417,13.7,12.0,15.3,3767,82.8,81.1,84.5,1778,76.2,73.6,78.8,1105,80.2,77.3,83.2,1264,69.0,66.0,72.1,1324,75.0,72.0,78.0,1284,40.8,38.4,43.2,2108,41.9,39.7,44.0,157,8.4,6.7,10.2,710,13.6,12.2,15.1,233,5.1,4.2,6.1,437,14.5,12.6,16.4,18.6,16.5,21.0,2.0,4.0195656944,3.7443923075,4.3018948313,2.0,4.5931942046,4.2980193963,4.8716387341,2.0,8196.0382329,3644.0,8.4004746737,1.0,17.5,15.1,20.1,2.0,35.3,34.0,36.6,2.0,27.3,24.9,29.9,2.0,20.005054131,19.337844257,20.710241959,2.0,8.0,64.296330112,25.906735751,447.4,29.104251152,10.392208124,9.3198676983,11.464548549,3.0,1697.0,4393.0,488.0,4009.0,52.0,1.0,56.0,1.0,2022.0,477.82,53.0,87.0,1626.0,171.0
19970,19970,Delaware,Sussex,10005,38.554999,-75.099035,24151664,2755878,9.325009604001618,1.0640504446176782,7484,63.1,44.2,77304.0,14.7,1.7,0.4,90.2,5.1,2024,393,10.1,8.7,11.4,274,6.9,5.7,8.0,148,6.6,5.3,8.0,372,13.1,11.4,14.8,202,6.1,4.9,7.3,1427,36.6,34.4,38.9,1385,33.6,31.4,35.7,1163,25.2,23.3,27.1,1737,30.8,29.0,32.7,475,10.9,9.5,12.3,674,15.7,14.1,17.4,365,5.9,5.0,6.8,480,7.6,6.7,8.6,274,4.5,3.7,5.2,744,13.2,11.9,14.6,276,4.5,3.7,5.2,848,21.4,19.5,23.2,480,6.5,5.8,7.3,645,10.4,9.3,11.6,853,18.6,16.9,20.2,532,16.1,14.3,18.0,598,12.5,11.1,13.9,218,7.5,6.3,8.8,205,10.3,8.6,12.0,318,9.5,8.2,10.8,417,13.7,12.0,15.3,3767,82.8,81.1,84.5,1778,76.2,73.6,78.8,1105,80.2,77.3,83.2,1264,69.0,66.0,72.1,1324,75.0,72.0,78.0,1284,40.8,38.4,43.2,2108,41.9,39.7,44.0,157,8.4,6.7,10.2,710,13.6,12.2,15.1,233,5.1,4.2,6.1,437,14.5,12.6,16.4,18.6,16.5,21.0,2.0,4.0195656944,3.7443923075,4.3018948313,2.0,4.5931942046,4.2980193963,4.8716387341,2.0,8196.0382329,3644.0,8.4004746737,1.0,17.5,15.1,20.1,2.0,35.3,34.0,36.6,2.0,27.3,24.9,29.9,2.0,20.005054131,19.337844257,20.710241959,2.0,8.0,64.296330112,25.906735751,447.4,29.104251152,10.392208124,9.3198676983,11.464548549,3.0,1697.0,4393.0,488.0,4009.0,52.0,1.0,56.0,1.0,2022.0,802.57,127.0,1100.0,3308.0,733.0
19966,19966,Delaware,Sussex,10005,38.581337,-75.282716,230708181,21345961,89.07692668905727,8.241721619332068,31427,52.5,31.8,64140.0,9.5,5.9,0.2,85.9,8.2,2024,393,10.1,8.7,11.4,274,6.9,5.7,8.0,148,6.6,5.3,8.0,372,13.1,11.4,14.8,202,6.1,4.9,7.3,1427,36.6,34.4,38.9,1385,33.6,31.4,35.7,1163,25.2,23.3,27.1,1737,30.8,29.0,32.7,475,10.9,9.5,12.3,674,15.7,14.1,17.4,365,5.9,5.0,6.8,480,7.6,6.7,8.6,274,4.5,3.7,5.2,744,13.2,11.9,14.6,276,4.5,3.7,5.2,848,21.4,19.5,23.2,480,6.5,5.8,7.3,645,10.4,9.3,11.6,853,18.6,16.9,20.2,532,16.1,14.3,18.0,598,12.5,11.1,13.9,218,7.5,6.3,8.8,205,10.3,8.6,12.0,318,9.5,8.2,10.8,417,13.7,12.0,15.3,3767,82.8,81.1,84.5,1778,76.2,73.6,78.8,1105,80.2,77.3,83.2,1264,69.0,66.0,72.1,1324,75.0,72.0,78.0,1284,40.8,38.4,43.2,2108,41.9,39.7,44.0,157,8.4,6.7,10.2,710,13.6,12.2,15.1,233,5.1,4.2,6.1,437,14.5,12.6,16.4,18.6,16.5,21.0,2.0,4.0195656944,3.7443923075,4.3018948313,2.0,4.5931942046,4.2980193963,4.8716387341,2.0,8196.0382329,3644.0,8.4004746737,1.0,17.5,15.1,20.1,2.0,35.3,34.0,36.6,2.0,27.3,24.9,29.9,2.0,20.005054131,19.337844257,20.710241959,2.0,8.0,64.296330112,25.906735751,447.4,29.104251152,10.392208124,9.3198676983,11.464548549,3.0,1697.0,4393.0,488.0,4009.0,52.0,1.0,56.0,1.0,2022.0,352.81,1854.0,2986.0,9994.0,4431.0
19939,19939,Delaware,Sussex,10005,38.565763,-75.202212,67263443,15221451,25.97056053666594,5.8770350880105005,7968,52.9,29.6,72870.0,6.5,9.6,0.0,89.2,1.8,2024,393,10.1,8.7,11.4,274,6.9,5.7,8.0,148,6.6,5.3,8.0,372,13.1,11.4,14.8,202,6.1,4.9,7.3,1427,36.6,34.4,38.9,1385,33.6,31.4,35.7,1163,25.2,23.3,27.1,1737,30.8,29.0,32.7,475,10.9,9.5,12.3,674,15.7,14.1,17.4,365,5.9,5.0,6.8,480,7.6,6.7,8.6,274,4.5,3.7,5.2,744,13.2,11.9,14.6,276,4.5,3.7,5.2,848,21.4,19.5,23.2,480,6.5,5.8,7.3,645,10.4,9.3,11.6,853,18.6,16.9,20.2,532,16.1,14.3,18.0,598,12.5,11.1,13.9,218,7.5,6.3,8.8,205,10.3,8.6,12.0,318,9.5,8.2,10.8,417,13.7,12.0,15.3,3767,82.8,81.1,84.5,1778,76.2,73.6,78.8,1105,80.2,77.3,83.2,1264,69.0,66.0,72.1,1324,75.0,72.0,78.0,1284,40.8,38.4,43.2,2108,41.9,39.7,44.0,157,8.4,6.7,10.2,710,13.6,12.2,15.1,233,5.1,4.2,6.1,437,14.5,12.6,16.4,18.6,16.5,21.0,2.0,4.0195656944,3.7443923075,4.3018948313,2.0,4.5931942046,4.2980193963,4.8716387341,2.0,8196.0382329,3644.0,8.4004746737,1.0,17.5,15.1,20.1,2.0,35.3,34.0,36.6,2.0,27.3,24.9,29.9,2.0,20.005054131,19.337844257,20.710241959,2.0,8.0,64.296330112,25.906735751,447.4,29.104251152,10.392208124,9.3198676983,11.464548549,3.0,1697.0,4393.0,488.0,4009.0,52.0,1.0,56.0,1.0,2022.0,306.81,765.0,518.0,2359.0,861.0
19971,19971,Delaware,Sussex,10005,38.691375,-75.101637,46520025,29087333,17.961482070278695,11.230682058999877,14132,61.1,40.7,85636.0,8.0,2.5,0.5,89.6,5.7,2024,393,10.1,8.7,11.4,274,6.9,5.7,8.0,148,6.6,5.3,8.0,372,13.1,11.4,14.8,202,6.1,4.9,7.3,1427,36.6,34.4,38.9,1385,33.6,31.4,35.7,1163,25.2,23.3,27.1,1737,30.8,29.0,32.7,475,10.9,9.5,12.3,674,15.7,14.1,17.4,365,5.9,5.0,6.8,480,7.6,6.7,8.6,274,4.5,3.7,5.2,744,13.2,11.9,14.6,276,4.5,3.7,5.2,848,21.4,19.5,23.2,480,6.5,5.8,7.3,645,10.4,9.3,11.6,853,18.6,16.9,20.2,532,16.1,14.3,18.0,598,12.5,11.1,13.9,218,7.5,6.3,8.8,205,10.3,8.6,12.0,318,9.5,8.2,10.8,417,13.7,12.0,15.3,3767,82.8,81.1,84.5,1778,76.2,73.6,78.8,1105,80.2,77.3,83.2,1264,69.0,66.0,72.1,1324,75.0,72.0,78.0,1284,40.8,38.4,43.2,2108,41.9,39.7,44.0,157,8.4,6.7,10.2,710,13.6,12.2,15.1,233,5.1,4.2,6.1,437,14.5,12.6,16.4,18.6,16.5,21.0,2.0,4.0195656944,3.7443923075,4.3018948313,2.0,4.5931942046,4.2980193963,4.8716387341,2.0,8196.0382329,3644.0,8.4004746737,1.0,17.5,15.1,20.1,2.0,35.3,34.0,36.6,2.0,27.3,24.9,29.9,2.0,20.005054131,19.337844257,20.710241959,2.0,8.0,64.296330112,25.906735751,447.4,29.104251152,10.392208124,9.3198676983,11.464548549,3.0,1697.0,4393.0,488.0,4009.0,52.0,1.0,56.0,1.0,2022.0,786.79,353.0,1131.0,5752.0,1470.0
19951,19951,Delaware,Sussex,10005,38.687624,-75.251203,23133237,328929,8.9317927409327,0.12700019692368394,2237,53.5,32.2,83929.0,3.7,6.0,0.0,82.4,10.2,2024,393,10.1,8.7,11.4,274,6.9,5.7,8.0,148,6.6,5.3,8.0,372,13.1,11.4,14.8,202,6.1,4.9,7.3,1427,36.6,34.4,38.9,1385,33.6,31.4,35.7,1163,25.2,23.3,27.1,1737,30.8,29.0,32.7,475,10.9,9.5,12.3,674,15.7,14.1,17.4,365,5.9,5.0,6.8,480,7.6,6.7,8.6,274,4.5,3.7,5.2,744,13.2,11.9,14.6,276,4.5,3.7,5.2,848,21.4,19.5,23.2,480,6.5,5.8,7.3,645,10.4,9.3,11.6,853,18.6,16.9,20.2,532,16.1,14.3,18.0,598,12.5,11.1,13.9,218,7.5,6.3,8.8,205,10.3,8.6,12.0,318,9.5,8.2,10.8,417,13.7,12.0,15.3,3767,82.8,81.1,84.5,1778,76.2,73.6,78.8,1105,80.2,77.3,83.2,1264,69.0,66.0,72.1,1324,75.0,72.0,78.0,1284,40.8,38.4,43.2,2108,41.9,39.7,44.0,157,8.4,6.7,10.2,710,13.6,12.2,15.1,233,5.1,4.2,6.1,437,14.5,12.6,16.4,18.6,16.5,21.0,2.0,4.0195656944,3.7443923075,4.3018948313,2.0,4.5931942046,4.2980193963,4.8716387341,2.0,8196.0382329,3644.0,8.4004746737,1.0,17.5,15.1,20.1,2.0,35.3,34.0,36.6,2.0,27.3,24.9,29.9,2.0,20.005054131,19.337844257,20.710241959,2.0,8.0,64.296330112,25.906735751,447.4,29.104251152,10.392208124,9.3198676983,11.464548549,3.0,1697.0,4393.0,488.0,4009.0,52.0,1.0,56.0,1.0,2022.0,250.45,134.0,83.0,720.0,394.0
19958,19958,Delaware,Sussex,10005,38.726841,-75.167069,122437580,21722316,47.273413930846196,8.38703309722916,27944,61.2,40.9,78449.0,7.8,2.2,0.2,89.8,5.6,2024,393,10.1,8.7,11.4,274,6.9,5.7,8.0,148,6.6,5.3,8.0,372,13.1,11.4,14.8,202,6.1,4.9,7.3,1427,36.6,34.4,38.9,1385,33.6,31.4,35.7,1163,25.2,23.3,27.1,1737,30.8,29.0,32.7,475,10.9,9.5,12.3,674,15.7,14.1,17.4,365,5.9,5.0,6.8,480,7.6,6.7,8.6,274,4.5,3.7,5.2,744,13.2,11.9,14.6,276,4.5,3.7,5.2,848,21.4,19.5,23.2,480,6.5,5.8,7.3,645,10.4,9.3,11.6,853,18.6,16.9,20.2,532,16.1,14.3,18.0,598,12.5,11.1,13.9,218,7.5,6.3,8.8,205,10.3,8.6,12.0,318,9.5,8.2,10.8,417,13.7,12.0,15.3,3767,82.8,81.1,84.5,1778,76.2,73.6,78.8,1105,80.2,77.3,83.2,1264,69.0,66.0,72.1,1324,75.0,72.0,78.0,1284,40.8,38.4,43.2,2108,41.9,39.7,44.0,157,8.4,6.7,10.2,710,13.6,12.2,15.1,233,5.1,4.2,6.1,437,14.5,12.6,16.4,18.6,16.5,21.0,2.0,4.0195656944,3.7443923075,4.3018948313,2.0,4.5931942046,4.2980193963,4.8716387341,2.0,8196.0382329,3644.0,8.4004746737,1.0,17.5,15.1,20.1,2.0,35.3,34.0,36.6,2.0,27.3,24.9,29.9,2.0,20.005054131,19.337844257,20.710241959,2.0,8.0,64.296330112,25.906735751,447.4,29.104251152,10.392208124,9.3198676983,11.464548549,3.0,1697.0,4393.0,488.0,4009.0,52.0,1.0,56.0,1.0,2022.0,591.11,615.0,2180.0,11429.0,2850.0
19968,19968,Delaware,Sussex,10005,38.775526,-75.284656,165498890,5505894,63.89947867366851,2.125837558381687,13829,50.0,28.1,72801.0,10.4,3.7,0.0,89.5,8.0,2024,393,10.1,8.7,11.4,274,6.9,5.7,8.0,148,6.6,5.3,8.0,372,13.1,11.4,14.8,202,6.1,4.9,7.3,1427,36.6,34.4,38.9,1385,33.6,31.4,35.7,1163,25.2,23.3,27.1,1737,30.8,29.0,32.7,475,10.9,9.5,12.3,674,15.7,14.1,17.4,365,5.9,5.0,6.8,480,7.6,6.7,8.6,274,4.5,3.7,5.2,744,13.2,11.9,14.6,276,4.5,3.7,5.2,848,21.4,19.5,23.2,480,6.5,5.8,7.3,645,10.4,9.3,11.6,853,18.6,16.9,20.2,532,16.1,14.3,18.0,598,12.5,11.1,13.9,218,7.5,6.3,8.8,205,10.3,8.6,12.0,318,9.5,8.2,10.8,417,13.7,12.0,15.3,3767,82.8,81.1,84.5,1778,76.2,73.6,78.8,1105,80.2,77.3,83.2,1264,69.0,66.0,72.1,1324,75.0,72.0,78.0,1284,40.8,38.4,43.2,2108,41.9,39.7,44.0,157,8.4,6.7,10.2,710,13.6,12.2,15.1,233,5.1,4.2,6.1,437,14.5,12.6,16.4,18.6,16.5,21.0,2.0,4.0195656944,3.7443923075,4.3018948313,2.0,4.5931942046,4.2980193963,4.8716387341,2.0,8196.0382329,3644.0,8.4004746737,1.0,17.5,15.1,20.1,2.0,35.3,34.0,36.6,2.0,27.3,24.9,29.9,2.0,20.005054131,19.337844257,20.710241959,2.0,8.0,64.296330112,25.906735751,447.4,29.104251152,10.392208124,9.3198676983,11.464548549,3.0,1697.0,4393.0,488.0,4009.0,52.0,1.0,56.0,1.0,2022.0,216.42,512.0,1438.0,3886.0,1452.0
19973,19973,Delaware,Sussex,10005,38.63715,-75.61733,217548915,5211460,83.99610568096392,2.0121559554186526,25619,43.0,19.7,58308.0,16.5,7.3,0.2,85.0,13.9,2024,393,10.1,8.7,11.4,274,6.9,5.7,8.0,148,6.6,5.3,8.0,372,13.1,11.4,14.8,202,6.1,4.9,7.3,1427,36.6,34.4,38.9,1385,33.6,31.4,35.7,1163,25.2,23.3,27.1,1737,30.8,29.0,32.7,475,10.9,9.5,12.3,674,15.7,14.1,17.4,365,5.9,5.0,6.8,480,7.6,6.7,8.6,274,4.5,3.7,5.2,744,13.2,11.9,14.6,276,4.5,3.7,5.2,848,21.4,19.5,23.2,480,6.5,5.8,7.3,645,10.4,9.3,11.6,853,18.6,16.9,20.2,532,16.1,14.3,18.0,598,12.5,11.1,13.9,218,7.5,6.3,8.8,205,10.3,8.6,12.0,318,9.5,8.2,10.8,417,13.7,12.0,15.3,3767,82.8,81.1,84.5,1778,76.2,73.6,78.8,1105,80.2,77.3,83.2,1264,69.0,66.0,72.1,1324,75.0,72.0,78.0,1284,40.8,38.4,43.2,2108,41.9,39.7,44.0,157,8.4,6.7,10.2,710,13.6,12.2,15.1,233,5.1,4.2,6.1,437,14.5,12.6,16.4,18.6,16.5,21.0,2.0,4.0195656944,3.7443923075,4.3018948313,2.0,4.5931942046,4.2980193963,4.8716387341,2.0,8196.0382329,3644.0,8.4004746737,1.0,17.5,15.1,20.1,2.0,35.3,34.0,36.6,2.0,27.3,24.9,29.9,2.0,20.005054131,19.337844257,20.710241959,2.0,8.0,64.296330112,25.906735751,447.4,29.104251152,10.392208124,9.3198676983,11.464548549,3.0,1697.0,4393.0,488.0,4009.0,52.0,1.0,56.0,1.0,2022.0,305.0,1870.0,4227.0,5047.0,3843.0
19947,19947,Delaware,Sussex,10005,38.674195,-75.398637,308773039,466228,119.21793687307701,0.1800116371962804,20128,37.4,16.3,57894.0,16.3,13.8,0.4,80.7,32.5,2024,393,10.1,8.7,11.4,274,6.9,5.7,8.0,148,6.6,5.3,8.0,372,13.1,11.4,14.8,202,6.1,4.9,7.3,1427,36.6,34.4,38.9,1385,33.6,31.4,35.7,1163,25.2,23.3,27.1,1737,30.8,29.0,32.7,475,10.9,9.5,12.3,674,15.7,14.1,17.4,365,5.9,5.0,6.8,480,7.6,6.7,8.6,274,4.5,3.7,5.2,744,13.2,11.9,14.6,276,4.5,3.7,5.2,848,21.4,19.5,23.2,480,6.5,5.8,7.3,645,10.4,9.3,11.6,853,18.6,16.9,20.2,532,16.1,14.3,18.0,598,12.5,11.1,13.9,218,7.5,6.3,8.8,205,10.3,8.6,12.0,318,9.5,8.2,10.8,417,13.7,12.0,15.3,3767,82.8,81.1,84.5,1778,76.2,73.6,78.8,1105,80.2,77.3,83.2,1264,69.0,66.0,72.1,1324,75.0,72.0,78.0,1284,40.8,38.4,43.2,2108,41.9,39.7,44.0,157,8.4,6.7,10.2,710,13.6,12.2,15.1,233,5.1,4.2,6.1,437,14.5,12.6,16.4,18.6,16.5,21.0,2.0,4.0195656944,3.7443923075,4.3018948313,2.0,4.5931942046,4.2980193963,4.8716387341,2.0,8196.0382329,3644.0,8.4004746737,1.0,17.5,15.1,20.1,2.0,35.3,34.0,36.6,2.0,27.3,24.9,29.9,2.0,20.005054131,19.337844257,20.710241959,2.0,8.0,64.296330112,25.906735751,447.4,29.104251152,10.392208124,9.3198676983,11.464548549,3.0,1697.0,4393.0,488.0,4009.0,52.0,1.0,56.0,1.0,2022.0,168.83,2778.0,3281.0,3281.0,3885.0
21632,21632,Delaware,Sussex,10005,38.739955,-75.715739,201559437,1326041,77.82253371039607,0.5119872924822038,6090,41.0,17.4,52758.0,20.1,8.6,1.4,78.3,7.9,2024,393,10.1,8.7,11.4,274,6.9,5.7,8.0,148,6.6,5.3,8.0,372,13.1,11.4,14.8,202,6.1,4.9,7.3,1427,36.6,34.4,38.9,1385,33.6,31.4,35.7,1163,25.2,23.3,27.1,1737,30.8,29.0,32.7,475,10.9,9.5,12.3,674,15.7,14.1,17.4,365,5.9,5.0,6.8,480,7.6,6.7,8.6,274,4.5,3.7,5.2,744,13.2,11.9,14.6,276,4.5,3.7,5.2,848,21.4,19.5,23.2,480,6.5,5.8,7.3,645,10.4,9.3,11.6,853,18.6,16.9,20.2,532,16.1,14.3,18.0,598,12.5,11.1,13.9,218,7.5,6.3,8.8,205,10.3,8.6,12.0,318,9.5,8.2,10.8,417,13.7,12.0,15.3,3767,82.8,81.1,84.5,1778,76.2,73.6,78.8,1105,80.2,77.3,83.2,1264,69.0,66.0,72.1,1324,75.0,72.0,78.0,1284,40.8,38.4,43.2,2108,41.9,39.7,44.0,157,8.4,6.7,10.2,710,13.6,12.2,15.1,233,5.1,4.2,6.1,437,14.5,12.6,16.4,18.6,16.5,21.0,2.0,4.0195656944,3.7443923075,4.3018948313,2.0,4.5931942046,4.2980193963,4.8716387341,2.0,8196.0382329,3644.0,8.4004746737,1.0,17.5,15.1,20.1,2.0,35.3,34.0,36.6,2.0,27.3,24.9,29.9,2.0,20.005054131,19.337844257,20.710241959,2.0,8.0,64.296330112,25.906735751,447.4,29.104251152,10.392208124,9.3198676983,11.464548549,3.0,1697.0,4393.0,488.0,4009.0,52.0,1.0,56.0,1.0,2022.0,78.25,524.0,1224.0,1060.0,1322.0
19933,19933,Delaware,Sussex,10005,38.737008,-75.605855,174196048,472583,67.25747015108884,0.182465316414136,10427,38.5,18.1,52905.0,21.0,8.6,0.1,79.5,16.5,2024,393,10.1,8.7,11.4,274,6.9,5.7,8.0,148,6.6,5.3,8.0,372,13.1,11.4,14.8,202,6.1,4.9,7.3,1427,36.6,34.4,38.9,1385,33.6,31.4,35.7,1163,25.2,23.3,27.1,1737,30.8,29.0,32.7,475,10.9,9.5,12.3,674,15.7,14.1,17.4,365,5.9,5.0,6.8,480,7.6,6.7,8.6,274,4.5,3.7,5.2,744,13.2,11.9,14.6,276,4.5,3.7,5.2,848,21.4,19.5,23.2,480,6.5,5.8,7.3,645,10.4,9.3,11.6,853,18.6,16.9,20.2,532,16.1,14.3,18.0,598,12.5,11.1,13.9,218,7.5,6.3,8.8,205,10.3,8.6,12.0,318,9.5,8.2,10.8,417,13.7,12.0,15.3,3767,82.8,81.1,84.5,1778,76.2,73.6,78.8,1105,80.2,77.3,83.2,1264,69.0,66.0,72.1,1324,75.0,72.0,78.0,1284,40.8,38.4,43.2,2108,41.9,39.7,44.0,157,8.4,6.7,10.2,710,13.6,12.2,15.1,233,5.1,4.2,6.1,437,14.5,12.6,16.4,18.6,16.5,21.0,2.0,4.0195656944,3.7443923075,4.3018948313,2.0,4.5931942046,4.2980193963,4.8716387341,2.0,8196.0382329,3644.0,8.4004746737,1.0,17.5,15.1,20.1,2.0,35.3,34.0,36.6,2.0,27.3,24.9,29.9,2.0,20.005054131,19.337844257,20.710241959,2.0,8.0,64.296330112,25.906735751,447.4,29.104251152,10.392208124,9.3198676983,11.464548549,3.0,1697.0,4393.0,488.0,4009.0,52.0,1.0,56.0,1.0,2022.0,155.03,897.0,2190.0,1887.0,2138.0
19941,19941,Delaware,Sussex,10005,38.794902,-75.42477,78452370,164966,30.290629403700237,0.06369372869437613,2855,32.3,10.5,70250.0,24.3,10.4,0.0,79.5,11.9,2024,393,10.1,8.7,11.4,274,6.9,5.7,8.0,148,6.6,5.3,8.0,372,13.1,11.4,14.8,202,6.1,4.9,7.3,1427,36.6,34.4,38.9,1385,33.6,31.4,35.7,1163,25.2,23.3,27.1,1737,30.8,29.0,32.7,475,10.9,9.5,12.3,674,15.7,14.1,17.4,365,5.9,5.0,6.8,480,7.6,6.7,8.6,274,4.5,3.7,5.2,744,13.2,11.9,14.6,276,4.5,3.7,5.2,848,21.4,19.5,23.2,480,6.5,5.8,7.3,645,10.4,9.3,11.6,853,18.6,16.9,20.2,532,16.1,14.3,18.0,598,12.5,11.1,13.9,218,7.5,6.3,8.8,205,10.3,8.6,12.0,318,9.5,8.2,10.8,417,13.7,12.0,15.3,3767,82.8,81.1,84.5,1778,76.2,73.6,78.8,1105,80.2,77.3,83.2,1264,69.0,66.0,72.1,1324,75.0,72.0,78.0,1284,40.8,38.4,43.2,2108,41.9,39.7,44.0,157,8.4,6.7,10.2,710,13.6,12.2,15.1,233,5.1,4.2,6.1,437,14.5,12.6,16.4,18.6,16.5,21.0,2.0,4.0195656944,3.7443923075,4.3018948313,2.0,4.5931942046,4.2980193963,4.8716387341,2.0,8196.0382329,3644.0,8.4004746737,1.0,17.5,15.1,20.1,2.0,35.3,34.0,36.6,2.0,27.3,24.9,29.9,2.0,20.005054131,19.337844257,20.710241959,2.0,8.0,64.296330112,25.906735751,447.4,29.104251152,10.392208124,9.3198676983,11.464548549,3.0,1697.0,4393.0,488.0,4009.0,52.0,1.0,56.0,1.0,2022.0,94.25,297.0,694.0,300.0,585.0
19950,19950,Delaware,Sussex,10005,38.820073,-75.596919,187493503,7806,72.39164623037594,0.0030139134499733286,7139,46.7,21.5,66765.0,8.6,9.1,0.0,80.6,5.3,2024,393,10.1,8.7,11.4,274,6.9,5.7,8.0,148,6.6,5.3,8.0,372,13.1,11.4,14.8,202,6.1,4.9,7.3,1427,36.6,34.4,38.9,1385,33.6,31.4,35.7,1163,25.2,23.3,27.1,1737,30.8,29.0,32.7,475,10.9,9.5,12.3,674,15.7,14.1,17.4,365,5.9,5.0,6.8,480,7.6,6.7,8.6,274,4.5,3.7,5.2,744,13.2,11.9,14.6,276,4.5,3.7,5.2,848,21.4,19.5,23.2,480,6.5,5.8,7.3,645,10.4,9.3,11.6,853,18.6,16.9,20.2,532,16.1,14.3,18.0,598,12.5,11.1,13.9,218,7.5,6.3,8.8,205,10.3,8.6,12.0,318,9.5,8.2,10.8,417,13.7,12.0,15.3,3767,82.8,81.1,84.5,1778,76.2,73.6,78.8,1105,80.2,77.3,83.2,1264,69.0,66.0,72.1,1324,75.0,72.0,78.0,1284,40.8,38.4,43.2,2108,41.9,39.7,44.0,157,8.4,6.7,10.2,710,13.6,12.2,15.1,233,5.1,4.2,6.1,437,14.5,12.6,16.4,18.6,16.5,21.0,2.0,4.0195656944,3.7443923075,4.3018948313,2.0,4.5931942046,4.2980193963,4.8716387341,2.0,8196.0382329,3644.0,8.4004746737,1.0,17.5,15.1,20.1,2.0,35.3,34.0,36.6,2.0,27.3,24.9,29.9,2.0,20.005054131,19.337844257,20.710241959,2.0,8.0,64.296330112,25.906735751,447.4,29.104251152,10.392208124,9.3198676983,11.464548549,3.0,1697.0,4393.0,488.0,4009.0,52.0,1.0,56.0,1.0,2022.0,98.62,650.0,614.0,1535.0,1385.0
21629,21629,Delaware,Sussex,10005,38.875135,-75.726489,216570691,6168335,83.6184112829769,2.3816074584218847,9999,39.7,15.8,64534.0,10.8,4.3,0.0,87.9,3.7,2024,393,10.1,8.7,11.4,274,6.9,5.7,8.0,148,6.6,5.3,8.0,372,13.1,11.4,14.8,202,6.1,4.9,7.3,1427,36.6,34.4,38.9,1385,33.6,31.4,35.7,1163,25.2,23.3,27.1,1737,30.8,29.0,32.7,475,10.9,9.5,12.3,674,15.7,14.1,17.4,365,5.9,5.0,6.8,480,7.6,6.7,8.6,274,4.5,3.7,5.2,744,13.2,11.9,14.6,276,4.5,3.7,5.2,848,21.4,19.5,23.2,480,6.5,5.8,7.3,645,10.4,9.3,11.6,853,18.6,16.9,20.2,532,16.1,14.3,18.0,598,12.5,11.1,13.9,218,7.5,6.3,8.8,205,10.3,8.6,12.0,318,9.5,8.2,10.8,417,13.7,12.0,15.3,3767,82.8,81.1,84.5,1778,76.2,73.6,78.8,1105,80.2,77.3,83.2,1264,69.0,66.0,72.1,1324,75.0,72.0,78.0,1284,40.8,38.4,43.2,2108,41.9,39.7,44.0,157,8.4,6.7,10.2,710,13.6,12.2,15.1,233,5.1,4.2,6.1,437,14.5,12.6,16.4,18.6,16.5,21.0,2.0,4.0195656944,3.7443923075,4.3018948313,2.0,4.5931942046,4.2980193963,4.8716387341,2.0,8196.0382329,3644.0,8.4004746737,1.0,17.5,15.1,20.1,2.0,35.3,34.0,36.6,2.0,27.3,24.9,29.9,2.0,20.005054131,19.337844257,20.710241959,2.0,8.0,64.296330112,25.906735751,447.4,29.104251152,10.392208124,9.3198676983,11.464548549,3.0,1697.0,4393.0,488.0,4009.0,52.0,1.0,56.0,1.0,2022.0,119.58,430.0,1080.0,1580.0,1210.0
19960,19960,Delaware,Sussex,10005,38.850826,-75.413641,78446712,723134,30.28844483768692,0.2792035983516542,7019,37.9,13.8,57656.0,10.0,10.8,0.0,79.4,15.9,2024,393,10.1,8.7,11.4,274,6.9,5.7,8.0,148,6.6,5.3,8.0,372,13.1,11.4,14.8,202,6.1,4.9,7.3,1427,36.6,34.4,38.9,1385,33.6,31.4,35.7,1163,25.2,23.3,27.1,1737,30.8,29.0,32.7,475,10.9,9.5,12.3,674,15.7,14.1,17.4,365,5.9,5.0,6.8,480,7.6,6.7,8.6,274,4.5,3.7,5.2,744,13.2,11.9,14.6,276,4.5,3.7,5.2,848,21.4,19.5,23.2,480,6.5,5.8,7.3,645,10.4,9.3,11.6,853,18.6,16.9,20.2,532,16.1,14.3,18.0,598,12.5,11.1,13.9,218,7.5,6.3,8.8,205,10.3,8.6,12.0,318,9.5,8.2,10.8,417,13.7,12.0,15.3,3767,82.8,81.1,84.5,1778,76.2,73.6,78.8,1105,80.2,77.3,83.2,1264,69.0,66.0,72.1,1324,75.0,72.0,78.0,1284,40.8,38.4,43.2,2108,41.9,39.7,44.0,157,8.4,6.7,10.2,710,13.6,12.2,15.1,233,5.1,4.2,6.1,437,14.5,12.6,16.4,18.6,16.5,21.0,2.0,4.0195656944,3.7443923075,4.3018948313,2.0,4.5931942046,4.2980193963,4.8716387341,2.0,8196.0382329,3644.0,8.4004746737,1.0,17.5,15.1,20.1,2.0,35.3,34.0,36.6,2.0,27.3,24.9,29.9,2.0,20.005054131,19.337844257,20.710241959,2.0,8.0,64.296330112,25.906735751,447.4,29.104251152,10.392208124,9.3198676983,11.464548549,3.0,1697.0,4393.0,488.0,4009.0,52.0,1.0,56.0,1.0,2022.0,231.74,758.0,702.0,969.0,1446.0
19954,19954,Delaware,Sussex,10005,38.898884,-75.520862,25300849,110081,9.768712413123781,0.042502511720024845,1556,41.2,18.7,53783.0,12.5,17.9,0.0,86.8,1.4,2024,393,10.1,8.7,11.4,274,6.9,5.7,8.0,148,6.6,5.3,8.0,372,13.1,11.4,14.8,202,6.1,4.9,7.3,1427,36.6,34.4,38.9,1385,33.6,31.4,35.7,1163,25.2,23.3,27.1,1737,30.8,29.0,32.7,475,10.9,9.5,12.3,674,15.7,14.1,17.4,365,5.9,5.0,6.8,480,7.6,6.7,8.6,274,4.5,3.7,5.2,744,13.2,11.9,14.6,276,4.5,3.7,5.2,848,21.4,19.5,23.2,480,6.5,5.8,7.3,645,10.4,9.3,11.6,853,18.6,16.9,20.2,532,16.1,14.3,18.0,598,12.5,11.1,13.9,218,7.5,6.3,8.8,205,10.3,8.6,12.0,318,9.5,8.2,10.8,417,13.7,12.0,15.3,3767,82.8,81.1,84.5,1778,76.2,73.6,78.8,1105,80.2,77.3,83.2,1264,69.0,66.0,72.1,1324,75.0,72.0,78.0,1284,40.8,38.4,43.2,2108,41.9,39.7,44.0,157,8.4,6.7,10.2,710,13.6,12.2,15.1,233,5.1,4.2,6.1,437,14.5,12.6,16.4,18.6,16.5,21.0,2.0,4.0195656944,3.7443923075,4.3018948313,2.0,4.5931942046,4.2980193963,4.8716387341,2.0,8196.0382329,3644.0,8.4004746737,1.0,17.5,15.1,20.1,2.0,35.3,34.0,36.6,2.0,27.3,24.9,29.9,2.0,20.005054131,19.337844257,20.710241959,2.0,8.0,64.296330112,25.906735751,447.4,29.104251152,10.392208124,9.3198676983,11.464548549,3.0,1697.0,4393.0,488.0,4009.0,52.0,1.0,56.0,1.0,2022.0,159.28,279.0,194.0,291.0,205.0
19952,19952,Delaware,Sussex,10005,38.916533,-75.625296,235580771,291306,90.95824420599368,0.112473875410957,10184,36.4,19.1,65644.0,13.8,6.0,0.3,82.8,6.6,2024,393,10.1,8.7,11.4,274,6.9,5.7,8.0,148,6.6,5.3,8.0,372,13.1,11.4,14.8,202,6.1,4.9,7.3,1427,36.6,34.4,38.9,1385,33.6,31.4,35.7,1163,25.2,23.3,27.1,1737,30.8,29.0,32.7,475,10.9,9.5,12.3,674,15.7,14.1,17.4,365,5.9,5.0,6.8,480,7.6,6.7,8.6,274,4.5,3.7,5.2,744,13.2,11.9,14.6,276,4.5,3.7,5.2,848,21.4,19.5,23.2,480,6.5,5.8,7.3,645,10.4,9.3,11.6,853,18.6,16.9,20.2,532,16.1,14.3,18.0,598,12.5,11.1,13.9,218,7.5,6.3,8.8,205,10.3,8.6,12.0,318,9.5,8.2,10.8,417,13.7,12.0,15.3,3767,82.8,81.1,84.5,1778,76.2,73.6,78.8,1105,80.2,77.3,83.2,1264,69.0,66.0,72.1,1324,75.0,72.0,78.0,1284,40.8,38.4,43.2,2108,41.9,39.7,44.0,157,8.4,6.7,10.2,710,13.6,12.2,15.1,233,5.1,4.2,6.1,437,14.5,12.6,16.4,18.6,16.5,21.0,2.0,4.0195656944,3.7443923075,4.3018948313,2.0,4.5931942046,4.2980193963,4.8716387341,2.0,8196.0382329,3644.0,8.4004746737,1.0,17.5,15.1,20.1,2.0,35.3,34.0,36.6,2.0,27.3,24.9,29.9,2.0,20.005054131,19.337844257,20.710241959,2.0,8.0,64.296330112,25.906735751,447.4,29.104251152,10.392208124,9.3198676983,11.464548549,3.0,1697.0,4393.0,488.0,4009.0,52.0,1.0,56.0,1.0,2022.0,111.96,611.0,1405.0,1945.0,1752.0
19963,19963,Delaware,Sussex,10005,38.932982,-75.378906,272260978,21010646,105.1205513063147,8.112255774023613,21155,42.4,22.8,58987.0,13.2,4.5,0.3,84.2,17.5,2024,393,10.1,8.7,11.4,274,6.9,5.7,8.0,148,6.6,5.3,8.0,372,13.1,11.4,14.8,202,6.1,4.9,7.3,1427,36.6,34.4,38.9,1385,33.6,31.4,35.7,1163,25.2,23.3,27.1,1737,30.8,29.0,32.7,475,10.9,9.5,12.3,674,15.7,14.1,17.4,365,5.9,5.0,6.8,480,7.6,6.7,8.6,274,4.5,3.7,5.2,744,13.2,11.9,14.6,276,4.5,3.7,5.2,848,21.4,19.5,23.2,480,6.5,5.8,7.3,645,10.4,9.3,11.6,853,18.6,16.9,20.2,532,16.1,14.3,18.0,598,12.5,11.1,13.9,218,7.5,6.3,8.8,205,10.3,8.6,12.0,318,9.5,8.2,10.8,417,13.7,12.0,15.3,3767,82.8,81.1,84.5,1778,76.2,73.6,78.8,1105,80.2,77.3,83.2,1264,69.0,66.0,72.1,1324,75.0,72.0,78.0,1284,40.8,38.4,43.2,2108,41.9,39.7,44.0,157,8.4,6.7,10.2,710,13.6,12.2,15.1,233,5.1,4.2,6.1,437,14.5,12.6,16.4,18.6,16.5,21.0,2.0,4.0195656944,3.7443923075,4.3018948313,2.0,4.5931942046,4.2980193963,4.8716387341,2.0,8196.0382329,3644.0,8.4004746737,1.0,17.5,15.1,20.1,2.0,35.3,34.0,36.6,2.0,27.3,24.9,29.9,2.0,20.005054131,19.337844257,20.710241959,2.0,8.0,64.296330112,25.906735751,447.4,29.104251152,10.392208124,9.3198676983,11.464548549,3.0,1697.0,4393.0,488.0,4009.0,52.0,1.0,56.0,1.0,2022.0,201.25,952.0,2792.0,4823.0,3342.0
21639,21639,Delaware,Kent,10001,38.964301,-75.733632,85694240,821976,33.08673104294676,0.3173667079112576,4881,35.8,14.2,54882.0,14.3,9.3,0.0,82.5,8.0,2024,393,10.1,8.7,11.4,274,6.9,5.7,8.0,148,6.6,5.3,8.0,372,13.1,11.4,14.8,202,6.1,4.9,7.3,1427,36.6,34.4,38.9,1385,33.6,31.4,35.7,1163,25.2,23.3,27.1,1737,30.8,29.0,32.7,475,10.9,9.5,12.3,674,15.7,14.1,17.4,365,5.9,5.0,6.8,480,7.6,6.7,8.6,274,4.5,3.7,5.2,744,13.2,11.9,14.6,276,4.5,3.7,5.2,848,21.4,19.5,23.2,480,6.5,5.8,7.3,645,10.4,9.3,11.6,853,18.6,16.9,20.2,532,16.1,14.3,18.0,598,12.5,11.1,13.9,218,7.5,6.3,8.8,205,10.3,8.6,12.0,318,9.5,8.2,10.8,417,13.7,12.0,15.3,3767,82.8,81.1,84.5,1778,76.2,73.6,78.8,1105,80.2,77.3,83.2,1264,69.0,66.0,72.1,1324,75.0,72.0,78.0,1284,40.8,38.4,43.2,2108,41.9,39.7,44.0,157,8.4,6.7,10.2,710,13.6,12.2,15.1,233,5.1,4.2,6.1,437,14.5,12.6,16.4,19.9,18.0,22.1,3.0,4.2692542153,4.021942942,4.5351167457,3.0,4.7919825683,4.5385262412,5.0608224139,3.0,8555.0037184,2586.0,9.2130774888,3.0,18.9,16.6,21.0,3.0,41.2,39.9,42.3,3.0,31.0,28.6,33.1,3.0,17.652419036,17.005822562,18.275656054,1.0,7.8,51.39178116,27.966101695,783.2,17.652897249,9.0181426411,7.9458022155,10.090483067,2.0,2152.0,2516.0,494.0,5370.0,49.0,3.0,54.0,3.0,2022.0,147.52,454.0,698.0,693.0,854.0
19943,19943,Delaware,Kent,10001,39.005635,-75.607528,161706335,1126131,62.4351650015876,0.43480160995797007,12581,46.0,17.9,65306.0,10.1,5.3,0.0,90.7,7.1,2024,393,10.1,8.7,11.4,274,6.9,5.7,8.0,148,6.6,5.3,8.0,372,13.1,11.4,14.8,202,6.1,4.9,7.3,1427,36.6,34.4,38.9,1385,33.6,31.4,35.7,1163,25.2,23.3,27.1,1737,30.8,29.0,32.7,475,10.9,9.5,12.3,674,15.7,14.1,17.4,365,5.9,5.0,6.8,480,7.6,6.7,8.6,274,4.5,3.7,5.2,744,13.2,11.9,14.6,276,4.5,3.7,5.2,848,21.4,19.5,23.2,480,6.5,5.8,7.3,645,10.4,9.3,11.6,853,18.6,16.9,20.2,532,16.1,14.3,18.0,598,12.5,11.1,13.9,218,7.5,6.3,8.8,205,10.3,8.6,12.0,318,9.5,8.2,10.8,417,13.7,12.0,15.3,3767,82.8,81.1,84.5,1778,76.2,73.6,78.8,1105,80.2,77.3,83.2,1264,69.0,66.0,72.1,1324,75.0,72.0,78.0,1284,40.8,38.4,43.2,2108,41.9,39.7,44.0,157,8.4,6.7,10.2,710,13.6,12.2,15.1,233,5.1,4.2,6.1,437,14.5,12.6,16.4,19.9,18.0,22.1,3.0,4.2692542153,4.021942942,4.5351167457,3.0,4.7919825683,4.5385262412,5.0608224139,3.0,8555.0037184,2586.0,9.2130774888,3.0,18.9,16.6,21.0,3.0,41.2,39.9,42.3,3.0,31.0,28.6,33.1,3.0,17.652419036,17.005822562,18.275656054,1.0,7.8,51.39178116,27.966101695,783.2,17.652897249,9.0181426411,7.9458022155,10.090483067,2.0,2152.0,2516.0,494.0,5370.0,49.0,3.0,54.0,3.0,2022.0,201.51,667.0,1271.0,2252.0,1170.0
21636,21636,Delaware,Kent,10001,39.025727,-75.738538,60887921,159769,23.508957730311742,0.061687155776170725,912,49.5,26.4,70100.0,12.8,19.0,0.0,71.3,8.2,2024,393,10.1,8.7,11.4,274,6.9,5.7,8.0,148,6.6,5.3,8.0,372,13.1,11.4,14.8,202,6.1,4.9,7.3,1427,36.6,34.4,38.9,1385,33.6,31.4,35.7,1163,25.2,23.3,27.1,1737,30.8,29.0,32.7,475,10.9,9.5,12.3,674,15.7,14.1,17.4,365,5.9,5.0,6.8,480,7.6,6.7,8.6,274,4.5,3.7,5.2,744,13.2,11.9,14.6,276,4.5,3.7,5.2,848,21.4,19.5,23.2,480,6.5,5.8,7.3,645,10.4,9.3,11.6,853,18.6,16.9,20.2,532,16.1,14.3,18.0,598,12.5,11.1,13.9,218,7.5,6.3,8.8,205,10.3,8.6,12.0,318,9.5,8.2,10.8,417,13.7,12.0,15.3,3767,82.8,81.1,84.5,1778,76.2,73.6,78.8,1105,80.2,77.3,83.2,1264,69.0,66.0,72.1,1324,75.0,72.0,78.0,1284,40.8,38.4,43.2,2108,41.9,39.7,44.0,157,8.4,6.7,10.2,710,13.6,12.2,15.1,233,5.1,4.2,6.1,437,14.5,12.6,16.4,19.9,18.0,22.1,3.0,4.2692542153,4.021942942,4.5351167457,3.0,4.7919825683,4.5385262412,5.0608224139,3.0,8555.0037184,2586.0,9.2130774888,3.0,18.9,16.6,21.0,3.0,41.2,39.9,42.3,3.0,31.0,28.6,33.1,3.0,17.652419036,17.005822562,18.275656054,1.0,7.8,51.39178116,27.966101695,783.2,17.652897249,9.0181426411,7.9458022155,10.090483067,2.0,2152.0,2516.0,494.0,5370.0,49.0,3.0,54.0,3.0,2022.0,38.79,173.0,117.0,241.0,262.0
19946,19946,Delaware,Kent,10001,39.032244,-75.452953,59753720,661738,23.07104027593393,0.25549847022270694,5248,45.8,18.2,59643.0,7.7,2.7,0.0,90.1,3.2,2024,393,10.1,8.7,11.4,274,6.9,5.7,8.0,148,6.6,5.3,8.0,372,13.1,11.4,14.8,202,6.1,4.9,7.3,1427,36.6,34.4,38.9,1385,33.6,31.4,35.7,1163,25.2,23.3,27.1,1737,30.8,29.0,32.7,475,10.9,9.5,12.3,674,15.7,14.1,17.4,365,5.9,5.0,6.8,480,7.6,6.7,8.6,274,4.5,3.7,5.2,744,13.2,11.9,14.6,276,4.5,3.7,5.2,848,21.4,19.5,23.2,480,6.5,5.8,7.3,645,10.4,9.3,11.6,853,18.6,16.9,20.2,532,16.1,14.3,18.0,598,12.5,11.1,13.9,218,7.5,6.3,8.8,205,10.3,8.6,12.0,318,9.5,8.2,10.8,417,13.7,12.0,15.3,3767,82.8,81.1,84.5,1778,76.2,73.6,78.8,1105,80.2,77.3,83.2,1264,69.0,66.0,72.1,1324,75.0,72.0,78.0,1284,40.8,38.4,43.2,2108,41.9,39.7,44.0,157,8.4,6.7,10.2,710,13.6,12.2,15.1,233,5.1,4.2,6.1,437,14.5,12.6,16.4,19.9,18.0,22.1,3.0,4.2692542153,4.021942942,4.5351167457,3.0,4.7919825683,4.5385262412,5.0608224139,3.0,8555.0037184,2586.0,9.2130774888,3.0,18.9,16.6,21.0,3.0,41.2,39.9,42.3,3.0,31.0,28.6,33.1,3.0,17.652419036,17.005822562,18.275656054,1.0,7.8,51.39178116,27.966101695,783.2,17.652897249,9.0181426411,7.9458022155,10.090483067,2.0,2152.0,2516.0,494.0,5370.0,49.0,3.0,54.0,3.0,2022.0,227.47,142.0,404.0,955.0,520.0
19979,19979,Delaware,Kent,10001,39.050359,-75.576417,8503310,0,3.283146346181489,0.0,641,42.5,8.9,86097.0,7.0,3.0,0.0,88.8,0.6,2024,393,10.1,8.7,11.4,274,6.9,5.7,8.0,148,6.6,5.3,8.0,372,13.1,11.4,14.8,202,6.1,4.9,7.3,1427,36.6,34.4,38.9,1385,33.6,31.4,35.7,1163,25.2,23.3,27.1,1737,30.8,29.0,32.7,475,10.9,9.5,12.3,674,15.7,14.1,17.4,365,5.9,5.0,6.8,480,7.6,6.7,8.6,274,4.5,3.7,5.2,744,13.2,11.9,14.6,276,4.5,3.7,5.2,848,21.4,19.5,23.2,480,6.5,5.8,7.3,645,10.4,9.3,11.6,853,18.6,16.9,20.2,532,16.1,14.3,18.0,598,12.5,11.1,13.9,218,7.5,6.3,8.8,205,10.3,8.6,12.0,318,9.5,8.2,10.8,417,13.7,12.0,15.3,3767,82.8,81.1,84.5,1778,76.2,73.6,78.8,1105,80.2,77.3,83.2,1264,69.0,66.0,72.1,1324,75.0,72.0,78.0,1284,40.8,38.4,43.2,2108,41.9,39.7,44.0,157,8.4,6.7,10.2,710,13.6,12.2,15.1,233,5.1,4.2,6.1,437,14.5,12.6,16.4,19.9,18.0,22.1,3.0,4.2692542153,4.021942942,4.5351167457,3.0,4.7919825683,4.5385262412,5.0608224139,3.0,8555.0037184,2586.0,9.2130774888,3.0,18.9,16.6,21.0,3.0,41.2,39.9,42.3,3.0,31.0,28.6,33.1,3.0,17.652419036,17.005822562,18.275656054,1.0,7.8,51.39178116,27.966101695,783.2,17.652897249,9.0181426411,7.9458022155,10.090483067,2.0,2152.0,2516.0,494.0,5370.0,49.0,3.0,54.0,3.0,2022.0,195.24,19.0,45.0,57.0,72.0
21640,21640,Delaware,Kent,10001,39.077594,-75.742683,66465334,211567,25.66240892897381,0.08168647538694686,1627,38.5,18.4,70875.0,4.9,16.8,0.0,86.1,30.4,2024,393,10.1,8.7,11.4,274,6.9,5.7,8.0,148,6.6,5.3,8.0,372,13.1,11.4,14.8,202,6.1,4.9,7.3,1427,36.6,34.4,38.9,1385,33.6,31.4,35.7,1163,25.2,23.3,27.1,1737,30.8,29.0,32.7,475,10.9,9.5,12.3,674,15.7,14.1,17.4,365,5.9,5.0,6.8,480,7.6,6.7,8.6,274,4.5,3.7,5.2,744,13.2,11.9,14.6,276,4.5,3.7,5.2,848,21.4,19.5,23.2,480,6.5,5.8,7.3,645,10.4,9.3,11.6,853,18.6,16.9,20.2,532,16.1,14.3,18.0,598,12.5,11.1,13.9,218,7.5,6.3,8.8,205,10.3,8.6,12.0,318,9.5,8.2,10.8,417,13.7,12.0,15.3,3767,82.8,81.1,84.5,1778,76.2,73.6,78.8,1105,80.2,77.3,83.2,1264,69.0,66.0,72.1,1324,75.0,72.0,78.0,1284,40.8,38.4,43.2,2108,41.9,39.7,44.0,157,8.4,6.7,10.2,710,13.6,12.2,15.1,233,5.1,4.2,6.1,437,14.5,12.6,16.4,19.9,18.0,22.1,3.0,4.2692542153,4.021942942,4.5351167457,3.0,4.7919825683,4.5385262412,5.0608224139,3.0,8555.0037184,2586.0,9.2130774888,3.0,18.9,16.6,21.0,3.0,41.2,39.9,42.3,3.0,31.0,28.6,33.1,3.0,17.652419036,17.005822562,18.275656054,1.0,7.8,51.39178116,27.966101695,783.2,17.652897249,9.0181426411,7.9458022155,10.090483067,2.0,2152.0,2516.0,494.0,5370.0,49.0,3.0,54.0,3.0,2022.0,63.4,273.0,80.0,299.0,226.0
19980,19980,Delaware,Kent,10001,39.073488,-75.570083,602581,0,0.23265782482684835,0.0,168,54.2,18.5,,19.6,25.6,0.0,95.0,0.0,2024,393,10.1,8.7,11.4,274,6.9,5.7,8.0,148,6.6,5.3,8.0,372,13.1,11.4,14.8,202,6.1,4.9,7.3,1427,36.6,34.4,38.9,1385,33.6,31.4,35.7,1163,25.2,23.3,27.1,1737,30.8,29.0,32.7,475,10.9,9.5,12.3,674,15.7,14.1,17.4,365,5.9,5.0,6.8,480,7.6,6.7,8.6,274,4.5,3.7,5.2,744,13.2,11.9,14.6,276,4.5,3.7,5.2,848,21.4,19.5,23.2,480,6.5,5.8,7.3,645,10.4,9.3,11.6,853,18.6,16.9,20.2,532,16.1,14.3,18.0,598,12.5,11.1,13.9,218,7.5,6.3,8.8,205,10.3,8.6,12.0,318,9.5,8.2,10.8,417,13.7,12.0,15.3,3767,82.8,81.1,84.5,1778,76.2,73.6,78.8,1105,80.2,77.3,83.2,1264,69.0,66.0,72.1,1324,75.0,72.0,78.0,1284,40.8,38.4,43.2,2108,41.9,39.7,44.0,157,8.4,6.7,10.2,710,13.6,12.2,15.1,233,5.1,4.2,6.1,437,14.5,12.6,16.4,19.9,18.0,22.1,3.0,4.2692542153,4.021942942,4.5351167457,3.0,4.7919825683,4.5385262412,5.0608224139,3.0,8555.0037184,2586.0,9.2130774888,3.0,18.9,16.6,21.0,3.0,41.2,39.9,42.3,3.0,31.0,28.6,33.1,3.0,17.652419036,17.005822562,18.275656054,1.0,7.8,51.39178116,27.966101695,783.2,17.652897249,9.0181426411,7.9458022155,10.090483067,2.0,2152.0,2516.0,494.0,5370.0,49.0,3.0,54.0,3.0,2022.0,722.09,43.0,33.0,31.0,8.0
19962,19962,Delaware,Kent,10001,39.070048,-75.497529,37845926,185701,14.612393722533344,0.07169955695279234,11683,40.7,18.1,88750.0,5.3,3.5,0.7,91.2,8.4,2024,393,10.1,8.7,11.4,274,6.9,5.7,8.0,148,6.6,5.3,8.0,372,13.1,11.4,14.8,202,6.1,4.9,7.3,1427,36.6,34.4,38.9,1385,33.6,31.4,35.7,1163,25.2,23.3,27.1,1737,30.8,29.0,32.7,475,10.9,9.5,12.3,674,15.7,14.1,17.4,365,5.9,5.0,6.8,480,7.6,6.7,8.6,274,4.5,3.7,5.2,744,13.2,11.9,14.6,276,4.5,3.7,5.2,848,21.4,19.5,23.2,480,6.5,5.8,7.3,645,10.4,9.3,11.6,853,18.6,16.9,20.2,532,16.1,14.3,18.0,598,12.5,11.1,13.9,218,7.5,6.3,8.8,205,10.3,8.6,12.0,318,9.5,8.2,10.8,417,13.7,12.0,15.3,3767,82.8,81.1,84.5,1778,76.2,73.6,78.8,1105,80.2,77.3,83.2,1264,69.0,66.0,72.1,1324,75.0,72.0,78.0,1284,40.8,38.4,43.2,2108,41.9,39.7,44.0,157,8.4,6.7,10.2,710,13.6,12.2,15.1,233,5.1,4.2,6.1,437,14.5,12.6,16.4,19.9,18.0,22.1,3.0,4.2692542153,4.021942942,4.5351167457,3.0,4.7919825683,4.5385262412,5.0608224139,3.0,8555.0037184,2586.0,9.2130774888,3.0,18.9,16.6,21.0,3.0,41.2,39.9,42.3,3.0,31.0,28.6,33.1,3.0,17.652419036,17.005822562,18.275656054,1.0,7.8,51.39178116,27.966101695,783.2,17.652897249,9.0181426411,7.9458022155,10.090483067,2.0,2152.0,2516.0,494.0,5370.0,49.0,3.0,54.0,3.0,2022.0,799.53,409.0,619.0,2115.0,1028.0
19934,19934,Delaware,Kent,10001,39.081349,-75.631143,120663169,50275,46.58831001351586,0.019411286023239698,14099,39.4,17.4,73398.0,8.0,7.8,0.0,93.1,12.3,2024,393,10.1,8.7,11.4,274,6.9,5.7,8.0,148,6.6,5.3,8.0,372,13.1,11.4,14.8,202,6.1,4.9,7.3,1427,36.6,34.4,38.9,1385,33.6,31.4,35.7,1163,25.2,23.3,27.1,1737,30.8,29.0,32.7,475,10.9,9.5,12.3,674,15.7,14.1,17.4,365,5.9,5.0,6.8,480,7.6,6.7,8.6,274,4.5,3.7,5.2,744,13.2,11.9,14.6,276,4.5,3.7,5.2,848,21.4,19.5,23.2,480,6.5,5.8,7.3,645,10.4,9.3,11.6,853,18.6,16.9,20.2,532,16.1,14.3,18.0,598,12.5,11.1,13.9,218,7.5,6.3,8.8,205,10.3,8.6,12.0,318,9.5,8.2,10.8,417,13.7,12.0,15.3,3767,82.8,81.1,84.5,1778,76.2,73.6,78.8,1105,80.2,77.3,83.2,1264,69.0,66.0,72.1,1324,75.0,72.0,78.0,1284,40.8,38.4,43.2,2108,41.9,39.7,44.0,157,8.4,6.7,10.2,710,13.6,12.2,15.1,233,5.1,4.2,6.1,437,14.5,12.6,16.4,19.9,18.0,22.1,3.0,4.2692542153,4.021942942,4.5351167457,3.0,4.7919825683,4.5385262412,5.0608224139,3.0,8555.0037184,2586.0,9.2130774888,3.0,18.9,16.6,21.0,3.0,41.2,39.9,42.3,3.0,31.0,28.6,33.1,3.0,17.652419036,17.005822562,18.275656054,1.0,7.8,51.39178116,27.966101695,783.2,17.652897249,9.0181426411,7.9458022155,10.090483067,2.0,2152.0,2516.0,494.0,5370.0,49.0,3.0,54.0,3.0,2022.0,302.63,1100.0,1128.0,2453.0,973.0
19964,19964,Delaware,Kent,10001,39.094349,-75.724386,21022341,124382,8.11677123876835,0.04802415869005669,1200,43.0,17.5,67829.0,8.6,38.8,0.0,65.8,36.2,2024,393,10.1,8.7,11.4,274,6.9,5.7,8.0,148,6.6,5.3,8.0,372,13.1,11.4,14.8,202,6.1,4.9,7.3,1427,36.6,34.4,38.9,1385,33.6,31.4,35.7,1163,25.2,23.3,27.1,1737,30.8,29.0,32.7,475,10.9,9.5,12.3,674,15.7,14.1,17.4,365,5.9,5.0,6.8,480,7.6,6.7,8.6,274,4.5,3.7,5.2,744,13.2,11.9,14.6,276,4.5,3.7,5.2,848,21.4,19.5,23.2,480,6.5,5.8,7.3,645,10.4,9.3,11.6,853,18.6,16.9,20.2,532,16.1,14.3,18.0,598,12.5,11.1,13.9,218,7.5,6.3,8.8,205,10.3,8.6,12.0,318,9.5,8.2,10.8,417,13.7,12.0,15.3,3767,82.8,81.1,84.5,1778,76.2,73.6,78.8,1105,80.2,77.3,83.2,1264,69.0,66.0,72.1,1324,75.0,72.0,78.0,1284,40.8,38.4,43.2,2108,41.9,39.7,44.0,157,8.4,6.7,10.2,710,13.6,12.2,15.1,233,5.1,4.2,6.1,437,14.5,12.6,16.4,19.9,18.0,22.1,3.0,4.2692542153,4.021942942,4.5351167457,3.0,4.7919825683,4.5385262412,5.0608224139,3.0,8555.0037184,2586.0,9.2130774888,3.0,18.9,16.6,21.0,3.0,41.2,39.9,42.3,3.0,31.0,28.6,33.1,3.0,17.652419036,17.005822562,18.275656054,1.0,7.8,51.39178116,27.966101695,783.2,17.652897249,9.0181426411,7.9458022155,10.090483067,2.0,2152.0,2516.0,494.0,5370.0,49.0,3.0,54.0,3.0,2022.0,147.84,466.0,103.0,210.0,410.0
19902,19902,Delaware,Kent,10001,39.12764,-75.466949,10221874,0,3.9466876162609106,0.0,239,20.9,0.0,,-666666666.0,-666666666.0,0.0,-666666666.0,6.3,2024,393,10.1,8.7,11.4,274,6.9,5.7,8.0,148,6.6,5.3,8.0,372,13.1,11.4,14.8,202,6.1,4.9,7.3,1427,36.6,34.4,38.9,1385,33.6,31.4,35.7,1163,25.2,23.3,27.1,1737,30.8,29.0,32.7,475,10.9,9.5,12.3,674,15.7,14.1,17.4,365,5.9,5.0,6.8,480,7.6,6.7,8.6,274,4.5,3.7,5.2,744,13.2,11.9,14.6,276,4.5,3.7,5.2,848,21.4,19.5,23.2,480,6.5,5.8,7.3,645,10.4,9.3,11.6,853,18.6,16.9,20.2,532,16.1,14.3,18.0,598,12.5,11.1,13.9,218,7.5,6.3,8.8,205,10.3,8.6,12.0,318,9.5,8.2,10.8,417,13.7,12.0,15.3,3767,82.8,81.1,84.5,1778,76.2,73.6,78.8,1105,80.2,77.3,83.2,1264,69.0,66.0,72.1,1324,75.0,72.0,78.0,1284,40.8,38.4,43.2,2108,41.9,39.7,44.0,157,8.4,6.7,10.2,710,13.6,12.2,15.1,233,5.1,4.2,6.1,437,14.5,12.6,16.4,19.9,18.0,22.1,3.0,4.2692542153,4.021942942,4.5351167457,3.0,4.7919825683,4.5385262412,5.0608224139,3.0,8555.0037184,2586.0,9.2130774888,3.0,18.9,16.6,21.0,3.0,41.2,39.9,42.3,3.0,31.0,28.6,33.1,3.0,17.652419036,17.005822562,18.275656054,1.0,7.8,51.39178116,27.966101695,783.2,17.652897249,9.0181426411,7.9458022155,10.090483067,2.0,2152.0,2516.0,494.0,5370.0,49.0,3.0,54.0,3.0,2022.0,60.56,-1593333332.0,-1593333332.0,0.0,1593333571.0
21649,21649,Delaware,Kent,10001,39.141484,-75.747817,54450077,24292,21.023292265229745,0.009379193636529861,2276,34.3,14.5,50625.0,20.6,21.4,0.0,84.2,33.8,2024,393,10.1,8.7,11.4,274,6.9,5.7,8.0,148,6.6,5.3,8.0,372,13.1,11.4,14.8,202,6.1,4.9,7.3,1427,36.6,34.4,38.9,1385,33.6,31.4,35.7,1163,25.2,23.3,27.1,1737,30.8,29.0,32.7,475,10.9,9.5,12.3,674,15.7,14.1,17.4,365,5.9,5.0,6.8,480,7.6,6.7,8.6,274,4.5,3.7,5.2,744,13.2,11.9,14.6,276,4.5,3.7,5.2,848,21.4,19.5,23.2,480,6.5,5.8,7.3,645,10.4,9.3,11.6,853,18.6,16.9,20.2,532,16.1,14.3,18.0,598,12.5,11.1,13.9,218,7.5,6.3,8.8,205,10.3,8.6,12.0,318,9.5,8.2,10.8,417,13.7,12.0,15.3,3767,82.8,81.1,84.5,1778,76.2,73.6,78.8,1105,80.2,77.3,83.2,1264,69.0,66.0,72.1,1324,75.0,72.0,78.0,1284,40.8,38.4,43.2,2108,41.9,39.7,44.0,157,8.4,6.7,10.2,710,13.6,12.2,15.1,233,5.1,4.2,6.1,437,14.5,12.6,16.4,19.9,18.0,22.1,3.0,4.2692542153,4.021942942,4.5351167457,3.0,4.7919825683,4.5385262412,5.0608224139,3.0,8555.0037184,2586.0,9.2130774888,3.0,18.9,16.6,21.0,3.0,41.2,39.9,42.3,3.0,31.0,28.6,33.1,3.0,17.652419036,17.005822562,18.275656054,1.0,7.8,51.39178116,27.966101695,783.2,17.652897249,9.0181426411,7.9458022155,10.090483067,2.0,2152.0,2516.0,494.0,5370.0,49.0,3.0,54.0,3.0,2022.0,108.26,487.0,469.0,330.0,360.0
19953,19953,Delaware,Kent,10001,39.151434,-75.696902,77428741,21319,29.89540403720232,0.008231311919034255,5089,39.3,14.2,61150.0,14.2,13.8,0.0,83.5,17.1,2024,393,10.1,8.7,11.4,274,6.9,5.7,8.0,148,6.6,5.3,8.0,372,13.1,11.4,14.8,202,6.1,4.9,7.3,1427,36.6,34.4,38.9,1385,33.6,31.4,35.7,1163,25.2,23.3,27.1,1737,30.8,29.0,32.7,475,10.9,9.5,12.3,674,15.7,14.1,17.4,365,5.9,5.0,6.8,480,7.6,6.7,8.6,274,4.5,3.7,5.2,744,13.2,11.9,14.6,276,4.5,3.7,5.2,848,21.4,19.5,23.2,480,6.5,5.8,7.3,645,10.4,9.3,11.6,853,18.6,16.9,20.2,532,16.1,14.3,18.0,598,12.5,11.1,13.9,218,7.5,6.3,8.8,205,10.3,8.6,12.0,318,9.5,8.2,10.8,417,13.7,12.0,15.3,3767,82.8,81.1,84.5,1778,76.2,73.6,78.8,1105,80.2,77.3,83.2,1264,69.0,66.0,72.1,1324,75.0,72.0,78.0,1284,40.8,38.4,43.2,2108,41.9,39.7,44.0,157,8.4,6.7,10.2,710,13.6,12.2,15.1,233,5.1,4.2,6.1,437,14.5,12.6,16.4,19.9,18.0,22.1,3.0,4.2692542153,4.021942942,4.5351167457,3.0,4.7919825683,4.5385262412,5.0608224139,3.0,8555.0037184,2586.0,9.2130774888,3.0,18.9,16.6,21.0,3.0,41.2,39.9,42.3,3.0,31.0,28.6,33.1,3.0,17.652419036,17.005822562,18.275656054,1.0,7.8,51.39178116,27.966101695,783.2,17.652897249,9.0181426411,7.9458022155,10.090483067,2.0,2152.0,2516.0,494.0,5370.0,49.0,3.0,54.0,3.0,2022.0,170.23,702.0,723.0,723.0,840.0
19904,19904,Delaware,Kent,10001,39.172895,-75.595142,111853300,849041,43.1868005756984,0.32781656283356453,37940,40.5,18.7,60014.0,17.1,8.0,2.2,88.8,12.7,2024,393,10.1,8.7,11.4,274,6.9,5.7,8.0,148,6.6,5.3,8.0,372,13.1,11.4,14.8,202,6.1,4.9,7.3,1427,36.6,34.4,38.9,1385,33.6,31.4,35.7,1163,25.2,23.3,27.1,1737,30.8,29.0,32.7,475,10.9,9.5,12.3,674,15.7,14.1,17.4,365,5.9,5.0,6.8,480,7.6,6.7,8.6,274,4.5,3.7,5.2,744,13.2,11.9,14.6,276,4.5,3.7,5.2,848,21.4,19.5,23.2,480,6.5,5.8,7.3,645,10.4,9.3,11.6,853,18.6,16.9,20.2,532,16.1,14.3,18.0,598,12.5,11.1,13.9,218,7.5,6.3,8.8,205,10.3,8.6,12.0,318,9.5,8.2,10.8,417,13.7,12.0,15.3,3767,82.8,81.1,84.5,1778,76.2,73.6,78.8,1105,80.2,77.3,83.2,1264,69.0,66.0,72.1,1324,75.0,72.0,78.0,1284,40.8,38.4,43.2,2108,41.9,39.7,44.0,157,8.4,6.7,10.2,710,13.6,12.2,15.1,233,5.1,4.2,6.1,437,14.5,12.6,16.4,19.9,18.0,22.1,3.0,4.2692542153,4.021942942,4.5351167457,3.0,4.7919825683,4.5385262412,5.0608224139,3.0,8555.0037184,2586.0,9.2130774888,3.0,18.9,16.6,21.0,3.0,41.2,39.9,42.3,3.0,31.0,28.6,33.1,3.0,17.652419036,17.005822562,18.275656054,1.0,7.8,51.39178116,27.966101695,783.2,17.652897249,9.0181426411,7.9458022155,10.090483067,2.0,2152.0,2516.0,494.0,5370.0,49.0,3.0,54.0,3.0,2022.0,878.51,3035.0,6488.0,7095.0,4249.0
19901,19901,Delaware,Kent,10001,39.173417,-75.477664,196320146,24432810,75.79963214580162,9.433560681481275,38634,32.4,15.4,55655.0,17.9,6.3,0.8,88.5,12.0,2024,393,10.1,8.7,11.4,274,6.9,5.7,8.0,148,6.6,5.3,8.0,372,13.1,11.4,14.8,202,6.1,4.9,7.3,1427,36.6,34.4,38.9,1385,33.6,31.4,35.7,1163,25.2,23.3,27.1,1737,30.8,29.0,32.7,475,10.9,9.5,12.3,674,15.7,14.1,17.4,365,5.9,5.0,6.8,480,7.6,6.7,8.6,274,4.5,3.7,5.2,744,13.2,11.9,14.6,276,4.5,3.7,5.2,848,21.4,19.5,23.2,480,6.5,5.8,7.3,645,10.4,9.3,11.6,853,18.6,16.9,20.2,532,16.1,14.3,18.0,598,12.5,11.1,13.9,218,7.5,6.3,8.8,205,10.3,8.6,12.0,318,9.5,8.2,10.8,417,13.7,12.0,15.3,3767,82.8,81.1,84.5,1778,76.2,73.6,78.8,1105,80.2,77.3,83.2,1264,69.0,66.0,72.1,1324,75.0,72.0,78.0,1284,40.8,38.4,43.2,2108,41.9,39.7,44.0,157,8.4,6.7,10.2,710,13.6,12.2,15.1,233,5.1,4.2,6.1,437,14.5,12.6,16.4,19.9,18.0,22.1,3.0,4.2692542153,4.021942942,4.5351167457,3.0,4.7919825683,4.5385262412,5.0608224139,3.0,8555.0037184,2586.0,9.2130774888,3.0,18.9,16.6,21.0,3.0,41.2,39.9,42.3,3.0,31.0,28.6,33.1,3.0,17.652419036,17.005822562,18.275656054,1.0,7.8,51.39178116,27.966101695,783.2,17.652897249,9.0181426411,7.9458022155,10.090483067,2.0,2152.0,2516.0,494.0,5370.0,49.0,3.0,54.0,3.0,2022.0,509.69,2434.0,6915.0,5950.0,4443.0
21668,21668,Delaware,Kent,10001,39.218006,-75.754038,117304909,16198,45.29167857840089,0.006254082764881882,1645,47.8,18.8,77560.0,15.4,8.8,0.0,77.3,5.3,2024,393,10.1,8.7,11.4,274,6.9,5.7,8.0,148,6.6,5.3,8.0,372,13.1,11.4,14.8,202,6.1,4.9,7.3,1427,36.6,34.4,38.9,1385,33.6,31.4,35.7,1163,25.2,23.3,27.1,1737,30.8,29.0,32.7,475,10.9,9.5,12.3,674,15.7,14.1,17.4,365,5.9,5.0,6.8,480,7.6,6.7,8.6,274,4.5,3.7,5.2,744,13.2,11.9,14.6,276,4.5,3.7,5.2,848,21.4,19.5,23.2,480,6.5,5.8,7.3,645,10.4,9.3,11.6,853,18.6,16.9,20.2,532,16.1,14.3,18.0,598,12.5,11.1,13.9,218,7.5,6.3,8.8,205,10.3,8.6,12.0,318,9.5,8.2,10.8,417,13.7,12.0,15.3,3767,82.8,81.1,84.5,1778,76.2,73.6,78.8,1105,80.2,77.3,83.2,1264,69.0,66.0,72.1,1324,75.0,72.0,78.0,1284,40.8,38.4,43.2,2108,41.9,39.7,44.0,157,8.4,6.7,10.2,710,13.6,12.2,15.1,233,5.1,4.2,6.1,437,14.5,12.6,16.4,19.9,18.0,22.1,3.0,4.2692542153,4.021942942,4.5351167457,3.0,4.7919825683,4.5385262412,5.0608224139,3.0,8555.0037184,2586.0,9.2130774888,3.0,18.9,16.6,21.0,3.0,41.2,39.9,42.3,3.0,31.0,28.6,33.1,3.0,17.652419036,17.005822562,18.275656054,1.0,7.8,51.39178116,27.966101695,783.2,17.652897249,9.0181426411,7.9458022155,10.090483067,2.0,2152.0,2516.0,494.0,5370.0,49.0,3.0,54.0,3.0,2022.0,36.32,145.0,253.0,309.0,373.0
19936,19936,Delaware,Kent,10001,39.218457,-75.584984,532786,0,0.20570982466788237,0.0,290,48.9,12.4,28917.0,31.4,11.5,0.0,66.1,23.8,2024,393,10.1,8.7,11.4,274,6.9,5.7,8.0,148,6.6,5.3,8.0,372,13.1,11.4,14.8,202,6.1,4.9,7.3,1427,36.6,34.4,38.9,1385,33.6,31.4,35.7,1163,25.2,23.3,27.1,1737,30.8,29.0,32.7,475,10.9,9.5,12.3,674,15.7,14.1,17.4,365,5.9,5.0,6.8,480,7.6,6.7,8.6,274,4.5,3.7,5.2,744,13.2,11.9,14.6,276,4.5,3.7,5.2,848,21.4,19.5,23.2,480,6.5,5.8,7.3,645,10.4,9.3,11.6,853,18.6,16.9,20.2,532,16.1,14.3,18.0,598,12.5,11.1,13.9,218,7.5,6.3,8.8,205,10.3,8.6,12.0,318,9.5,8.2,10.8,417,13.7,12.0,15.3,3767,82.8,81.1,84.5,1778,76.2,73.6,78.8,1105,80.2,77.3,83.2,1264,69.0,66.0,72.1,1324,75.0,72.0,78.0,1284,40.8,38.4,43.2,2108,41.9,39.7,44.0,157,8.4,6.7,10.2,710,13.6,12.2,15.1,233,5.1,4.2,6.1,437,14.5,12.6,16.4,19.9,18.0,22.1,3.0,4.2692542153,4.021942942,4.5351167457,3.0,4.7919825683,4.5385262412,5.0608224139,3.0,8555.0037184,2586.0,9.2130774888,3.0,18.9,16.6,21.0,3.0,41.2,39.9,42.3,3.0,31.0,28.6,33.1,3.0,17.652419036,17.005822562,18.275656054,1.0,7.8,51.39178116,27.966101695,783.2,17.652897249,9.0181426411,7.9458022155,10.090483067,2.0,2152.0,2516.0,494.0,5370.0,49.0,3.0,54.0,3.0,2022.0,1409.75,33.0,91.0,36.0,98.0
19955,19955,Delaware,Kent,10001,39.226516,-75.665404,256381,0,0.09898925752211273,0.0,412,14.3,1.9,37465.0,4.4,5.8,0.0,94.8,8.4,2024,393,10.1,8.7,11.4,274,6.9,5.7,8.0,148,6.6,5.3,8.0,372,13.1,11.4,14.8,202,6.1,4.9,7.3,1427,36.6,34.4,38.9,1385,33.6,31.4,35.7,1163,25.2,23.3,27.1,1737,30.8,29.0,32.7,475,10.9,9.5,12.3,674,15.7,14.1,17.4,365,5.9,5.0,6.8,480,7.6,6.7,8.6,274,4.5,3.7,5.2,744,13.2,11.9,14.6,276,4.5,3.7,5.2,848,21.4,19.5,23.2,480,6.5,5.8,7.3,645,10.4,9.3,11.6,853,18.6,16.9,20.2,532,16.1,14.3,18.0,598,12.5,11.1,13.9,218,7.5,6.3,8.8,205,10.3,8.6,12.0,318,9.5,8.2,10.8,417,13.7,12.0,15.3,3767,82.8,81.1,84.5,1778,76.2,73.6,78.8,1105,80.2,77.3,83.2,1264,69.0,66.0,72.1,1324,75.0,72.0,78.0,1284,40.8,38.4,43.2,2108,41.9,39.7,44.0,157,8.4,6.7,10.2,710,13.6,12.2,15.1,233,5.1,4.2,6.1,437,14.5,12.6,16.4,19.9,18.0,22.1,3.0,4.2692542153,4.021942942,4.5351167457,3.0,4.7919825683,4.5385262412,5.0608224139,3.0,8555.0037184,2586.0,9.2130774888,3.0,18.9,16.6,21.0,3.0,41.2,39.9,42.3,3.0,31.0,28.6,33.1,3.0,17.652419036,17.005822562,18.275656054,1.0,7.8,51.39178116,27.966101695,783.2,17.652897249,9.0181426411,7.9458022155,10.090483067,2.0,2152.0,2516.0,494.0,5370.0,49.0,3.0,54.0,3.0,2022.0,4162.07,24.0,18.0,8.0,21.0
21651,21651,Delaware,Kent,10001,39.265675,-75.757764,105095544,2502408,40.57761639685674,0.9661851304792284,2488,49.3,17.8,64500.0,6.4,8.1,1.4,78.6,9.0,2024,393,10.1,8.7,11.4,274,6.9,5.7,8.0,148,6.6,5.3,8.0,372,13.1,11.4,14.8,202,6.1,4.9,7.3,1427,36.6,34.4,38.9,1385,33.6,31.4,35.7,1163,25.2,23.3,27.1,1737,30.8,29.0,32.7,475,10.9,9.5,12.3,674,15.7,14.1,17.4,365,5.9,5.0,6.8,480,7.6,6.7,8.6,274,4.5,3.7,5.2,744,13.2,11.9,14.6,276,4.5,3.7,5.2,848,21.4,19.5,23.2,480,6.5,5.8,7.3,645,10.4,9.3,11.6,853,18.6,16.9,20.2,532,16.1,14.3,18.0,598,12.5,11.1,13.9,218,7.5,6.3,8.8,205,10.3,8.6,12.0,318,9.5,8.2,10.8,417,13.7,12.0,15.3,3767,82.8,81.1,84.5,1778,76.2,73.6,78.8,1105,80.2,77.3,83.2,1264,69.0,66.0,72.1,1324,75.0,72.0,78.0,1284,40.8,38.4,43.2,2108,41.9,39.7,44.0,157,8.4,6.7,10.2,710,13.6,12.2,15.1,233,5.1,4.2,6.1,437,14.5,12.6,16.4,19.9,18.0,22.1,3.0,4.2692542153,4.021942942,4.5351167457,3.0,4.7919825683,4.5385262412,5.0608224139,3.0,8555.0037184,2586.0,9.2130774888,3.0,18.9,16.6,21.0,3.0,41.2,39.9,42.3,3.0,31.0,28.6,33.1,3.0,17.652419036,17.005822562,18.275656054,1.0,7.8,51.39178116,27.966101695,783.2,17.652897249,9.0181426411,7.9458022155,10.090483067,2.0,2152.0,2516.0,494.0,5370.0,49.0,3.0,54.0,3.0,2022.0,61.31,202.0,159.0,443.0,532.0
19938,19938,Delaware,Kent,10001,39.256448,-75.698842,124858877,0,48.20828192913982,0.0,9467,37.3,13.5,85665.0,9.8,5.2,1.3,91.9,9.6,2024,393,10.1,8.7,11.4,274,6.9,5.7,8.0,148,6.6,5.3,8.0,372,13.1,11.4,14.8,202,6.1,4.9,7.3,1427,36.6,34.4,38.9,1385,33.6,31.4,35.7,1163,25.2,23.3,27.1,1737,30.8,29.0,32.7,475,10.9,9.5,12.3,674,15.7,14.1,17.4,365,5.9,5.0,6.8,480,7.6,6.7,8.6,274,4.5,3.7,5.2,744,13.2,11.9,14.6,276,4.5,3.7,5.2,848,21.4,19.5,23.2,480,6.5,5.8,7.3,645,10.4,9.3,11.6,853,18.6,16.9,20.2,532,16.1,14.3,18.0,598,12.5,11.1,13.9,218,7.5,6.3,8.8,205,10.3,8.6,12.0,318,9.5,8.2,10.8,417,13.7,12.0,15.3,3767,82.8,81.1,84.5,1778,76.2,73.6,78.8,1105,80.2,77.3,83.2,1264,69.0,66.0,72.1,1324,75.0,72.0,78.0,1284,40.8,38.4,43.2,2108,41.9,39.7,44.0,157,8.4,6.7,10.2,710,13.6,12.2,15.1,233,5.1,4.2,6.1,437,14.5,12.6,16.4,19.9,18.0,22.1,3.0,4.2692542153,4.021942942,4.5351167457,3.0,4.7919825683,4.5385262412,5.0608224139,3.0,8555.0037184,2586.0,9.2130774888,3.0,18.9,16.6,21.0,3.0,41.2,39.9,42.3,3.0,31.0,28.6,33.1,3.0,17.652419036,17.005822562,18.275656054,1.0,7.8,51.39178116,27.966101695,783.2,17.652897249,9.0181426411,7.9458022155,10.090483067,2.0,2152.0,2516.0,494.0,5370.0,49.0,3.0,54.0,3.0,2022.0,196.38,492.0,928.0,1278.0,767.0
19977,19977,Delaware,Kent,10001,39.296361,-75.55242,215243869,13926279,83.10612244470883,5.37696638306189,25907,38.9,15.7,69648.0,10.5,8.5,0.3,91.7,7.4,2024,393,10.1,8.7,11.4,274,6.9,5.7,8.0,148,6.6,5.3,8.0,372,13.1,11.4,14.8,202,6.1,4.9,7.3,1427,36.6,34.4,38.9,1385,33.6,31.4,35.7,1163,25.2,23.3,27.1,1737,30.8,29.0,32.7,475,10.9,9.5,12.3,674,15.7,14.1,17.4,365,5.9,5.0,6.8,480,7.6,6.7,8.6,274,4.5,3.7,5.2,744,13.2,11.9,14.6,276,4.5,3.7,5.2,848,21.4,19.5,23.2,480,6.5,5.8,7.3,645,10.4,9.3,11.6,853,18.6,16.9,20.2,532,16.1,14.3,18.0,598,12.5,11.1,13.9,218,7.5,6.3,8.8,205,10.3,8.6,12.0,318,9.5,8.2,10.8,417,13.7,12.0,15.3,3767,82.8,81.1,84.5,1778,76.2,73.6,78.8,1105,80.2,77.3,83.2,1264,69.0,66.0,72.1,1324,75.0,72.0,78.0,1284,40.8,38.4,43.2,2108,41.9,39.7,44.0,157,8.4,6.7,10.2,710,13.6,12.2,15.1,233,5.1,4.2,6.1,437,14.5,12.6,16.4,19.9,18.0,22.1,3.0,4.2692542153,4.021942942,4.5351167457,3.0,4.7919825683,4.5385262412,5.0608224139,3.0,8555.0037184,2586.0,9.2130774888,3.0,18.9,16.6,21.0,3.0,41.2,39.9,42.3,3.0,31.0,28.6,33.1,3.0,17.652419036,17.005822562,18.275656054,1.0,7.8,51.39178116,27.966101695,783.2,17.652897249,9.0181426411,7.9458022155,10.090483067,2.0,2152.0,2516.0,494.0,5370.0,49.0,3.0,54.0,3.0,2022.0,311.73,2202.0,2720.0,4067.0,2150.0
21635,21635,Delaware,New Castle,10003,39.336399,-75.763471,79696079,4046119,30.7708281332612,1.5622152798222693,1871,50.4,26.3,104063.0,7.2,3.2,0.0,87.1,9.7,2024,393,10.1,8.7,11.4,274,6.9,5.7,8.0,148,6.6,5.3,8.0,372,13.1,11.4,14.8,202,6.1,4.9,7.3,1427,36.6,34.4,38.9,1385,33.6,31.4,35.7,1163,25.2,23.3,27.1,1737,30.8,29.0,32.7,475,10.9,9.5,12.3,674,15.7,14.1,17.4,365,5.9,5.0,6.8,480,7.6,6.7,8.6,274,4.5,3.7,5.2,744,13.2,11.9,14.6,276,4.5,3.7,5.2,848,21.4,19.5,23.2,480,6.5,5.8,7.3,645,10.4,9.3,11.6,853,18.6,16.9,20.2,532,16.1,14.3,18.0,598,12.5,11.1,13.9,218,7.5,6.3,8.8,205,10.3,8.6,12.0,318,9.5,8.2,10.8,417,13.7,12.0,15.3,3767,82.8,81.1,84.5,1778,76.2,73.6,78.8,1105,80.2,77.3,83.2,1264,69.0,66.0,72.1,1324,75.0,72.0,78.0,1284,40.8,38.4,43.2,2108,41.9,39.7,44.0,157,8.4,6.7,10.2,710,13.6,12.2,15.1,233,5.1,4.2,6.1,437,14.5,12.6,16.4,17.0,15.3,18.9,1.0,3.7360745167,3.5091527242,3.9583090512,1.0,4.3045381983,4.0428868334,4.5413528231,1.0,8092.4327993,7241.0,9.1017238283,2.0,15.4,13.3,17.4,1.0,33.0,31.9,34.1,1.0,26.8,24.6,29.0,1.0,20.299268358,19.702240416,20.922598955,3.0,8.2,94.17173186,23.076923077,608.5,14.313722487,6.7906808342,6.3140850896,7.2672765789,1.0,1087.0,1738.0,274.0,4546.0,51.0,2.0,56.0,1.0,2022.0,60.8,60.0,135.0,492.0,241.0
19734,19734,Delaware,Kent,10001,39.383286,-75.651778,206831626,10091005,79.8581372638039,3.8961588128680638,13741,40.7,15.2,115421.0,4.6,4.3,2.0,89.6,5.8,2024,393,10.1,8.7,11.4,274,6.9,5.7,8.0,148,6.6,5.3,8.0,372,13.1,11.4,14.8,202,6.1,4.9,7.3,1427,36.6,34.4,38.9,1385,33.6,31.4,35.7,1163,25.2,23.3,27.1,1737,30.8,29.0,32.7,475,10.9,9.5,12.3,674,15.7,14.1,17.4,365,5.9,5.0,6.8,480,7.6,6.7,8.6,274,4.5,3.7,5.2,744,13.2,11.9,14.6,276,4.5,3.7,5.2,848,21.4,19.5,23.2,480,6.5,5.8,7.3,645,10.4,9.3,11.6,853,18.6,16.9,20.2,532,16.1,14.3,18.0,598,12.5,11.1,13.9,218,7.5,6.3,8.8,205,10.3,8.6,12.0,318,9.5,8.2,10.8,417,13.7,12.0,15.3,3767,82.8,81.1,84.5,1778,76.2,73.6,78.8,1105,80.2,77.3,83.2,1264,69.0,66.0,72.1,1324,75.0,72.0,78.0,1284,40.8,38.4,43.2,2108,41.9,39.7,44.0,157,8.4,6.7,10.2,710,13.6,12.2,15.1,233,5.1,4.2,6.1,437,14.5,12.6,16.4,19.9,18.0,22.1,3.0,4.2692542153,4.021942942,4.5351167457,3.0,4.7919825683,4.5385262412,5.0608224139,3.0,8555.0037184,2586.0,9.2130774888,3.0,18.9,16.6,21.0,3.0,41.2,39.9,42.3,3.0,31.0,28.6,33.1,3.0,17.652419036,17.005822562,18.275656054,1.0,7.8,51.39178116,27.966101695,783.2,17.652897249,9.0181426411,7.9458022155,10.090483067,2.0,2152.0,2516.0,494.0,5370.0,49.0,3.0,54.0,3.0,2022.0,172.07,591.0,632.0,2089.0,1429.0
21912,21912,Delaware,New Castle,10003,39.451498,-75.7714,87726123,4536007,33.87124545525423,1.751362094090849,1393,46.9,26.4,71995.0,5.6,4.3,0.0,72.5,6.4,2024,393,10.1,8.7,11.4,274,6.9,5.7,8.0,148,6.6,5.3,8.0,372,13.1,11.4,14.8,202,6.1,4.9,7.3,1427,36.6,34.4,38.9,1385,33.6,31.4,35.7,1163,25.2,23.3,27.1,1737,30.8,29.0,32.7,475,10.9,9.5,12.3,674,15.7,14.1,17.4,365,5.9,5.0,6.8,480,7.6,6.7,8.6,274,4.5,3.7,5.2,744,13.2,11.9,14.6,276,4.5,3.7,5.2,848,21.4,19.5,23.2,480,6.5,5.8,7.3,645,10.4,9.3,11.6,853,18.6,16.9,20.2,532,16.1,14.3,18.0,598,12.5,11.1,13.9,218,7.5,6.3,8.8,205,10.3,8.6,12.0,318,9.5,8.2,10.8,417,13.7,12.0,15.3,3767,82.8,81.1,84.5,1778,76.2,73.6,78.8,1105,80.2,77.3,83.2,1264,69.0,66.0,72.1,1324,75.0,72.0,78.0,1284,40.8,38.4,43.2,2108,41.9,39.7,44.0,157,8.4,6.7,10.2,710,13.6,12.2,15.1,233,5.1,4.2,6.1,437,14.5,12.6,16.4,17.0,15.3,18.9,1.0,3.7360745167,3.5091527242,3.9583090512,1.0,4.3045381983,4.0428868334,4.5413528231,1.0,8092.4327993,7241.0,9.1017238283,2.0,15.4,13.3,17.4,1.0,33.0,31.9,34.1,1.0,26.8,24.6,29.0,1.0,20.299268358,19.702240416,20.922598955,3.0,8.2,94.17173186,23.076923077,608.5,14.313722487,6.7906808342,6.3140850896,7.2672765789,1.0,1087.0,1738.0,274.0,4546.0,51.0,2.0,56.0,1.0,2022.0,41.13,60.0,78.0,368.0,383.0
19730,19730,Delaware,New Castle,10003,39.454434,-75.660765,1747198,83463,0.67459691928856,0.03222524446260875,456,42.8,18.2,88750.0,4.4,3.1,0.9,96.4,2.1,2024,393,10.1,8.7,11.4,274,6.9,5.7,8.0,148,6.6,5.3,8.0,372,13.1,11.4,14.8,202,6.1,4.9,7.3,1427,36.6,34.4,38.9,1385,33.6,31.4,35.7,1163,25.2,23.3,27.1,1737,30.8,29.0,32.7,475,10.9,9.5,12.3,674,15.7,14.1,17.4,365,5.9,5.0,6.8,480,7.6,6.7,8.6,274,4.5,3.7,5.2,744,13.2,11.9,14.6,276,4.5,3.7,5.2,848,21.4,19.5,23.2,480,6.5,5.8,7.3,645,10.4,9.3,11.6,853,18.6,16.9,20.2,532,16.1,14.3,18.0,598,12.5,11.1,13.9,218,7.5,6.3,8.8,205,10.3,8.6,12.0,318,9.5,8.2,10.8,417,13.7,12.0,15.3,3767,82.8,81.1,84.5,1778,76.2,73.6,78.8,1105,80.2,77.3,83.2,1264,69.0,66.0,72.1,1324,75.0,72.0,78.0,1284,40.8,38.4,43.2,2108,41.9,39.7,44.0,157,8.4,6.7,10.2,710,13.6,12.2,15.1,233,5.1,4.2,6.1,437,14.5,12.6,16.4,17.0,15.3,18.9,1.0,3.7360745167,3.5091527242,3.9583090512,1.0,4.3045381983,4.0428868334,4.5413528231,1.0,8092.4327993,7241.0,9.1017238283,2.0,15.4,13.3,17.4,1.0,33.0,31.9,34.1,1.0,26.8,24.6,29.0,1.0,20.299268358,19.702240416,20.922598955,3.0,8.2,94.17173186,23.076923077,608.5,14.313722487,6.7906808342,6.3140850896,7.2672765789,1.0,1087.0,1738.0,274.0,4546.0,51.0,2.0,56.0,1.0,2022.0,675.96,14.0,20.0,83.0,16.0
08038,08038,Delaware,,,39.496149,-75.537936,45119920,9577687,17.420898507522494,3.697965625023661,410,36.7,2.2,68750.0,1.5,17.3,0.0,98.2,10.6,2024,393,10.1,8.7,11.4,274,6.9,5.7,8.0,148,6.6,5.3,8.0,372,13.1,11.4,14.8,202,6.1,4.9,7.3,1427,36.6,34.4,38.9,1385,33.6,31.4,35.7,1163,25.2,23.3,27.1,1737,30.8,29.0,32.7,475,10.9,9.5,12.3,674,15.7,14.1,17.4,365,5.9,5.0,6.8,480,7.6,6.7,8.6,274,4.5,3.7,5.2,744,13.2,11.9,14.6,276,4.5,3.7,5.2,848,21.4,19.5,23.2,480,6.5,5.8,7.3,645,10.4,9.3,11.6,853,18.6,16.9,20.2,532,16.1,14.3,18.0,598,12.5,11.1,13.9,218,7.5,6.3,8.8,205,10.3,8.6,12.0,318,9.5,8.2,10.8,417,13.7,12.0,15.3,3767,82.8,81.1,84.5,1778,76.2,73.6,78.8,1105,80.2,77.3,83.2,1264,69.0,66.0,72.1,1324,75.0,72.0,78.0,1284,40.8,38.4,43.2,2108,41.9,39.7,44.0,157,8.4,6.7,10.2,710,13.6,12.2,15.1,233,5.1,4.2,6.1,437,14.5,12.6,16.4,,,,,,,,,,,,,,,,,,,,,,,,,,,,,,,,,,,,,,,,,,,,,,,,,,,23.53,71.0,6.0,9.0,7.0
19709,19709,Delaware,New Castle,10003,39.489238,-75.682434,201107215,15671695,77.64792982003304,6.050875268303838,46773,41.1,18.0,110215.0,4.7,2.2,1.1,96.7,10.3,2024,393,10.1,8.7,11.4,274,6.9,5.7,8.0,148,6.6,5.3,8.0,372,13.1,11.4,14.8,202,6.1,4.9,7.3,1427,36.6,34.4,38.9,1385,33.6,31.4,35.7,1163,25.2,23.3,27.1,1737,30.8,29.0,32.7,475,10.9,9.5,12.3,674,15.7,14.1,17.4,365,5.9,5.0,6.8,480,7.6,6.7,8.6,274,4.5,3.7,5.2,744,13.2,11.9,14.6,276,4.5,3.7,5.2,848,21.4,19.5,23.2,480,6.5,5.8,7.3,645,10.4,9.3,11.6,853,18.6,16.9,20.2,532,16.1,14.3,18.0,598,12.5,11.1,13.9,218,7.5,6.3,8.8,205,10.3,8.6,12.0,318,9.5,8.2,10.8,417,13.7,12.0,15.3,3767,82.8,81.1,84.5,1778,76.2,73.6,78.8,1105,80.2,77.3,83.2,1264,69.0,66.0,72.1,1324,75.0,72.0,78.0,1284,40.8,38.4,43.2,2108,41.9,39.7,44.0,157,8.4,6.7,10.2,710,13.6,12.2,15.1,233,5.1,4.2,6.1,437,14.5,12.6,16.4,17.0,15.3,18.9,1.0,3.7360745167,3.5091527242,3.9583090512,1.0,4.3045381983,4.0428868334,4.5413528231,1.0,8092.4327993,7241.0,9.1017238283,2.0,15.4,13.3,17.4,1.0,33.0,31.9,34.1,1.0,26.8,24.6,29.0,1.0,20.299268358,19.702240416,20.922598955,3.0,8.2,94.17173186,23.076923077,608.5,14.313722487,6.7906808342,6.3140850896,7.2672765789,1.0,1087.0,1738.0,274.0,4546.0,51.0,2.0,56.0,1.0,2022.0,602.37,1029.0,2198.0,8419.0,1544.0
19731,19731,Delaware,New Castle,10003,39.510203,-75.596164,6545195,476654,2.5271139179090674,0.18403713830176618,273,54.7,44.3,,0.0,0.0,0.0,100.0,0.0,2024,393,10.1,8.7,11.4,274,6.9,5.7,8.0,148,6.6,5.3,8.0,372,13.1,11.4,14.8,202,6.1,4.9,7.3,1427,36.6,34.4,38.9,1385,33.6,31.4,35.7,1163,25.2,23.3,27.1,1737,30.8,29.0,32.7,475,10.9,9.5,12.3,674,15.7,14.1,17.4,365,5.9,5.0,6.8,480,7.6,6.7,8.6,274,4.5,3.7,5.2,744,13.2,11.9,14.6,276,4.5,3.7,5.2,848,21.4,19.5,23.2,480,6.5,5.8,7.3,645,10.4,9.3,11.6,853,18.6,16.9,20.2,532,16.1,14.3,18.0,598,12.5,11.1,13.9,218,7.5,6.3,8.8,205,10.3,8.6,12.0,318,9.5,8.2,10.8,417,13.7,12.0,15.3,3767,82.8,81.1,84.5,1778,76.2,73.6,78.8,1105,80.2,77.3,83.2,1264,69.0,66.0,72.1,1324,75.0,72.0,78.0,1284,40.8,38.4,43.2,2108,41.9,39.7,44.0,157,8.4,6.7,10.2,710,13.6,12.2,15.1,233,5.1,4.2,6.1,437,14.5,12.6,16.4,17.0,15.3,18.9,1.0,3.7360745167,3.5091527242,3.9583090512,1.0,4.3045381983,4.0428868334,4.5413528231,1.0,8092.4327993,7241.0,9.1017238283,2.0,15.4,13.3,17.4,1.0,33.0,31.9,34.1,1.0,26.8,24.6,29.0,1.0,20.299268358,19.702240416,20.922598955,3.0,8.2,94.17173186,23.076923077,608.5,14.313722487,6.7906808342,6.3140850896,7.2672765789,1.0,1087.0,1738.0,274.0,4546.0,51.0,2.0,56.0,1.0,2022.0,108.03,0.0,0.0,121.0,0.0
08079,08079,Delaware,,,39.535659,-75.528256,229687598,23223412,88.68287738973443,8.966609503083781,10200,40.8,20.2,44763.0,22.3,4.6,2.7,77.8,6.6,2024,393,10.1,8.7,11.4,274,6.9,5.7,8.0,148,6.6,5.3,8.0,372,13.1,11.4,14.8,202,6.1,4.9,7.3,1427,36.6,34.4,38.9,1385,33.6,31.4,35.7,1163,25.2,23.3,27.1,1737,30.8,29.0,32.7,475,10.9,9.5,12.3,674,15.7,14.1,17.4,365,5.9,5.0,6.8,480,7.6,6.7,8.6,274,4.5,3.7,5.2,744,13.2,11.9,14.6,276,4.5,3.7,5.2,848,21.4,19.5,23.2,480,6.5,5.8,7.3,645,10.4,9.3,11.6,853,18.6,16.9,20.2,532,16.1,14.3,18.0,598,12.5,11.1,13.9,218,7.5,6.3,8.8,205,10.3,8.6,12.0,318,9.5,8.2,10.8,417,13.7,12.0,15.3,3767,82.8,81.1,84.5,1778,76.2,73.6,78.8,1105,80.2,77.3,83.2,1264,69.0,66.0,72.1,1324,75.0,72.0,78.0,1284,40.8,38.4,43.2,2108,41.9,39.7,44.0,157,8.4,6.7,10.2,710,13.6,12.2,15.1,233,5.1,4.2,6.1,437,14.5,12.6,16.4,,,,,,,,,,,,,,,,,,,,,,,,,,,,,,,,,,,,,,,,,,,,,,,,,,,115.02,469.0,2275.0,2060.0,2264.0
19733,19733,Delaware,New Castle,10003,39.559282,-75.651434,284506,0,0.10984838073252777,0.0,160,51.1,10.6,,0.0,0.0,0.0,100.0,50.6,2024,393,10.1,8.7,11.4,274,6.9,5.7,8.0,148,6.6,5.3,8.0,372,13.1,11.4,14.8,202,6.1,4.9,7.3,1427,36.6,34.4,38.9,1385,33.6,31.4,35.7,1163,25.2,23.3,27.1,1737,30.8,29.0,32.7,475,10.9,9.5,12.3,674,15.7,14.1,17.4,365,5.9,5.0,6.8,480,7.6,6.7,8.6,274,4.5,3.7,5.2,744,13.2,11.9,14.6,276,4.5,3.7,5.2,848,21.4,19.5,23.2,480,6.5,5.8,7.3,645,10.4,9.3,11.6,853,18.6,16.9,20.2,532,16.1,14.3,18.0,598,12.5,11.1,13.9,218,7.5,6.3,8.8,205,10.3,8.6,12.0,318,9.5,8.2,10.8,417,13.7,12.0,15.3,3767,82.8,81.1,84.5,1778,76.2,73.6,78.8,1105,80.2,77.3,83.2,1264,69.0,66.0,72.1,1324,75.0,72.0,78.0,1284,40.8,38.4,43.2,2108,41.9,39.7,44.0,157,8.4,6.7,10.2,710,13.6,12.2,15.1,233,5.1,4.2,6.1,437,14.5,12.6,16.4,17.0,15.3,18.9,1.0,3.7360745167,3.5091527242,3.9583090512,1.0,4.3045381983,4.0428868334,4.5413528231,1.0,8092.4327993,7241.0,9.1017238283,2.0,15.4,13.3,17.4,1.0,33.0,31.9,34.1,1.0,26.8,24.6,29.0,1.0,20.299268358,19.702240416,20.922598955,3.0,8.2,94.17173186,23.076923077,608.5,14.313722487,6.7906808342,6.3140850896,7.2672765789,1.0,1087.0,1738.0,274.0,4546.0,51.0,2.0,56.0,1.0,2022.0,1456.55,0.0,0.0,17.0,0.0
19706,19706,Delaware,New Castle,10003,39.571497,-75.590492,6555248,3794943,2.530995402909398,1.4652356840356306,1936,39.9,21.5,64548.0,13.9,6.6,0.0,85.6,0.7,2024,393,10.1,8.7,11.4,274,6.9,5.7,8.0,148,6.6,5.3,8.0,372,13.1,11.4,14.8,202,6.1,4.9,7.3,1427,36.6,34.4,38.9,1385,33.6,31.4,35.7,1163,25.2,23.3,27.1,1737,30.8,29.0,32.7,475,10.9,9.5,12.3,674,15.7,14.1,17.4,365,5.9,5.0,6.8,480,7.6,6.7,8.6,274,4.5,3.7,5.2,744,13.2,11.9,14.6,276,4.5,3.7,5.2,848,21.4,19.5,23.2,480,6.5,5.8,7.3,645,10.4,9.3,11.6,853,18.6,16.9,20.2,532,16.1,14.3,18.0,598,12.5,11.1,13.9,218,7.5,6.3,8.8,205,10.3,8.6,12.0,318,9.5,8.2,10.8,417,13.7,12.0,15.3,3767,82.8,81.1,84.5,1778,76.2,73.6,78.8,1105,80.2,77.3,83.2,1264,69.0,66.0,72.1,1324,75.0,72.0,78.0,1284,40.8,38.4,43.2,2108,41.9,39.7,44.0,157,8.4,6.7,10.2,710,13.6,12.2,15.1,233,5.1,4.2,6.1,437,14.5,12.6,16.4,17.0,15.3,18.9,1.0,3.7360745167,3.5091527242,3.9583090512,1.0,4.3045381983,4.0428868334,4.5413528231,1.0,8092.4327993,7241.0,9.1017238283,2.0,15.4,13.3,17.4,1.0,33.0,31.9,34.1,1.0,26.8,24.6,29.0,1.0,20.299268358,19.702240416,20.922598955,3.0,8.2,94.17173186,23.076923077,608.5,14.313722487,6.7906808342,6.3140850896,7.2672765789,1.0,1087.0,1738.0,274.0,4546.0,51.0,2.0,56.0,1.0,2022.0,764.92,128.0,269.0,416.0,279.0
19701,19701,Delaware,New Castle,10003,39.584249,-75.699157,68820993,2041422,26.57193395378174,0.78819744079829,43767,41.2,13.4,95343.0,7.8,7.3,2.7,93.1,19.0,2024,393,10.1,8.7,11.4,274,6.9,5.7,8.0,148,6.6,5.3,8.0,372,13.1,11.4,14.8,202,6.1,4.9,7.3,1427,36.6,34.4,38.9,1385,33.6,31.4,35.7,1163,25.2,23.3,27.1,1737,30.8,29.0,32.7,475,10.9,9.5,12.3,674,15.7,14.1,17.4,365,5.9,5.0,6.8,480,7.6,6.7,8.6,274,4.5,3.7,5.2,744,13.2,11.9,14.6,276,4.5,3.7,5.2,848,21.4,19.5,23.2,480,6.5,5.8,7.3,645,10.4,9.3,11.6,853,18.6,16.9,20.2,532,16.1,14.3,18.0,598,12.5,11.1,13.9,218,7.5,6.3,8.8,205,10.3,8.6,12.0,318,9.5,8.2,10.8,417,13.7,12.0,15.3,3767,82.8,81.1,84.5,1778,76.2,73.6,78.8,1105,80.2,77.3,83.2,1264,69.0,66.0,72.1,1324,75.0,72.0,78.0,1284,40.8,38.4,43.2,2108,41.9,39.7,44.0,157,8.4,6.7,10.2,710,13.6,12.2,15.1,233,5.1,4.2,6.1,437,14.5,12.6,16.4,17.0,15.3,18.9,1.0,3.7360745167,3.5091527242,3.9583090512,1.0,4.3045381983,4.0428868334,4.5413528231,1.0,8092.4327993,7241.0,9.1017238283,2.0,15.4,13.3,17.4,1.0,33.0,31.9,34.1,1.0,26.8,24.6,29.0,1.0,20.299268358,19.702240416,20.922598955,3.0,8.2,94.17173186,23.076923077,608.5,14.313722487,6.7906808342,6.3140850896,7.2672765789,1.0,1087.0,1738.0,274.0,4546.0,51.0,2.0,56.0,1.0,2022.0,1647.11,3195.0,3414.0,5865.0,3020.0
19702,19702,Delaware,New Castle,10003,39.623533,-75.725381,72751909,637534,28.089669106627674,0.2461532535761332,55745,34.6,11.0,82790.0,7.4,6.8,0.8,94.5,23.5,2024,393,10.1,8.7,11.4,274,6.9,5.7,8.0,148,6.6,5.3,8.0,372,13.1,11.4,14.8,202,6.1,4.9,7.3,1427,36.6,34.4,38.9,1385,33.6,31.4,35.7,1163,25.2,23.3,27.1,1737,30.8,29.0,32.7,475,10.9,9.5,12.3,674,15.7,14.1,17.4,365,5.9,5.0,6.8,480,7.6,6.7,8.6,274,4.5,3.7,5.2,744,13.2,11.9,14.6,276,4.5,3.7,5.2,848,21.4,19.5,23.2,480,6.5,5.8,7.3,645,10.4,9.3,11.6,853,18.6,16.9,20.2,532,16.1,14.3,18.0,598,12.5,11.1,13.9,218,7.5,6.3,8.8,205,10.3,8.6,12.0,318,9.5,8.2,10.8,417,13.7,12.0,15.3,3767,82.8,81.1,84.5,1778,76.2,73.6,78.8,1105,80.2,77.3,83.2,1264,69.0,66.0,72.1,1324,75.0,72.0,78.0,1284,40.8,38.4,43.2,2108,41.9,39.7,44.0,157,8.4,6.7,10.2,710,13.6,12.2,15.1,233,5.1,4.2,6.1,437,14.5,12.6,16.4,17.0,15.3,18.9,1.0,3.7360745167,3.5091527242,3.9583090512,1.0,4.3045381983,4.0428868334,4.5413528231,1.0,8092.4327993,7241.0,9.1017238283,2.0,15.4,13.3,17.4,1.0,33.0,31.9,34.1,1.0,26.8,24.6,29.0,1.0,20.299268358,19.702240416,20.922598955,3.0,8.2,94.17173186,23.076923077,608.5,14.313722487,6.7906808342,6.3140850896,7.2672765789,1.0,1087.0,1738.0,274.0,4546.0,51.0,2.0,56.0,1.0,2022.0,1984.54,3791.0,4125.0,6132.0,3066.0
21921,21921,Delaware,New Castle,10003,39.722199,-75.788596,245358374,14216741,94.73339783015452,5.489114388250995,44793,39.0,15.0,76214.0,13.1,4.4,1.1,88.4,8.2,2024,393,10.1,8.7,11.4,274,6.9,5.7,8.0,148,6.6,5.3,8.0,372,13.1,11.4,14.8,202,6.1,4.9,7.3,1427,36.6,34.4,38.9,1385,33.6,31.4,35.7,1163,25.2,23.3,27.1,1737,30.8,29.0,32.7,475,10.9,9.5,12.3,674,15.7,14.1,17.4,365,5.9,5.0,6.8,480,7.6,6.7,8.6,274,4.5,3.7,5.2,744,13.2,11.9,14.6,276,4.5,3.7,5.2,848,21.4,19.5,23.2,480,6.5,5.8,7.3,645,10.4,9.3,11.6,853,18.6,16.9,20.2,532,16.1,14.3,18.0,598,12.5,11.1,13.9,218,7.5,6.3,8.8,205,10.3,8.6,12.0,318,9.5,8.2,10.8,417,13.7,12.0,15.3,3767,82.8,81.1,84.5,1778,76.2,73.6,78.8,1105,80.2,77.3,83.2,1264,69.0,66.0,72.1,1324,75.0,72.0,78.0,1284,40.8,38.4,43.2,2108,41.9,39.7,44.0,157,8.4,6.7,10.2,710,13.6,12.2,15.1,233,5.1,4.2,6.1,437,14.5,12.6,16.4,17.0,15.3,18.9,1.0,3.7360745167,3.5091527242,3.9583090512,1.0,4.3045381983,4.0428868334,4.5413528231,1.0,8092.4327993,7241.0,9.1017238283,2.0,15.4,13.3,17.4,1.0,33.0,31.9,34.1,1.0,26.8,24.6,29.0,1.0,20.299268358,19.702240416,20.922598955,3.0,8.2,94.17173186,23.076923077,608.5,14.313722487,6.7906808342,6.3140850896,7.2672765789,1.0,1087.0,1738.0,274.0,4546.0,51.0,2.0,56.0,1.0,2022.0,472.83,1971.0,5868.0,6719.0,5196.0
08070,08070,Delaware,New Castle,10003,39.617474,-75.551616,53608669,8467403,20.698422820172716,3.2692825759729067,12365,44.6,19.8,70318.0,11.4,4.4,0.3,87.1,7.7,2024,393,10.1,8.7,11.4,274,6.9,5.7,8.0,148,6.6,5.3,8.0,372,13.1,11.4,14.8,202,6.1,4.9,7.3,1427,36.6,34.4,38.9,1385,33.6,31.4,35.7,1163,25.2,23.3,27.1,1737,30.8,29.0,32.7,475,10.9,9.5,12.3,674,15.7,14.1,17.4,365,5.9,5.0,6.8,480,7.6,6.7,8.6,274,4.5,3.7,5.2,744,13.2,11.9,14.6,276,4.5,3.7,5.2,848,21.4,19.5,23.2,480,6.5,5.8,7.3,645,10.4,9.3,11.6,853,18.6,16.9,20.2,532,16.1,14.3,18.0,598,12.5,11.1,13.9,218,7.5,6.3,8.8,205,10.3,8.6,12.0,318,9.5,8.2,10.8,417,13.7,12.0,15.3,3767,82.8,81.1,84.5,1778,76.2,73.6,78.8,1105,80.2,77.3,83.2,1264,69.0,66.0,72.1,1324,75.0,72.0,78.0,1284,40.8,38.4,43.2,2108,41.9,39.7,44.0,157,8.4,6.7,10.2,710,13.6,12.2,15.1,233,5.1,4.2,6.1,437,14.5,12.6,16.4,17.0,15.3,18.9,1.0,3.7360745167,3.5091527242,3.9583090512,1.0,4.3045381983,4.0428868334,4.5413528231,1.0,8092.4327993,7241.0,9.1017238283,2.0,15.4,13.3,17.4,1.0,33.0,31.9,34.1,1.0,26.8,24.6,29.0,1.0,20.299268358,19.702240416,20.922598955,3.0,8.2,94.17173186,23.076923077,608.5,14.313722487,6.7906808342,6.3140850896,7.2672765789,1.0,1087.0,1738.0,274.0,4546.0,51.0,2.0,56.0,1.0,2022.0,597.39,544.0,1410.0,2448.0,1595.0
19720,19720,Delaware,New Castle,10003,39.644968,-75.60681,99205238,7967444,38.30335653548618,3.0762473268651416,60599,40.2,14.6,67700.0,10.1,6.2,2.2,88.6,18.0,2024,393,10.1,8.7,11.4,274,6.9,5.7,8.0,148,6.6,5.3,8.0,372,13.1,11.4,14.8,202,6.1,4.9,7.3,1427,36.6,34.4,38.9,1385,33.6,31.4,35.7,1163,25.2,23.3,27.1,1737,30.8,29.0,32.7,475,10.9,9.5,12.3,674,15.7,14.1,17.4,365,5.9,5.0,6.8,480,7.6,6.7,8.6,274,4.5,3.7,5.2,744,13.2,11.9,14.6,276,4.5,3.7,5.2,848,21.4,19.5,23.2,480,6.5,5.8,7.3,645,10.4,9.3,11.6,853,18.6,16.9,20.2,532,16.1,14.3,18.0,598,12.5,11.1,13.9,218,7.5,6.3,8.8,205,10.3,8.6,12.0,318,9.5,8.2,10.8,417,13.7,12.0,15.3,3767,82.8,81.1,84.5,1778,76.2,73.6,78.8,1105,80.2,77.3,83.2,1264,69.0,66.0,72.1,1324,75.0,72.0,78.0,1284,40.8,38.4,43.2,2108,41.9,39.7,44.0,157,8.4,6.7,10.2,710,13.6,12.2,15.1,233,5.1,4.2,6.1,437,14.5,12.6,16.4,17.0,15.3,18.9,1.0,3.7360745167,3.5091527242,3.9583090512,1.0,4.3045381983,4.0428868334,4.5413528231,1.0,8092.4327993,7241.0,9.1017238283,2.0,15.4,13.3,17.4,1.0,33.0,31.9,34.1,1.0,26.8,24.6,29.0,1.0,20.299268358,19.702240416,20.922598955,3.0,8.2,94.17173186,23.076923077,608.5,14.313722487,6.7906808342,6.3140850896,7.2672765789,1.0,1087.0,1738.0,274.0,4546.0,51.0,2.0,56.0,1.0,2022.0,1582.08,3757.0,6120.0,8847.0,6908.0
19716,19716,Delaware,New Castle,10003,39.667811,-75.746057,1616341,0,0.6240727491216167,0.0,0,-666666666.0,-666666666.0,,-666666666.0,-666666666.0,-666666666.0,-666666666.0,-666666666.0,2024,393,10.1,8.7,11.4,274,6.9,5.7,8.0,148,6.6,5.3,8.0,372,13.1,11.4,14.8,202,6.1,4.9,7.3,1427,36.6,34.4,38.9,1385,33.6,31.4,35.7,1163,25.2,23.3,27.1,1737,30.8,29.0,32.7,475,10.9,9.5,12.3,674,15.7,14.1,17.4,365,5.9,5.0,6.8,480,7.6,6.7,8.6,274,4.5,3.7,5.2,744,13.2,11.9,14.6,276,4.5,3.7,5.2,848,21.4,19.5,23.2,480,6.5,5.8,7.3,645,10.4,9.3,11.6,853,18.6,16.9,20.2,532,16.1,14.3,18.0,598,12.5,11.1,13.9,218,7.5,6.3,8.8,205,10.3,8.6,12.0,318,9.5,8.2,10.8,417,13.7,12.0,15.3,3767,82.8,81.1,84.5,1778,76.2,73.6,78.8,1105,80.2,77.3,83.2,1264,69.0,66.0,72.1,1324,75.0,72.0,78.0,1284,40.8,38.4,43.2,2108,41.9,39.7,44.0,157,8.4,6.7,10.2,710,13.6,12.2,15.1,233,5.1,4.2,6.1,437,14.5,12.6,16.4,17.0,15.3,18.9,1.0,3.7360745167,3.5091527242,3.9583090512,1.0,4.3045381983,4.0428868334,4.5413528231,1.0,8092.4327993,7241.0,9.1017238283,2.0,15.4,13.3,17.4,1.0,33.0,31.9,34.1,1.0,26.8,24.6,29.0,1.0,20.299268358,19.702240416,20.922598955,3.0,8.2,94.17173186,23.076923077,608.5,14.313722487,6.7906808342,6.3140850896,7.2672765789,1.0,1087.0,1738.0,274.0,4546.0,51.0,2.0,56.0,1.0,2022.0,0.0,-0.0,-0.0,-0.0,0.0
19713,19713,Delaware,New Castle,10003,39.671327,-75.708638,33674265,12258,13.001706405517051,0.004732840260027294,29632,38.5,16.8,63613.0,11.0,7.9,2.0,91.1,23.2,2024,393,10.1,8.7,11.4,274,6.9,5.7,8.0,148,6.6,5.3,8.0,372,13.1,11.4,14.8,202,6.1,4.9,7.3,1427,36.6,34.4,38.9,1385,33.6,31.4,35.7,1163,25.2,23.3,27.1,1737,30.8,29.0,32.7,475,10.9,9.5,12.3,674,15.7,14.1,17.4,365,5.9,5.0,6.8,480,7.6,6.7,8.6,274,4.5,3.7,5.2,744,13.2,11.9,14.6,276,4.5,3.7,5.2,848,21.4,19.5,23.2,480,6.5,5.8,7.3,645,10.4,9.3,11.6,853,18.6,16.9,20.2,532,16.1,14.3,18.0,598,12.5,11.1,13.9,218,7.5,6.3,8.8,205,10.3,8.6,12.0,318,9.5,8.2,10.8,417,13.7,12.0,15.3,3767,82.8,81.1,84.5,1778,76.2,73.6,78.8,1105,80.2,77.3,83.2,1264,69.0,66.0,72.1,1324,75.0,72.0,78.0,1284,40.8,38.4,43.2,2108,41.9,39.7,44.0,157,8.4,6.7,10.2,710,13.6,12.2,15.1,233,5.1,4.2,6.1,437,14.5,12.6,16.4,17.0,15.3,18.9,1.0,3.7360745167,3.5091527242,3.9583090512,1.0,4.3045381983,4.0428868334,4.5413528231,1.0,8092.4327993,7241.0,9.1017238283,2.0,15.4,13.3,17.4,1.0,33.0,31.9,34.1,1.0,26.8,24.6,29.0,1.0,20.299268358,19.702240416,20.922598955,3.0,8.2,94.17173186,23.076923077,608.5,14.313722487,6.7906808342,6.3140850896,7.2672765789,1.0,1087.0,1738.0,274.0,4546.0,51.0,2.0,56.0,1.0,2022.0,2279.09,2341.0,3260.0,4978.0,2637.0
19717,19717,Delaware,New Castle,10003,39.681217,-75.753432,668372,0,0.2580598719428098,0.0,6692,19.4,0.0,,-666666666.0,1.7,2.9,-666666666.0,10.3,2024,393,10.1,8.7,11.4,274,6.9,5.7,8.0,148,6.6,5.3,8.0,372,13.1,11.4,14.8,202,6.1,4.9,7.3,1427,36.6,34.4,38.9,1385,33.6,31.4,35.7,1163,25.2,23.3,27.1,1737,30.8,29.0,32.7,475,10.9,9.5,12.3,674,15.7,14.1,17.4,365,5.9,5.0,6.8,480,7.6,6.7,8.6,274,4.5,3.7,5.2,744,13.2,11.9,14.6,276,4.5,3.7,5.2,848,21.4,19.5,23.2,480,6.5,5.8,7.3,645,10.4,9.3,11.6,853,18.6,16.9,20.2,532,16.1,14.3,18.0,598,12.5,11.1,13.9,218,7.5,6.3,8.8,205,10.3,8.6,12.0,318,9.5,8.2,10.8,417,13.7,12.0,15.3,3767,82.8,81.1,84.5,1778,76.2,73.6,78.8,1105,80.2,77.3,83.2,1264,69.0,66.0,72.1,1324,75.0,72.0,78.0,1284,40.8,38.4,43.2,2108,41.9,39.7,44.0,157,8.4,6.7,10.2,710,13.6,12.2,15.1,233,5.1,4.2,6.1,437,14.5,12.6,16.4,17.0,15.3,18.9,1.0,3.7360745167,3.5091527242,3.9583090512,1.0,4.3045381983,4.0428868334,4.5413528231,1.0,8092.4327993,7241.0,9.1017238283,2.0,15.4,13.3,17.4,1.0,33.0,31.9,34.1,1.0,26.8,24.6,29.0,1.0,20.299268358,19.702240416,20.922598955,3.0,8.2,94.17173186,23.076923077,608.5,14.313722487,6.7906808342,6.3140850896,7.2672765789,1.0,1087.0,1738.0,274.0,4546.0,51.0,2.0,56.0,1.0,2022.0,25931.97,114.0,-44613333289.0,0.0,44613339981.0
08023,08023,Delaware,,,39.693385,-75.505552,2187647,136393,0.8446552289384834,0.05266163171691163,313,41.4,12.5,32171.0,0.0,9.9,0.0,69.7,0.0,2024,393,10.1,8.7,11.4,274,6.9,5.7,8.0,148,6.6,5.3,8.0,372,13.1,11.4,14.8,202,6.1,4.9,7.3,1427,36.6,34.4,38.9,1385,33.6,31.4,35.7,1163,25.2,23.3,27.1,1737,30.8,29.0,32.7,475,10.9,9.5,12.3,674,15.7,14.1,17.4,365,5.9,5.0,6.8,480,7.6,6.7,8.6,274,4.5,3.7,5.2,744,13.2,11.9,14.6,276,4.5,3.7,5.2,848,21.4,19.5,23.2,480,6.5,5.8,7.3,645,10.4,9.3,11.6,853,18.6,16.9,20.2,532,16.1,14.3,18.0,598,12.5,11.1,13.9,218,7.5,6.3,8.8,205,10.3,8.6,12.0,318,9.5,8.2,10.8,417,13.7,12.0,15.3,3767,82.8,81.1,84.5,1778,76.2,73.6,78.8,1105,80.2,77.3,83.2,1264,69.0,66.0,72.1,1324,75.0,72.0,78.0,1284,40.8,38.4,43.2,2108,41.9,39.7,44.0,157,8.4,6.7,10.2,710,13.6,12.2,15.1,233,5.1,4.2,6.1,437,14.5,12.6,16.4,,,,,,,,,,,,,,,,,,,,,,,,,,,,,,,,,,,,,,,,,,,,,,,,,,,370.57,31.0,0.0,39.0,95.0
08069,08069,Delaware,,,39.718256,-75.482926,41277749,2060193,15.937427990740854,0.7954449644172306,13412,38.9,17.0,53225.0,21.5,6.1,1.7,83.6,18.7,2024,393,10.1,8.7,11.4,274,6.9,5.7,8.0,148,6.6,5.3,8.0,372,13.1,11.4,14.8,202,6.1,4.9,7.3,1427,36.6,34.4,38.9,1385,33.6,31.4,35.7,1163,25.2,23.3,27.1,1737,30.8,29.0,32.7,475,10.9,9.5,12.3,674,15.7,14.1,17.4,365,5.9,5.0,6.8,480,7.6,6.7,8.6,274,4.5,3.7,5.2,744,13.2,11.9,14.6,276,4.5,3.7,5.2,848,21.4,19.5,23.2,480,6.5,5.8,7.3,645,10.4,9.3,11.6,853,18.6,16.9,20.2,532,16.1,14.3,18.0,598,12.5,11.1,13.9,218,7.5,6.3,8.8,205,10.3,8.6,12.0,318,9.5,8.2,10.8,417,13.7,12.0,15.3,3767,82.8,81.1,84.5,1778,76.2,73.6,78.8,1105,80.2,77.3,83.2,1264,69.0,66.0,72.1,1324,75.0,72.0,78.0,1284,40.8,38.4,43.2,2108,41.9,39.7,44.0,157,8.4,6.7,10.2,710,13.6,12.2,15.1,233,5.1,4.2,6.1,437,14.5,12.6,16.4,,,,,,,,,,,,,,,,,,,,,,,,,,,,,,,,,,,,,,,,,,,,,,,,,,,841.54,818.0,2884.0,2280.0,2200.0
19711,19711,Delaware,New Castle,10003,39.714365,-75.73924,70982873,10139,27.406640488399773,0.003914689785969713,50045,35.3,16.4,80660.0,16.2,4.2,1.7,93.7,16.6,2024,393,10.1,8.7,11.4,274,6.9,5.7,8.0,148,6.6,5.3,8.0,372,13.1,11.4,14.8,202,6.1,4.9,7.3,1427,36.6,34.4,38.9,1385,33.6,31.4,35.7,1163,25.2,23.3,27.1,1737,30.8,29.0,32.7,475,10.9,9.5,12.3,674,15.7,14.1,17.4,365,5.9,5.0,6.8,480,7.6,6.7,8.6,274,4.5,3.7,5.2,744,13.2,11.9,14.6,276,4.5,3.7,5.2,848,21.4,19.5,23.2,480,6.5,5.8,7.3,645,10.4,9.3,11.6,853,18.6,16.9,20.2,532,16.1,14.3,18.0,598,12.5,11.1,13.9,218,7.5,6.3,8.8,205,10.3,8.6,12.0,318,9.5,8.2,10.8,417,13.7,12.0,15.3,3767,82.8,81.1,84.5,1778,76.2,73.6,78.8,1105,80.2,77.3,83.2,1264,69.0,66.0,72.1,1324,75.0,72.0,78.0,1284,40.8,38.4,43.2,2108,41.9,39.7,44.0,157,8.4,6.7,10.2,710,13.6,12.2,15.1,233,5.1,4.2,6.1,437,14.5,12.6,16.4,17.0,15.3,18.9,1.0,3.7360745167,3.5091527242,3.9583090512,1.0,4.3045381983,4.0428868334,4.5413528231,1.0,8092.4327993,7241.0,9.1017238283,2.0,15.4,13.3,17.4,1.0,33.0,31.9,34.1,1.0,26.8,24.6,29.0,1.0,20.299268358,19.702240416,20.922598955,3.0,8.2,94.17173186,23.076923077,608.5,14.313722487,6.7906808342,6.3140850896,7.2672765789,1.0,1087.0,1738.0,274.0,4546.0,51.0,2.0,56.0,1.0,2022.0,1826.02,2102.0,8107.0,8207.0,3153.0
19804,19804,Delaware,New Castle,10003,39.716605,-75.620922,18586023,171658,7.176103599950504,0.06627752433967737,18123,39.7,16.1,63909.0,9.8,6.2,1.3,88.8,18.6,2024,393,10.1,8.7,11.4,274,6.9,5.7,8.0,148,6.6,5.3,8.0,372,13.1,11.4,14.8,202,6.1,4.9,7.3,1427,36.6,34.4,38.9,1385,33.6,31.4,35.7,1163,25.2,23.3,27.1,1737,30.8,29.0,32.7,475,10.9,9.5,12.3,674,15.7,14.1,17.4,365,5.9,5.0,6.8,480,7.6,6.7,8.6,274,4.5,3.7,5.2,744,13.2,11.9,14.6,276,4.5,3.7,5.2,848,21.4,19.5,23.2,480,6.5,5.8,7.3,645,10.4,9.3,11.6,853,18.6,16.9,20.2,532,16.1,14.3,18.0,598,12.5,11.1,13.9,218,7.5,6.3,8.8,205,10.3,8.6,12.0,318,9.5,8.2,10.8,417,13.7,12.0,15.3,3767,82.8,81.1,84.5,1778,76.2,73.6,78.8,1105,80.2,77.3,83.2,1264,69.0,66.0,72.1,1324,75.0,72.0,78.0,1284,40.8,38.4,43.2,2108,41.9,39.7,44.0,157,8.4,6.7,10.2,710,13.6,12.2,15.1,233,5.1,4.2,6.1,437,14.5,12.6,16.4,17.0,15.3,18.9,1.0,3.7360745167,3.5091527242,3.9583090512,1.0,4.3045381983,4.0428868334,4.5413528231,1.0,8092.4327993,7241.0,9.1017238283,2.0,15.4,13.3,17.4,1.0,33.0,31.9,34.1,1.0,26.8,24.6,29.0,1.0,20.299268358,19.702240416,20.922598955,3.0,8.2,94.17173186,23.076923077,608.5,14.313722487,6.7906808342,6.3140850896,7.2672765789,1.0,1087.0,1738.0,274.0,4546.0,51.0,2.0,56.0,1.0,2022.0,2525.47,1124.0,1776.0,2918.0,2030.0
19801,19801,Delaware,New Castle,10003,39.727816,-75.546145,11387006,2882427,4.396547596506148,1.112911286685405,16061,34.5,9.4,37965.0,26.9,6.3,14.6,77.0,10.3,2024,393,10.1,8.7,11.4,274,6.9,5.7,8.0,148,6.6,5.3,8.0,372,13.1,11.4,14.8,202,6.1,4.9,7.3,1427,36.6,34.4,38.9,1385,33.6,31.4,35.7,1163,25.2,23.3,27.1,1737,30.8,29.0,32.7,475,10.9,9.5,12.3,674,15.7,14.1,17.4,365,5.9,5.0,6.8,480,7.6,6.7,8.6,274,4.5,3.7,5.2,744,13.2,11.9,14.6,276,4.5,3.7,5.2,848,21.4,19.5,23.2,480,6.5,5.8,7.3,645,10.4,9.3,11.6,853,18.6,16.9,20.2,532,16.1,14.3,18.0,598,12.5,11.1,13.9,218,7.5,6.3,8.8,205,10.3,8.6,12.0,318,9.5,8.2,10.8,417,13.7,12.0,15.3,3767,82.8,81.1,84.5,1778,76.2,73.6,78.8,1105,80.2,77.3,83.2,1264,69.0,66.0,72.1,1324,75.0,72.0,78.0,1284,40.8,38.4,43.2,2108,41.9,39.7,44.0,157,8.4,6.7,10.2,710,13.6,12.2,15.1,233,5.1,4.2,6.1,437,14.5,12.6,16.4,17.0,15.3,18.9,1.0,3.7360745167,3.5091527242,3.9583090512,1.0,4.3045381983,4.0428868334,4.5413528231,1.0,8092.4327993,7241.0,9.1017238283,2.0,15.4,13.3,17.4,1.0,33.0,31.9,34.1,1.0,26.8,24.6,29.0,1.0,20.299268358,19.702240416,20.922598955,3.0,8.2,94.17173186,23.076923077,608.5,14.313722487,6.7906808342,6.3140850896,7.2672765789,1.0,1087.0,1738.0,274.0,4546.0,51.0,2.0,56.0,1.0,2022.0,3653.09,1012.0,4320.0,1510.0,3694.0
19808,19808,Delaware,New Castle,10003,39.737767,-75.665967,35614567,1654,13.750861196038464,0.0006386129703120529,39016,42.7,17.7,84964.0,6.7,5.5,1.1,92.1,18.9,2024,393,10.1,8.7,11.4,274,6.9,5.7,8.0,148,6.6,5.3,8.0,372,13.1,11.4,14.8,202,6.1,4.9,7.3,1427,36.6,34.4,38.9,1385,33.6,31.4,35.7,1163,25.2,23.3,27.1,1737,30.8,29.0,32.7,475,10.9,9.5,12.3,674,15.7,14.1,17.4,365,5.9,5.0,6.8,480,7.6,6.7,8.6,274,4.5,3.7,5.2,744,13.2,11.9,14.6,276,4.5,3.7,5.2,848,21.4,19.5,23.2,480,6.5,5.8,7.3,645,10.4,9.3,11.6,853,18.6,16.9,20.2,532,16.1,14.3,18.0,598,12.5,11.1,13.9,218,7.5,6.3,8.8,205,10.3,8.6,12.0,318,9.5,8.2,10.8,417,13.7,12.0,15.3,3767,82.8,81.1,84.5,1778,76.2,73.6,78.8,1105,80.2,77.3,83.2,1264,69.0,66.0,72.1,1324,75.0,72.0,78.0,1284,40.8,38.4,43.2,2108,41.9,39.7,44.0,157,8.4,6.7,10.2,710,13.6,12.2,15.1,233,5.1,4.2,6.1,437,14.5,12.6,16.4,17.0,15.3,18.9,1.0,3.7360745167,3.5091527242,3.9583090512,1.0,4.3045381983,4.0428868334,4.5413528231,1.0,8092.4327993,7241.0,9.1017238283,2.0,15.4,13.3,17.4,1.0,33.0,31.9,34.1,1.0,26.8,24.6,29.0,1.0,20.299268358,19.702240416,20.922598955,3.0,8.2,94.17173186,23.076923077,608.5,14.313722487,6.7906808342,6.3140850896,7.2672765789,1.0,1087.0,1738.0,274.0,4546.0,51.0,2.0,56.0,1.0,2022.0,2837.35,2146.0,2614.0,6906.0,3082.0
08067,08067,Delaware,,,39.771145,-75.451688,49347896,2721784,19.053329167599927,1.0508866776226244,1675,39.5,17.0,106875.0,11.0,9.2,0.4,93.7,4.2,2024,393,10.1,8.7,11.4,274,6.9,5.7,8.0,148,6.6,5.3,8.0,372,13.1,11.4,14.8,202,6.1,4.9,7.3,1427,36.6,34.4,38.9,1385,33.6,31.4,35.7,1163,25.2,23.3,27.1,1737,30.8,29.0,32.7,475,10.9,9.5,12.3,674,15.7,14.1,17.4,365,5.9,5.0,6.8,480,7.6,6.7,8.6,274,4.5,3.7,5.2,744,13.2,11.9,14.6,276,4.5,3.7,5.2,848,21.4,19.5,23.2,480,6.5,5.8,7.3,645,10.4,9.3,11.6,853,18.6,16.9,20.2,532,16.1,14.3,18.0,598,12.5,11.1,13.9,218,7.5,6.3,8.8,205,10.3,8.6,12.0,318,9.5,8.2,10.8,417,13.7,12.0,15.3,3767,82.8,81.1,84.5,1778,76.2,73.6,78.8,1105,80.2,77.3,83.2,1264,69.0,66.0,72.1,1324,75.0,72.0,78.0,1284,40.8,38.4,43.2,2108,41.9,39.7,44.0,157,8.4,6.7,10.2,710,13.6,12.2,15.1,233,5.1,4.2,6.1,437,14.5,12.6,16.4,,,,,,,,,,,,,,,,,,,,,,,,,,,,,,,,,,,,,,,,,,,,,,,,,,,87.91,154.0,184.0,285.0,106.0
19805,19805,Delaware,New Castle,10003,39.745237,-75.593734,14291385,0,5.517934597776976,0.0,39500,35.8,12.3,50053.0,20.8,8.1,5.8,86.4,21.0,2024,393,10.1,8.7,11.4,274,6.9,5.7,8.0,148,6.6,5.3,8.0,372,13.1,11.4,14.8,202,6.1,4.9,7.3,1427,36.6,34.4,38.9,1385,33.6,31.4,35.7,1163,25.2,23.3,27.1,1737,30.8,29.0,32.7,475,10.9,9.5,12.3,674,15.7,14.1,17.4,365,5.9,5.0,6.8,480,7.6,6.7,8.6,274,4.5,3.7,5.2,744,13.2,11.9,14.6,276,4.5,3.7,5.2,848,21.4,19.5,23.2,480,6.5,5.8,7.3,645,10.4,9.3,11.6,853,18.6,16.9,20.2,532,16.1,14.3,18.0,598,12.5,11.1,13.9,218,7.5,6.3,8.8,205,10.3,8.6,12.0,318,9.5,8.2,10.8,417,13.7,12.0,15.3,3767,82.8,81.1,84.5,1778,76.2,73.6,78.8,1105,80.2,77.3,83.2,1264,69.0,66.0,72.1,1324,75.0,72.0,78.0,1284,40.8,38.4,43.2,2108,41.9,39.7,44.0,157,8.4,6.7,10.2,710,13.6,12.2,15.1,233,5.1,4.2,6.1,437,14.5,12.6,16.4,17.0,15.3,18.9,1.0,3.7360745167,3.5091527242,3.9583090512,1.0,4.3045381983,4.0428868334,4.5413528231,1.0,8092.4327993,7241.0,9.1017238283,2.0,15.4,13.3,17.4,1.0,33.0,31.9,34.1,1.0,26.8,24.6,29.0,1.0,20.299268358,19.702240416,20.922598955,3.0,8.2,94.17173186,23.076923077,608.5,14.313722487,6.7906808342,6.3140850896,7.2672765789,1.0,1087.0,1738.0,274.0,4546.0,51.0,2.0,56.0,1.0,2022.0,7158.48,3200.0,8216.0,4859.0,5372.0
19802,19802,Delaware,New Castle,10003,39.757153,-75.528727,9023181,143910,3.483869661471149,0.05556396164305172,27363,36.8,11.7,50761.0,23.5,5.5,11.2,80.8,7.4,2024,393,10.1,8.7,11.4,274,6.9,5.7,8.0,148,6.6,5.3,8.0,372,13.1,11.4,14.8,202,6.1,4.9,7.3,1427,36.6,34.4,38.9,1385,33.6,31.4,35.7,1163,25.2,23.3,27.1,1737,30.8,29.0,32.7,475,10.9,9.5,12.3,674,15.7,14.1,17.4,365,5.9,5.0,6.8,480,7.6,6.7,8.6,274,4.5,3.7,5.2,744,13.2,11.9,14.6,276,4.5,3.7,5.2,848,21.4,19.5,23.2,480,6.5,5.8,7.3,645,10.4,9.3,11.6,853,18.6,16.9,20.2,532,16.1,14.3,18.0,598,12.5,11.1,13.9,218,7.5,6.3,8.8,205,10.3,8.6,12.0,318,9.5,8.2,10.8,417,13.7,12.0,15.3,3767,82.8,81.1,84.5,1778,76.2,73.6,78.8,1105,80.2,77.3,83.2,1264,69.0,66.0,72.1,1324,75.0,72.0,78.0,1284,40.8,38.4,43.2,2108,41.9,39.7,44.0,157,8.4,6.7,10.2,710,13.6,12.2,15.1,233,5.1,4.2,6.1,437,14.5,12.6,16.4,17.0,15.3,18.9,1.0,3.7360745167,3.5091527242,3.9583090512,1.0,4.3045381983,4.0428868334,4.5413528231,1.0,8092.4327993,7241.0,9.1017238283,2.0,15.4,13.3,17.4,1.0,33.0,31.9,34.1,1.0,26.8,24.6,29.0,1.0,20.299268358,19.702240416,20.922598955,3.0,8.2,94.17173186,23.076923077,608.5,14.313722487,6.7906808342,6.3140850896,7.2672765789,1.0,1087.0,1738.0,274.0,4546.0,51.0,2.0,56.0,1.0,2022.0,7854.2,1505.0,6430.0,3201.0,5254.0
19809,19809,Delaware,New Castle,10003,39.758,-75.502184,17498943,4102426,6.756379665387731,1.583955534066139,15111,37.9,12.6,76982.0,12.0,2.6,2.9,96.1,9.0,2024,393,10.1,8.7,11.4,274,6.9,5.7,8.0,148,6.6,5.3,8.0,372,13.1,11.4,14.8,202,6.1,4.9,7.3,1427,36.6,34.4,38.9,1385,33.6,31.4,35.7,1163,25.2,23.3,27.1,1737,30.8,29.0,32.7,475,10.9,9.5,12.3,674,15.7,14.1,17.4,365,5.9,5.0,6.8,480,7.6,6.7,8.6,274,4.5,3.7,5.2,744,13.2,11.9,14.6,276,4.5,3.7,5.2,848,21.4,19.5,23.2,480,6.5,5.8,7.3,645,10.4,9.3,11.6,853,18.6,16.9,20.2,532,16.1,14.3,18.0,598,12.5,11.1,13.9,218,7.5,6.3,8.8,205,10.3,8.6,12.0,318,9.5,8.2,10.8,417,13.7,12.0,15.3,3767,82.8,81.1,84.5,1778,76.2,73.6,78.8,1105,80.2,77.3,83.2,1264,69.0,66.0,72.1,1324,75.0,72.0,78.0,1284,40.8,38.4,43.2,2108,41.9,39.7,44.0,157,8.4,6.7,10.2,710,13.6,12.2,15.1,233,5.1,4.2,6.1,437,14.5,12.6,16.4,17.0,15.3,18.9,1.0,3.7360745167,3.5091527242,3.9583090512,1.0,4.3045381983,4.0428868334,4.5413528231,1.0,8092.4327993,7241.0,9.1017238283,2.0,15.4,13.3,17.4,1.0,33.0,31.9,34.1,1.0,26.8,24.6,29.0,1.0,20.299268358,19.702240416,20.922598955,3.0,8.2,94.17173186,23.076923077,608.5,14.313722487,6.7906808342,6.3140850896,7.2672765789,1.0,1087.0,1738.0,274.0,4546.0,51.0,2.0,56.0,1.0,2022.0,2236.55,393.0,1813.0,1904.0,589.0
19806,19806,Delaware,New Castle,10003,39.761998,-75.563363,4414833,58498,1.7045765511255573,0.022586204073346113,10044,44.0,25.8,74464.0,10.8,3.7,2.5,88.6,3.3,2024,393,10.1,8.7,11.4,274,6.9,5.7,8.0,148,6.6,5.3,8.0,372,13.1,11.4,14.8,202,6.1,4.9,7.3,1427,36.6,34.4,38.9,1385,33.6,31.4,35.7,1163,25.2,23.3,27.1,1737,30.8,29.0,32.7,475,10.9,9.5,12.3,674,15.7,14.1,17.4,365,5.9,5.0,6.8,480,7.6,6.7,8.6,274,4.5,3.7,5.2,744,13.2,11.9,14.6,276,4.5,3.7,5.2,848,21.4,19.5,23.2,480,6.5,5.8,7.3,645,10.4,9.3,11.6,853,18.6,16.9,20.2,532,16.1,14.3,18.0,598,12.5,11.1,13.9,218,7.5,6.3,8.8,205,10.3,8.6,12.0,318,9.5,8.2,10.8,417,13.7,12.0,15.3,3767,82.8,81.1,84.5,1778,76.2,73.6,78.8,1105,80.2,77.3,83.2,1264,69.0,66.0,72.1,1324,75.0,72.0,78.0,1284,40.8,38.4,43.2,2108,41.9,39.7,44.0,157,8.4,6.7,10.2,710,13.6,12.2,15.1,233,5.1,4.2,6.1,437,14.5,12.6,16.4,17.0,15.3,18.9,1.0,3.7360745167,3.5091527242,3.9583090512,1.0,4.3045381983,4.0428868334,4.5413528231,1.0,8092.4327993,7241.0,9.1017238283,2.0,15.4,13.3,17.4,1.0,33.0,31.9,34.1,1.0,26.8,24.6,29.0,1.0,20.299268358,19.702240416,20.922598955,3.0,8.2,94.17173186,23.076923077,608.5,14.313722487,6.7906808342,6.3140850896,7.2672765789,1.0,1087.0,1738.0,274.0,4546.0,51.0,2.0,56.0,1.0,2022.0,5892.37,372.0,1085.0,2591.0,1145.0
19350,19350,Delaware,New Castle,10003,39.757706,-75.753086,72479270,701993,27.984402600211165,0.27104101261684943,10907,44.0,16.0,147264.0,2.1,2.9,0.9,97.1,5.5,2024,393,10.1,8.7,11.4,274,6.9,5.7,8.0,148,6.6,5.3,8.0,372,13.1,11.4,14.8,202,6.1,4.9,7.3,1427,36.6,34.4,38.9,1385,33.6,31.4,35.7,1163,25.2,23.3,27.1,1737,30.8,29.0,32.7,475,10.9,9.5,12.3,674,15.7,14.1,17.4,365,5.9,5.0,6.8,480,7.6,6.7,8.6,274,4.5,3.7,5.2,744,13.2,11.9,14.6,276,4.5,3.7,5.2,848,21.4,19.5,23.2,480,6.5,5.8,7.3,645,10.4,9.3,11.6,853,18.6,16.9,20.2,532,16.1,14.3,18.0,598,12.5,11.1,13.9,218,7.5,6.3,8.8,205,10.3,8.6,12.0,318,9.5,8.2,10.8,417,13.7,12.0,15.3,3767,82.8,81.1,84.5,1778,76.2,73.6,78.8,1105,80.2,77.3,83.2,1264,69.0,66.0,72.1,1324,75.0,72.0,78.0,1284,40.8,38.4,43.2,2108,41.9,39.7,44.0,157,8.4,6.7,10.2,710,13.6,12.2,15.1,233,5.1,4.2,6.1,437,14.5,12.6,16.4,17.0,15.3,18.9,1.0,3.7360745167,3.5091527242,3.9583090512,1.0,4.3045381983,4.0428868334,4.5413528231,1.0,8092.4327993,7241.0,9.1017238283,2.0,15.4,13.3,17.4,1.0,33.0,31.9,34.1,1.0,26.8,24.6,29.0,1.0,20.299268358,19.702240416,20.922598955,3.0,8.2,94.17173186,23.076923077,608.5,14.313722487,6.7906808342,6.3140850896,7.2672765789,1.0,1087.0,1738.0,274.0,4546.0,51.0,2.0,56.0,1.0,2022.0,389.75,316.0,229.0,1745.0,316.0
19736,19736,Delaware,New Castle,10003,39.78031,-75.642738,392108,0,0.15139374520140172,0.0,13,-666666666.0,0.0,,0.0,0.0,-666666666.0,100.0,0.0,2024,393,10.1,8.7,11.4,274,6.9,5.7,8.0,148,6.6,5.3,8.0,372,13.1,11.4,14.8,202,6.1,4.9,7.3,1427,36.6,34.4,38.9,1385,33.6,31.4,35.7,1163,25.2,23.3,27.1,1737,30.8,29.0,32.7,475,10.9,9.5,12.3,674,15.7,14.1,17.4,365,5.9,5.0,6.8,480,7.6,6.7,8.6,274,4.5,3.7,5.2,744,13.2,11.9,14.6,276,4.5,3.7,5.2,848,21.4,19.5,23.2,480,6.5,5.8,7.3,645,10.4,9.3,11.6,853,18.6,16.9,20.2,532,16.1,14.3,18.0,598,12.5,11.1,13.9,218,7.5,6.3,8.8,205,10.3,8.6,12.0,318,9.5,8.2,10.8,417,13.7,12.0,15.3,3767,82.8,81.1,84.5,1778,76.2,73.6,78.8,1105,80.2,77.3,83.2,1264,69.0,66.0,72.1,1324,75.0,72.0,78.0,1284,40.8,38.4,43.2,2108,41.9,39.7,44.0,157,8.4,6.7,10.2,710,13.6,12.2,15.1,233,5.1,4.2,6.1,437,14.5,12.6,16.4,17.0,15.3,18.9,1.0,3.7360745167,3.5091527242,3.9583090512,1.0,4.3045381983,4.0428868334,4.5413528231,1.0,8092.4327993,7241.0,9.1017238283,2.0,15.4,13.3,17.4,1.0,33.0,31.9,34.1,1.0,26.8,24.6,29.0,1.0,20.299268358,19.702240416,20.922598955,3.0,8.2,94.17173186,23.076923077,608.5,14.313722487,6.7906808342,6.3140850896,7.2672765789,1.0,1087.0,1738.0,274.0,4546.0,51.0,2.0,56.0,1.0,2022.0,85.87,0.0,0.0,0.0,0.0
19707,19707,Delaware,New Castle,10003,39.784734,-75.681161,34141661,60355,13.182169010034569,0.023303195781852453,16631,45.5,21.3,156819.0,2.2,2.1,0.3,95.3,13.8,2024,393,10.1,8.7,11.4,274,6.9,5.7,8.0,148,6.6,5.3,8.0,372,13.1,11.4,14.8,202,6.1,4.9,7.3,1427,36.6,34.4,38.9,1385,33.6,31.4,35.7,1163,25.2,23.3,27.1,1737,30.8,29.0,32.7,475,10.9,9.5,12.3,674,15.7,14.1,17.4,365,5.9,5.0,6.8,480,7.6,6.7,8.6,274,4.5,3.7,5.2,744,13.2,11.9,14.6,276,4.5,3.7,5.2,848,21.4,19.5,23.2,480,6.5,5.8,7.3,645,10.4,9.3,11.6,853,18.6,16.9,20.2,532,16.1,14.3,18.0,598,12.5,11.1,13.9,218,7.5,6.3,8.8,205,10.3,8.6,12.0,318,9.5,8.2,10.8,417,13.7,12.0,15.3,3767,82.8,81.1,84.5,1778,76.2,73.6,78.8,1105,80.2,77.3,83.2,1264,69.0,66.0,72.1,1324,75.0,72.0,78.0,1284,40.8,38.4,43.2,2108,41.9,39.7,44.0,157,8.4,6.7,10.2,710,13.6,12.2,15.1,233,5.1,4.2,6.1,437,14.5,12.6,16.4,17.0,15.3,18.9,1.0,3.7360745167,3.5091527242,3.9583090512,1.0,4.3045381983,4.0428868334,4.5413528231,1.0,8092.4327993,7241.0,9.1017238283,2.0,15.4,13.3,17.4,1.0,33.0,31.9,34.1,1.0,26.8,24.6,29.0,1.0,20.299268358,19.702240416,20.922598955,3.0,8.2,94.17173186,23.076923077,608.5,14.313722487,6.7906808342,6.3140850896,7.2672765789,1.0,1087.0,1738.0,274.0,4546.0,51.0,2.0,56.0,1.0,2022.0,1261.63,349.0,366.0,3542.0,782.0
19710,19710,Delaware,New Castle,10003,39.789593,-75.584628,1250691,0,0.4828944948322562,0.0,27,58.6,0.0,,0.0,0.0,0.0,100.0,29.6,2024,393,10.1,8.7,11.4,274,6.9,5.7,8.0,148,6.6,5.3,8.0,372,13.1,11.4,14.8,202,6.1,4.9,7.3,1427,36.6,34.4,38.9,1385,33.6,31.4,35.7,1163,25.2,23.3,27.1,1737,30.8,29.0,32.7,475,10.9,9.5,12.3,674,15.7,14.1,17.4,365,5.9,5.0,6.8,480,7.6,6.7,8.6,274,4.5,3.7,5.2,744,13.2,11.9,14.6,276,4.5,3.7,5.2,848,21.4,19.5,23.2,480,6.5,5.8,7.3,645,10.4,9.3,11.6,853,18.6,16.9,20.2,532,16.1,14.3,18.0,598,12.5,11.1,13.9,218,7.5,6.3,8.8,205,10.3,8.6,12.0,318,9.5,8.2,10.8,417,13.7,12.0,15.3,3767,82.8,81.1,84.5,1778,76.2,73.6,78.8,1105,80.2,77.3,83.2,1264,69.0,66.0,72.1,1324,75.0,72.0,78.0,1284,40.8,38.4,43.2,2108,41.9,39.7,44.0,157,8.4,6.7,10.2,710,13.6,12.2,15.1,233,5.1,4.2,6.1,437,14.5,12.6,16.4,17.0,15.3,18.9,1.0,3.7360745167,3.5091527242,3.9583090512,1.0,4.3045381983,4.0428868334,4.5413528231,1.0,8092.4327993,7241.0,9.1017238283,2.0,15.4,13.3,17.4,1.0,33.0,31.9,34.1,1.0,26.8,24.6,29.0,1.0,20.299268358,19.702240416,20.922598955,3.0,8.2,94.17173186,23.076923077,608.5,14.313722487,6.7906808342,6.3140850896,7.2672765789,1.0,1087.0,1738.0,274.0,4546.0,51.0,2.0,56.0,1.0,2022.0,55.91,0.0,0.0,0.0,0.0
19807,19807,Delaware,New Castle,10003,39.79614,-75.612623,47050144,887554,18.16616216048961,0.3426865152674388,7628,52.0,30.3,124918.0,5.6,1.4,5.9,95.5,12.0,2024,393,10.1,8.7,11.4,274,6.9,5.7,8.0,148,6.6,5.3,8.0,372,13.1,11.4,14.8,202,6.1,4.9,7.3,1427,36.6,34.4,38.9,1385,33.6,31.4,35.7,1163,25.2,23.3,27.1,1737,30.8,29.0,32.7,475,10.9,9.5,12.3,674,15.7,14.1,17.4,365,5.9,5.0,6.8,480,7.6,6.7,8.6,274,4.5,3.7,5.2,744,13.2,11.9,14.6,276,4.5,3.7,5.2,848,21.4,19.5,23.2,480,6.5,5.8,7.3,645,10.4,9.3,11.6,853,18.6,16.9,20.2,532,16.1,14.3,18.0,598,12.5,11.1,13.9,218,7.5,6.3,8.8,205,10.3,8.6,12.0,318,9.5,8.2,10.8,417,13.7,12.0,15.3,3767,82.8,81.1,84.5,1778,76.2,73.6,78.8,1105,80.2,77.3,83.2,1264,69.0,66.0,72.1,1324,75.0,72.0,78.0,1284,40.8,38.4,43.2,2108,41.9,39.7,44.0,157,8.4,6.7,10.2,710,13.6,12.2,15.1,233,5.1,4.2,6.1,437,14.5,12.6,16.4,17.0,15.3,18.9,1.0,3.7360745167,3.5091527242,3.9583090512,1.0,4.3045381983,4.0428868334,4.5413528231,1.0,8092.4327993,7241.0,9.1017238283,2.0,15.4,13.3,17.4,1.0,33.0,31.9,34.1,1.0,26.8,24.6,29.0,1.0,20.299268358,19.702240416,20.922598955,3.0,8.2,94.17173186,23.076923077,608.5,14.313722487,6.7906808342,6.3140850896,7.2672765789,1.0,1087.0,1738.0,274.0,4546.0,51.0,2.0,56.0,1.0,2022.0,419.9,107.0,427.0,2311.0,343.0
19803,19803,Delaware,New Castle,10003,39.798458,-75.542113,32787508,25744,12.65932761367001,0.009939813970806222,21550,46.3,23.3,116433.0,3.6,3.2,1.7,94.7,9.4,2024,393,10.1,8.7,11.4,274,6.9,5.7,8.0,148,6.6,5.3,8.0,372,13.1,11.4,14.8,202,6.1,4.9,7.3,1427,36.6,34.4,38.9,1385,33.6,31.4,35.7,1163,25.2,23.3,27.1,1737,30.8,29.0,32.7,475,10.9,9.5,12.3,674,15.7,14.1,17.4,365,5.9,5.0,6.8,480,7.6,6.7,8.6,274,4.5,3.7,5.2,744,13.2,11.9,14.6,276,4.5,3.7,5.2,848,21.4,19.5,23.2,480,6.5,5.8,7.3,645,10.4,9.3,11.6,853,18.6,16.9,20.2,532,16.1,14.3,18.0,598,12.5,11.1,13.9,218,7.5,6.3,8.8,205,10.3,8.6,12.0,318,9.5,8.2,10.8,417,13.7,12.0,15.3,3767,82.8,81.1,84.5,1778,76.2,73.6,78.8,1105,80.2,77.3,83.2,1264,69.0,66.0,72.1,1324,75.0,72.0,78.0,1284,40.8,38.4,43.2,2108,41.9,39.7,44.0,157,8.4,6.7,10.2,710,13.6,12.2,15.1,233,5.1,4.2,6.1,437,14.5,12.6,16.4,17.0,15.3,18.9,1.0,3.7360745167,3.5091527242,3.9583090512,1.0,4.3045381983,4.0428868334,4.5413528231,1.0,8092.4327993,7241.0,9.1017238283,2.0,15.4,13.3,17.4,1.0,33.0,31.9,34.1,1.0,26.8,24.6,29.0,1.0,20.299268358,19.702240416,20.922598955,3.0,8.2,94.17173186,23.076923077,608.5,14.313722487,6.7906808342,6.3140850896,7.2672765789,1.0,1087.0,1738.0,274.0,4546.0,51.0,2.0,56.0,1.0,2022.0,1702.3,690.0,776.0,5021.0,1142.0
19732,19732,Delaware,New Castle,10003,39.800327,-75.574535,4551207,0,1.7572308469014555,0.0,264,68.1,61.0,159167.0,23.5,7.2,0.0,95.5,3.0,2024,393,10.1,8.7,11.4,274,6.9,5.7,8.0,148,6.6,5.3,8.0,372,13.1,11.4,14.8,202,6.1,4.9,7.3,1427,36.6,34.4,38.9,1385,33.6,31.4,35.7,1163,25.2,23.3,27.1,1737,30.8,29.0,32.7,475,10.9,9.5,12.3,674,15.7,14.1,17.4,365,5.9,5.0,6.8,480,7.6,6.7,8.6,274,4.5,3.7,5.2,744,13.2,11.9,14.6,276,4.5,3.7,5.2,848,21.4,19.5,23.2,480,6.5,5.8,7.3,645,10.4,9.3,11.6,853,18.6,16.9,20.2,532,16.1,14.3,18.0,598,12.5,11.1,13.9,218,7.5,6.3,8.8,205,10.3,8.6,12.0,318,9.5,8.2,10.8,417,13.7,12.0,15.3,3767,82.8,81.1,84.5,1778,76.2,73.6,78.8,1105,80.2,77.3,83.2,1264,69.0,66.0,72.1,1324,75.0,72.0,78.0,1284,40.8,38.4,43.2,2108,41.9,39.7,44.0,157,8.4,6.7,10.2,710,13.6,12.2,15.1,233,5.1,4.2,6.1,437,14.5,12.6,16.4,17.0,15.3,18.9,1.0,3.7360745167,3.5091527242,3.9583090512,1.0,4.3045381983,4.0428868334,4.5413528231,1.0,8092.4327993,7241.0,9.1017238283,2.0,15.4,13.3,17.4,1.0,33.0,31.9,34.1,1.0,26.8,24.6,29.0,1.0,20.299268358,19.702240416,20.922598955,3.0,8.2,94.17173186,23.076923077,608.5,14.313722487,6.7906808342,6.3140850896,7.2672765789,1.0,1087.0,1738.0,274.0,4546.0,51.0,2.0,56.0,1.0,2022.0,150.24,19.0,62.0,161.0,12.0
19703,19703,Delaware,New Castle,10003,39.803531,-75.459025,10283832,2863836,3.970609733802987,1.105733261455011,15771,36.7,15.0,63239.0,10.5,5.7,5.3,84.0,15.2,2024,393,10.1,8.7,11.4,274,6.9,5.7,8.0,148,6.6,5.3,8.0,372,13.1,11.4,14.8,202,6.1,4.9,7.3,1427,36.6,34.4,38.9,1385,33.6,31.4,35.7,1163,25.2,23.3,27.1,1737,30.8,29.0,32.7,475,10.9,9.5,12.3,674,15.7,14.1,17.4,365,5.9,5.0,6.8,480,7.6,6.7,8.6,274,4.5,3.7,5.2,744,13.2,11.9,14.6,276,4.5,3.7,5.2,848,21.4,19.5,23.2,480,6.5,5.8,7.3,645,10.4,9.3,11.6,853,18.6,16.9,20.2,532,16.1,14.3,18.0,598,12.5,11.1,13.9,218,7.5,6.3,8.8,205,10.3,8.6,12.0,318,9.5,8.2,10.8,417,13.7,12.0,15.3,3767,82.8,81.1,84.5,1778,76.2,73.6,78.8,1105,80.2,77.3,83.2,1264,69.0,66.0,72.1,1324,75.0,72.0,78.0,1284,40.8,38.4,43.2,2108,41.9,39.7,44.0,157,8.4,6.7,10.2,710,13.6,12.2,15.1,233,5.1,4.2,6.1,437,14.5,12.6,16.4,17.0,15.3,18.9,1.0,3.7360745167,3.5091527242,3.9583090512,1.0,4.3045381983,4.0428868334,4.5413528231,1.0,8092.4327993,7241.0,9.1017238283,2.0,15.4,13.3,17.4,1.0,33.0,31.9,34.1,1.0,26.8,24.6,29.0,1.0,20.299268358,19.702240416,20.922598955,3.0,8.2,94.17173186,23.076923077,608.5,14.313722487,6.7906808342,6.3140850896,7.2672765789,1.0,1087.0,1738.0,274.0,4546.0,51.0,2.0,56.0,1.0,2022.0,3971.93,899.0,1656.0,2366.0,2523.0
19735,19735,Delaware,New Castle,10003,39.806642,-75.597342,1163676,0,0.4492978155023268,0.0,0,-666666666.0,-666666666.0,,-666666666.0,-666666666.0,-666666666.0,-666666666.0,-666666666.0,2024,393,10.1,8.7,11.4,274,6.9,5.7,8.0,148,6.6,5.3,8.0,372,13.1,11.4,14.8,202,6.1,4.9,7.3,1427,36.6,34.4,38.9,1385,33.6,31.4,35.7,1163,25.2,23.3,27.1,1737,30.8,29.0,32.7,475,10.9,9.5,12.3,674,15.7,14.1,17.4,365,5.9,5.0,6.8,480,7.6,6.7,8.6,274,4.5,3.7,5.2,744,13.2,11.9,14.6,276,4.5,3.7,5.2,848,21.4,19.5,23.2,480,6.5,5.8,7.3,645,10.4,9.3,11.6,853,18.6,16.9,20.2,532,16.1,14.3,18.0,598,12.5,11.1,13.9,218,7.5,6.3,8.8,205,10.3,8.6,12.0,318,9.5,8.2,10.8,417,13.7,12.0,15.3,3767,82.8,81.1,84.5,1778,76.2,73.6,78.8,1105,80.2,77.3,83.2,1264,69.0,66.0,72.1,1324,75.0,72.0,78.0,1284,40.8,38.4,43.2,2108,41.9,39.7,44.0,157,8.4,6.7,10.2,710,13.6,12.2,15.1,233,5.1,4.2,6.1,437,14.5,12.6,16.4,17.0,15.3,18.9,1.0,3.7360745167,3.5091527242,3.9583090512,1.0,4.3045381983,4.0428868334,4.5413528231,1.0,8092.4327993,7241.0,9.1017238283,2.0,15.4,13.3,17.4,1.0,33.0,31.9,34.1,1.0,26.8,24.6,29.0,1.0,20.299268358,19.702240416,20.922598955,3.0,8.2,94.17173186,23.076923077,608.5,14.313722487,6.7906808342,6.3140850896,7.2672765789,1.0,1087.0,1738.0,274.0,4546.0,51.0,2.0,56.0,1.0,2022.0,0.0,-0.0,-0.0,-0.0,0.0
08014,08014,Delaware,,,39.801919,-75.415062,9364520,8950129,3.6156613861829663,3.455664126581647,395,44.6,17.0,107097.0,0.0,6.6,0.0,87.9,0.0,2024,393,10.1,8.7,11.4,274,6.9,5.7,8.0,148,6.6,5.3,8.0,372,13.1,11.4,14.8,202,6.1,4.9,7.3,1427,36.6,34.4,38.9,1385,33.6,31.4,35.7,1163,25.2,23.3,27.1,1737,30.8,29.0,32.7,475,10.9,9.5,12.3,674,15.7,14.1,17.4,365,5.9,5.0,6.8,480,7.6,6.7,8.6,274,4.5,3.7,5.2,744,13.2,11.9,14.6,276,4.5,3.7,5.2,848,21.4,19.5,23.2,480,6.5,5.8,7.3,645,10.4,9.3,11.6,853,18.6,16.9,20.2,532,16.1,14.3,18.0,598,12.5,11.1,13.9,218,7.5,6.3,8.8,205,10.3,8.6,12.0,318,9.5,8.2,10.8,417,13.7,12.0,15.3,3767,82.8,81.1,84.5,1778,76.2,73.6,78.8,1105,80.2,77.3,83.2,1264,69.0,66.0,72.1,1324,75.0,72.0,78.0,1284,40.8,38.4,43.2,2108,41.9,39.7,44.0,157,8.4,6.7,10.2,710,13.6,12.2,15.1,233,5.1,4.2,6.1,437,14.5,12.6,16.4,,,,,,,,,,,,,,,,,,,,,,,,,,,,,,,,,,,,,,,,,,,,,,,,,,,109.25,26.0,0.0,67.0,48.0
19810,19810,Delaware,New Castle,10003,39.817651,-75.50637,20453661,0,7.897202663219948,0.0,25968,46.6,24.0,98459.0,5.9,2.0,4.7,92.6,9.1,2024,393,10.1,8.7,11.4,274,6.9,5.7,8.0,148,6.6,5.3,8.0,372,13.1,11.4,14.8,202,6.1,4.9,7.3,1427,36.6,34.4,38.9,1385,33.6,31.4,35.7,1163,25.2,23.3,27.1,1737,30.8,29.0,32.7,475,10.9,9.5,12.3,674,15.7,14.1,17.4,365,5.9,5.0,6.8,480,7.6,6.7,8.6,274,4.5,3.7,5.2,744,13.2,11.9,14.6,276,4.5,3.7,5.2,848,21.4,19.5,23.2,480,6.5,5.8,7.3,645,10.4,9.3,11.6,853,18.6,16.9,20.2,532,16.1,14.3,18.0,598,12.5,11.1,13.9,218,7.5,6.3,8.8,205,10.3,8.6,12.0,318,9.5,8.2,10.8,417,13.7,12.0,15.3,3767,82.8,81.1,84.5,1778,76.2,73.6,78.8,1105,80.2,77.3,83.2,1264,69.0,66.0,72.1,1324,75.0,72.0,78.0,1284,40.8,38.4,43.2,2108,41.9,39.7,44.0,157,8.4,6.7,10.2,710,13.6,12.2,15.1,233,5.1,4.2,6.1,437,14.5,12.6,16.4,17.0,15.3,18.9,1.0,3.7360745167,3.5091527242,3.9583090512,1.0,4.3045381983,4.0428868334,4.5413528231,1.0,8092.4327993,7241.0,9.1017238283,2.0,15.4,13.3,17.4,1.0,33.0,31.9,34.1,1.0,26.8,24.6,29.0,1.0,20.299268358,19.702240416,20.922598955,3.0,8.2,94.17173186,23.076923077,608.5,14.313722487,6.7906808342,6.3140850896,7.2672765789,1.0,1087.0,1738.0,274.0,4546.0,51.0,2.0,56.0,1.0,2022.0,3288.25,519.0,1532.0,6232.0,1922.0
19311,19311,Delaware,New Castle,10003,39.792126,-75.716908,32499547,243014,12.548145249979546,0.0938282299682063,11001,34.6,10.9,140188.0,5.4,10.0,0.8,89.5,21.6,2024,393,10.1,8.7,11.4,274,6.9,5.7,8.0,148,6.6,5.3,8.0,372,13.1,11.4,14.8,202,6.1,4.9,7.3,1427,36.6,34.4,38.9,1385,33.6,31.4,35.7,1163,25.2,23.3,27.1,1737,30.8,29.0,32.7,475,10.9,9.5,12.3,674,15.7,14.1,17.4,365,5.9,5.0,6.8,480,7.6,6.7,8.6,274,4.5,3.7,5.2,744,13.2,11.9,14.6,276,4.5,3.7,5.2,848,21.4,19.5,23.2,480,6.5,5.8,7.3,645,10.4,9.3,11.6,853,18.6,16.9,20.2,532,16.1,14.3,18.0,598,12.5,11.1,13.9,218,7.5,6.3,8.8,205,10.3,8.6,12.0,318,9.5,8.2,10.8,417,13.7,12.0,15.3,3767,82.8,81.1,84.5,1778,76.2,73.6,78.8,1105,80.2,77.3,83.2,1264,69.0,66.0,72.1,1324,75.0,72.0,78.0,1284,40.8,38.4,43.2,2108,41.9,39.7,44.0,157,8.4,6.7,10.2,710,13.6,12.2,15.1,233,5.1,4.2,6.1,437,14.5,12.6,16.4,17.0,15.3,18.9,1.0,3.7360745167,3.5091527242,3.9583090512,1.0,4.3045381983,4.0428868334,4.5413528231,1.0,8092.4327993,7241.0,9.1017238283,2.0,15.4,13.3,17.4,1.0,33.0,31.9,34.1,1.0,26.8,24.6,29.0,1.0,20.299268358,19.702240416,20.922598955,3.0,8.2,94.17173186,23.076923077,608.5,14.313722487,6.7906808342,6.3140850896,7.2672765789,1.0,1087.0,1738.0,274.0,4546.0,51.0,2.0,56.0,1.0,2022.0,876.7,1100.0,594.0,1199.0,1155.0
19061,19061,Delaware,,,39.801919,-75.415062,18130020,2169680,7.000039857325832,0.8377181314550514,20101,38.2,17.0,75009.0,8.6,5.7,1.7,87.8,9.9,2024,393,10.1,8.7,11.4,274,6.9,5.7,8.0,148,6.6,5.3,8.0,372,13.1,11.4,14.8,202,6.1,4.9,7.3,1427,36.6,34.4,38.9,1385,33.6,31.4,35.7,1163,25.2,23.3,27.1,1737,30.8,29.0,32.7,475,10.9,9.5,12.3,674,15.7,14.1,17.4,365,5.9,5.0,6.8,480,7.6,6.7,8.6,274,4.5,3.7,5.2,744,13.2,11.9,14.6,276,4.5,3.7,5.2,848,21.4,19.5,23.2,480,6.5,5.8,7.3,645,10.4,9.3,11.6,853,18.6,16.9,20.2,532,16.1,14.3,18.0,598,12.5,11.1,13.9,218,7.5,6.3,8.8,205,10.3,8.6,12.0,318,9.5,8.2,10.8,417,13.7,12.0,15.3,3767,82.8,81.1,84.5,1778,76.2,73.6,78.8,1105,80.2,77.3,83.2,1264,69.0,66.0,72.1,1324,75.0,72.0,78.0,1284,40.8,38.4,43.2,2108,41.9,39.7,44.0,157,8.4,6.7,10.2,710,13.6,12.2,15.1,233,5.1,4.2,6.1,437,14.5,12.6,16.4,,,,,,,,,,,,,,,,,,,,,,,,,,,,,,,,,,,,,,,,,,,,,,,,,,,2871.56,1146.0,1729.0,3417.0,2452.0
19060,19060,Delaware,New Castle,10003,39.829117,-75.481178,20026755,0,7.732373335103844,0.0,11007,48.1,20.0,153656.0,1.9,3.2,0.8,90.9,10.5,2024,393,10.1,8.7,11.4,274,6.9,5.7,8.0,148,6.6,5.3,8.0,372,13.1,11.4,14.8,202,6.1,4.9,7.3,1427,36.6,34.4,38.9,1385,33.6,31.4,35.7,1163,25.2,23.3,27.1,1737,30.8,29.0,32.7,475,10.9,9.5,12.3,674,15.7,14.1,17.4,365,5.9,5.0,6.8,480,7.6,6.7,8.6,274,4.5,3.7,5.2,744,13.2,11.9,14.6,276,4.5,3.7,5.2,848,21.4,19.5,23.2,480,6.5,5.8,7.3,645,10.4,9.3,11.6,853,18.6,16.9,20.2,532,16.1,14.3,18.0,598,12.5,11.1,13.9,218,7.5,6.3,8.8,205,10.3,8.6,12.0,318,9.5,8.2,10.8,417,13.7,12.0,15.3,3767,82.8,81.1,84.5,1778,76.2,73.6,78.8,1105,80.2,77.3,83.2,1264,69.0,66.0,72.1,1324,75.0,72.0,78.0,1284,40.8,38.4,43.2,2108,41.9,39.7,44.0,157,8.4,6.7,10.2,710,13.6,12.2,15.1,233,5.1,4.2,6.1,437,14.5,12.6,16.4,17.0,15.3,18.9,1.0,3.7360745167,3.5091527242,3.9583090512,1.0,4.3045381983,4.0428868334,4.5413528231,1.0,8092.4327993,7241.0,9.1017238283,2.0,15.4,13.3,17.4,1.0,33.0,31.9,34.1,1.0,26.8,24.6,29.0,1.0,20.299268358,19.702240416,20.922598955,3.0,8.2,94.17173186,23.076923077,608.5,14.313722487,6.7906808342,6.3140850896,7.2672765789,1.0,1087.0,1738.0,274.0,4546.0,51.0,2.0,56.0,1.0,2022.0,1423.5,352.0,209.0,2201.0,1002.0
19317,19317,Delaware,New Castle,10003,39.826543,-75.634913,56554698,509930,21.835890976348924,0.19688507373109138,10813,44.6,17.0,130921.0,1.5,2.3,2.5,96.6,16.6,2024,393,10.1,8.7,11.4,274,6.9,5.7,8.0,148,6.6,5.3,8.0,372,13.1,11.4,14.8,202,6.1,4.9,7.3,1427,36.6,34.4,38.9,1385,33.6,31.4,35.7,1163,25.2,23.3,27.1,1737,30.8,29.0,32.7,475,10.9,9.5,12.3,674,15.7,14.1,17.4,365,5.9,5.0,6.8,480,7.6,6.7,8.6,274,4.5,3.7,5.2,744,13.2,11.9,14.6,276,4.5,3.7,5.2,848,21.4,19.5,23.2,480,6.5,5.8,7.3,645,10.4,9.3,11.6,853,18.6,16.9,20.2,532,16.1,14.3,18.0,598,12.5,11.1,13.9,218,7.5,6.3,8.8,205,10.3,8.6,12.0,318,9.5,8.2,10.8,417,13.7,12.0,15.3,3767,82.8,81.1,84.5,1778,76.2,73.6,78.8,1105,80.2,77.3,83.2,1264,69.0,66.0,72.1,1324,75.0,72.0,78.0,1284,40.8,38.4,43.2,2108,41.9,39.7,44.0,157,8.4,6.7,10.2,710,13.6,12.2,15.1,233,5.1,4.2,6.1,437,14.5,12.6,16.4,17.0,15.3,18.9,1.0,3.7360745167,3.5091527242,3.9583090512,1.0,4.3045381983,4.0428868334,4.5413528231,1.0,8092.4327993,7241.0,9.1017238283,2.0,15.4,13.3,17.4,1.0,33.0,31.9,34.1,1.0,26.8,24.6,29.0,1.0,20.299268358,19.702240416,20.922598955,3.0,8.2,94.17173186,23.076923077,608.5,14.313722487,6.7906808342,6.3140850896,7.2672765789,1.0,1087.0,1738.0,274.0,4546.0,51.0,2.0,56.0,1.0,2022.0,495.19,249.0,162.0,1838.0,368.0
