Year,LocationID,LocationName,Geography_Type,County,DataSource,Category,Measure,Short_Question_Text,MeasureId,Data_Value,Low_Confidence_Limit,High_Confidence_Limit,Data_Value_Unit,Data_Value_Type,TotalPop18plus,TotalPopulation,Latitude,Longitude
2023,19901,19901,ZCTA,Kent,BRFSS,Disability,Any disability among adults,Any Disability,DISABILITY,36.8,33.0,40.8,%,Crude prevalence,28448,36839,39.1815422,-75.4735201
2023,19901,19901,ZCTA,Kent,BRFSS,Disability,Cognitive disability among adults,Cognitive Disability,COGNITION,16.3,14.5,18.3,%,Crude prevalence,28448,36839,39.1815422,-75.4735201
2023,19901,19901,ZCTA,Kent,BRFSS,Disability,Hearing disability among adults,Hearing Disability,HEARING,6.7,6.0,7.5,%,Crude prevalence,28448,36839,39.1815422,-75.4735201
2023,19901,19901,ZCTA,Kent,BRFSS,Disability,Independent living disability among adults,Independent Living Disability,INDEPLIVE,10.1,9.0,11.3,%,Crude prevalence,28448,36839,39.1815422,-75.4735201
2023,19901,19901,ZCTA,Kent,BRFSS,Disability,Mobility disability among adults,Mobility Disability,MOBILITY,17.2,15.5,19.0,%,Crude prevalence,28448,36839,39.1815422,-75.4735201
2023,19901,19901,ZCTA,Kent,BRFSS,Disability,Self-care disability among adults,Self-care Disability,SELFCARE,4.5,4.2,4.9,%,Crude prevalence,28448,36839,39.1815422,-75.4735201
2023,19901,19901,ZCTA,Kent,BRFSS,Disability,Vision disability among adults,Vision Disability,VISION,6.3,5.8,6.9,%,Crude prevalence,28448,36839,39.1815422,-75.4735201
2022,19901,19901,ZCTA,Kent,BRFSS,Health Outcomes,All teeth lost among adults aged >=65 years,All Teeth Lost,TEETHLOST,17.5,14.7,20.6,%,Crude prevalence,28448,36839,39.1815422,-75.4735201
2023,19901,19901,ZCTA,Kent,BRFSS,Health Outcomes,Arthritis among adults,Arthritis,ARTHRITIS,27.7,25.1,30.5,%,Crude prevalence,28448,36839,39.1815422,-75.4735201
2023,19901,19901,ZCTA,Kent,BRFSS,Health Outcomes,Cancer (non-skin) or melanoma among adults,Cancer (non-skin) or Melanoma,CANCER,7.5,6.9,8.2,%,Crude prevalence,28448,36839,39.1815422,-75.4735201
2023,19901,19901,ZCTA,Kent,BRFSS,Health Outcomes,Chronic obstructive pulmonary disease among adults,COPD,COPD,7.9,7.1,8.8,%,Crude prevalence,28448,36839,39.1815422,-75.4735201
2023,19901,19901,ZCTA,Kent,BRFSS,Health Outcomes,Coronary heart disease among adults,Coronary Heart Disease,CHD,6.6,6.0,7.3,%,Crude prevalence,28448,36839,39.1815422,-75.4735201
2023,19901,19901,ZCTA,Kent,BRFSS,Health Outcomes,Current asthma among adults,Current Asthma,CASTHMA,13.0,11.5,14.6,%,Crude prevalence,28448,36839,39.1815422,-75.4735201
2023,19901,19901,ZCTA,Kent,BRFSS,Health Outcomes,Depression among adults,Depression,DEPRESSION,23.0,19.9,26.7,%,Crude prevalence,28448,36839,39.1815422,-75.4735201
2023,19901,19901,ZCTA,Kent,BRFSS,Health Outcomes,Diagnosed diabetes among adults,Diabetes,DIABETES,14.5,12.8,16.2,%,Crude prevalence,28448,36839,39.1815422,-75.4735201
2023,19901,19901,ZCTA,Kent,BRFSS,Health Outcomes,High blood pressure among adults,High Blood Pressure,BPHIGH,38.7,35.3,42.3,%,Crude prevalence,28448,36839,39.1815422,-75.4735201
2023,19901,19901,ZCTA,Kent,BRFSS,Health Outcomes,High cholesterol among adults who have ever been screened,High Cholesterol,HIGHCHOL,37.7,34.1,41.5,%,Crude prevalence,28448,36839,39.1815422,-75.4735201
2023,19901,19901,ZCTA,Kent,BRFSS,Health Outcomes,Obesity among adults,Obesity,OBESITY,44.0,37.7,50.7,%,Crude prevalence,28448,36839,39.1815422,-75.4735201
2023,19901,19901,ZCTA,Kent,BRFSS,Health Outcomes,Stroke among adults,Stroke,STROKE,4.0,3.7,4.3,%,Crude prevalence,28448,36839,39.1815422,-75.4735201
2023,19901,19901,ZCTA,Kent,BRFSS,Health Risk Behaviors,Binge drinking among adults,Binge Drinking,BINGE,12.7,10.6,15.0,%,Crude prevalence,28448,36839,39.1815422,-75.4735201
2023,19901,19901,ZCTA,Kent,BRFSS,Health Risk Behaviors,Current cigarette smoking among adults,Current Cigarette Smoking,CSMOKING,13.9,12.1,15.8,%,Crude prevalence,28448,36839,39.1815422,-75.4735201
2023,19901,19901,ZCTA,Kent,BRFSS,Health Risk Behaviors,No leisure-time physical activity among adults,Physical Inactivity,LPA,33.3,29.1,37.8,%,Crude prevalence,28448,36839,39.1815422,-75.4735201
2022,19901,19901,ZCTA,Kent,BRFSS,Health Risk Behaviors,Short sleep duration among adults,Short Sleep Duration,SLEEP,41.7,36.3,47.1,%,Crude prevalence,28448,36839,39.1815422,-75.4735201
2023,19901,19901,ZCTA,Kent,BRFSS,Health Status,Fair or poor self-rated health status among adults,General Health,GHLTH,22.8,20.4,25.3,%,Crude prevalence,28448,36839,39.1815422,-75.4735201
2023,19901,19901,ZCTA,Kent,BRFSS,Health Status,Frequent mental distress among adults,Frequent Mental Distress,MHLTH,19.0,17.0,21.2,%,Crude prevalence,28448,36839,39.1815422,-75.4735201
2023,19901,19901,ZCTA,Kent,BRFSS,Health Status,Frequent physical distress among adults,Frequent Physical Distress,PHLTH,14.9,13.4,16.5,%,Crude prevalence,28448,36839,39.1815422,-75.4735201
2023,19901,19901,ZCTA,Kent,BRFSS,Health-Related Social Needs,Food insecurity in the past 12 months among adults,Food Insecurity,FOODINSECU,19.4,17.4,21.9,%,Crude prevalence,28448,36839,39.1815422,-75.4735201
2023,19901,19901,ZCTA,Kent,BRFSS,Health-Related Social Needs,Housing insecurity in the past 12 months among adults,Housing Insecurity,HOUSINSECU,16.1,14.3,18.2,%,Crude prevalence,28448,36839,39.1815422,-75.4735201
2023,19901,19901,ZCTA,Kent,BRFSS,Health-Related Social Needs,Lack of reliable transportation in the past 12 months among adults,Transportation Barriers,LACKTRPT,10.7,9.6,12.0,%,Crude prevalence,28448,36839,39.1815422,-75.4735201
2023,19901,19901,ZCTA,Kent,BRFSS,Health-Related Social Needs,Lack of social and emotional support among adults,Lack of Social/Emotional Support,EMOTIONSPT,23.9,21.1,27.2,%,Crude prevalence,28448,36839,39.1815422,-75.4735201
2023,19901,19901,ZCTA,Kent,BRFSS,Health-Related Social Needs,Loneliness among adults,Loneliness,LONELINESS,36.7,32.9,40.9,%,Crude prevalence,28448,36839,39.1815422,-75.4735201
2023,19901,19901,ZCTA,Kent,BRFSS,Health-Related Social Needs,Received food stamps in the past 12 months among adults,Food Stamps,FOODSTAMP,18.2,16.0,20.8,%,Crude prevalence,28448,36839,39.1815422,-75.4735201
2023,19901,19901,ZCTA,Kent,BRFSS,Health-Related Social Needs,Utility services shut-off threat in the past 12 months among adults,Utility Services Threat,SHUTUTILITY,10.3,9.1,11.8,%,Crude prevalence,28448,36839,39.1815422,-75.4735201
2023,19901,19901,ZCTA,Kent,BRFSS,Prevention,Cholesterol screening among adults,Cholesterol Screening,CHOLSCREEN,84.3,82.3,86.2,%,Crude prevalence,28448,36839,39.1815422,-75.4735201
2022,19901,19901,ZCTA,Kent,BRFSS,Prevention,Colorectal cancer screening among adults aged 45–75 years,Colorectal Cancer Screening,COLON_SCREEN,65.9,61.4,70.1,%,Crude prevalence,28448,36839,39.1815422,-75.4735201
2023,19901,19901,ZCTA,Kent,BRFSS,Prevention,Current lack of health insurance among adults aged 18-64 years,Health Insurance,ACCESS2,10.6,9.1,12.2,%,Crude prevalence,28448,36839,39.1815422,-75.4735201
2022,19901,19901,ZCTA,Kent,BRFSS,Prevention,Mammography use among women aged 50-74 years,Mammography,MAMMOUSE,73.0,66.3,79.0,%,Crude prevalence,28448,36839,39.1815422,-75.4735201
2023,19901,19901,ZCTA,Kent,BRFSS,Prevention,Taking medicine to control high blood pressure among adults with high blood pressure,High Blood Pressure Medication,BPMED,76.4,74.0,78.7,%,Crude prevalence,28448,36839,39.1815422,-75.4735201
2022,19901,19901,ZCTA,Kent,BRFSS,Prevention,Visited dentist or dental clinic in the past year among adults,Dental Visit,DENTAL,58.2,54.4,62.0,%,Crude prevalence,28448,36839,39.1815422,-75.4735201
2023,19901,19901,ZCTA,Kent,BRFSS,Prevention,Visits to doctor for routine checkup within the past year among adults,Annual Checkup,CHECKUP,81.7,78.6,84.7,%,Crude prevalence,28448,36839,39.1815422,-75.4735201
2023,19902,19902,ZCTA,Kent,BRFSS,Disability,Any disability among adults,Any Disability,DISABILITY,31.5,27.6,35.6,%,Crude prevalence,104,108,39.127656,-75.4669115
2023,19902,19902,ZCTA,Kent,BRFSS,Disability,Cognitive disability among adults,Cognitive Disability,COGNITION,20.8,18.4,23.4,%,Crude prevalence,104,108,39.127656,-75.4669115
2023,19902,19902,ZCTA,Kent,BRFSS,Disability,Hearing disability among adults,Hearing Disability,HEARING,2.6,2.3,3.0,%,Crude prevalence,104,108,39.127656,-75.4669115
2023,19902,19902,ZCTA,Kent,BRFSS,Disability,Independent living disability among adults,Independent Living Disability,INDEPLIVE,7.7,6.8,8.7,%,Crude prevalence,104,108,39.127656,-75.4669115
2023,19902,19902,ZCTA,Kent,BRFSS,Disability,Mobility disability among adults,Mobility Disability,MOBILITY,2.9,2.5,3.4,%,Crude prevalence,104,108,39.127656,-75.4669115
2023,19902,19902,ZCTA,Kent,BRFSS,Disability,Self-care disability among adults,Self-care Disability,SELFCARE,1.1,1.0,1.2,%,Crude prevalence,104,108,39.127656,-75.4669115
2023,19902,19902,ZCTA,Kent,BRFSS,Disability,Vision disability among adults,Vision Disability,VISION,3.7,3.2,4.1,%,Crude prevalence,104,108,39.127656,-75.4669115
2023,19902,19902,ZCTA,Kent,BRFSS,Health Outcomes,Arthritis among adults,Arthritis,ARTHRITIS,3.9,3.3,4.6,%,Crude prevalence,104,108,39.127656,-75.4669115
2023,19902,19902,ZCTA,Kent,BRFSS,Health Outcomes,Cancer (non-skin) or melanoma among adults,Cancer (non-skin) or Melanoma,CANCER,0.7,0.6,0.9,%,Crude prevalence,104,108,39.127656,-75.4669115
2023,19902,19902,ZCTA,Kent,BRFSS,Health Outcomes,Chronic obstructive pulmonary disease among adults,COPD,COPD,1.7,1.5,2.0,%,Crude prevalence,104,108,39.127656,-75.4669115
2023,19902,19902,ZCTA,Kent,BRFSS,Health Outcomes,Coronary heart disease among adults,Coronary Heart Disease,CHD,0.9,0.8,1.0,%,Crude prevalence,104,108,39.127656,-75.4669115
2023,19902,19902,ZCTA,Kent,BRFSS,Health Outcomes,Current asthma among adults,Current Asthma,CASTHMA,10.2,9.0,11.5,%,Crude prevalence,104,108,39.127656,-75.4669115
2023,19902,19902,ZCTA,Kent,BRFSS,Health Outcomes,Depression among adults,Depression,DEPRESSION,23.2,19.9,26.9,%,Crude prevalence,104,108,39.127656,-75.4669115
2023,19902,19902,ZCTA,Kent,BRFSS,Health Outcomes,Diagnosed diabetes among adults,Diabetes,DIABETES,1.7,1.5,2.0,%,Crude prevalence,104,108,39.127656,-75.4669115
2023,19902,19902,ZCTA,Kent,BRFSS,Health Outcomes,High blood pressure among adults,High Blood Pressure,BPHIGH,11.8,9.9,13.9,%,Crude prevalence,104,108,39.127656,-75.4669115
2023,19902,19902,ZCTA,Kent,BRFSS,Health Outcomes,High cholesterol among adults who have ever been screened,High Cholesterol,HIGHCHOL,14.8,12.5,17.4,%,Crude prevalence,104,108,39.127656,-75.4669115
2023,19902,19902,ZCTA,Kent,BRFSS,Health Outcomes,Obesity among adults,Obesity,OBESITY,29.1,23.7,35.1,%,Crude prevalence,104,108,39.127656,-75.4669115
2023,19902,19902,ZCTA,Kent,BRFSS,Health Outcomes,Stroke among adults,Stroke,STROKE,0.5,0.4,0.5,%,Crude prevalence,104,108,39.127656,-75.4669115
2023,19902,19902,ZCTA,Kent,BRFSS,Health Risk Behaviors,Binge drinking among adults,Binge Drinking,BINGE,23.3,19.8,27.4,%,Crude prevalence,104,108,39.127656,-75.4669115
2023,19902,19902,ZCTA,Kent,BRFSS,Health Risk Behaviors,Current cigarette smoking among adults,Current Cigarette Smoking,CSMOKING,6.8,5.5,8.2,%,Crude prevalence,104,108,39.127656,-75.4669115
2023,19902,19902,ZCTA,Kent,BRFSS,Health Risk Behaviors,No leisure-time physical activity among adults,Physical Inactivity,LPA,21.1,17.1,25.4,%,Crude prevalence,104,108,39.127656,-75.4669115
2022,19902,19902,ZCTA,Kent,BRFSS,Health Risk Behaviors,Short sleep duration among adults,Short Sleep Duration,SLEEP,38.6,33.2,44.0,%,Crude prevalence,104,108,39.127656,-75.4669115
2023,19902,19902,ZCTA,Kent,BRFSS,Health Status,Fair or poor self-rated health status among adults,General Health,GHLTH,13.5,11.5,15.6,%,Crude prevalence,104,108,39.127656,-75.4669115
2023,19902,19902,ZCTA,Kent,BRFSS,Health Status,Frequent mental distress among adults,Frequent Mental Distress,MHLTH,23.2,20.8,25.8,%,Crude prevalence,104,108,39.127656,-75.4669115
2023,19902,19902,ZCTA,Kent,BRFSS,Health Status,Frequent physical distress among adults,Frequent Physical Distress,PHLTH,8.1,7.1,9.1,%,Crude prevalence,104,108,39.127656,-75.4669115
2023,19902,19902,ZCTA,Kent,BRFSS,Health-Related Social Needs,Food insecurity in the past 12 months among adults,Food Insecurity,FOODINSECU,15.0,12.5,17.7,%,Crude prevalence,104,108,39.127656,-75.4669115
2023,19902,19902,ZCTA,Kent,BRFSS,Health-Related Social Needs,Housing insecurity in the past 12 months among adults,Housing Insecurity,HOUSINSECU,11.6,10.0,13.5,%,Crude prevalence,104,108,39.127656,-75.4669115
2023,19902,19902,ZCTA,Kent,BRFSS,Health-Related Social Needs,Lack of reliable transportation in the past 12 months among adults,Transportation Barriers,LACKTRPT,11.4,10.1,13.0,%,Crude prevalence,104,108,39.127656,-75.4669115
2023,19902,19902,ZCTA,Kent,BRFSS,Health-Related Social Needs,Lack of social and emotional support among adults,Lack of Social/Emotional Support,EMOTIONSPT,27.7,24.1,31.9,%,Crude prevalence,104,108,39.127656,-75.4669115
2023,19902,19902,ZCTA,Kent,BRFSS,Health-Related Social Needs,Loneliness among adults,Loneliness,LONELINESS,46.4,41.8,51.1,%,Crude prevalence,104,108,39.127656,-75.4669115
2023,19902,19902,ZCTA,Kent,BRFSS,Health-Related Social Needs,Received food stamps in the past 12 months among adults,Food Stamps,FOODSTAMP,8.0,6.5,9.8,%,Crude prevalence,104,108,39.127656,-75.4669115
2023,19902,19902,ZCTA,Kent,BRFSS,Health-Related Social Needs,Utility services shut-off threat in the past 12 months among adults,Utility Services Threat,SHUTUTILITY,5.8,5.0,6.7,%,Crude prevalence,104,108,39.127656,-75.4669115
2023,19902,19902,ZCTA,Kent,BRFSS,Prevention,Cholesterol screening among adults,Cholesterol Screening,CHOLSCREEN,61.3,56.3,66.3,%,Crude prevalence,104,108,39.127656,-75.4669115
2023,19902,19902,ZCTA,Kent,BRFSS,Prevention,Current lack of health insurance among adults aged 18-64 years,Health Insurance,ACCESS2,13.3,10.5,16.3,%,Crude prevalence,104,108,39.127656,-75.4669115
2023,19902,19902,ZCTA,Kent,BRFSS,Prevention,Taking medicine to control high blood pressure among adults with high blood pressure,High Blood Pressure Medication,BPMED,16.9,13.7,20.7,%,Crude prevalence,104,108,39.127656,-75.4669115
2022,19902,19902,ZCTA,Kent,BRFSS,Prevention,Visited dentist or dental clinic in the past year among adults,Dental Visit,DENTAL,57.2,53.0,61.2,%,Crude prevalence,104,108,39.127656,-75.4669115
2023,19902,19902,ZCTA,Kent,BRFSS,Prevention,Visits to doctor for routine checkup within the past year among adults,Annual Checkup,CHECKUP,67.4,62.5,72.1,%,Crude prevalence,104,108,39.127656,-75.4669115
2023,19904,19904,ZCTA,Kent,BRFSS,Disability,Any disability among adults,Any Disability,DISABILITY,36.4,32.6,40.3,%,Crude prevalence,28683,36880,39.1712793,-75.587619
2023,19904,19904,ZCTA,Kent,BRFSS,Disability,Cognitive disability among adults,Cognitive Disability,COGNITION,15.4,13.7,17.2,%,Crude prevalence,28683,36880,39.1712793,-75.587619
2023,19904,19904,ZCTA,Kent,BRFSS,Disability,Hearing disability among adults,Hearing Disability,HEARING,6.9,6.2,7.8,%,Crude prevalence,28683,36880,39.1712793,-75.587619
2023,19904,19904,ZCTA,Kent,BRFSS,Disability,Independent living disability among adults,Independent Living Disability,INDEPLIVE,9.7,8.7,10.7,%,Crude prevalence,28683,36880,39.1712793,-75.587619
2023,19904,19904,ZCTA,Kent,BRFSS,Disability,Mobility disability among adults,Mobility Disability,MOBILITY,17.6,15.8,19.5,%,Crude prevalence,28683,36880,39.1712793,-75.587619
2023,19904,19904,ZCTA,Kent,BRFSS,Disability,Self-care disability among adults,Self-care Disability,SELFCARE,4.5,4.2,4.9,%,Crude prevalence,28683,36880,39.1712793,-75.587619
2023,19904,19904,ZCTA,Kent,BRFSS,Disability,Vision disability among adults,Vision Disability,VISION,6.1,5.6,6.6,%,Crude prevalence,28683,36880,39.1712793,-75.587619
2022,19904,19904,ZCTA,Kent,BRFSS,Health Outcomes,All teeth lost among adults aged >=65 years,All Teeth Lost,TEETHLOST,18.4,15.4,21.6,%,Crude prevalence,28683,36880,39.1712793,-75.587619
2023,19904,19904,ZCTA,Kent,BRFSS,Health Outcomes,Arthritis among adults,Arthritis,ARTHRITIS,29.6,26.8,32.5,%,Crude prevalence,28683,36880,39.1712793,-75.587619
2023,19904,19904,ZCTA,Kent,BRFSS,Health Outcomes,Cancer (non-skin) or melanoma among adults,Cancer (non-skin) or Melanoma,CANCER,8.2,7.5,9.0,%,Crude prevalence,28683,36880,39.1712793,-75.587619
2023,19904,19904,ZCTA,Kent,BRFSS,Health Outcomes,Chronic obstructive pulmonary disease among adults,COPD,COPD,8.0,7.2,8.9,%,Crude prevalence,28683,36880,39.1712793,-75.587619
2023,19904,19904,ZCTA,Kent,BRFSS,Health Outcomes,Coronary heart disease among adults,Coronary Heart Disease,CHD,6.9,6.3,7.7,%,Crude prevalence,28683,36880,39.1712793,-75.587619
2023,19904,19904,ZCTA,Kent,BRFSS,Health Outcomes,Current asthma among adults,Current Asthma,CASTHMA,12.9,11.5,14.5,%,Crude prevalence,28683,36880,39.1712793,-75.587619
2023,19904,19904,ZCTA,Kent,BRFSS,Health Outcomes,Depression among adults,Depression,DEPRESSION,22.5,19.4,26.0,%,Crude prevalence,28683,36880,39.1712793,-75.587619
2023,19904,19904,ZCTA,Kent,BRFSS,Health Outcomes,Diagnosed diabetes among adults,Diabetes,DIABETES,15.1,13.5,17.0,%,Crude prevalence,28683,36880,39.1712793,-75.587619
2023,19904,19904,ZCTA,Kent,BRFSS,Health Outcomes,High blood pressure among adults,High Blood Pressure,BPHIGH,40.7,37.2,44.4,%,Crude prevalence,28683,36880,39.1712793,-75.587619
2023,19904,19904,ZCTA,Kent,BRFSS,Health Outcomes,High cholesterol among adults who have ever been screened,High Cholesterol,HIGHCHOL,39.2,35.7,43.1,%,Crude prevalence,28683,36880,39.1712793,-75.587619
2023,19904,19904,ZCTA,Kent,BRFSS,Health Outcomes,Obesity among adults,Obesity,OBESITY,44.4,38.1,50.9,%,Crude prevalence,28683,36880,39.1712793,-75.587619
2023,19904,19904,ZCTA,Kent,BRFSS,Health Outcomes,Stroke among adults,Stroke,STROKE,4.1,3.8,4.4,%,Crude prevalence,28683,36880,39.1712793,-75.587619
2023,19904,19904,ZCTA,Kent,BRFSS,Health Risk Behaviors,Binge drinking among adults,Binge Drinking,BINGE,12.3,10.3,14.7,%,Crude prevalence,28683,36880,39.1712793,-75.587619
2023,19904,19904,ZCTA,Kent,BRFSS,Health Risk Behaviors,Current cigarette smoking among adults,Current Cigarette Smoking,CSMOKING,13.9,12.1,15.8,%,Crude prevalence,28683,36880,39.1712793,-75.587619
2023,19904,19904,ZCTA,Kent,BRFSS,Health Risk Behaviors,No leisure-time physical activity among adults,Physical Inactivity,LPA,32.8,28.7,37.2,%,Crude prevalence,28683,36880,39.1712793,-75.587619
2022,19904,19904,ZCTA,Kent,BRFSS,Health Risk Behaviors,Short sleep duration among adults,Short Sleep Duration,SLEEP,41.8,36.4,47.1,%,Crude prevalence,28683,36880,39.1712793,-75.587619
2023,19904,19904,ZCTA,Kent,BRFSS,Health Status,Fair or poor self-rated health status among adults,General Health,GHLTH,22.4,20.1,24.8,%,Crude prevalence,28683,36880,39.1712793,-75.587619
2023,19904,19904,ZCTA,Kent,BRFSS,Health Status,Frequent mental distress among adults,Frequent Mental Distress,MHLTH,18.2,16.3,20.2,%,Crude prevalence,28683,36880,39.1712793,-75.587619
2023,19904,19904,ZCTA,Kent,BRFSS,Health Status,Frequent physical distress among adults,Frequent Physical Distress,PHLTH,15.0,13.4,16.6,%,Crude prevalence,28683,36880,39.1712793,-75.587619
2023,19904,19904,ZCTA,Kent,BRFSS,Health-Related Social Needs,Food insecurity in the past 12 months among adults,Food Insecurity,FOODINSECU,17.9,15.9,20.1,%,Crude prevalence,28683,36880,39.1712793,-75.587619
2023,19904,19904,ZCTA,Kent,BRFSS,Health-Related Social Needs,Housing insecurity in the past 12 months among adults,Housing Insecurity,HOUSINSECU,15.2,13.4,17.2,%,Crude prevalence,28683,36880,39.1712793,-75.587619
2023,19904,19904,ZCTA,Kent,BRFSS,Health-Related Social Needs,Lack of reliable transportation in the past 12 months among adults,Transportation Barriers,LACKTRPT,9.8,8.8,11.0,%,Crude prevalence,28683,36880,39.1712793,-75.587619
2023,19904,19904,ZCTA,Kent,BRFSS,Health-Related Social Needs,Lack of social and emotional support among adults,Lack of Social/Emotional Support,EMOTIONSPT,23.5,20.6,26.8,%,Crude prevalence,28683,36880,39.1712793,-75.587619
2023,19904,19904,ZCTA,Kent,BRFSS,Health-Related Social Needs,Loneliness among adults,Loneliness,LONELINESS,35.6,31.8,39.7,%,Crude prevalence,28683,36880,39.1712793,-75.587619
2023,19904,19904,ZCTA,Kent,BRFSS,Health-Related Social Needs,Received food stamps in the past 12 months among adults,Food Stamps,FOODSTAMP,16.9,14.7,19.3,%,Crude prevalence,28683,36880,39.1712793,-75.587619
2023,19904,19904,ZCTA,Kent,BRFSS,Health-Related Social Needs,Utility services shut-off threat in the past 12 months among adults,Utility Services Threat,SHUTUTILITY,9.9,8.7,11.3,%,Crude prevalence,28683,36880,39.1712793,-75.587619
2023,19904,19904,ZCTA,Kent,BRFSS,Prevention,Cholesterol screening among adults,Cholesterol Screening,CHOLSCREEN,85.9,84.1,87.7,%,Crude prevalence,28683,36880,39.1712793,-75.587619
2022,19904,19904,ZCTA,Kent,BRFSS,Prevention,Colorectal cancer screening among adults aged 45–75 years,Colorectal Cancer Screening,COLON_SCREEN,66.2,61.7,70.4,%,Crude prevalence,28683,36880,39.1712793,-75.587619
2023,19904,19904,ZCTA,Kent,BRFSS,Prevention,Current lack of health insurance among adults aged 18-64 years,Health Insurance,ACCESS2,9.6,8.3,11.1,%,Crude prevalence,28683,36880,39.1712793,-75.587619
2022,19904,19904,ZCTA,Kent,BRFSS,Prevention,Mammography use among women aged 50-74 years,Mammography,MAMMOUSE,74.3,67.6,80.1,%,Crude prevalence,28683,36880,39.1712793,-75.587619
2023,19904,19904,ZCTA,Kent,BRFSS,Prevention,Taking medicine to control high blood pressure among adults with high blood pressure,High Blood Pressure Medication,BPMED,78.0,75.5,80.4,%,Crude prevalence,28683,36880,39.1712793,-75.587619
2022,19904,19904,ZCTA,Kent,BRFSS,Prevention,Visited dentist or dental clinic in the past year among adults,Dental Visit,DENTAL,58.6,54.7,62.3,%,Crude prevalence,28683,36880,39.1712793,-75.587619
2023,19904,19904,ZCTA,Kent,BRFSS,Prevention,Visits to doctor for routine checkup within the past year among adults,Annual Checkup,CHECKUP,82.6,79.6,85.4,%,Crude prevalence,28683,36880,39.1712793,-75.587619
2023,19701,19701,ZCTA,New Castle,BRFSS,Disability,Any disability among adults,Any Disability,DISABILITY,27.4,24.2,30.6,%,Crude prevalence,33580,42717,39.5838947,-75.6969951
2023,19701,19701,ZCTA,New Castle,BRFSS,Disability,Cognitive disability among adults,Cognitive Disability,COGNITION,12.8,11.4,14.2,%,Crude prevalence,33580,42717,39.5838947,-75.6969951
2023,19701,19701,ZCTA,New Castle,BRFSS,Disability,Hearing disability among adults,Hearing Disability,HEARING,5.0,4.4,5.6,%,Crude prevalence,33580,42717,39.5838947,-75.6969951
2023,19701,19701,ZCTA,New Castle,BRFSS,Disability,Independent living disability among adults,Independent Living Disability,INDEPLIVE,7.2,6.4,7.9,%,Crude prevalence,33580,42717,39.5838947,-75.6969951
2023,19701,19701,ZCTA,New Castle,BRFSS,Disability,Mobility disability among adults,Mobility Disability,MOBILITY,12.7,11.3,14.2,%,Crude prevalence,33580,42717,39.5838947,-75.6969951
2023,19701,19701,ZCTA,New Castle,BRFSS,Disability,Self-care disability among adults,Self-care Disability,SELFCARE,3.3,3.1,3.7,%,Crude prevalence,33580,42717,39.5838947,-75.6969951
2023,19701,19701,ZCTA,New Castle,BRFSS,Disability,Vision disability among adults,Vision Disability,VISION,4.4,4.0,4.7,%,Crude prevalence,33580,42717,39.5838947,-75.6969951
2022,19701,19701,ZCTA,New Castle,BRFSS,Health Outcomes,All teeth lost among adults aged >=65 years,All Teeth Lost,TEETHLOST,10.9,9.0,13.1,%,Crude prevalence,33580,42717,39.5838947,-75.6969951
2023,19701,19701,ZCTA,New Castle,BRFSS,Health Outcomes,Arthritis among adults,Arthritis,ARTHRITIS,24.7,22.1,27.3,%,Crude prevalence,33580,42717,39.5838947,-75.6969951
2023,19701,19701,ZCTA,New Castle,BRFSS,Health Outcomes,Cancer (non-skin) or melanoma among adults,Cancer (non-skin) or Melanoma,CANCER,7.5,6.8,8.1,%,Crude prevalence,33580,42717,39.5838947,-75.6969951
2023,19701,19701,ZCTA,New Castle,BRFSS,Health Outcomes,Chronic obstructive pulmonary disease among adults,COPD,COPD,5.7,5.1,6.3,%,Crude prevalence,33580,42717,39.5838947,-75.6969951
2023,19701,19701,ZCTA,New Castle,BRFSS,Health Outcomes,Coronary heart disease among adults,Coronary Heart Disease,CHD,5.4,4.8,5.9,%,Crude prevalence,33580,42717,39.5838947,-75.6969951
2023,19701,19701,ZCTA,New Castle,BRFSS,Health Outcomes,Current asthma among adults,Current Asthma,CASTHMA,10.6,9.4,11.9,%,Crude prevalence,33580,42717,39.5838947,-75.6969951
2023,19701,19701,ZCTA,New Castle,BRFSS,Health Outcomes,Depression among adults,Depression,DEPRESSION,20.8,17.9,23.8,%,Crude prevalence,33580,42717,39.5838947,-75.6969951
2023,19701,19701,ZCTA,New Castle,BRFSS,Health Outcomes,Diagnosed diabetes among adults,Diabetes,DIABETES,11.9,10.5,13.4,%,Crude prevalence,33580,42717,39.5838947,-75.6969951
2023,19701,19701,ZCTA,New Castle,BRFSS,Health Outcomes,High blood pressure among adults,High Blood Pressure,BPHIGH,34.5,31.2,37.8,%,Crude prevalence,33580,42717,39.5838947,-75.6969951
2023,19701,19701,ZCTA,New Castle,BRFSS,Health Outcomes,High cholesterol among adults who have ever been screened,High Cholesterol,HIGHCHOL,37.9,34.2,41.5,%,Crude prevalence,33580,42717,39.5838947,-75.6969951
2023,19701,19701,ZCTA,New Castle,BRFSS,Health Outcomes,Obesity among adults,Obesity,OBESITY,33.3,27.8,38.8,%,Crude prevalence,33580,42717,39.5838947,-75.6969951
2023,19701,19701,ZCTA,New Castle,BRFSS,Health Outcomes,Stroke among adults,Stroke,STROKE,3.2,2.9,3.4,%,Crude prevalence,33580,42717,39.5838947,-75.6969951
2023,19701,19701,ZCTA,New Castle,BRFSS,Health Risk Behaviors,Binge drinking among adults,Binge Drinking,BINGE,15.2,12.9,17.7,%,Crude prevalence,33580,42717,39.5838947,-75.6969951
2023,19701,19701,ZCTA,New Castle,BRFSS,Health Risk Behaviors,Current cigarette smoking among adults,Current Cigarette Smoking,CSMOKING,11.7,10.1,13.4,%,Crude prevalence,33580,42717,39.5838947,-75.6969951
2023,19701,19701,ZCTA,New Castle,BRFSS,Health Risk Behaviors,No leisure-time physical activity among adults,Physical Inactivity,LPA,24.8,21.3,28.4,%,Crude prevalence,33580,42717,39.5838947,-75.6969951
2022,19701,19701,ZCTA,New Castle,BRFSS,Health Risk Behaviors,Short sleep duration among adults,Short Sleep Duration,SLEEP,36.5,31.7,41.7,%,Crude prevalence,33580,42717,39.5838947,-75.6969951
2023,19701,19701,ZCTA,New Castle,BRFSS,Health Status,Fair or poor self-rated health status among adults,General Health,GHLTH,16.9,15.1,18.9,%,Crude prevalence,33580,42717,39.5838947,-75.6969951
2023,19701,19701,ZCTA,New Castle,BRFSS,Health Status,Frequent mental distress among adults,Frequent Mental Distress,MHLTH,15.6,14.0,17.4,%,Crude prevalence,33580,42717,39.5838947,-75.6969951
2023,19701,19701,ZCTA,New Castle,BRFSS,Health Status,Frequent physical distress among adults,Frequent Physical Distress,PHLTH,12.0,10.7,13.4,%,Crude prevalence,33580,42717,39.5838947,-75.6969951
2023,19701,19701,ZCTA,New Castle,BRFSS,Health-Related Social Needs,Food insecurity in the past 12 months among adults,Food Insecurity,FOODINSECU,13.9,12.2,15.6,%,Crude prevalence,33580,42717,39.5838947,-75.6969951
2023,19701,19701,ZCTA,New Castle,BRFSS,Health-Related Social Needs,Housing insecurity in the past 12 months among adults,Housing Insecurity,HOUSINSECU,12.2,10.7,13.7,%,Crude prevalence,33580,42717,39.5838947,-75.6969951
2023,19701,19701,ZCTA,New Castle,BRFSS,Health-Related Social Needs,Lack of reliable transportation in the past 12 months among adults,Transportation Barriers,LACKTRPT,7.8,6.9,8.7,%,Crude prevalence,33580,42717,39.5838947,-75.6969951
2023,19701,19701,ZCTA,New Castle,BRFSS,Health-Related Social Needs,Lack of social and emotional support among adults,Lack of Social/Emotional Support,EMOTIONSPT,23.2,20.2,26.3,%,Crude prevalence,33580,42717,39.5838947,-75.6969951
2023,19701,19701,ZCTA,New Castle,BRFSS,Health-Related Social Needs,Loneliness among adults,Loneliness,LONELINESS,32.4,28.6,36.2,%,Crude prevalence,33580,42717,39.5838947,-75.6969951
2023,19701,19701,ZCTA,New Castle,BRFSS,Health-Related Social Needs,Received food stamps in the past 12 months among adults,Food Stamps,FOODSTAMP,11.2,9.4,12.9,%,Crude prevalence,33580,42717,39.5838947,-75.6969951
2023,19701,19701,ZCTA,New Castle,BRFSS,Health-Related Social Needs,Utility services shut-off threat in the past 12 months among adults,Utility Services Threat,SHUTUTILITY,7.8,6.7,8.8,%,Crude prevalence,33580,42717,39.5838947,-75.6969951
2023,19701,19701,ZCTA,New Castle,BRFSS,Prevention,Cholesterol screening among adults,Cholesterol Screening,CHOLSCREEN,87.8,86.1,89.4,%,Crude prevalence,33580,42717,39.5838947,-75.6969951
2022,19701,19701,ZCTA,New Castle,BRFSS,Prevention,Colorectal cancer screening among adults aged 45–75 years,Colorectal Cancer Screening,COLON_SCREEN,65.7,61.4,69.9,%,Crude prevalence,33580,42717,39.5838947,-75.6969951
2023,19701,19701,ZCTA,New Castle,BRFSS,Prevention,Current lack of health insurance among adults aged 18-64 years,Health Insurance,ACCESS2,7.8,6.8,9.0,%,Crude prevalence,33580,42717,39.5838947,-75.6969951
2022,19701,19701,ZCTA,New Castle,BRFSS,Prevention,Mammography use among women aged 50-74 years,Mammography,MAMMOUSE,79.4,74.0,84.4,%,Crude prevalence,33580,42717,39.5838947,-75.6969951
2023,19701,19701,ZCTA,New Castle,BRFSS,Prevention,Taking medicine to control high blood pressure among adults with high blood pressure,High Blood Pressure Medication,BPMED,75.0,72.0,77.9,%,Crude prevalence,33580,42717,39.5838947,-75.6969951
2022,19701,19701,ZCTA,New Castle,BRFSS,Prevention,Visited dentist or dental clinic in the past year among adults,Dental Visit,DENTAL,63.9,60.4,67.4,%,Crude prevalence,33580,42717,39.5838947,-75.6969951
2023,19701,19701,ZCTA,New Castle,BRFSS,Prevention,Visits to doctor for routine checkup within the past year among adults,Annual Checkup,CHECKUP,79.2,75.8,82.1,%,Crude prevalence,33580,42717,39.5838947,-75.6969951
2023,19702,19702,ZCTA,New Castle,BRFSS,Disability,Any disability among adults,Any Disability,DISABILITY,26.9,23.8,30.0,%,Crude prevalence,42790,55653,39.6181998,-75.7297243
2023,19702,19702,ZCTA,New Castle,BRFSS,Disability,Cognitive disability among adults,Cognitive Disability,COGNITION,13.3,11.9,14.8,%,Crude prevalence,42790,55653,39.6181998,-75.7297243
2023,19702,19702,ZCTA,New Castle,BRFSS,Disability,Hearing disability among adults,Hearing Disability,HEARING,4.4,3.9,5.0,%,Crude prevalence,42790,55653,39.6181998,-75.7297243
2023,19702,19702,ZCTA,New Castle,BRFSS,Disability,Independent living disability among adults,Independent Living Disability,INDEPLIVE,7.3,6.5,8.0,%,Crude prevalence,42790,55653,39.6181998,-75.7297243
2023,19702,19702,ZCTA,New Castle,BRFSS,Disability,Mobility disability among adults,Mobility Disability,MOBILITY,11.8,10.5,13.2,%,Crude prevalence,42790,55653,39.6181998,-75.7297243
2023,19702,19702,ZCTA,New Castle,BRFSS,Disability,Self-care disability among adults,Self-care Disability,SELFCARE,3.3,3.0,3.6,%,Crude prevalence,42790,55653,39.6181998,-75.7297243
2023,19702,19702,ZCTA,New Castle,BRFSS,Disability,Vision disability among adults,Vision Disability,VISION,4.5,4.1,4.9,%,Crude prevalence,42790,55653,39.6181998,-75.7297243
2022,19702,19702,ZCTA,New Castle,BRFSS,Health Outcomes,All teeth lost among adults aged >=65 years,All Teeth Lost,TEETHLOST,10.7,8.8,12.8,%,Crude prevalence,42790,55653,39.6181998,-75.7297243
2023,19702,19702,ZCTA,New Castle,BRFSS,Health Outcomes,Arthritis among adults,Arthritis,ARTHRITIS,22.1,19.8,24.5,%,Crude prevalence,42790,55653,39.6181998,-75.7297243
2023,19702,19702,ZCTA,New Castle,BRFSS,Health Outcomes,Cancer (non-skin) or melanoma among adults,Cancer (non-skin) or Melanoma,CANCER,6.4,5.8,7.0,%,Crude prevalence,42790,55653,39.6181998,-75.7297243
2023,19702,19702,ZCTA,New Castle,BRFSS,Health Outcomes,Chronic obstructive pulmonary disease among adults,COPD,COPD,5.2,4.7,5.8,%,Crude prevalence,42790,55653,39.6181998,-75.7297243
2023,19702,19702,ZCTA,New Castle,BRFSS,Health Outcomes,Coronary heart disease among adults,Coronary Heart Disease,CHD,4.8,4.3,5.2,%,Crude prevalence,42790,55653,39.6181998,-75.7297243
2023,19702,19702,ZCTA,New Castle,BRFSS,Health Outcomes,Current asthma among adults,Current Asthma,CASTHMA,10.5,9.4,11.8,%,Crude prevalence,42790,55653,39.6181998,-75.7297243
2023,19702,19702,ZCTA,New Castle,BRFSS,Health Outcomes,Depression among adults,Depression,DEPRESSION,20.8,17.9,23.8,%,Crude prevalence,42790,55653,39.6181998,-75.7297243
2023,19702,19702,ZCTA,New Castle,BRFSS,Health Outcomes,Diagnosed diabetes among adults,Diabetes,DIABETES,11.2,9.8,12.5,%,Crude prevalence,42790,55653,39.6181998,-75.7297243
2023,19702,19702,ZCTA,New Castle,BRFSS,Health Outcomes,High blood pressure among adults,High Blood Pressure,BPHIGH,32.2,29.0,35.5,%,Crude prevalence,42790,55653,39.6181998,-75.7297243
2023,19702,19702,ZCTA,New Castle,BRFSS,Health Outcomes,High cholesterol among adults who have ever been screened,High Cholesterol,HIGHCHOL,35.9,32.4,39.4,%,Crude prevalence,42790,55653,39.6181998,-75.7297243
2023,19702,19702,ZCTA,New Castle,BRFSS,Health Outcomes,Obesity among adults,Obesity,OBESITY,33.2,27.7,38.7,%,Crude prevalence,42790,55653,39.6181998,-75.7297243
2023,19702,19702,ZCTA,New Castle,BRFSS,Health Outcomes,Stroke among adults,Stroke,STROKE,2.9,2.7,3.1,%,Crude prevalence,42790,55653,39.6181998,-75.7297243
2023,19702,19702,ZCTA,New Castle,BRFSS,Health Risk Behaviors,Binge drinking among adults,Binge Drinking,BINGE,15.6,13.2,18.1,%,Crude prevalence,42790,55653,39.6181998,-75.7297243
2023,19702,19702,ZCTA,New Castle,BRFSS,Health Risk Behaviors,Current cigarette smoking among adults,Current Cigarette Smoking,CSMOKING,11.8,10.2,13.4,%,Crude prevalence,42790,55653,39.6181998,-75.7297243
2023,19702,19702,ZCTA,New Castle,BRFSS,Health Risk Behaviors,No leisure-time physical activity among adults,Physical Inactivity,LPA,25.0,21.6,28.6,%,Crude prevalence,42790,55653,39.6181998,-75.7297243
2022,19702,19702,ZCTA,New Castle,BRFSS,Health Risk Behaviors,Short sleep duration among adults,Short Sleep Duration,SLEEP,37.2,32.3,42.4,%,Crude prevalence,42790,55653,39.6181998,-75.7297243
2023,19702,19702,ZCTA,New Castle,BRFSS,Health Status,Fair or poor self-rated health status among adults,General Health,GHLTH,17.1,15.2,19.0,%,Crude prevalence,42790,55653,39.6181998,-75.7297243
2023,19702,19702,ZCTA,New Castle,BRFSS,Health Status,Frequent mental distress among adults,Frequent Mental Distress,MHLTH,16.2,14.4,18.0,%,Crude prevalence,42790,55653,39.6181998,-75.7297243
2023,19702,19702,ZCTA,New Castle,BRFSS,Health Status,Frequent physical distress among adults,Frequent Physical Distress,PHLTH,11.6,10.3,12.9,%,Crude prevalence,42790,55653,39.6181998,-75.7297243
2023,19702,19702,ZCTA,New Castle,BRFSS,Health-Related Social Needs,Food insecurity in the past 12 months among adults,Food Insecurity,FOODINSECU,15.7,14.0,17.6,%,Crude prevalence,42790,55653,39.6181998,-75.7297243
2023,19702,19702,ZCTA,New Castle,BRFSS,Health-Related Social Needs,Housing insecurity in the past 12 months among adults,Housing Insecurity,HOUSINSECU,13.6,12.0,15.3,%,Crude prevalence,42790,55653,39.6181998,-75.7297243
2023,19702,19702,ZCTA,New Castle,BRFSS,Health-Related Social Needs,Lack of reliable transportation in the past 12 months among adults,Transportation Barriers,LACKTRPT,8.7,7.7,9.7,%,Crude prevalence,42790,55653,39.6181998,-75.7297243
2023,19702,19702,ZCTA,New Castle,BRFSS,Health-Related Social Needs,Lack of social and emotional support among adults,Lack of Social/Emotional Support,EMOTIONSPT,24.2,21.2,27.3,%,Crude prevalence,42790,55653,39.6181998,-75.7297243
2023,19702,19702,ZCTA,New Castle,BRFSS,Health-Related Social Needs,Loneliness among adults,Loneliness,LONELINESS,33.5,29.6,37.3,%,Crude prevalence,42790,55653,39.6181998,-75.7297243
2023,19702,19702,ZCTA,New Castle,BRFSS,Health-Related Social Needs,Received food stamps in the past 12 months among adults,Food Stamps,FOODSTAMP,12.8,11.1,14.6,%,Crude prevalence,42790,55653,39.6181998,-75.7297243
2023,19702,19702,ZCTA,New Castle,BRFSS,Health-Related Social Needs,Utility services shut-off threat in the past 12 months among adults,Utility Services Threat,SHUTUTILITY,8.6,7.5,9.7,%,Crude prevalence,42790,55653,39.6181998,-75.7297243
2023,19702,19702,ZCTA,New Castle,BRFSS,Prevention,Cholesterol screening among adults,Cholesterol Screening,CHOLSCREEN,86.4,84.6,88.0,%,Crude prevalence,42790,55653,39.6181998,-75.7297243
2022,19702,19702,ZCTA,New Castle,BRFSS,Prevention,Colorectal cancer screening among adults aged 45–75 years,Colorectal Cancer Screening,COLON_SCREEN,65.2,61.1,69.4,%,Crude prevalence,42790,55653,39.6181998,-75.7297243
2023,19702,19702,ZCTA,New Castle,BRFSS,Prevention,Current lack of health insurance among adults aged 18-64 years,Health Insurance,ACCESS2,8.9,7.8,10.2,%,Crude prevalence,42790,55653,39.6181998,-75.7297243
2022,19702,19702,ZCTA,New Castle,BRFSS,Prevention,Mammography use among women aged 50-74 years,Mammography,MAMMOUSE,78.2,72.6,83.4,%,Crude prevalence,42790,55653,39.6181998,-75.7297243
2023,19702,19702,ZCTA,New Castle,BRFSS,Prevention,Taking medicine to control high blood pressure among adults with high blood pressure,High Blood Pressure Medication,BPMED,72.4,69.2,75.2,%,Crude prevalence,42790,55653,39.6181998,-75.7297243
2022,19702,19702,ZCTA,New Castle,BRFSS,Prevention,Visited dentist or dental clinic in the past year among adults,Dental Visit,DENTAL,63.2,59.6,66.6,%,Crude prevalence,42790,55653,39.6181998,-75.7297243
2023,19702,19702,ZCTA,New Castle,BRFSS,Prevention,Visits to doctor for routine checkup within the past year among adults,Annual Checkup,CHECKUP,77.9,74.3,80.9,%,Crude prevalence,42790,55653,39.6181998,-75.7297243
2023,19703,19703,ZCTA,New Castle,BRFSS,Disability,Any disability among adults,Any Disability,DISABILITY,27.5,24.2,30.9,%,Crude prevalence,12679,16175,39.8015141,-75.4538529
2023,19703,19703,ZCTA,New Castle,BRFSS,Disability,Cognitive disability among adults,Cognitive Disability,COGNITION,13.1,11.5,14.6,%,Crude prevalence,12679,16175,39.8015141,-75.4538529
2023,19703,19703,ZCTA,New Castle,BRFSS,Disability,Hearing disability among adults,Hearing Disability,HEARING,5.0,4.4,5.6,%,Crude prevalence,12679,16175,39.8015141,-75.4538529
2023,19703,19703,ZCTA,New Castle,BRFSS,Disability,Independent living disability among adults,Independent Living Disability,INDEPLIVE,7.2,6.4,8.0,%,Crude prevalence,12679,16175,39.8015141,-75.4538529
2023,19703,19703,ZCTA,New Castle,BRFSS,Disability,Mobility disability among adults,Mobility Disability,MOBILITY,12.2,10.8,13.6,%,Crude prevalence,12679,16175,39.8015141,-75.4538529
2023,19703,19703,ZCTA,New Castle,BRFSS,Disability,Self-care disability among adults,Self-care Disability,SELFCARE,3.2,2.9,3.5,%,Crude prevalence,12679,16175,39.8015141,-75.4538529
2023,19703,19703,ZCTA,New Castle,BRFSS,Disability,Vision disability among adults,Vision Disability,VISION,4.3,3.9,4.7,%,Crude prevalence,12679,16175,39.8015141,-75.4538529
2022,19703,19703,ZCTA,New Castle,BRFSS,Health Outcomes,All teeth lost among adults aged >=65 years,All Teeth Lost,TEETHLOST,11.4,9.4,13.7,%,Crude prevalence,12679,16175,39.8015141,-75.4538529
2023,19703,19703,ZCTA,New Castle,BRFSS,Health Outcomes,Arthritis among adults,Arthritis,ARTHRITIS,23.5,21.0,25.9,%,Crude prevalence,12679,16175,39.8015141,-75.4538529
2023,19703,19703,ZCTA,New Castle,BRFSS,Health Outcomes,Cancer (non-skin) or melanoma among adults,Cancer (non-skin) or Melanoma,CANCER,7.2,6.6,7.9,%,Crude prevalence,12679,16175,39.8015141,-75.4538529
2023,19703,19703,ZCTA,New Castle,BRFSS,Health Outcomes,Chronic obstructive pulmonary disease among adults,COPD,COPD,5.4,4.8,6.1,%,Crude prevalence,12679,16175,39.8015141,-75.4538529
2023,19703,19703,ZCTA,New Castle,BRFSS,Health Outcomes,Coronary heart disease among adults,Coronary Heart Disease,CHD,5.1,4.6,5.7,%,Crude prevalence,12679,16175,39.8015141,-75.4538529
2023,19703,19703,ZCTA,New Castle,BRFSS,Health Outcomes,Current asthma among adults,Current Asthma,CASTHMA,10.5,9.3,11.8,%,Crude prevalence,12679,16175,39.8015141,-75.4538529
2023,19703,19703,ZCTA,New Castle,BRFSS,Health Outcomes,Depression among adults,Depression,DEPRESSION,21.1,18.0,24.1,%,Crude prevalence,12679,16175,39.8015141,-75.4538529
2023,19703,19703,ZCTA,New Castle,BRFSS,Health Outcomes,Diagnosed diabetes among adults,Diabetes,DIABETES,11.0,9.7,12.4,%,Crude prevalence,12679,16175,39.8015141,-75.4538529
2023,19703,19703,ZCTA,New Castle,BRFSS,Health Outcomes,High blood pressure among adults,High Blood Pressure,BPHIGH,33.1,29.7,36.2,%,Crude prevalence,12679,16175,39.8015141,-75.4538529
2023,19703,19703,ZCTA,New Castle,BRFSS,Health Outcomes,High cholesterol among adults who have ever been screened,High Cholesterol,HIGHCHOL,36.4,32.7,39.9,%,Crude prevalence,12679,16175,39.8015141,-75.4538529
2023,19703,19703,ZCTA,New Castle,BRFSS,Health Outcomes,Obesity among adults,Obesity,OBESITY,33.1,27.5,38.5,%,Crude prevalence,12679,16175,39.8015141,-75.4538529
2023,19703,19703,ZCTA,New Castle,BRFSS,Health Outcomes,Stroke among adults,Stroke,STROKE,3.0,2.8,3.3,%,Crude prevalence,12679,16175,39.8015141,-75.4538529
2023,19703,19703,ZCTA,New Castle,BRFSS,Health Risk Behaviors,Binge drinking among adults,Binge Drinking,BINGE,15.7,13.4,18.2,%,Crude prevalence,12679,16175,39.8015141,-75.4538529
2023,19703,19703,ZCTA,New Castle,BRFSS,Health Risk Behaviors,Current cigarette smoking among adults,Current Cigarette Smoking,CSMOKING,11.6,10.0,13.3,%,Crude prevalence,12679,16175,39.8015141,-75.4538529
2023,19703,19703,ZCTA,New Castle,BRFSS,Health Risk Behaviors,No leisure-time physical activity among adults,Physical Inactivity,LPA,24.8,21.2,28.4,%,Crude prevalence,12679,16175,39.8015141,-75.4538529
2022,19703,19703,ZCTA,New Castle,BRFSS,Health Risk Behaviors,Short sleep duration among adults,Short Sleep Duration,SLEEP,36.7,31.9,42.0,%,Crude prevalence,12679,16175,39.8015141,-75.4538529
2023,19703,19703,ZCTA,New Castle,BRFSS,Health Status,Fair or poor self-rated health status among adults,General Health,GHLTH,16.6,14.7,18.6,%,Crude prevalence,12679,16175,39.8015141,-75.4538529
2023,19703,19703,ZCTA,New Castle,BRFSS,Health Status,Frequent mental distress among adults,Frequent Mental Distress,MHLTH,16.0,14.2,17.9,%,Crude prevalence,12679,16175,39.8015141,-75.4538529
2023,19703,19703,ZCTA,New Castle,BRFSS,Health Status,Frequent physical distress among adults,Frequent Physical Distress,PHLTH,11.7,10.4,13.0,%,Crude prevalence,12679,16175,39.8015141,-75.4538529
2023,19703,19703,ZCTA,New Castle,BRFSS,Health-Related Social Needs,Food insecurity in the past 12 months among adults,Food Insecurity,FOODINSECU,14.4,12.6,16.3,%,Crude prevalence,12679,16175,39.8015141,-75.4538529
2023,19703,19703,ZCTA,New Castle,BRFSS,Health-Related Social Needs,Housing insecurity in the past 12 months among adults,Housing Insecurity,HOUSINSECU,12.7,11.2,14.5,%,Crude prevalence,12679,16175,39.8015141,-75.4538529
2023,19703,19703,ZCTA,New Castle,BRFSS,Health-Related Social Needs,Lack of reliable transportation in the past 12 months among adults,Transportation Barriers,LACKTRPT,8.1,7.2,9.1,%,Crude prevalence,12679,16175,39.8015141,-75.4538529
2023,19703,19703,ZCTA,New Castle,BRFSS,Health-Related Social Needs,Lack of social and emotional support among adults,Lack of Social/Emotional Support,EMOTIONSPT,23.6,20.8,26.7,%,Crude prevalence,12679,16175,39.8015141,-75.4538529
2023,19703,19703,ZCTA,New Castle,BRFSS,Health-Related Social Needs,Loneliness among adults,Loneliness,LONELINESS,33.0,29.3,37.0,%,Crude prevalence,12679,16175,39.8015141,-75.4538529
2023,19703,19703,ZCTA,New Castle,BRFSS,Health-Related Social Needs,Received food stamps in the past 12 months among adults,Food Stamps,FOODSTAMP,11.6,9.9,13.5,%,Crude prevalence,12679,16175,39.8015141,-75.4538529
2023,19703,19703,ZCTA,New Castle,BRFSS,Health-Related Social Needs,Utility services shut-off threat in the past 12 months among adults,Utility Services Threat,SHUTUTILITY,8.0,7.0,9.1,%,Crude prevalence,12679,16175,39.8015141,-75.4538529
2023,19703,19703,ZCTA,New Castle,BRFSS,Prevention,Cholesterol screening among adults,Cholesterol Screening,CHOLSCREEN,86.9,85.0,88.4,%,Crude prevalence,12679,16175,39.8015141,-75.4538529
2022,19703,19703,ZCTA,New Castle,BRFSS,Prevention,Colorectal cancer screening among adults aged 45–75 years,Colorectal Cancer Screening,COLON_SCREEN,65.6,61.3,69.8,%,Crude prevalence,12679,16175,39.8015141,-75.4538529
2023,19703,19703,ZCTA,New Castle,BRFSS,Prevention,Current lack of health insurance among adults aged 18-64 years,Health Insurance,ACCESS2,8.4,7.2,9.7,%,Crude prevalence,12679,16175,39.8015141,-75.4538529
2022,19703,19703,ZCTA,New Castle,BRFSS,Prevention,Mammography use among women aged 50-74 years,Mammography,MAMMOUSE,78.8,73.1,83.8,%,Crude prevalence,12679,16175,39.8015141,-75.4538529
2023,19703,19703,ZCTA,New Castle,BRFSS,Prevention,Taking medicine to control high blood pressure among adults with high blood pressure,High Blood Pressure Medication,BPMED,73.3,70.4,76.0,%,Crude prevalence,12679,16175,39.8015141,-75.4538529
2022,19703,19703,ZCTA,New Castle,BRFSS,Prevention,Visited dentist or dental clinic in the past year among adults,Dental Visit,DENTAL,62.9,59.3,66.4,%,Crude prevalence,12679,16175,39.8015141,-75.4538529
2023,19703,19703,ZCTA,New Castle,BRFSS,Prevention,Visits to doctor for routine checkup within the past year among adults,Annual Checkup,CHECKUP,78.2,74.9,81.2,%,Crude prevalence,12679,16175,39.8015141,-75.4538529
2023,19706,19706,ZCTA,New Castle,BRFSS,Disability,Any disability among adults,Any Disability,DISABILITY,30.6,26.7,34.6,%,Crude prevalence,1528,1938,39.5749538,-75.5906758
2023,19706,19706,ZCTA,New Castle,BRFSS,Disability,Cognitive disability among adults,Cognitive Disability,COGNITION,14.1,12.2,16.1,%,Crude prevalence,1528,1938,39.5749538,-75.5906758
2023,19706,19706,ZCTA,New Castle,BRFSS,Disability,Hearing disability among adults,Hearing Disability,HEARING,6.6,5.8,7.4,%,Crude prevalence,1528,1938,39.5749538,-75.5906758
2023,19706,19706,ZCTA,New Castle,BRFSS,Disability,Independent living disability among adults,Independent Living Disability,INDEPLIVE,7.9,6.9,9.0,%,Crude prevalence,1528,1938,39.5749538,-75.5906758
2023,19706,19706,ZCTA,New Castle,BRFSS,Disability,Mobility disability among adults,Mobility Disability,MOBILITY,14.1,12.2,16.1,%,Crude prevalence,1528,1938,39.5749538,-75.5906758
2023,19706,19706,ZCTA,New Castle,BRFSS,Disability,Self-care disability among adults,Self-care Disability,SELFCARE,3.5,3.1,3.9,%,Crude prevalence,1528,1938,39.5749538,-75.5906758
2023,19706,19706,ZCTA,New Castle,BRFSS,Disability,Vision disability among adults,Vision Disability,VISION,4.5,4.0,5.0,%,Crude prevalence,1528,1938,39.5749538,-75.5906758
2022,19706,19706,ZCTA,New Castle,BRFSS,Health Outcomes,All teeth lost among adults aged >=65 years,All Teeth Lost,TEETHLOST,9.5,7.8,11.5,%,Crude prevalence,1528,1938,39.5749538,-75.5906758
2023,19706,19706,ZCTA,New Castle,BRFSS,Health Outcomes,Arthritis among adults,Arthritis,ARTHRITIS,27.9,25.1,30.8,%,Crude prevalence,1528,1938,39.5749538,-75.5906758
2023,19706,19706,ZCTA,New Castle,BRFSS,Health Outcomes,Cancer (non-skin) or melanoma among adults,Cancer (non-skin) or Melanoma,CANCER,9.3,8.4,10.3,%,Crude prevalence,1528,1938,39.5749538,-75.5906758
2023,19706,19706,ZCTA,New Castle,BRFSS,Health Outcomes,Chronic obstructive pulmonary disease among adults,COPD,COPD,7.2,6.1,8.3,%,Crude prevalence,1528,1938,39.5749538,-75.5906758
2023,19706,19706,ZCTA,New Castle,BRFSS,Health Outcomes,Coronary heart disease among adults,Coronary Heart Disease,CHD,6.6,5.9,7.5,%,Crude prevalence,1528,1938,39.5749538,-75.5906758
2023,19706,19706,ZCTA,New Castle,BRFSS,Health Outcomes,Current asthma among adults,Current Asthma,CASTHMA,10.7,9.5,12.1,%,Crude prevalence,1528,1938,39.5749538,-75.5906758
2023,19706,19706,ZCTA,New Castle,BRFSS,Health Outcomes,Depression among adults,Depression,DEPRESSION,23.5,20.2,26.9,%,Crude prevalence,1528,1938,39.5749538,-75.5906758
2023,19706,19706,ZCTA,New Castle,BRFSS,Health Outcomes,Diagnosed diabetes among adults,Diabetes,DIABETES,11.8,10.3,13.5,%,Crude prevalence,1528,1938,39.5749538,-75.5906758
2023,19706,19706,ZCTA,New Castle,BRFSS,Health Outcomes,High blood pressure among adults,High Blood Pressure,BPHIGH,35.5,32.1,38.9,%,Crude prevalence,1528,1938,39.5749538,-75.5906758
2023,19706,19706,ZCTA,New Castle,BRFSS,Health Outcomes,High cholesterol among adults who have ever been screened,High Cholesterol,HIGHCHOL,39.7,35.9,43.4,%,Crude prevalence,1528,1938,39.5749538,-75.5906758
2023,19706,19706,ZCTA,New Castle,BRFSS,Health Outcomes,Obesity among adults,Obesity,OBESITY,33.4,27.9,39.2,%,Crude prevalence,1528,1938,39.5749538,-75.5906758
2023,19706,19706,ZCTA,New Castle,BRFSS,Health Outcomes,Stroke among adults,Stroke,STROKE,3.5,3.1,3.9,%,Crude prevalence,1528,1938,39.5749538,-75.5906758
2023,19706,19706,ZCTA,New Castle,BRFSS,Health Risk Behaviors,Binge drinking among adults,Binge Drinking,BINGE,16.5,14.0,19.2,%,Crude prevalence,1528,1938,39.5749538,-75.5906758
2023,19706,19706,ZCTA,New Castle,BRFSS,Health Risk Behaviors,Current cigarette smoking among adults,Current Cigarette Smoking,CSMOKING,13.5,11.2,16.1,%,Crude prevalence,1528,1938,39.5749538,-75.5906758
2023,19706,19706,ZCTA,New Castle,BRFSS,Health Risk Behaviors,No leisure-time physical activity among adults,Physical Inactivity,LPA,25.5,21.4,29.8,%,Crude prevalence,1528,1938,39.5749538,-75.5906758
2022,19706,19706,ZCTA,New Castle,BRFSS,Health Risk Behaviors,Short sleep duration among adults,Short Sleep Duration,SLEEP,34.3,29.5,39.4,%,Crude prevalence,1528,1938,39.5749538,-75.5906758
2023,19706,19706,ZCTA,New Castle,BRFSS,Health Status,Fair or poor self-rated health status among adults,General Health,GHLTH,17.8,15.4,20.3,%,Crude prevalence,1528,1938,39.5749538,-75.5906758
2023,19706,19706,ZCTA,New Castle,BRFSS,Health Status,Frequent mental distress among adults,Frequent Mental Distress,MHLTH,16.7,14.7,18.9,%,Crude prevalence,1528,1938,39.5749538,-75.5906758
2023,19706,19706,ZCTA,New Castle,BRFSS,Health Status,Frequent physical distress among adults,Frequent Physical Distress,PHLTH,13.4,11.8,15.2,%,Crude prevalence,1528,1938,39.5749538,-75.5906758
2023,19706,19706,ZCTA,New Castle,BRFSS,Health-Related Social Needs,Food insecurity in the past 12 months among adults,Food Insecurity,FOODINSECU,12.3,10.2,14.7,%,Crude prevalence,1528,1938,39.5749538,-75.5906758
2023,19706,19706,ZCTA,New Castle,BRFSS,Health-Related Social Needs,Housing insecurity in the past 12 months among adults,Housing Insecurity,HOUSINSECU,10.6,8.9,12.5,%,Crude prevalence,1528,1938,39.5749538,-75.5906758
2023,19706,19706,ZCTA,New Castle,BRFSS,Health-Related Social Needs,Lack of reliable transportation in the past 12 months among adults,Transportation Barriers,LACKTRPT,7.4,6.3,8.5,%,Crude prevalence,1528,1938,39.5749538,-75.5906758
2023,19706,19706,ZCTA,New Castle,BRFSS,Health-Related Social Needs,Lack of social and emotional support among adults,Lack of Social/Emotional Support,EMOTIONSPT,21.4,18.2,24.6,%,Crude prevalence,1528,1938,39.5749538,-75.5906758
2023,19706,19706,ZCTA,New Castle,BRFSS,Health-Related Social Needs,Loneliness among adults,Loneliness,LONELINESS,31.6,27.6,35.4,%,Crude prevalence,1528,1938,39.5749538,-75.5906758
2023,19706,19706,ZCTA,New Castle,BRFSS,Health-Related Social Needs,Received food stamps in the past 12 months among adults,Food Stamps,FOODSTAMP,10.3,8.2,12.7,%,Crude prevalence,1528,1938,39.5749538,-75.5906758
2023,19706,19706,ZCTA,New Castle,BRFSS,Health-Related Social Needs,Utility services shut-off threat in the past 12 months among adults,Utility Services Threat,SHUTUTILITY,6.9,5.8,8.1,%,Crude prevalence,1528,1938,39.5749538,-75.5906758
2023,19706,19706,ZCTA,New Castle,BRFSS,Prevention,Cholesterol screening among adults,Cholesterol Screening,CHOLSCREEN,86.8,84.8,88.8,%,Crude prevalence,1528,1938,39.5749538,-75.5906758
2022,19706,19706,ZCTA,New Castle,BRFSS,Prevention,Colorectal cancer screening among adults aged 45–75 years,Colorectal Cancer Screening,COLON_SCREEN,68.4,64.2,72.4,%,Crude prevalence,1528,1938,39.5749538,-75.5906758
2023,19706,19706,ZCTA,New Castle,BRFSS,Prevention,Current lack of health insurance among adults aged 18-64 years,Health Insurance,ACCESS2,8.1,6.6,9.8,%,Crude prevalence,1528,1938,39.5749538,-75.5906758
2022,19706,19706,ZCTA,New Castle,BRFSS,Prevention,Mammography use among women aged 50-74 years,Mammography,MAMMOUSE,75.0,68.4,80.8,%,Crude prevalence,1528,1938,39.5749538,-75.5906758
2023,19706,19706,ZCTA,New Castle,BRFSS,Prevention,Taking medicine to control high blood pressure among adults with high blood pressure,High Blood Pressure Medication,BPMED,75.5,72.5,78.3,%,Crude prevalence,1528,1938,39.5749538,-75.5906758
2022,19706,19706,ZCTA,New Castle,BRFSS,Prevention,Visited dentist or dental clinic in the past year among adults,Dental Visit,DENTAL,64.1,60.4,67.6,%,Crude prevalence,1528,1938,39.5749538,-75.5906758
2023,19706,19706,ZCTA,New Castle,BRFSS,Prevention,Visits to doctor for routine checkup within the past year among adults,Annual Checkup,CHECKUP,78.2,74.7,81.3,%,Crude prevalence,1528,1938,39.5749538,-75.5906758
2023,19707,19707,ZCTA,New Castle,BRFSS,Disability,Any disability among adults,Any Disability,DISABILITY,23.4,20.6,26.6,%,Crude prevalence,13825,17274,39.785594,-75.68364
2023,19707,19707,ZCTA,New Castle,BRFSS,Disability,Cognitive disability among adults,Cognitive Disability,COGNITION,8.7,7.7,9.9,%,Crude prevalence,13825,17274,39.785594,-75.68364
2023,19707,19707,ZCTA,New Castle,BRFSS,Disability,Hearing disability among adults,Hearing Disability,HEARING,6.3,5.6,7.1,%,Crude prevalence,13825,17274,39.785594,-75.68364
2023,19707,19707,ZCTA,New Castle,BRFSS,Disability,Independent living disability among adults,Independent Living Disability,INDEPLIVE,5.0,4.4,5.7,%,Crude prevalence,13825,17274,39.785594,-75.68364
2023,19707,19707,ZCTA,New Castle,BRFSS,Disability,Mobility disability among adults,Mobility Disability,MOBILITY,10.6,9.2,12.1,%,Crude prevalence,13825,17274,39.785594,-75.68364
2023,19707,19707,ZCTA,New Castle,BRFSS,Disability,Self-care disability among adults,Self-care Disability,SELFCARE,2.2,2.0,2.5,%,Crude prevalence,13825,17274,39.785594,-75.68364
2023,19707,19707,ZCTA,New Castle,BRFSS,Disability,Vision disability among adults,Vision Disability,VISION,2.9,2.6,3.3,%,Crude prevalence,13825,17274,39.785594,-75.68364
2022,19707,19707,ZCTA,New Castle,BRFSS,Health Outcomes,All teeth lost among adults aged >=65 years,All Teeth Lost,TEETHLOST,4.5,3.6,5.6,%,Crude prevalence,13825,17274,39.785594,-75.68364
2023,19707,19707,ZCTA,New Castle,BRFSS,Health Outcomes,Arthritis among adults,Arthritis,ARTHRITIS,27.1,24.2,30.0,%,Crude prevalence,13825,17274,39.785594,-75.68364
2023,19707,19707,ZCTA,New Castle,BRFSS,Health Outcomes,Cancer (non-skin) or melanoma among adults,Cancer (non-skin) or Melanoma,CANCER,11.5,10.5,12.5,%,Crude prevalence,13825,17274,39.785594,-75.68364
2023,19707,19707,ZCTA,New Castle,BRFSS,Health Outcomes,Chronic obstructive pulmonary disease among adults,COPD,COPD,4.7,4.1,5.4,%,Crude prevalence,13825,17274,39.785594,-75.68364
2023,19707,19707,ZCTA,New Castle,BRFSS,Health Outcomes,Coronary heart disease among adults,Coronary Heart Disease,CHD,6.0,5.4,6.7,%,Crude prevalence,13825,17274,39.785594,-75.68364
2023,19707,19707,ZCTA,New Castle,BRFSS,Health Outcomes,Current asthma among adults,Current Asthma,CASTHMA,9.0,7.9,10.0,%,Crude prevalence,13825,17274,39.785594,-75.68364
2023,19707,19707,ZCTA,New Castle,BRFSS,Health Outcomes,Depression among adults,Depression,DEPRESSION,19.0,16.3,21.8,%,Crude prevalence,13825,17274,39.785594,-75.68364
2023,19707,19707,ZCTA,New Castle,BRFSS,Health Outcomes,Diagnosed diabetes among adults,Diabetes,DIABETES,10.3,9.0,11.7,%,Crude prevalence,13825,17274,39.785594,-75.68364
2023,19707,19707,ZCTA,New Castle,BRFSS,Health Outcomes,High blood pressure among adults,High Blood Pressure,BPHIGH,33.7,30.3,37.2,%,Crude prevalence,13825,17274,39.785594,-75.68364
2023,19707,19707,ZCTA,New Castle,BRFSS,Health Outcomes,High cholesterol among adults who have ever been screened,High Cholesterol,HIGHCHOL,42.1,38.2,45.9,%,Crude prevalence,13825,17274,39.785594,-75.68364
2023,19707,19707,ZCTA,New Castle,BRFSS,Health Outcomes,Obesity among adults,Obesity,OBESITY,25.6,20.8,30.5,%,Crude prevalence,13825,17274,39.785594,-75.68364
2023,19707,19707,ZCTA,New Castle,BRFSS,Health Outcomes,Stroke among adults,Stroke,STROKE,2.9,2.6,3.2,%,Crude prevalence,13825,17274,39.785594,-75.68364
2023,19707,19707,ZCTA,New Castle,BRFSS,Health Risk Behaviors,Binge drinking among adults,Binge Drinking,BINGE,14.6,12.3,17.0,%,Crude prevalence,13825,17274,39.785594,-75.68364
2023,19707,19707,ZCTA,New Castle,BRFSS,Health Risk Behaviors,Current cigarette smoking among adults,Current Cigarette Smoking,CSMOKING,7.2,6.1,8.4,%,Crude prevalence,13825,17274,39.785594,-75.68364
2023,19707,19707,ZCTA,New Castle,BRFSS,Health Risk Behaviors,No leisure-time physical activity among adults,Physical Inactivity,LPA,18.8,16.0,22.2,%,Crude prevalence,13825,17274,39.785594,-75.68364
2022,19707,19707,ZCTA,New Castle,BRFSS,Health Risk Behaviors,Short sleep duration among adults,Short Sleep Duration,SLEEP,28.6,24.4,33.3,%,Crude prevalence,13825,17274,39.785594,-75.68364
2023,19707,19707,ZCTA,New Castle,BRFSS,Health Status,Fair or poor self-rated health status among adults,General Health,GHLTH,11.8,10.4,13.6,%,Crude prevalence,13825,17274,39.785594,-75.68364
2023,19707,19707,ZCTA,New Castle,BRFSS,Health Status,Frequent mental distress among adults,Frequent Mental Distress,MHLTH,11.5,10.3,13.0,%,Crude prevalence,13825,17274,39.785594,-75.68364
2023,19707,19707,ZCTA,New Castle,BRFSS,Health Status,Frequent physical distress among adults,Frequent Physical Distress,PHLTH,10.0,8.9,11.3,%,Crude prevalence,13825,17274,39.785594,-75.68364
2023,19707,19707,ZCTA,New Castle,BRFSS,Health-Related Social Needs,Food insecurity in the past 12 months among adults,Food Insecurity,FOODINSECU,5.8,4.9,6.8,%,Crude prevalence,13825,17274,39.785594,-75.68364
2023,19707,19707,ZCTA,New Castle,BRFSS,Health-Related Social Needs,Housing insecurity in the past 12 months among adults,Housing Insecurity,HOUSINSECU,5.2,4.4,6.0,%,Crude prevalence,13825,17274,39.785594,-75.68364
2023,19707,19707,ZCTA,New Castle,BRFSS,Health-Related Social Needs,Lack of reliable transportation in the past 12 months among adults,Transportation Barriers,LACKTRPT,3.8,3.3,4.4,%,Crude prevalence,13825,17274,39.785594,-75.68364
2023,19707,19707,ZCTA,New Castle,BRFSS,Health-Related Social Needs,Lack of social and emotional support among adults,Lack of Social/Emotional Support,EMOTIONSPT,17.6,15.1,20.2,%,Crude prevalence,13825,17274,39.785594,-75.68364
2023,19707,19707,ZCTA,New Castle,BRFSS,Health-Related Social Needs,Loneliness among adults,Loneliness,LONELINESS,27.4,23.9,30.9,%,Crude prevalence,13825,17274,39.785594,-75.68364
2023,19707,19707,ZCTA,New Castle,BRFSS,Health-Related Social Needs,Received food stamps in the past 12 months among adults,Food Stamps,FOODSTAMP,3.8,3.1,4.6,%,Crude prevalence,13825,17274,39.785594,-75.68364
2023,19707,19707,ZCTA,New Castle,BRFSS,Health-Related Social Needs,Utility services shut-off threat in the past 12 months among adults,Utility Services Threat,SHUTUTILITY,3.2,2.8,3.8,%,Crude prevalence,13825,17274,39.785594,-75.68364
2023,19707,19707,ZCTA,New Castle,BRFSS,Prevention,Cholesterol screening among adults,Cholesterol Screening,CHOLSCREEN,91.6,90.3,92.7,%,Crude prevalence,13825,17274,39.785594,-75.68364
2022,19707,19707,ZCTA,New Castle,BRFSS,Prevention,Colorectal cancer screening among adults aged 45–75 years,Colorectal Cancer Screening,COLON_SCREEN,70.9,67.1,74.6,%,Crude prevalence,13825,17274,39.785594,-75.68364
2023,19707,19707,ZCTA,New Castle,BRFSS,Prevention,Current lack of health insurance among adults aged 18-64 years,Health Insurance,ACCESS2,4.5,3.8,5.3,%,Crude prevalence,13825,17274,39.785594,-75.68364
2022,19707,19707,ZCTA,New Castle,BRFSS,Prevention,Mammography use among women aged 50-74 years,Mammography,MAMMOUSE,80.3,74.9,85.1,%,Crude prevalence,13825,17274,39.785594,-75.68364
2023,19707,19707,ZCTA,New Castle,BRFSS,Prevention,Taking medicine to control high blood pressure among adults with high blood pressure,High Blood Pressure Medication,BPMED,79.1,76.0,81.7,%,Crude prevalence,13825,17274,39.785594,-75.68364
2022,19707,19707,ZCTA,New Castle,BRFSS,Prevention,Visited dentist or dental clinic in the past year among adults,Dental Visit,DENTAL,75.5,72.5,78.2,%,Crude prevalence,13825,17274,39.785594,-75.68364
2023,19707,19707,ZCTA,New Castle,BRFSS,Prevention,Visits to doctor for routine checkup within the past year among adults,Annual Checkup,CHECKUP,81.7,78.6,84.3,%,Crude prevalence,13825,17274,39.785594,-75.68364
2023,19709,19709,ZCTA,New Castle,BRFSS,Disability,Any disability among adults,Any Disability,DISABILITY,25.0,21.9,28.2,%,Crude prevalence,36764,49599,39.4943689,-75.67747
2023,19709,19709,ZCTA,New Castle,BRFSS,Disability,Cognitive disability among adults,Cognitive Disability,COGNITION,11.6,10.3,13.0,%,Crude prevalence,36764,49599,39.4943689,-75.67747
2023,19709,19709,ZCTA,New Castle,BRFSS,Disability,Hearing disability among adults,Hearing Disability,HEARING,4.8,4.3,5.4,%,Crude prevalence,36764,49599,39.4943689,-75.67747
2023,19709,19709,ZCTA,New Castle,BRFSS,Disability,Independent living disability among adults,Independent Living Disability,INDEPLIVE,6.3,5.6,7.0,%,Crude prevalence,36764,49599,39.4943689,-75.67747
2023,19709,19709,ZCTA,New Castle,BRFSS,Disability,Mobility disability among adults,Mobility Disability,MOBILITY,11.1,9.8,12.4,%,Crude prevalence,36764,49599,39.4943689,-75.67747
2023,19709,19709,ZCTA,New Castle,BRFSS,Disability,Self-care disability among adults,Self-care Disability,SELFCARE,2.8,2.6,3.1,%,Crude prevalence,36764,49599,39.4943689,-75.67747
2023,19709,19709,ZCTA,New Castle,BRFSS,Disability,Vision disability among adults,Vision Disability,VISION,3.6,3.3,4.0,%,Crude prevalence,36764,49599,39.4943689,-75.67747
2022,19709,19709,ZCTA,New Castle,BRFSS,Health Outcomes,All teeth lost among adults aged >=65 years,All Teeth Lost,TEETHLOST,9.2,7.5,11.1,%,Crude prevalence,36764,49599,39.4943689,-75.67747
2023,19709,19709,ZCTA,New Castle,BRFSS,Health Outcomes,Arthritis among adults,Arthritis,ARTHRITIS,23.9,21.3,26.4,%,Crude prevalence,36764,49599,39.4943689,-75.67747
2023,19709,19709,ZCTA,New Castle,BRFSS,Health Outcomes,Cancer (non-skin) or melanoma among adults,Cancer (non-skin) or Melanoma,CANCER,7.9,7.3,8.7,%,Crude prevalence,36764,49599,39.4943689,-75.67747
2023,19709,19709,ZCTA,New Castle,BRFSS,Health Outcomes,Chronic obstructive pulmonary disease among adults,COPD,COPD,5.0,4.4,5.6,%,Crude prevalence,36764,49599,39.4943689,-75.67747
2023,19709,19709,ZCTA,New Castle,BRFSS,Health Outcomes,Coronary heart disease among adults,Coronary Heart Disease,CHD,5.0,4.5,5.5,%,Crude prevalence,36764,49599,39.4943689,-75.67747
2023,19709,19709,ZCTA,New Castle,BRFSS,Health Outcomes,Current asthma among adults,Current Asthma,CASTHMA,10.4,9.2,11.6,%,Crude prevalence,36764,49599,39.4943689,-75.67747
2023,19709,19709,ZCTA,New Castle,BRFSS,Health Outcomes,Depression among adults,Depression,DEPRESSION,21.2,18.2,24.2,%,Crude prevalence,36764,49599,39.4943689,-75.67747
2023,19709,19709,ZCTA,New Castle,BRFSS,Health Outcomes,Diagnosed diabetes among adults,Diabetes,DIABETES,10.4,9.1,11.8,%,Crude prevalence,36764,49599,39.4943689,-75.67747
2023,19709,19709,ZCTA,New Castle,BRFSS,Health Outcomes,High blood pressure among adults,High Blood Pressure,BPHIGH,32.4,29.1,35.7,%,Crude prevalence,36764,49599,39.4943689,-75.67747
2023,19709,19709,ZCTA,New Castle,BRFSS,Health Outcomes,High cholesterol among adults who have ever been screened,High Cholesterol,HIGHCHOL,37.2,33.5,40.8,%,Crude prevalence,36764,49599,39.4943689,-75.67747
2023,19709,19709,ZCTA,New Castle,BRFSS,Health Outcomes,Obesity among adults,Obesity,OBESITY,31.7,26.3,37.2,%,Crude prevalence,36764,49599,39.4943689,-75.67747
2023,19709,19709,ZCTA,New Castle,BRFSS,Health Outcomes,Stroke among adults,Stroke,STROKE,2.8,2.6,3.0,%,Crude prevalence,36764,49599,39.4943689,-75.67747
2023,19709,19709,ZCTA,New Castle,BRFSS,Health Risk Behaviors,Binge drinking among adults,Binge Drinking,BINGE,16.4,13.9,19.1,%,Crude prevalence,36764,49599,39.4943689,-75.67747
2023,19709,19709,ZCTA,New Castle,BRFSS,Health Risk Behaviors,Current cigarette smoking among adults,Current Cigarette Smoking,CSMOKING,10.2,8.7,11.6,%,Crude prevalence,36764,49599,39.4943689,-75.67747
2023,19709,19709,ZCTA,New Castle,BRFSS,Health Risk Behaviors,No leisure-time physical activity among adults,Physical Inactivity,LPA,21.5,18.3,24.9,%,Crude prevalence,36764,49599,39.4943689,-75.67747
2022,19709,19709,ZCTA,New Castle,BRFSS,Health Risk Behaviors,Short sleep duration among adults,Short Sleep Duration,SLEEP,34.7,29.9,39.8,%,Crude prevalence,36764,49599,39.4943689,-75.67747
2023,19709,19709,ZCTA,New Castle,BRFSS,Health Status,Fair or poor self-rated health status among adults,General Health,GHLTH,14.6,12.9,16.3,%,Crude prevalence,36764,49599,39.4943689,-75.67747
2023,19709,19709,ZCTA,New Castle,BRFSS,Health Status,Frequent mental distress among adults,Frequent Mental Distress,MHLTH,14.9,13.2,16.7,%,Crude prevalence,36764,49599,39.4943689,-75.67747
2023,19709,19709,ZCTA,New Castle,BRFSS,Health Status,Frequent physical distress among adults,Frequent Physical Distress,PHLTH,11.0,9.8,12.2,%,Crude prevalence,36764,49599,39.4943689,-75.67747
2023,19709,19709,ZCTA,New Castle,BRFSS,Health-Related Social Needs,Food insecurity in the past 12 months among adults,Food Insecurity,FOODINSECU,10.8,9.4,12.2,%,Crude prevalence,36764,49599,39.4943689,-75.67747
2023,19709,19709,ZCTA,New Castle,BRFSS,Health-Related Social Needs,Housing insecurity in the past 12 months among adults,Housing Insecurity,HOUSINSECU,10.0,8.7,11.3,%,Crude prevalence,36764,49599,39.4943689,-75.67747
2023,19709,19709,ZCTA,New Castle,BRFSS,Health-Related Social Needs,Lack of reliable transportation in the past 12 months among adults,Transportation Barriers,LACKTRPT,6.5,5.8,7.3,%,Crude prevalence,36764,49599,39.4943689,-75.67747
2023,19709,19709,ZCTA,New Castle,BRFSS,Health-Related Social Needs,Lack of social and emotional support among adults,Lack of Social/Emotional Support,EMOTIONSPT,21.0,18.2,23.7,%,Crude prevalence,36764,49599,39.4943689,-75.67747
2023,19709,19709,ZCTA,New Castle,BRFSS,Health-Related Social Needs,Loneliness among adults,Loneliness,LONELINESS,30.9,27.2,34.6,%,Crude prevalence,36764,49599,39.4943689,-75.67747
2023,19709,19709,ZCTA,New Castle,BRFSS,Health-Related Social Needs,Received food stamps in the past 12 months among adults,Food Stamps,FOODSTAMP,8.5,7.2,9.8,%,Crude prevalence,36764,49599,39.4943689,-75.67747
2023,19709,19709,ZCTA,New Castle,BRFSS,Health-Related Social Needs,Utility services shut-off threat in the past 12 months among adults,Utility Services Threat,SHUTUTILITY,6.4,5.6,7.3,%,Crude prevalence,36764,49599,39.4943689,-75.67747
2023,19709,19709,ZCTA,New Castle,BRFSS,Prevention,Cholesterol screening among adults,Cholesterol Screening,CHOLSCREEN,88.6,87.0,90.0,%,Crude prevalence,36764,49599,39.4943689,-75.67747
2022,19709,19709,ZCTA,New Castle,BRFSS,Prevention,Colorectal cancer screening among adults aged 45–75 years,Colorectal Cancer Screening,COLON_SCREEN,66.0,61.9,70.0,%,Crude prevalence,36764,49599,39.4943689,-75.67747
2023,19709,19709,ZCTA,New Castle,BRFSS,Prevention,Current lack of health insurance among adults aged 18-64 years,Health Insurance,ACCESS2,6.5,5.5,7.5,%,Crude prevalence,36764,49599,39.4943689,-75.67747
2022,19709,19709,ZCTA,New Castle,BRFSS,Prevention,Mammography use among women aged 50-74 years,Mammography,MAMMOUSE,78.9,73.3,83.9,%,Crude prevalence,36764,49599,39.4943689,-75.67747
2023,19709,19709,ZCTA,New Castle,BRFSS,Prevention,Taking medicine to control high blood pressure among adults with high blood pressure,High Blood Pressure Medication,BPMED,74.3,71.1,77.1,%,Crude prevalence,36764,49599,39.4943689,-75.67747
2022,19709,19709,ZCTA,New Castle,BRFSS,Prevention,Visited dentist or dental clinic in the past year among adults,Dental Visit,DENTAL,67.8,64.4,71.1,%,Crude prevalence,36764,49599,39.4943689,-75.67747
2023,19709,19709,ZCTA,New Castle,BRFSS,Prevention,Visits to doctor for routine checkup within the past year among adults,Annual Checkup,CHECKUP,79.1,75.7,82.1,%,Crude prevalence,36764,49599,39.4943689,-75.67747
2023,19710,19710,ZCTA,New Castle,BRFSS,Disability,Any disability among adults,Any Disability,DISABILITY,23.5,19.7,27.9,%,Crude prevalence,93,108,39.789573,-75.5846839
2023,19710,19710,ZCTA,New Castle,BRFSS,Disability,Cognitive disability among adults,Cognitive Disability,COGNITION,8.3,6.7,10.3,%,Crude prevalence,93,108,39.789573,-75.5846839
2023,19710,19710,ZCTA,New Castle,BRFSS,Disability,Hearing disability among adults,Hearing Disability,HEARING,5.9,5.1,7.0,%,Crude prevalence,93,108,39.789573,-75.5846839
2023,19710,19710,ZCTA,New Castle,BRFSS,Disability,Independent living disability among adults,Independent Living Disability,INDEPLIVE,5.1,4.0,6.4,%,Crude prevalence,93,108,39.789573,-75.5846839
2023,19710,19710,ZCTA,New Castle,BRFSS,Disability,Mobility disability among adults,Mobility Disability,MOBILITY,11.3,9.1,14.0,%,Crude prevalence,93,108,39.789573,-75.5846839
2023,19710,19710,ZCTA,New Castle,BRFSS,Disability,Self-care disability among adults,Self-care Disability,SELFCARE,2.3,1.8,2.9,%,Crude prevalence,93,108,39.789573,-75.5846839
2023,19710,19710,ZCTA,New Castle,BRFSS,Disability,Vision disability among adults,Vision Disability,VISION,2.9,2.3,3.6,%,Crude prevalence,93,108,39.789573,-75.5846839
2022,19710,19710,ZCTA,New Castle,BRFSS,Health Outcomes,All teeth lost among adults aged >=65 years,All Teeth Lost,TEETHLOST,5.6,4.5,6.9,%,Crude prevalence,93,108,39.789573,-75.5846839
2023,19710,19710,ZCTA,New Castle,BRFSS,Health Outcomes,Arthritis among adults,Arthritis,ARTHRITIS,30.9,27.7,34.4,%,Crude prevalence,93,108,39.789573,-75.5846839
2023,19710,19710,ZCTA,New Castle,BRFSS,Health Outcomes,Cancer (non-skin) or melanoma among adults,Cancer (non-skin) or Melanoma,CANCER,13.3,12.0,14.7,%,Crude prevalence,93,108,39.789573,-75.5846839
2023,19710,19710,ZCTA,New Castle,BRFSS,Health Outcomes,Chronic obstructive pulmonary disease among adults,COPD,COPD,5.2,4.0,6.8,%,Crude prevalence,93,108,39.789573,-75.5846839
2023,19710,19710,ZCTA,New Castle,BRFSS,Health Outcomes,Coronary heart disease among adults,Coronary Heart Disease,CHD,6.0,5.0,7.1,%,Crude prevalence,93,108,39.789573,-75.5846839
2023,19710,19710,ZCTA,New Castle,BRFSS,Health Outcomes,Current asthma among adults,Current Asthma,CASTHMA,9.6,8.5,11.0,%,Crude prevalence,93,108,39.789573,-75.5846839
2023,19710,19710,ZCTA,New Castle,BRFSS,Health Outcomes,Depression among adults,Depression,DEPRESSION,20.8,17.7,24.2,%,Crude prevalence,93,108,39.789573,-75.5846839
2023,19710,19710,ZCTA,New Castle,BRFSS,Health Outcomes,Diagnosed diabetes among adults,Diabetes,DIABETES,10.5,8.9,12.5,%,Crude prevalence,93,108,39.789573,-75.5846839
2023,19710,19710,ZCTA,New Castle,BRFSS,Health Outcomes,High blood pressure among adults,High Blood Pressure,BPHIGH,35.6,31.9,39.5,%,Crude prevalence,93,108,39.789573,-75.5846839
2023,19710,19710,ZCTA,New Castle,BRFSS,Health Outcomes,High cholesterol among adults who have ever been screened,High Cholesterol,HIGHCHOL,43.7,39.8,47.6,%,Crude prevalence,93,108,39.789573,-75.5846839
2023,19710,19710,ZCTA,New Castle,BRFSS,Health Outcomes,Obesity among adults,Obesity,OBESITY,27.6,22.6,33.2,%,Crude prevalence,93,108,39.789573,-75.5846839
2023,19710,19710,ZCTA,New Castle,BRFSS,Health Outcomes,Stroke among adults,Stroke,STROKE,3.0,2.5,3.6,%,Crude prevalence,93,108,39.789573,-75.5846839
2023,19710,19710,ZCTA,New Castle,BRFSS,Health Risk Behaviors,Binge drinking among adults,Binge Drinking,BINGE,14.6,12.3,16.9,%,Crude prevalence,93,108,39.789573,-75.5846839
2023,19710,19710,ZCTA,New Castle,BRFSS,Health Risk Behaviors,Current cigarette smoking among adults,Current Cigarette Smoking,CSMOKING,6.8,4.7,9.5,%,Crude prevalence,93,108,39.789573,-75.5846839
2023,19710,19710,ZCTA,New Castle,BRFSS,Health Risk Behaviors,No leisure-time physical activity among adults,Physical Inactivity,LPA,17.9,14.2,22.3,%,Crude prevalence,93,108,39.789573,-75.5846839
2022,19710,19710,ZCTA,New Castle,BRFSS,Health Risk Behaviors,Short sleep duration among adults,Short Sleep Duration,SLEEP,28.5,24.1,33.2,%,Crude prevalence,93,108,39.789573,-75.5846839
2023,19710,19710,ZCTA,New Castle,BRFSS,Health Status,Fair or poor self-rated health status among adults,General Health,GHLTH,11.7,9.3,14.7,%,Crude prevalence,93,108,39.789573,-75.5846839
2023,19710,19710,ZCTA,New Castle,BRFSS,Health Status,Frequent mental distress among adults,Frequent Mental Distress,MHLTH,11.4,9.6,13.4,%,Crude prevalence,93,108,39.789573,-75.5846839
2023,19710,19710,ZCTA,New Castle,BRFSS,Health Status,Frequent physical distress among adults,Frequent Physical Distress,PHLTH,10.3,8.6,12.4,%,Crude prevalence,93,108,39.789573,-75.5846839
2023,19710,19710,ZCTA,New Castle,BRFSS,Health-Related Social Needs,Food insecurity in the past 12 months among adults,Food Insecurity,FOODINSECU,4.8,3.2,6.8,%,Crude prevalence,93,108,39.789573,-75.5846839
2023,19710,19710,ZCTA,New Castle,BRFSS,Health-Related Social Needs,Housing insecurity in the past 12 months among adults,Housing Insecurity,HOUSINSECU,4.3,3.1,5.8,%,Crude prevalence,93,108,39.789573,-75.5846839
2023,19710,19710,ZCTA,New Castle,BRFSS,Health-Related Social Needs,Lack of reliable transportation in the past 12 months among adults,Transportation Barriers,LACKTRPT,3.4,2.6,4.4,%,Crude prevalence,93,108,39.789573,-75.5846839
2023,19710,19710,ZCTA,New Castle,BRFSS,Health-Related Social Needs,Lack of social and emotional support among adults,Lack of Social/Emotional Support,EMOTIONSPT,14.3,11.8,17.1,%,Crude prevalence,93,108,39.789573,-75.5846839
2023,19710,19710,ZCTA,New Castle,BRFSS,Health-Related Social Needs,Loneliness among adults,Loneliness,LONELINESS,25.3,21.9,29.0,%,Crude prevalence,93,108,39.789573,-75.5846839
2023,19710,19710,ZCTA,New Castle,BRFSS,Health-Related Social Needs,Received food stamps in the past 12 months among adults,Food Stamps,FOODSTAMP,3.5,2.2,5.3,%,Crude prevalence,93,108,39.789573,-75.5846839
2023,19710,19710,ZCTA,New Castle,BRFSS,Health-Related Social Needs,Utility services shut-off threat in the past 12 months among adults,Utility Services Threat,SHUTUTILITY,3.0,2.3,3.9,%,Crude prevalence,93,108,39.789573,-75.5846839
2023,19710,19710,ZCTA,New Castle,BRFSS,Prevention,Cholesterol screening among adults,Cholesterol Screening,CHOLSCREEN,92.7,91.1,93.9,%,Crude prevalence,93,108,39.789573,-75.5846839
2022,19710,19710,ZCTA,New Castle,BRFSS,Prevention,Colorectal cancer screening among adults aged 45–75 years,Colorectal Cancer Screening,COLON_SCREEN,70.4,66.7,74.0,%,Crude prevalence,93,108,39.789573,-75.5846839
2023,19710,19710,ZCTA,New Castle,BRFSS,Prevention,Current lack of health insurance among adults aged 18-64 years,Health Insurance,ACCESS2,3.7,2.5,5.6,%,Crude prevalence,93,108,39.789573,-75.5846839
2022,19710,19710,ZCTA,New Castle,BRFSS,Prevention,Mammography use among women aged 50-74 years,Mammography,MAMMOUSE,80.6,75.1,85.4,%,Crude prevalence,93,108,39.789573,-75.5846839
2023,19710,19710,ZCTA,New Castle,BRFSS,Prevention,Taking medicine to control high blood pressure among adults with high blood pressure,High Blood Pressure Medication,BPMED,80.6,77.7,83.3,%,Crude prevalence,93,108,39.789573,-75.5846839
2022,19710,19710,ZCTA,New Castle,BRFSS,Prevention,Visited dentist or dental clinic in the past year among adults,Dental Visit,DENTAL,75.0,71.9,77.8,%,Crude prevalence,93,108,39.789573,-75.5846839
2023,19710,19710,ZCTA,New Castle,BRFSS,Prevention,Visits to doctor for routine checkup within the past year among adults,Annual Checkup,CHECKUP,83.3,80.4,85.8,%,Crude prevalence,93,108,39.789573,-75.5846839
2023,19711,19711,ZCTA,New Castle,BRFSS,Disability,Any disability among adults,Any Disability,DISABILITY,27.9,24.6,31.1,%,Crude prevalence,40581,48477,39.7137809,-75.7408261
2023,19711,19711,ZCTA,New Castle,BRFSS,Disability,Cognitive disability among adults,Cognitive Disability,COGNITION,13.8,12.3,15.4,%,Crude prevalence,40581,48477,39.7137809,-75.7408261
2023,19711,19711,ZCTA,New Castle,BRFSS,Disability,Hearing disability among adults,Hearing Disability,HEARING,5.5,4.9,6.2,%,Crude prevalence,40581,48477,39.7137809,-75.7408261
2023,19711,19711,ZCTA,New Castle,BRFSS,Disability,Independent living disability among adults,Independent Living Disability,INDEPLIVE,7.6,6.8,8.4,%,Crude prevalence,40581,48477,39.7137809,-75.7408261
2023,19711,19711,ZCTA,New Castle,BRFSS,Disability,Mobility disability among adults,Mobility Disability,MOBILITY,11.0,9.8,12.3,%,Crude prevalence,40581,48477,39.7137809,-75.7408261
2023,19711,19711,ZCTA,New Castle,BRFSS,Disability,Self-care disability among adults,Self-care Disability,SELFCARE,2.9,2.6,3.1,%,Crude prevalence,40581,48477,39.7137809,-75.7408261
2023,19711,19711,ZCTA,New Castle,BRFSS,Disability,Vision disability among adults,Vision Disability,VISION,4.2,3.8,4.6,%,Crude prevalence,40581,48477,39.7137809,-75.7408261
2022,19711,19711,ZCTA,New Castle,BRFSS,Health Outcomes,All teeth lost among adults aged >=65 years,All Teeth Lost,TEETHLOST,8.9,7.3,10.7,%,Crude prevalence,40581,48477,39.7137809,-75.7408261
2023,19711,19711,ZCTA,New Castle,BRFSS,Health Outcomes,Arthritis among adults,Arthritis,ARTHRITIS,23.0,20.7,25.4,%,Crude prevalence,40581,48477,39.7137809,-75.7408261
2023,19711,19711,ZCTA,New Castle,BRFSS,Health Outcomes,Cancer (non-skin) or melanoma among adults,Cancer (non-skin) or Melanoma,CANCER,8.3,7.5,9.0,%,Crude prevalence,40581,48477,39.7137809,-75.7408261
2023,19711,19711,ZCTA,New Castle,BRFSS,Health Outcomes,Chronic obstructive pulmonary disease among adults,COPD,COPD,5.5,4.9,6.1,%,Crude prevalence,40581,48477,39.7137809,-75.7408261
2023,19711,19711,ZCTA,New Castle,BRFSS,Health Outcomes,Coronary heart disease among adults,Coronary Heart Disease,CHD,5.3,4.8,5.9,%,Crude prevalence,40581,48477,39.7137809,-75.7408261
2023,19711,19711,ZCTA,New Castle,BRFSS,Health Outcomes,Current asthma among adults,Current Asthma,CASTHMA,10.3,9.2,11.5,%,Crude prevalence,40581,48477,39.7137809,-75.7408261
2023,19711,19711,ZCTA,New Castle,BRFSS,Health Outcomes,Depression among adults,Depression,DEPRESSION,23.3,20.1,26.4,%,Crude prevalence,40581,48477,39.7137809,-75.7408261
2023,19711,19711,ZCTA,New Castle,BRFSS,Health Outcomes,Diagnosed diabetes among adults,Diabetes,DIABETES,9.6,8.5,10.9,%,Crude prevalence,40581,48477,39.7137809,-75.7408261
2023,19711,19711,ZCTA,New Castle,BRFSS,Health Outcomes,High blood pressure among adults,High Blood Pressure,BPHIGH,30.4,27.3,33.4,%,Crude prevalence,40581,48477,39.7137809,-75.7408261
2023,19711,19711,ZCTA,New Castle,BRFSS,Health Outcomes,High cholesterol among adults who have ever been screened,High Cholesterol,HIGHCHOL,36.9,33.4,40.2,%,Crude prevalence,40581,48477,39.7137809,-75.7408261
2023,19711,19711,ZCTA,New Castle,BRFSS,Health Outcomes,Obesity among adults,Obesity,OBESITY,29.7,24.5,35.0,%,Crude prevalence,40581,48477,39.7137809,-75.7408261
2023,19711,19711,ZCTA,New Castle,BRFSS,Health Outcomes,Stroke among adults,Stroke,STROKE,2.8,2.6,3.0,%,Crude prevalence,40581,48477,39.7137809,-75.7408261
2023,19711,19711,ZCTA,New Castle,BRFSS,Health Risk Behaviors,Binge drinking among adults,Binge Drinking,BINGE,16.5,14.1,19.2,%,Crude prevalence,40581,48477,39.7137809,-75.7408261
2023,19711,19711,ZCTA,New Castle,BRFSS,Health Risk Behaviors,Current cigarette smoking among adults,Current Cigarette Smoking,CSMOKING,10.2,8.8,11.6,%,Crude prevalence,40581,48477,39.7137809,-75.7408261
2023,19711,19711,ZCTA,New Castle,BRFSS,Health Risk Behaviors,No leisure-time physical activity among adults,Physical Inactivity,LPA,22.6,19.2,25.9,%,Crude prevalence,40581,48477,39.7137809,-75.7408261
2022,19711,19711,ZCTA,New Castle,BRFSS,Health Risk Behaviors,Short sleep duration among adults,Short Sleep Duration,SLEEP,32.7,28.1,37.7,%,Crude prevalence,40581,48477,39.7137809,-75.7408261
2023,19711,19711,ZCTA,New Castle,BRFSS,Health Status,Fair or poor self-rated health status among adults,General Health,GHLTH,15.5,13.8,17.3,%,Crude prevalence,40581,48477,39.7137809,-75.7408261
2023,19711,19711,ZCTA,New Castle,BRFSS,Health Status,Frequent mental distress among adults,Frequent Mental Distress,MHLTH,16.5,14.8,18.3,%,Crude prevalence,40581,48477,39.7137809,-75.7408261
2023,19711,19711,ZCTA,New Castle,BRFSS,Health Status,Frequent physical distress among adults,Frequent Physical Distress,PHLTH,11.4,10.2,12.7,%,Crude prevalence,40581,48477,39.7137809,-75.7408261
2023,19711,19711,ZCTA,New Castle,BRFSS,Health-Related Social Needs,Food insecurity in the past 12 months among adults,Food Insecurity,FOODINSECU,12.7,11.2,14.4,%,Crude prevalence,40581,48477,39.7137809,-75.7408261
2023,19711,19711,ZCTA,New Castle,BRFSS,Health-Related Social Needs,Housing insecurity in the past 12 months among adults,Housing Insecurity,HOUSINSECU,9.9,8.7,11.4,%,Crude prevalence,40581,48477,39.7137809,-75.7408261
2023,19711,19711,ZCTA,New Castle,BRFSS,Health-Related Social Needs,Lack of reliable transportation in the past 12 months among adults,Transportation Barriers,LACKTRPT,8.1,7.1,9.1,%,Crude prevalence,40581,48477,39.7137809,-75.7408261
2023,19711,19711,ZCTA,New Castle,BRFSS,Health-Related Social Needs,Lack of social and emotional support among adults,Lack of Social/Emotional Support,EMOTIONSPT,20.0,17.4,22.8,%,Crude prevalence,40581,48477,39.7137809,-75.7408261
2023,19711,19711,ZCTA,New Castle,BRFSS,Health-Related Social Needs,Loneliness among adults,Loneliness,LONELINESS,32.0,28.4,35.9,%,Crude prevalence,40581,48477,39.7137809,-75.7408261
2023,19711,19711,ZCTA,New Castle,BRFSS,Health-Related Social Needs,Received food stamps in the past 12 months among adults,Food Stamps,FOODSTAMP,10.7,9.2,12.4,%,Crude prevalence,40581,48477,39.7137809,-75.7408261
2023,19711,19711,ZCTA,New Castle,BRFSS,Health-Related Social Needs,Utility services shut-off threat in the past 12 months among adults,Utility Services Threat,SHUTUTILITY,6.6,5.8,7.6,%,Crude prevalence,40581,48477,39.7137809,-75.7408261
2023,19711,19711,ZCTA,New Castle,BRFSS,Prevention,Cholesterol screening among adults,Cholesterol Screening,CHOLSCREEN,84.3,82.4,86.1,%,Crude prevalence,40581,48477,39.7137809,-75.7408261
2022,19711,19711,ZCTA,New Castle,BRFSS,Prevention,Colorectal cancer screening among adults aged 45–75 years,Colorectal Cancer Screening,COLON_SCREEN,68.7,64.6,72.7,%,Crude prevalence,40581,48477,39.7137809,-75.7408261
2023,19711,19711,ZCTA,New Castle,BRFSS,Prevention,Current lack of health insurance among adults aged 18-64 years,Health Insurance,ACCESS2,7.5,6.4,8.6,%,Crude prevalence,40581,48477,39.7137809,-75.7408261
2022,19711,19711,ZCTA,New Castle,BRFSS,Prevention,Mammography use among women aged 50-74 years,Mammography,MAMMOUSE,78.0,72.2,83.2,%,Crude prevalence,40581,48477,39.7137809,-75.7408261
2023,19711,19711,ZCTA,New Castle,BRFSS,Prevention,Taking medicine to control high blood pressure among adults with high blood pressure,High Blood Pressure Medication,BPMED,72.5,69.7,75.1,%,Crude prevalence,40581,48477,39.7137809,-75.7408261
2022,19711,19711,ZCTA,New Castle,BRFSS,Prevention,Visited dentist or dental clinic in the past year among adults,Dental Visit,DENTAL,65.6,62.2,69.0,%,Crude prevalence,40581,48477,39.7137809,-75.7408261
2023,19711,19711,ZCTA,New Castle,BRFSS,Prevention,Visits to doctor for routine checkup within the past year among adults,Annual Checkup,CHECKUP,77.6,74.1,80.7,%,Crude prevalence,40581,48477,39.7137809,-75.7408261
2023,19713,19713,ZCTA,New Castle,BRFSS,Disability,Any disability among adults,Any Disability,DISABILITY,31.4,28.0,34.9,%,Crude prevalence,25160,31867,39.6707511,-75.7101225
2023,19713,19713,ZCTA,New Castle,BRFSS,Disability,Cognitive disability among adults,Cognitive Disability,COGNITION,14.7,13.0,16.3,%,Crude prevalence,25160,31867,39.6707511,-75.7101225
2023,19713,19713,ZCTA,New Castle,BRFSS,Disability,Hearing disability among adults,Hearing Disability,HEARING,6.2,5.5,7.0,%,Crude prevalence,25160,31867,39.6707511,-75.7101225
2023,19713,19713,ZCTA,New Castle,BRFSS,Disability,Independent living disability among adults,Independent Living Disability,INDEPLIVE,8.5,7.6,9.4,%,Crude prevalence,25160,31867,39.6707511,-75.7101225
2023,19713,19713,ZCTA,New Castle,BRFSS,Disability,Mobility disability among adults,Mobility Disability,MOBILITY,14.7,13.1,16.3,%,Crude prevalence,25160,31867,39.6707511,-75.7101225
2023,19713,19713,ZCTA,New Castle,BRFSS,Disability,Self-care disability among adults,Self-care Disability,SELFCARE,3.9,3.5,4.2,%,Crude prevalence,25160,31867,39.6707511,-75.7101225
2023,19713,19713,ZCTA,New Castle,BRFSS,Disability,Vision disability among adults,Vision Disability,VISION,5.3,4.8,5.7,%,Crude prevalence,25160,31867,39.6707511,-75.7101225
2022,19713,19713,ZCTA,New Castle,BRFSS,Health Outcomes,All teeth lost among adults aged >=65 years,All Teeth Lost,TEETHLOST,12.1,10.1,14.5,%,Crude prevalence,25160,31867,39.6707511,-75.7101225
2023,19713,19713,ZCTA,New Castle,BRFSS,Health Outcomes,Arthritis among adults,Arthritis,ARTHRITIS,26.1,23.5,28.7,%,Crude prevalence,25160,31867,39.6707511,-75.7101225
2023,19713,19713,ZCTA,New Castle,BRFSS,Health Outcomes,Cancer (non-skin) or melanoma among adults,Cancer (non-skin) or Melanoma,CANCER,8.2,7.5,8.9,%,Crude prevalence,25160,31867,39.6707511,-75.7101225
2023,19713,19713,ZCTA,New Castle,BRFSS,Health Outcomes,Chronic obstructive pulmonary disease among adults,COPD,COPD,6.9,6.2,7.7,%,Crude prevalence,25160,31867,39.6707511,-75.7101225
2023,19713,19713,ZCTA,New Castle,BRFSS,Health Outcomes,Coronary heart disease among adults,Coronary Heart Disease,CHD,6.4,5.7,7.0,%,Crude prevalence,25160,31867,39.6707511,-75.7101225
2023,19713,19713,ZCTA,New Castle,BRFSS,Health Outcomes,Current asthma among adults,Current Asthma,CASTHMA,10.7,9.4,11.9,%,Crude prevalence,25160,31867,39.6707511,-75.7101225
2023,19713,19713,ZCTA,New Castle,BRFSS,Health Outcomes,Depression among adults,Depression,DEPRESSION,22.1,19.0,25.2,%,Crude prevalence,25160,31867,39.6707511,-75.7101225
2023,19713,19713,ZCTA,New Castle,BRFSS,Health Outcomes,Diagnosed diabetes among adults,Diabetes,DIABETES,12.5,11.0,14.0,%,Crude prevalence,25160,31867,39.6707511,-75.7101225
2023,19713,19713,ZCTA,New Castle,BRFSS,Health Outcomes,High blood pressure among adults,High Blood Pressure,BPHIGH,35.3,31.8,38.5,%,Crude prevalence,25160,31867,39.6707511,-75.7101225
2023,19713,19713,ZCTA,New Castle,BRFSS,Health Outcomes,High cholesterol among adults who have ever been screened,High Cholesterol,HIGHCHOL,38.6,34.9,42.1,%,Crude prevalence,25160,31867,39.6707511,-75.7101225
2023,19713,19713,ZCTA,New Castle,BRFSS,Health Outcomes,Obesity among adults,Obesity,OBESITY,34.0,28.3,39.5,%,Crude prevalence,25160,31867,39.6707511,-75.7101225
2023,19713,19713,ZCTA,New Castle,BRFSS,Health Outcomes,Stroke among adults,Stroke,STROKE,3.6,3.3,3.9,%,Crude prevalence,25160,31867,39.6707511,-75.7101225
2023,19713,19713,ZCTA,New Castle,BRFSS,Health Risk Behaviors,Binge drinking among adults,Binge Drinking,BINGE,15.3,12.9,17.7,%,Crude prevalence,25160,31867,39.6707511,-75.7101225
2023,19713,19713,ZCTA,New Castle,BRFSS,Health Risk Behaviors,Current cigarette smoking among adults,Current Cigarette Smoking,CSMOKING,13.4,11.6,15.2,%,Crude prevalence,25160,31867,39.6707511,-75.7101225
2023,19713,19713,ZCTA,New Castle,BRFSS,Health Risk Behaviors,No leisure-time physical activity among adults,Physical Inactivity,LPA,28.0,24.2,32.0,%,Crude prevalence,25160,31867,39.6707511,-75.7101225
2022,19713,19713,ZCTA,New Castle,BRFSS,Health Risk Behaviors,Short sleep duration among adults,Short Sleep Duration,SLEEP,36.1,31.3,41.2,%,Crude prevalence,25160,31867,39.6707511,-75.7101225
2023,19713,19713,ZCTA,New Castle,BRFSS,Health Status,Fair or poor self-rated health status among adults,General Health,GHLTH,19.7,17.5,21.8,%,Crude prevalence,25160,31867,39.6707511,-75.7101225
2023,19713,19713,ZCTA,New Castle,BRFSS,Health Status,Frequent mental distress among adults,Frequent Mental Distress,MHLTH,16.7,14.9,18.5,%,Crude prevalence,25160,31867,39.6707511,-75.7101225
2023,19713,19713,ZCTA,New Castle,BRFSS,Health Status,Frequent physical distress among adults,Frequent Physical Distress,PHLTH,13.5,12.0,14.9,%,Crude prevalence,25160,31867,39.6707511,-75.7101225
2023,19713,19713,ZCTA,New Castle,BRFSS,Health-Related Social Needs,Food insecurity in the past 12 months among adults,Food Insecurity,FOODINSECU,16.5,14.5,18.4,%,Crude prevalence,25160,31867,39.6707511,-75.7101225
2023,19713,19713,ZCTA,New Castle,BRFSS,Health-Related Social Needs,Housing insecurity in the past 12 months among adults,Housing Insecurity,HOUSINSECU,13.5,11.9,15.3,%,Crude prevalence,25160,31867,39.6707511,-75.7101225
2023,19713,19713,ZCTA,New Castle,BRFSS,Health-Related Social Needs,Lack of reliable transportation in the past 12 months among adults,Transportation Barriers,LACKTRPT,9.0,8.0,10.1,%,Crude prevalence,25160,31867,39.6707511,-75.7101225
2023,19713,19713,ZCTA,New Castle,BRFSS,Health-Related Social Needs,Lack of social and emotional support among adults,Lack of Social/Emotional Support,EMOTIONSPT,23.1,20.1,26.1,%,Crude prevalence,25160,31867,39.6707511,-75.7101225
2023,19713,19713,ZCTA,New Castle,BRFSS,Health-Related Social Needs,Loneliness among adults,Loneliness,LONELINESS,32.9,29.1,36.7,%,Crude prevalence,25160,31867,39.6707511,-75.7101225
2023,19713,19713,ZCTA,New Castle,BRFSS,Health-Related Social Needs,Received food stamps in the past 12 months among adults,Food Stamps,FOODSTAMP,13.9,11.9,15.9,%,Crude prevalence,25160,31867,39.6707511,-75.7101225
2023,19713,19713,ZCTA,New Castle,BRFSS,Health-Related Social Needs,Utility services shut-off threat in the past 12 months among adults,Utility Services Threat,SHUTUTILITY,8.6,7.5,9.8,%,Crude prevalence,25160,31867,39.6707511,-75.7101225
2023,19713,19713,ZCTA,New Castle,BRFSS,Prevention,Cholesterol screening among adults,Cholesterol Screening,CHOLSCREEN,85.8,84.0,87.5,%,Crude prevalence,25160,31867,39.6707511,-75.7101225
2022,19713,19713,ZCTA,New Castle,BRFSS,Prevention,Colorectal cancer screening among adults aged 45–75 years,Colorectal Cancer Screening,COLON_SCREEN,64.7,60.5,68.9,%,Crude prevalence,25160,31867,39.6707511,-75.7101225
2023,19713,19713,ZCTA,New Castle,BRFSS,Prevention,Current lack of health insurance among adults aged 18-64 years,Health Insurance,ACCESS2,10.5,9.1,12.1,%,Crude prevalence,25160,31867,39.6707511,-75.7101225
2022,19713,19713,ZCTA,New Castle,BRFSS,Prevention,Mammography use among women aged 50-74 years,Mammography,MAMMOUSE,77.2,71.3,82.5,%,Crude prevalence,25160,31867,39.6707511,-75.7101225
2023,19713,19713,ZCTA,New Castle,BRFSS,Prevention,Taking medicine to control high blood pressure among adults with high blood pressure,High Blood Pressure Medication,BPMED,74.8,71.8,77.3,%,Crude prevalence,25160,31867,39.6707511,-75.7101225
2022,19713,19713,ZCTA,New Castle,BRFSS,Prevention,Visited dentist or dental clinic in the past year among adults,Dental Visit,DENTAL,60.5,56.8,64.1,%,Crude prevalence,25160,31867,39.6707511,-75.7101225
2023,19713,19713,ZCTA,New Castle,BRFSS,Prevention,Visits to doctor for routine checkup within the past year among adults,Annual Checkup,CHECKUP,78.0,74.6,81.0,%,Crude prevalence,25160,31867,39.6707511,-75.7101225
2023,19717,19717,ZCTA,New Castle,BRFSS,Disability,Any disability among adults,Any Disability,DISABILITY,34.4,29.8,39.3,%,Crude prevalence,6185,6201,39.678689,-75.7499623
2023,19717,19717,ZCTA,New Castle,BRFSS,Disability,Cognitive disability among adults,Cognitive Disability,COGNITION,25.8,22.2,29.7,%,Crude prevalence,6185,6201,39.678689,-75.7499623
2023,19717,19717,ZCTA,New Castle,BRFSS,Disability,Hearing disability among adults,Hearing Disability,HEARING,2.2,1.9,2.6,%,Crude prevalence,6185,6201,39.678689,-75.7499623
2023,19717,19717,ZCTA,New Castle,BRFSS,Disability,Independent living disability among adults,Independent Living Disability,INDEPLIVE,13.1,11.1,15.4,%,Crude prevalence,6185,6201,39.678689,-75.7499623
2023,19717,19717,ZCTA,New Castle,BRFSS,Disability,Mobility disability among adults,Mobility Disability,MOBILITY,4.7,3.9,5.7,%,Crude prevalence,6185,6201,39.678689,-75.7499623
2023,19717,19717,ZCTA,New Castle,BRFSS,Disability,Self-care disability among adults,Self-care Disability,SELFCARE,2.0,1.7,2.4,%,Crude prevalence,6185,6201,39.678689,-75.7499623
2023,19717,19717,ZCTA,New Castle,BRFSS,Disability,Vision disability among adults,Vision Disability,VISION,5.8,4.9,6.7,%,Crude prevalence,6185,6201,39.678689,-75.7499623
2022,19717,19717,ZCTA,New Castle,BRFSS,Health Outcomes,All teeth lost among adults aged >=65 years,All Teeth Lost,TEETHLOST,12.1,9.6,15.1,%,Crude prevalence,6185,6201,39.678689,-75.7499623
2023,19717,19717,ZCTA,New Castle,BRFSS,Health Outcomes,Arthritis among adults,Arthritis,ARTHRITIS,5.4,4.5,6.3,%,Crude prevalence,6185,6201,39.678689,-75.7499623
2023,19717,19717,ZCTA,New Castle,BRFSS,Health Outcomes,Cancer (non-skin) or melanoma among adults,Cancer (non-skin) or Melanoma,CANCER,0.8,0.7,0.9,%,Crude prevalence,6185,6201,39.678689,-75.7499623
2023,19717,19717,ZCTA,New Castle,BRFSS,Health Outcomes,Chronic obstructive pulmonary disease among adults,COPD,COPD,2.8,2.2,3.4,%,Crude prevalence,6185,6201,39.678689,-75.7499623
2023,19717,19717,ZCTA,New Castle,BRFSS,Health Outcomes,Coronary heart disease among adults,Coronary Heart Disease,CHD,1.0,0.9,1.1,%,Crude prevalence,6185,6201,39.678689,-75.7499623
2023,19717,19717,ZCTA,New Castle,BRFSS,Health Outcomes,Current asthma among adults,Current Asthma,CASTHMA,13.1,11.6,14.7,%,Crude prevalence,6185,6201,39.678689,-75.7499623
2023,19717,19717,ZCTA,New Castle,BRFSS,Health Outcomes,Depression among adults,Depression,DEPRESSION,30.8,26.8,34.8,%,Crude prevalence,6185,6201,39.678689,-75.7499623
2023,19717,19717,ZCTA,New Castle,BRFSS,Health Outcomes,Diagnosed diabetes among adults,Diabetes,DIABETES,2.1,1.8,2.4,%,Crude prevalence,6185,6201,39.678689,-75.7499623
2023,19717,19717,ZCTA,New Castle,BRFSS,Health Outcomes,High blood pressure among adults,High Blood Pressure,BPHIGH,13.6,11.5,15.9,%,Crude prevalence,6185,6201,39.678689,-75.7499623
2023,19717,19717,ZCTA,New Castle,BRFSS,Health Outcomes,High cholesterol among adults who have ever been screened,High Cholesterol,HIGHCHOL,14.4,12.2,16.7,%,Crude prevalence,6185,6201,39.678689,-75.7499623
2023,19717,19717,ZCTA,New Castle,BRFSS,Health Outcomes,Obesity among adults,Obesity,OBESITY,28.2,23.1,33.7,%,Crude prevalence,6185,6201,39.678689,-75.7499623
2023,19717,19717,ZCTA,New Castle,BRFSS,Health Outcomes,Stroke among adults,Stroke,STROKE,0.7,0.6,0.8,%,Crude prevalence,6185,6201,39.678689,-75.7499623
2023,19717,19717,ZCTA,New Castle,BRFSS,Health Risk Behaviors,Binge drinking among adults,Binge Drinking,BINGE,19.6,16.6,22.7,%,Crude prevalence,6185,6201,39.678689,-75.7499623
2023,19717,19717,ZCTA,New Castle,BRFSS,Health Risk Behaviors,Current cigarette smoking among adults,Current Cigarette Smoking,CSMOKING,9.1,7.1,11.2,%,Crude prevalence,6185,6201,39.678689,-75.7499623
2023,19717,19717,ZCTA,New Castle,BRFSS,Health Risk Behaviors,No leisure-time physical activity among adults,Physical Inactivity,LPA,23.5,19.0,28.3,%,Crude prevalence,6185,6201,39.678689,-75.7499623
2022,19717,19717,ZCTA,New Castle,BRFSS,Health Risk Behaviors,Short sleep duration among adults,Short Sleep Duration,SLEEP,37.7,32.6,42.9,%,Crude prevalence,6185,6201,39.678689,-75.7499623
2023,19717,19717,ZCTA,New Castle,BRFSS,Health Status,Fair or poor self-rated health status among adults,General Health,GHLTH,17.3,14.5,20.5,%,Crude prevalence,6185,6201,39.678689,-75.7499623
2023,19717,19717,ZCTA,New Castle,BRFSS,Health Status,Frequent mental distress among adults,Frequent Mental Distress,MHLTH,28.2,24.8,31.6,%,Crude prevalence,6185,6201,39.678689,-75.7499623
2023,19717,19717,ZCTA,New Castle,BRFSS,Health Status,Frequent physical distress among adults,Frequent Physical Distress,PHLTH,9.6,8.3,11.2,%,Crude prevalence,6185,6201,39.678689,-75.7499623
2023,19717,19717,ZCTA,New Castle,BRFSS,Health-Related Social Needs,Food insecurity in the past 12 months among adults,Food Insecurity,FOODINSECU,27.8,22.2,33.0,%,Crude prevalence,6185,6201,39.678689,-75.7499623
2023,19717,19717,ZCTA,New Castle,BRFSS,Health-Related Social Needs,Housing insecurity in the past 12 months among adults,Housing Insecurity,HOUSINSECU,18.7,15.1,21.9,%,Crude prevalence,6185,6201,39.678689,-75.7499623
2023,19717,19717,ZCTA,New Castle,BRFSS,Health-Related Social Needs,Lack of reliable transportation in the past 12 months among adults,Transportation Barriers,LACKTRPT,19.6,16.3,22.5,%,Crude prevalence,6185,6201,39.678689,-75.7499623
2023,19717,19717,ZCTA,New Castle,BRFSS,Health-Related Social Needs,Lack of social and emotional support among adults,Lack of Social/Emotional Support,EMOTIONSPT,25.6,21.7,29.5,%,Crude prevalence,6185,6201,39.678689,-75.7499623
2023,19717,19717,ZCTA,New Castle,BRFSS,Health-Related Social Needs,Loneliness among adults,Loneliness,LONELINESS,46.4,41.3,51.1,%,Crude prevalence,6185,6201,39.678689,-75.7499623
2023,19717,19717,ZCTA,New Castle,BRFSS,Health-Related Social Needs,Received food stamps in the past 12 months among adults,Food Stamps,FOODSTAMP,24.7,18.8,30.0,%,Crude prevalence,6185,6201,39.678689,-75.7499623
2023,19717,19717,ZCTA,New Castle,BRFSS,Health-Related Social Needs,Utility services shut-off threat in the past 12 months among adults,Utility Services Threat,SHUTUTILITY,12.9,10.5,15.1,%,Crude prevalence,6185,6201,39.678689,-75.7499623
2023,19717,19717,ZCTA,New Castle,BRFSS,Prevention,Cholesterol screening among adults,Cholesterol Screening,CHOLSCREEN,64.3,59.8,68.8,%,Crude prevalence,6185,6201,39.678689,-75.7499623
2022,19717,19717,ZCTA,New Castle,BRFSS,Prevention,Colorectal cancer screening among adults aged 45–75 years,Colorectal Cancer Screening,COLON_SCREEN,60.3,55.1,65.4,%,Crude prevalence,6185,6201,39.678689,-75.7499623
2023,19717,19717,ZCTA,New Castle,BRFSS,Prevention,Current lack of health insurance among adults aged 18-64 years,Health Insurance,ACCESS2,10.3,8.2,12.8,%,Crude prevalence,6185,6201,39.678689,-75.7499623
2022,19717,19717,ZCTA,New Castle,BRFSS,Prevention,Mammography use among women aged 50-74 years,Mammography,MAMMOUSE,71.4,64.4,77.8,%,Crude prevalence,6185,6201,39.678689,-75.7499623
2023,19717,19717,ZCTA,New Castle,BRFSS,Prevention,Taking medicine to control high blood pressure among adults with high blood pressure,High Blood Pressure Medication,BPMED,20.9,17.4,24.8,%,Crude prevalence,6185,6201,39.678689,-75.7499623
2022,19717,19717,ZCTA,New Castle,BRFSS,Prevention,Visited dentist or dental clinic in the past year among adults,Dental Visit,DENTAL,51.5,47.7,55.1,%,Crude prevalence,6185,6201,39.678689,-75.7499623
2023,19717,19717,ZCTA,New Castle,BRFSS,Prevention,Visits to doctor for routine checkup within the past year among adults,Annual Checkup,CHECKUP,70.0,65.4,74.2,%,Crude prevalence,6185,6201,39.678689,-75.7499623
2023,19720,19720,ZCTA,New Castle,BRFSS,Disability,Any disability among adults,Any Disability,DISABILITY,32.0,28.6,35.5,%,Crude prevalence,47558,61043,39.6454667,-75.6044962
2023,19720,19720,ZCTA,New Castle,BRFSS,Disability,Cognitive disability among adults,Cognitive Disability,COGNITION,15.1,13.5,16.8,%,Crude prevalence,47558,61043,39.6454667,-75.6044962
2023,19720,19720,ZCTA,New Castle,BRFSS,Disability,Hearing disability among adults,Hearing Disability,HEARING,5.4,4.8,6.1,%,Crude prevalence,47558,61043,39.6454667,-75.6044962
2023,19720,19720,ZCTA,New Castle,BRFSS,Disability,Independent living disability among adults,Independent Living Disability,INDEPLIVE,8.9,8.0,9.8,%,Crude prevalence,47558,61043,39.6454667,-75.6044962
2023,19720,19720,ZCTA,New Castle,BRFSS,Disability,Mobility disability among adults,Mobility Disability,MOBILITY,15.6,14.0,17.3,%,Crude prevalence,47558,61043,39.6454667,-75.6044962
2023,19720,19720,ZCTA,New Castle,BRFSS,Disability,Self-care disability among adults,Self-care Disability,SELFCARE,4.3,4.0,4.7,%,Crude prevalence,47558,61043,39.6454667,-75.6044962
2023,19720,19720,ZCTA,New Castle,BRFSS,Disability,Vision disability among adults,Vision Disability,VISION,5.8,5.3,6.3,%,Crude prevalence,47558,61043,39.6454667,-75.6044962
2022,19720,19720,ZCTA,New Castle,BRFSS,Health Outcomes,All teeth lost among adults aged >=65 years,All Teeth Lost,TEETHLOST,14.3,11.8,17.0,%,Crude prevalence,47558,61043,39.6454667,-75.6044962
2023,19720,19720,ZCTA,New Castle,BRFSS,Health Outcomes,Arthritis among adults,Arthritis,ARTHRITIS,26.0,23.3,28.6,%,Crude prevalence,47558,61043,39.6454667,-75.6044962
2023,19720,19720,ZCTA,New Castle,BRFSS,Health Outcomes,Cancer (non-skin) or melanoma among adults,Cancer (non-skin) or Melanoma,CANCER,7.0,6.4,7.6,%,Crude prevalence,47558,61043,39.6454667,-75.6044962
2023,19720,19720,ZCTA,New Castle,BRFSS,Health Outcomes,Chronic obstructive pulmonary disease among adults,COPD,COPD,6.7,6.0,7.4,%,Crude prevalence,47558,61043,39.6454667,-75.6044962
2023,19720,19720,ZCTA,New Castle,BRFSS,Health Outcomes,Coronary heart disease among adults,Coronary Heart Disease,CHD,6.1,5.5,6.7,%,Crude prevalence,47558,61043,39.6454667,-75.6044962
2023,19720,19720,ZCTA,New Castle,BRFSS,Health Outcomes,Current asthma among adults,Current Asthma,CASTHMA,11.2,10.0,12.6,%,Crude prevalence,47558,61043,39.6454667,-75.6044962
2023,19720,19720,ZCTA,New Castle,BRFSS,Health Outcomes,Depression among adults,Depression,DEPRESSION,20.9,17.9,23.8,%,Crude prevalence,47558,61043,39.6454667,-75.6044962
2023,19720,19720,ZCTA,New Castle,BRFSS,Health Outcomes,Diagnosed diabetes among adults,Diabetes,DIABETES,13.9,12.4,15.6,%,Crude prevalence,47558,61043,39.6454667,-75.6044962
2023,19720,19720,ZCTA,New Castle,BRFSS,Health Outcomes,High blood pressure among adults,High Blood Pressure,BPHIGH,37.7,34.3,41.0,%,Crude prevalence,47558,61043,39.6454667,-75.6044962
2023,19720,19720,ZCTA,New Castle,BRFSS,Health Outcomes,High cholesterol among adults who have ever been screened,High Cholesterol,HIGHCHOL,37.9,34.3,41.4,%,Crude prevalence,47558,61043,39.6454667,-75.6044962
2023,19720,19720,ZCTA,New Castle,BRFSS,Health Outcomes,Obesity among adults,Obesity,OBESITY,37.3,31.4,43.1,%,Crude prevalence,47558,61043,39.6454667,-75.6044962
2023,19720,19720,ZCTA,New Castle,BRFSS,Health Outcomes,Stroke among adults,Stroke,STROKE,3.8,3.6,4.1,%,Crude prevalence,47558,61043,39.6454667,-75.6044962
2023,19720,19720,ZCTA,New Castle,BRFSS,Health Risk Behaviors,Binge drinking among adults,Binge Drinking,BINGE,14.4,12.2,16.8,%,Crude prevalence,47558,61043,39.6454667,-75.6044962
2023,19720,19720,ZCTA,New Castle,BRFSS,Health Risk Behaviors,Current cigarette smoking among adults,Current Cigarette Smoking,CSMOKING,13.9,12.2,15.7,%,Crude prevalence,47558,61043,39.6454667,-75.6044962
2023,19720,19720,ZCTA,New Castle,BRFSS,Health Risk Behaviors,No leisure-time physical activity among adults,Physical Inactivity,LPA,29.9,26.0,33.8,%,Crude prevalence,47558,61043,39.6454667,-75.6044962
2022,19720,19720,ZCTA,New Castle,BRFSS,Health Risk Behaviors,Short sleep duration among adults,Short Sleep Duration,SLEEP,39.2,34.2,44.5,%,Crude prevalence,47558,61043,39.6454667,-75.6044962
2023,19720,19720,ZCTA,New Castle,BRFSS,Health Status,Fair or poor self-rated health status among adults,General Health,GHLTH,21.2,19.0,23.5,%,Crude prevalence,47558,61043,39.6454667,-75.6044962
2023,19720,19720,ZCTA,New Castle,BRFSS,Health Status,Frequent mental distress among adults,Frequent Mental Distress,MHLTH,17.1,15.3,19.0,%,Crude prevalence,47558,61043,39.6454667,-75.6044962
2023,19720,19720,ZCTA,New Castle,BRFSS,Health Status,Frequent physical distress among adults,Frequent Physical Distress,PHLTH,13.7,12.3,15.2,%,Crude prevalence,47558,61043,39.6454667,-75.6044962
2023,19720,19720,ZCTA,New Castle,BRFSS,Health-Related Social Needs,Food insecurity in the past 12 months among adults,Food Insecurity,FOODINSECU,19.8,17.6,22.1,%,Crude prevalence,47558,61043,39.6454667,-75.6044962
2023,19720,19720,ZCTA,New Castle,BRFSS,Health-Related Social Needs,Housing insecurity in the past 12 months among adults,Housing Insecurity,HOUSINSECU,16.8,14.9,18.9,%,Crude prevalence,47558,61043,39.6454667,-75.6044962
2023,19720,19720,ZCTA,New Castle,BRFSS,Health-Related Social Needs,Lack of reliable transportation in the past 12 months among adults,Transportation Barriers,LACKTRPT,10.5,9.4,11.7,%,Crude prevalence,47558,61043,39.6454667,-75.6044962
2023,19720,19720,ZCTA,New Castle,BRFSS,Health-Related Social Needs,Lack of social and emotional support among adults,Lack of Social/Emotional Support,EMOTIONSPT,25.8,22.7,29.1,%,Crude prevalence,47558,61043,39.6454667,-75.6044962
2023,19720,19720,ZCTA,New Castle,BRFSS,Health-Related Social Needs,Loneliness among adults,Loneliness,LONELINESS,34.4,30.7,38.3,%,Crude prevalence,47558,61043,39.6454667,-75.6044962
2023,19720,19720,ZCTA,New Castle,BRFSS,Health-Related Social Needs,Received food stamps in the past 12 months among adults,Food Stamps,FOODSTAMP,17.0,14.8,19.3,%,Crude prevalence,47558,61043,39.6454667,-75.6044962
2023,19720,19720,ZCTA,New Castle,BRFSS,Health-Related Social Needs,Utility services shut-off threat in the past 12 months among adults,Utility Services Threat,SHUTUTILITY,10.7,9.4,12.1,%,Crude prevalence,47558,61043,39.6454667,-75.6044962
2023,19720,19720,ZCTA,New Castle,BRFSS,Prevention,Cholesterol screening among adults,Cholesterol Screening,CHOLSCREEN,86.5,84.7,88.1,%,Crude prevalence,47558,61043,39.6454667,-75.6044962
2022,19720,19720,ZCTA,New Castle,BRFSS,Prevention,Colorectal cancer screening among adults aged 45–75 years,Colorectal Cancer Screening,COLON_SCREEN,64.0,59.8,68.4,%,Crude prevalence,47558,61043,39.6454667,-75.6044962
2023,19720,19720,ZCTA,New Castle,BRFSS,Prevention,Current lack of health insurance among adults aged 18-64 years,Health Insurance,ACCESS2,11.3,9.9,12.9,%,Crude prevalence,47558,61043,39.6454667,-75.6044962
2022,19720,19720,ZCTA,New Castle,BRFSS,Prevention,Mammography use among women aged 50-74 years,Mammography,MAMMOUSE,78.4,72.7,83.5,%,Crude prevalence,47558,61043,39.6454667,-75.6044962
2023,19720,19720,ZCTA,New Castle,BRFSS,Prevention,Taking medicine to control high blood pressure among adults with high blood pressure,High Blood Pressure Medication,BPMED,75.5,72.7,78.1,%,Crude prevalence,47558,61043,39.6454667,-75.6044962
2022,19720,19720,ZCTA,New Castle,BRFSS,Prevention,Visited dentist or dental clinic in the past year among adults,Dental Visit,DENTAL,58.4,54.6,62.0,%,Crude prevalence,47558,61043,39.6454667,-75.6044962
2023,19720,19720,ZCTA,New Castle,BRFSS,Prevention,Visits to doctor for routine checkup within the past year among adults,Annual Checkup,CHECKUP,79.2,75.8,82.1,%,Crude prevalence,47558,61043,39.6454667,-75.6044962
2023,19730,19730,ZCTA,New Castle,BRFSS,Disability,Any disability among adults,Any Disability,DISABILITY,24.0,20.4,28.0,%,Crude prevalence,379,472,39.4549542,-75.6610367
2023,19730,19730,ZCTA,New Castle,BRFSS,Disability,Cognitive disability among adults,Cognitive Disability,COGNITION,10.3,8.6,12.1,%,Crude prevalence,379,472,39.4549542,-75.6610367
2023,19730,19730,ZCTA,New Castle,BRFSS,Disability,Hearing disability among adults,Hearing Disability,HEARING,5.5,4.7,6.3,%,Crude prevalence,379,472,39.4549542,-75.6610367
2023,19730,19730,ZCTA,New Castle,BRFSS,Disability,Independent living disability among adults,Independent Living Disability,INDEPLIVE,5.4,4.6,6.5,%,Crude prevalence,379,472,39.4549542,-75.6610367
2023,19730,19730,ZCTA,New Castle,BRFSS,Disability,Mobility disability among adults,Mobility Disability,MOBILITY,10.4,8.5,12.6,%,Crude prevalence,379,472,39.4549542,-75.6610367
2023,19730,19730,ZCTA,New Castle,BRFSS,Disability,Self-care disability among adults,Self-care Disability,SELFCARE,2.3,1.9,2.8,%,Crude prevalence,379,472,39.4549542,-75.6610367
2023,19730,19730,ZCTA,New Castle,BRFSS,Disability,Vision disability among adults,Vision Disability,VISION,3.0,2.5,3.5,%,Crude prevalence,379,472,39.4549542,-75.6610367
2022,19730,19730,ZCTA,New Castle,BRFSS,Health Outcomes,All teeth lost among adults aged >=65 years,All Teeth Lost,TEETHLOST,3.3,2.6,4.1,%,Crude prevalence,379,472,39.4549542,-75.6610367
2023,19730,19730,ZCTA,New Castle,BRFSS,Health Outcomes,Arthritis among adults,Arthritis,ARTHRITIS,26.3,23.5,29.3,%,Crude prevalence,379,472,39.4549542,-75.6610367
2023,19730,19730,ZCTA,New Castle,BRFSS,Health Outcomes,Cancer (non-skin) or melanoma among adults,Cancer (non-skin) or Melanoma,CANCER,10.6,9.6,11.6,%,Crude prevalence,379,472,39.4549542,-75.6610367
2023,19730,19730,ZCTA,New Castle,BRFSS,Health Outcomes,Chronic obstructive pulmonary disease among adults,COPD,COPD,5.1,4.0,6.5,%,Crude prevalence,379,472,39.4549542,-75.6610367
2023,19730,19730,ZCTA,New Castle,BRFSS,Health Outcomes,Coronary heart disease among adults,Coronary Heart Disease,CHD,5.4,4.7,6.3,%,Crude prevalence,379,472,39.4549542,-75.6610367
2023,19730,19730,ZCTA,New Castle,BRFSS,Health Outcomes,Current asthma among adults,Current Asthma,CASTHMA,9.9,8.7,11.2,%,Crude prevalence,379,472,39.4549542,-75.6610367
2023,19730,19730,ZCTA,New Castle,BRFSS,Health Outcomes,Depression among adults,Depression,DEPRESSION,21.6,18.5,24.9,%,Crude prevalence,379,472,39.4549542,-75.6610367
2023,19730,19730,ZCTA,New Castle,BRFSS,Health Outcomes,Diagnosed diabetes among adults,Diabetes,DIABETES,9.5,8.1,11.0,%,Crude prevalence,379,472,39.4549542,-75.6610367
2023,19730,19730,ZCTA,New Castle,BRFSS,Health Outcomes,High blood pressure among adults,High Blood Pressure,BPHIGH,32.1,28.7,35.7,%,Crude prevalence,379,472,39.4549542,-75.6610367
2023,19730,19730,ZCTA,New Castle,BRFSS,Health Outcomes,High cholesterol among adults who have ever been screened,High Cholesterol,HIGHCHOL,39.6,35.8,43.4,%,Crude prevalence,379,472,39.4549542,-75.6610367
2023,19730,19730,ZCTA,New Castle,BRFSS,Health Outcomes,Obesity among adults,Obesity,OBESITY,29.2,23.8,34.8,%,Crude prevalence,379,472,39.4549542,-75.6610367
2023,19730,19730,ZCTA,New Castle,BRFSS,Health Outcomes,Stroke among adults,Stroke,STROKE,2.7,2.4,3.2,%,Crude prevalence,379,472,39.4549542,-75.6610367
2023,19730,19730,ZCTA,New Castle,BRFSS,Health Risk Behaviors,Binge drinking among adults,Binge Drinking,BINGE,16.9,14.4,19.6,%,Crude prevalence,379,472,39.4549542,-75.6610367
2023,19730,19730,ZCTA,New Castle,BRFSS,Health Risk Behaviors,Current cigarette smoking among adults,Current Cigarette Smoking,CSMOKING,8.7,6.7,11.0,%,Crude prevalence,379,472,39.4549542,-75.6610367
2023,19730,19730,ZCTA,New Castle,BRFSS,Health Risk Behaviors,No leisure-time physical activity among adults,Physical Inactivity,LPA,18.8,15.2,22.7,%,Crude prevalence,379,472,39.4549542,-75.6610367
2022,19730,19730,ZCTA,New Castle,BRFSS,Health Risk Behaviors,Short sleep duration among adults,Short Sleep Duration,SLEEP,30.7,26.3,35.6,%,Crude prevalence,379,472,39.4549542,-75.6610367
2023,19730,19730,ZCTA,New Castle,BRFSS,Health Status,Fair or poor self-rated health status among adults,General Health,GHLTH,12.7,10.5,15.3,%,Crude prevalence,379,472,39.4549542,-75.6610367
2023,19730,19730,ZCTA,New Castle,BRFSS,Health Status,Frequent mental distress among adults,Frequent Mental Distress,MHLTH,13.6,11.7,15.5,%,Crude prevalence,379,472,39.4549542,-75.6610367
2023,19730,19730,ZCTA,New Castle,BRFSS,Health Status,Frequent physical distress among adults,Frequent Physical Distress,PHLTH,10.5,9.0,12.3,%,Crude prevalence,379,472,39.4549542,-75.6610367
2023,19730,19730,ZCTA,New Castle,BRFSS,Health-Related Social Needs,Food insecurity in the past 12 months among adults,Food Insecurity,FOODINSECU,7.3,5.7,9.0,%,Crude prevalence,379,472,39.4549542,-75.6610367
2023,19730,19730,ZCTA,New Castle,BRFSS,Health-Related Social Needs,Housing insecurity in the past 12 months among adults,Housing Insecurity,HOUSINSECU,7.0,5.7,8.4,%,Crude prevalence,379,472,39.4549542,-75.6610367
2023,19730,19730,ZCTA,New Castle,BRFSS,Health-Related Social Needs,Lack of reliable transportation in the past 12 months among adults,Transportation Barriers,LACKTRPT,4.8,4.0,5.6,%,Crude prevalence,379,472,39.4549542,-75.6610367
2023,19730,19730,ZCTA,New Castle,BRFSS,Health-Related Social Needs,Lack of social and emotional support among adults,Lack of Social/Emotional Support,EMOTIONSPT,18.1,15.5,20.9,%,Crude prevalence,379,472,39.4549542,-75.6610367
2023,19730,19730,ZCTA,New Castle,BRFSS,Health-Related Social Needs,Loneliness among adults,Loneliness,LONELINESS,28.7,25.2,32.4,%,Crude prevalence,379,472,39.4549542,-75.6610367
2023,19730,19730,ZCTA,New Castle,BRFSS,Health-Related Social Needs,Received food stamps in the past 12 months among adults,Food Stamps,FOODSTAMP,5.3,3.9,6.7,%,Crude prevalence,379,472,39.4549542,-75.6610367
2023,19730,19730,ZCTA,New Castle,BRFSS,Health-Related Social Needs,Utility services shut-off threat in the past 12 months among adults,Utility Services Threat,SHUTUTILITY,4.3,3.5,5.1,%,Crude prevalence,379,472,39.4549542,-75.6610367
2023,19730,19730,ZCTA,New Castle,BRFSS,Prevention,Cholesterol screening among adults,Cholesterol Screening,CHOLSCREEN,90.0,88.3,91.5,%,Crude prevalence,379,472,39.4549542,-75.6610367
2022,19730,19730,ZCTA,New Castle,BRFSS,Prevention,Colorectal cancer screening among adults aged 45–75 years,Colorectal Cancer Screening,COLON_SCREEN,72.7,68.9,76.3,%,Crude prevalence,379,472,39.4549542,-75.6610367
2023,19730,19730,ZCTA,New Castle,BRFSS,Prevention,Current lack of health insurance among adults aged 18-64 years,Health Insurance,ACCESS2,6.3,4.9,8.0,%,Crude prevalence,379,472,39.4549542,-75.6610367
2022,19730,19730,ZCTA,New Castle,BRFSS,Prevention,Mammography use among women aged 50-74 years,Mammography,MAMMOUSE,77.8,71.9,83.1,%,Crude prevalence,379,472,39.4549542,-75.6610367
2023,19730,19730,ZCTA,New Castle,BRFSS,Prevention,Taking medicine to control high blood pressure among adults with high blood pressure,High Blood Pressure Medication,BPMED,76.0,73.0,78.7,%,Crude prevalence,379,472,39.4549542,-75.6610367
2022,19730,19730,ZCTA,New Castle,BRFSS,Prevention,Visited dentist or dental clinic in the past year among adults,Dental Visit,DENTAL,73.1,70.0,76.1,%,Crude prevalence,379,472,39.4549542,-75.6610367
2023,19730,19730,ZCTA,New Castle,BRFSS,Prevention,Visits to doctor for routine checkup within the past year among adults,Annual Checkup,CHECKUP,79.8,76.5,82.7,%,Crude prevalence,379,472,39.4549542,-75.6610367
2023,19731,19731,ZCTA,New Castle,BRFSS,Disability,Any disability among adults,Any Disability,DISABILITY,25.6,21.8,29.4,%,Crude prevalence,276,329,39.5094336,-75.6012906
2023,19731,19731,ZCTA,New Castle,BRFSS,Disability,Cognitive disability among adults,Cognitive Disability,COGNITION,11.4,9.6,13.2,%,Crude prevalence,276,329,39.5094336,-75.6012906
2023,19731,19731,ZCTA,New Castle,BRFSS,Disability,Hearing disability among adults,Hearing Disability,HEARING,5.7,4.9,6.6,%,Crude prevalence,276,329,39.5094336,-75.6012906
2023,19731,19731,ZCTA,New Castle,BRFSS,Disability,Independent living disability among adults,Independent Living Disability,INDEPLIVE,6.0,5.0,7.0,%,Crude prevalence,276,329,39.5094336,-75.6012906
2023,19731,19731,ZCTA,New Castle,BRFSS,Disability,Mobility disability among adults,Mobility Disability,MOBILITY,11.2,9.2,13.3,%,Crude prevalence,276,329,39.5094336,-75.6012906
2023,19731,19731,ZCTA,New Castle,BRFSS,Disability,Self-care disability among adults,Self-care Disability,SELFCARE,2.6,2.2,3.1,%,Crude prevalence,276,329,39.5094336,-75.6012906
2023,19731,19731,ZCTA,New Castle,BRFSS,Disability,Vision disability among adults,Vision Disability,VISION,3.2,2.8,3.8,%,Crude prevalence,276,329,39.5094336,-75.6012906
2022,19731,19731,ZCTA,New Castle,BRFSS,Health Outcomes,All teeth lost among adults aged >=65 years,All Teeth Lost,TEETHLOST,6.8,5.5,8.3,%,Crude prevalence,276,329,39.5094336,-75.6012906
2023,19731,19731,ZCTA,New Castle,BRFSS,Health Outcomes,Arthritis among adults,Arthritis,ARTHRITIS,27.3,24.3,30.2,%,Crude prevalence,276,329,39.5094336,-75.6012906
2023,19731,19731,ZCTA,New Castle,BRFSS,Health Outcomes,Cancer (non-skin) or melanoma among adults,Cancer (non-skin) or Melanoma,CANCER,10.5,9.5,11.5,%,Crude prevalence,276,329,39.5094336,-75.6012906
2023,19731,19731,ZCTA,New Castle,BRFSS,Health Outcomes,Chronic obstructive pulmonary disease among adults,COPD,COPD,5.9,4.8,7.1,%,Crude prevalence,276,329,39.5094336,-75.6012906
2023,19731,19731,ZCTA,New Castle,BRFSS,Health Outcomes,Coronary heart disease among adults,Coronary Heart Disease,CHD,5.7,5.0,6.5,%,Crude prevalence,276,329,39.5094336,-75.6012906
2023,19731,19731,ZCTA,New Castle,BRFSS,Health Outcomes,Current asthma among adults,Current Asthma,CASTHMA,10.1,8.9,11.4,%,Crude prevalence,276,329,39.5094336,-75.6012906
2023,19731,19731,ZCTA,New Castle,BRFSS,Health Outcomes,Depression among adults,Depression,DEPRESSION,22.5,19.3,25.7,%,Crude prevalence,276,329,39.5094336,-75.6012906
2023,19731,19731,ZCTA,New Castle,BRFSS,Health Outcomes,Diagnosed diabetes among adults,Diabetes,DIABETES,10.0,8.6,11.5,%,Crude prevalence,276,329,39.5094336,-75.6012906
2023,19731,19731,ZCTA,New Castle,BRFSS,Health Outcomes,High blood pressure among adults,High Blood Pressure,BPHIGH,32.9,29.4,36.4,%,Crude prevalence,276,329,39.5094336,-75.6012906
2023,19731,19731,ZCTA,New Castle,BRFSS,Health Outcomes,High cholesterol among adults who have ever been screened,High Cholesterol,HIGHCHOL,40.8,37.1,44.5,%,Crude prevalence,276,329,39.5094336,-75.6012906
2023,19731,19731,ZCTA,New Castle,BRFSS,Health Outcomes,Obesity among adults,Obesity,OBESITY,29.7,24.4,35.2,%,Crude prevalence,276,329,39.5094336,-75.6012906
2023,19731,19731,ZCTA,New Castle,BRFSS,Health Outcomes,Stroke among adults,Stroke,STROKE,2.9,2.5,3.3,%,Crude prevalence,276,329,39.5094336,-75.6012906
2023,19731,19731,ZCTA,New Castle,BRFSS,Health Risk Behaviors,Binge drinking among adults,Binge Drinking,BINGE,17.2,14.7,20.0,%,Crude prevalence,276,329,39.5094336,-75.6012906
2023,19731,19731,ZCTA,New Castle,BRFSS,Health Risk Behaviors,Current cigarette smoking among adults,Current Cigarette Smoking,CSMOKING,10.5,8.4,12.8,%,Crude prevalence,276,329,39.5094336,-75.6012906
2023,19731,19731,ZCTA,New Castle,BRFSS,Health Risk Behaviors,No leisure-time physical activity among adults,Physical Inactivity,LPA,20.3,16.5,24.0,%,Crude prevalence,276,329,39.5094336,-75.6012906
2022,19731,19731,ZCTA,New Castle,BRFSS,Health Risk Behaviors,Short sleep duration among adults,Short Sleep Duration,SLEEP,31.7,27.2,36.7,%,Crude prevalence,276,329,39.5094336,-75.6012906
2023,19731,19731,ZCTA,New Castle,BRFSS,Health Status,Fair or poor self-rated health status among adults,General Health,GHLTH,13.9,11.5,16.5,%,Crude prevalence,276,329,39.5094336,-75.6012906
2023,19731,19731,ZCTA,New Castle,BRFSS,Health Status,Frequent mental distress among adults,Frequent Mental Distress,MHLTH,14.4,12.5,16.2,%,Crude prevalence,276,329,39.5094336,-75.6012906
2023,19731,19731,ZCTA,New Castle,BRFSS,Health Status,Frequent physical distress among adults,Frequent Physical Distress,PHLTH,11.6,9.9,13.3,%,Crude prevalence,276,329,39.5094336,-75.6012906
2023,19731,19731,ZCTA,New Castle,BRFSS,Health-Related Social Needs,Food insecurity in the past 12 months among adults,Food Insecurity,FOODINSECU,7.9,6.3,9.7,%,Crude prevalence,276,329,39.5094336,-75.6012906
2023,19731,19731,ZCTA,New Castle,BRFSS,Health-Related Social Needs,Housing insecurity in the past 12 months among adults,Housing Insecurity,HOUSINSECU,7.2,6.0,8.7,%,Crude prevalence,276,329,39.5094336,-75.6012906
2023,19731,19731,ZCTA,New Castle,BRFSS,Health-Related Social Needs,Lack of reliable transportation in the past 12 months among adults,Transportation Barriers,LACKTRPT,5.1,4.3,6.0,%,Crude prevalence,276,329,39.5094336,-75.6012906
2023,19731,19731,ZCTA,New Castle,BRFSS,Health-Related Social Needs,Lack of social and emotional support among adults,Lack of Social/Emotional Support,EMOTIONSPT,19.0,16.2,22.1,%,Crude prevalence,276,329,39.5094336,-75.6012906
2023,19731,19731,ZCTA,New Castle,BRFSS,Health-Related Social Needs,Loneliness among adults,Loneliness,LONELINESS,29.2,25.6,33.0,%,Crude prevalence,276,329,39.5094336,-75.6012906
2023,19731,19731,ZCTA,New Castle,BRFSS,Health-Related Social Needs,Received food stamps in the past 12 months among adults,Food Stamps,FOODSTAMP,5.8,4.4,7.4,%,Crude prevalence,276,329,39.5094336,-75.6012906
2023,19731,19731,ZCTA,New Castle,BRFSS,Health-Related Social Needs,Utility services shut-off threat in the past 12 months among adults,Utility Services Threat,SHUTUTILITY,4.4,3.7,5.2,%,Crude prevalence,276,329,39.5094336,-75.6012906
2023,19731,19731,ZCTA,New Castle,BRFSS,Prevention,Cholesterol screening among adults,Cholesterol Screening,CHOLSCREEN,89.2,87.3,90.8,%,Crude prevalence,276,329,39.5094336,-75.6012906
2022,19731,19731,ZCTA,New Castle,BRFSS,Prevention,Colorectal cancer screening among adults aged 45–75 years,Colorectal Cancer Screening,COLON_SCREEN,73.6,69.6,77.3,%,Crude prevalence,276,329,39.5094336,-75.6012906
2023,19731,19731,ZCTA,New Castle,BRFSS,Prevention,Current lack of health insurance among adults aged 18-64 years,Health Insurance,ACCESS2,6.7,5.2,8.4,%,Crude prevalence,276,329,39.5094336,-75.6012906
2022,19731,19731,ZCTA,New Castle,BRFSS,Prevention,Mammography use among women aged 50-74 years,Mammography,MAMMOUSE,79.4,73.7,84.3,%,Crude prevalence,276,329,39.5094336,-75.6012906
2023,19731,19731,ZCTA,New Castle,BRFSS,Prevention,Taking medicine to control high blood pressure among adults with high blood pressure,High Blood Pressure Medication,BPMED,75.7,72.4,78.6,%,Crude prevalence,276,329,39.5094336,-75.6012906
2022,19731,19731,ZCTA,New Castle,BRFSS,Prevention,Visited dentist or dental clinic in the past year among adults,Dental Visit,DENTAL,70.8,67.5,74.0,%,Crude prevalence,276,329,39.5094336,-75.6012906
2023,19731,19731,ZCTA,New Castle,BRFSS,Prevention,Visits to doctor for routine checkup within the past year among adults,Annual Checkup,CHECKUP,78.8,75.4,81.8,%,Crude prevalence,276,329,39.5094336,-75.6012906
2023,19732,19732,ZCTA,New Castle,BRFSS,Disability,Any disability among adults,Any Disability,DISABILITY,22.1,18.7,26.0,%,Crude prevalence,200,223,39.8002958,-75.5745993
2023,19732,19732,ZCTA,New Castle,BRFSS,Disability,Cognitive disability among adults,Cognitive Disability,COGNITION,8.2,6.9,9.9,%,Crude prevalence,200,223,39.8002958,-75.5745993
2023,19732,19732,ZCTA,New Castle,BRFSS,Disability,Hearing disability among adults,Hearing Disability,HEARING,6.5,5.6,7.5,%,Crude prevalence,200,223,39.8002958,-75.5745993
2023,19732,19732,ZCTA,New Castle,BRFSS,Disability,Independent living disability among adults,Independent Living Disability,INDEPLIVE,4.5,3.7,5.5,%,Crude prevalence,200,223,39.8002958,-75.5745993
2023,19732,19732,ZCTA,New Castle,BRFSS,Disability,Mobility disability among adults,Mobility Disability,MOBILITY,9.5,7.8,11.7,%,Crude prevalence,200,223,39.8002958,-75.5745993
2023,19732,19732,ZCTA,New Castle,BRFSS,Disability,Self-care disability among adults,Self-care Disability,SELFCARE,2.1,1.7,2.6,%,Crude prevalence,200,223,39.8002958,-75.5745993
2023,19732,19732,ZCTA,New Castle,BRFSS,Disability,Vision disability among adults,Vision Disability,VISION,2.5,2.1,3.1,%,Crude prevalence,200,223,39.8002958,-75.5745993
2022,19732,19732,ZCTA,New Castle,BRFSS,Health Outcomes,All teeth lost among adults aged >=65 years,All Teeth Lost,TEETHLOST,6.2,4.9,7.6,%,Crude prevalence,200,223,39.8002958,-75.5745993
2023,19732,19732,ZCTA,New Castle,BRFSS,Health Outcomes,Arthritis among adults,Arthritis,ARTHRITIS,27.3,24.2,30.4,%,Crude prevalence,200,223,39.8002958,-75.5745993
2023,19732,19732,ZCTA,New Castle,BRFSS,Health Outcomes,Cancer (non-skin) or melanoma among adults,Cancer (non-skin) or Melanoma,CANCER,12.4,11.2,13.6,%,Crude prevalence,200,223,39.8002958,-75.5745993
2023,19732,19732,ZCTA,New Castle,BRFSS,Health Outcomes,Chronic obstructive pulmonary disease among adults,COPD,COPD,4.5,3.6,5.8,%,Crude prevalence,200,223,39.8002958,-75.5745993
2023,19732,19732,ZCTA,New Castle,BRFSS,Health Outcomes,Coronary heart disease among adults,Coronary Heart Disease,CHD,6.2,5.4,7.3,%,Crude prevalence,200,223,39.8002958,-75.5745993
2023,19732,19732,ZCTA,New Castle,BRFSS,Health Outcomes,Current asthma among adults,Current Asthma,CASTHMA,9.2,8.1,10.3,%,Crude prevalence,200,223,39.8002958,-75.5745993
2023,19732,19732,ZCTA,New Castle,BRFSS,Health Outcomes,Depression among adults,Depression,DEPRESSION,20.0,17.1,22.9,%,Crude prevalence,200,223,39.8002958,-75.5745993
2023,19732,19732,ZCTA,New Castle,BRFSS,Health Outcomes,Diagnosed diabetes among adults,Diabetes,DIABETES,9.4,8.1,11.1,%,Crude prevalence,200,223,39.8002958,-75.5745993
2023,19732,19732,ZCTA,New Castle,BRFSS,Health Outcomes,High blood pressure among adults,High Blood Pressure,BPHIGH,33.6,30.0,37.2,%,Crude prevalence,200,223,39.8002958,-75.5745993
2023,19732,19732,ZCTA,New Castle,BRFSS,Health Outcomes,High cholesterol among adults who have ever been screened,High Cholesterol,HIGHCHOL,42.5,38.4,46.3,%,Crude prevalence,200,223,39.8002958,-75.5745993
2023,19732,19732,ZCTA,New Castle,BRFSS,Health Outcomes,Obesity among adults,Obesity,OBESITY,25.8,20.9,31.0,%,Crude prevalence,200,223,39.8002958,-75.5745993
2023,19732,19732,ZCTA,New Castle,BRFSS,Health Outcomes,Stroke among adults,Stroke,STROKE,2.7,2.4,3.3,%,Crude prevalence,200,223,39.8002958,-75.5745993
2023,19732,19732,ZCTA,New Castle,BRFSS,Health Risk Behaviors,Binge drinking among adults,Binge Drinking,BINGE,15.8,13.5,18.5,%,Crude prevalence,200,223,39.8002958,-75.5745993
2023,19732,19732,ZCTA,New Castle,BRFSS,Health Risk Behaviors,Current cigarette smoking among adults,Current Cigarette Smoking,CSMOKING,6.3,4.6,8.7,%,Crude prevalence,200,223,39.8002958,-75.5745993
2023,19732,19732,ZCTA,New Castle,BRFSS,Health Risk Behaviors,No leisure-time physical activity among adults,Physical Inactivity,LPA,15.4,12.2,19.2,%,Crude prevalence,200,223,39.8002958,-75.5745993
2022,19732,19732,ZCTA,New Castle,BRFSS,Health Risk Behaviors,Short sleep duration among adults,Short Sleep Duration,SLEEP,27.8,23.6,32.4,%,Crude prevalence,200,223,39.8002958,-75.5745993
2023,19732,19732,ZCTA,New Castle,BRFSS,Health Status,Fair or poor self-rated health status among adults,General Health,GHLTH,10.5,8.6,13.0,%,Crude prevalence,200,223,39.8002958,-75.5745993
2023,19732,19732,ZCTA,New Castle,BRFSS,Health Status,Frequent mental distress among adults,Frequent Mental Distress,MHLTH,11.2,9.6,12.9,%,Crude prevalence,200,223,39.8002958,-75.5745993
2023,19732,19732,ZCTA,New Castle,BRFSS,Health Status,Frequent physical distress among adults,Frequent Physical Distress,PHLTH,9.6,8.2,11.3,%,Crude prevalence,200,223,39.8002958,-75.5745993
2023,19732,19732,ZCTA,New Castle,BRFSS,Health-Related Social Needs,Food insecurity in the past 12 months among adults,Food Insecurity,FOODINSECU,4.3,3.1,5.9,%,Crude prevalence,200,223,39.8002958,-75.5745993
2023,19732,19732,ZCTA,New Castle,BRFSS,Health-Related Social Needs,Housing insecurity in the past 12 months among adults,Housing Insecurity,HOUSINSECU,4.2,3.2,5.4,%,Crude prevalence,200,223,39.8002958,-75.5745993
2023,19732,19732,ZCTA,New Castle,BRFSS,Health-Related Social Needs,Lack of reliable transportation in the past 12 months among adults,Transportation Barriers,LACKTRPT,3.4,2.8,4.1,%,Crude prevalence,200,223,39.8002958,-75.5745993
2023,19732,19732,ZCTA,New Castle,BRFSS,Health-Related Social Needs,Lack of social and emotional support among adults,Lack of Social/Emotional Support,EMOTIONSPT,15.2,12.7,18.0,%,Crude prevalence,200,223,39.8002958,-75.5745993
2023,19732,19732,ZCTA,New Castle,BRFSS,Health-Related Social Needs,Loneliness among adults,Loneliness,LONELINESS,25.5,22.1,29.1,%,Crude prevalence,200,223,39.8002958,-75.5745993
2023,19732,19732,ZCTA,New Castle,BRFSS,Health-Related Social Needs,Received food stamps in the past 12 months among adults,Food Stamps,FOODSTAMP,3.1,2.0,4.5,%,Crude prevalence,200,223,39.8002958,-75.5745993
2023,19732,19732,ZCTA,New Castle,BRFSS,Health-Related Social Needs,Utility services shut-off threat in the past 12 months among adults,Utility Services Threat,SHUTUTILITY,2.8,2.3,3.5,%,Crude prevalence,200,223,39.8002958,-75.5745993
2023,19732,19732,ZCTA,New Castle,BRFSS,Prevention,Cholesterol screening among adults,Cholesterol Screening,CHOLSCREEN,92.1,90.6,93.3,%,Crude prevalence,200,223,39.8002958,-75.5745993
2022,19732,19732,ZCTA,New Castle,BRFSS,Prevention,Colorectal cancer screening among adults aged 45–75 years,Colorectal Cancer Screening,COLON_SCREEN,78.1,74.4,81.6,%,Crude prevalence,200,223,39.8002958,-75.5745993
2023,19732,19732,ZCTA,New Castle,BRFSS,Prevention,Current lack of health insurance among adults aged 18-64 years,Health Insurance,ACCESS2,3.2,2.3,4.5,%,Crude prevalence,200,223,39.8002958,-75.5745993
2022,19732,19732,ZCTA,New Castle,BRFSS,Prevention,Mammography use among women aged 50-74 years,Mammography,MAMMOUSE,80.7,75.1,85.3,%,Crude prevalence,200,223,39.8002958,-75.5745993
2023,19732,19732,ZCTA,New Castle,BRFSS,Prevention,Taking medicine to control high blood pressure among adults with high blood pressure,High Blood Pressure Medication,BPMED,78.7,75.4,81.5,%,Crude prevalence,200,223,39.8002958,-75.5745993
2022,19732,19732,ZCTA,New Castle,BRFSS,Prevention,Visited dentist or dental clinic in the past year among adults,Dental Visit,DENTAL,76.6,73.7,79.4,%,Crude prevalence,200,223,39.8002958,-75.5745993
2023,19732,19732,ZCTA,New Castle,BRFSS,Prevention,Visits to doctor for routine checkup within the past year among adults,Annual Checkup,CHECKUP,81.6,78.5,84.5,%,Crude prevalence,200,223,39.8002958,-75.5745993
2023,19733,19733,ZCTA,New Castle,BRFSS,Disability,Any disability among adults,Any Disability,DISABILITY,30.5,26.0,35.1,%,Crude prevalence,256,320,39.5590847,-75.6515225
2023,19733,19733,ZCTA,New Castle,BRFSS,Disability,Cognitive disability among adults,Cognitive Disability,COGNITION,14.2,11.9,16.6,%,Crude prevalence,256,320,39.5590847,-75.6515225
2023,19733,19733,ZCTA,New Castle,BRFSS,Disability,Hearing disability among adults,Hearing Disability,HEARING,5.9,5.1,6.7,%,Crude prevalence,256,320,39.5590847,-75.6515225
2023,19733,19733,ZCTA,New Castle,BRFSS,Disability,Independent living disability among adults,Independent Living Disability,INDEPLIVE,8.3,6.9,9.9,%,Crude prevalence,256,320,39.5590847,-75.6515225
2023,19733,19733,ZCTA,New Castle,BRFSS,Disability,Mobility disability among adults,Mobility Disability,MOBILITY,15.3,12.5,18.3,%,Crude prevalence,256,320,39.5590847,-75.6515225
2023,19733,19733,ZCTA,New Castle,BRFSS,Disability,Self-care disability among adults,Self-care Disability,SELFCARE,3.8,3.2,4.6,%,Crude prevalence,256,320,39.5590847,-75.6515225
2023,19733,19733,ZCTA,New Castle,BRFSS,Disability,Vision disability among adults,Vision Disability,VISION,4.7,3.9,5.5,%,Crude prevalence,256,320,39.5590847,-75.6515225
2022,19733,19733,ZCTA,New Castle,BRFSS,Health Outcomes,All teeth lost among adults aged >=65 years,All Teeth Lost,TEETHLOST,10.6,8.7,12.8,%,Crude prevalence,256,320,39.5590847,-75.6515225
2023,19733,19733,ZCTA,New Castle,BRFSS,Health Outcomes,Arthritis among adults,Arthritis,ARTHRITIS,30.6,27.1,33.9,%,Crude prevalence,256,320,39.5590847,-75.6515225
2023,19733,19733,ZCTA,New Castle,BRFSS,Health Outcomes,Cancer (non-skin) or melanoma among adults,Cancer (non-skin) or Melanoma,CANCER,9.5,8.6,10.6,%,Crude prevalence,256,320,39.5590847,-75.6515225
2023,19733,19733,ZCTA,New Castle,BRFSS,Health Outcomes,Chronic obstructive pulmonary disease among adults,COPD,COPD,7.6,6.1,9.3,%,Crude prevalence,256,320,39.5590847,-75.6515225
2023,19733,19733,ZCTA,New Castle,BRFSS,Health Outcomes,Coronary heart disease among adults,Coronary Heart Disease,CHD,6.1,5.3,7.0,%,Crude prevalence,256,320,39.5590847,-75.6515225
2023,19733,19733,ZCTA,New Castle,BRFSS,Health Outcomes,Current asthma among adults,Current Asthma,CASTHMA,11.6,10.2,13.0,%,Crude prevalence,256,320,39.5590847,-75.6515225
2023,19733,19733,ZCTA,New Castle,BRFSS,Health Outcomes,Depression among adults,Depression,DEPRESSION,24.8,21.4,28.4,%,Crude prevalence,256,320,39.5590847,-75.6515225
2023,19733,19733,ZCTA,New Castle,BRFSS,Health Outcomes,Diagnosed diabetes among adults,Diabetes,DIABETES,12.5,10.7,14.3,%,Crude prevalence,256,320,39.5590847,-75.6515225
2023,19733,19733,ZCTA,New Castle,BRFSS,Health Outcomes,High blood pressure among adults,High Blood Pressure,BPHIGH,35.8,32.0,39.6,%,Crude prevalence,256,320,39.5590847,-75.6515225
2023,19733,19733,ZCTA,New Castle,BRFSS,Health Outcomes,High cholesterol among adults who have ever been screened,High Cholesterol,HIGHCHOL,41.9,37.9,45.7,%,Crude prevalence,256,320,39.5590847,-75.6515225
2023,19733,19733,ZCTA,New Castle,BRFSS,Health Outcomes,Obesity among adults,Obesity,OBESITY,34.1,28.2,40.1,%,Crude prevalence,256,320,39.5590847,-75.6515225
2023,19733,19733,ZCTA,New Castle,BRFSS,Health Outcomes,Stroke among adults,Stroke,STROKE,3.5,3.0,4.0,%,Crude prevalence,256,320,39.5590847,-75.6515225
2023,19733,19733,ZCTA,New Castle,BRFSS,Health Risk Behaviors,Binge drinking among adults,Binge Drinking,BINGE,15.0,12.6,17.5,%,Crude prevalence,256,320,39.5590847,-75.6515225
2023,19733,19733,ZCTA,New Castle,BRFSS,Health Risk Behaviors,Current cigarette smoking among adults,Current Cigarette Smoking,CSMOKING,13.8,10.7,17.0,%,Crude prevalence,256,320,39.5590847,-75.6515225
2023,19733,19733,ZCTA,New Castle,BRFSS,Health Risk Behaviors,No leisure-time physical activity among adults,Physical Inactivity,LPA,26.7,21.7,31.8,%,Crude prevalence,256,320,39.5590847,-75.6515225
2022,19733,19733,ZCTA,New Castle,BRFSS,Health Risk Behaviors,Short sleep duration among adults,Short Sleep Duration,SLEEP,36.0,31.0,41.2,%,Crude prevalence,256,320,39.5590847,-75.6515225
2023,19733,19733,ZCTA,New Castle,BRFSS,Health Status,Fair or poor self-rated health status among adults,General Health,GHLTH,18.4,15.2,21.9,%,Crude prevalence,256,320,39.5590847,-75.6515225
2023,19733,19733,ZCTA,New Castle,BRFSS,Health Status,Frequent mental distress among adults,Frequent Mental Distress,MHLTH,17.1,14.7,19.4,%,Crude prevalence,256,320,39.5590847,-75.6515225
2023,19733,19733,ZCTA,New Castle,BRFSS,Health Status,Frequent physical distress among adults,Frequent Physical Distress,PHLTH,14.5,12.3,16.8,%,Crude prevalence,256,320,39.5590847,-75.6515225
2023,19733,19733,ZCTA,New Castle,BRFSS,Health-Related Social Needs,Food insecurity in the past 12 months among adults,Food Insecurity,FOODINSECU,12.6,9.8,15.6,%,Crude prevalence,256,320,39.5590847,-75.6515225
2023,19733,19733,ZCTA,New Castle,BRFSS,Health-Related Social Needs,Housing insecurity in the past 12 months among adults,Housing Insecurity,HOUSINSECU,10.5,8.4,12.6,%,Crude prevalence,256,320,39.5590847,-75.6515225
2023,19733,19733,ZCTA,New Castle,BRFSS,Health-Related Social Needs,Lack of reliable transportation in the past 12 months among adults,Transportation Barriers,LACKTRPT,7.2,5.9,8.5,%,Crude prevalence,256,320,39.5590847,-75.6515225
2023,19733,19733,ZCTA,New Castle,BRFSS,Health-Related Social Needs,Lack of social and emotional support among adults,Lack of Social/Emotional Support,EMOTIONSPT,20.6,17.1,23.8,%,Crude prevalence,256,320,39.5590847,-75.6515225
2023,19733,19733,ZCTA,New Castle,BRFSS,Health-Related Social Needs,Loneliness among adults,Loneliness,LONELINESS,31.3,27.2,35.2,%,Crude prevalence,256,320,39.5590847,-75.6515225
2023,19733,19733,ZCTA,New Castle,BRFSS,Health-Related Social Needs,Received food stamps in the past 12 months among adults,Food Stamps,FOODSTAMP,10.4,7.7,13.3,%,Crude prevalence,256,320,39.5590847,-75.6515225
2023,19733,19733,ZCTA,New Castle,BRFSS,Health-Related Social Needs,Utility services shut-off threat in the past 12 months among adults,Utility Services Threat,SHUTUTILITY,6.8,5.5,8.1,%,Crude prevalence,256,320,39.5590847,-75.6515225
2023,19733,19733,ZCTA,New Castle,BRFSS,Prevention,Cholesterol screening among adults,Cholesterol Screening,CHOLSCREEN,88.7,86.8,90.4,%,Crude prevalence,256,320,39.5590847,-75.6515225
2022,19733,19733,ZCTA,New Castle,BRFSS,Prevention,Colorectal cancer screening among adults aged 45–75 years,Colorectal Cancer Screening,COLON_SCREEN,62.6,57.9,67.2,%,Crude prevalence,256,320,39.5590847,-75.6515225
2023,19733,19733,ZCTA,New Castle,BRFSS,Prevention,Current lack of health insurance among adults aged 18-64 years,Health Insurance,ACCESS2,6.9,5.4,8.5,%,Crude prevalence,256,320,39.5590847,-75.6515225
2022,19733,19733,ZCTA,New Castle,BRFSS,Prevention,Mammography use among women aged 50-74 years,Mammography,MAMMOUSE,73.7,67.0,79.6,%,Crude prevalence,256,320,39.5590847,-75.6515225
2023,19733,19733,ZCTA,New Castle,BRFSS,Prevention,Taking medicine to control high blood pressure among adults with high blood pressure,High Blood Pressure Medication,BPMED,77.2,73.7,80.2,%,Crude prevalence,256,320,39.5590847,-75.6515225
2022,19733,19733,ZCTA,New Castle,BRFSS,Prevention,Visited dentist or dental clinic in the past year among adults,Dental Visit,DENTAL,61.0,57.1,64.7,%,Crude prevalence,256,320,39.5590847,-75.6515225
2023,19733,19733,ZCTA,New Castle,BRFSS,Prevention,Visits to doctor for routine checkup within the past year among adults,Annual Checkup,CHECKUP,80.0,76.8,83.0,%,Crude prevalence,256,320,39.5590847,-75.6515225
2023,19734,19734,ZCTA,New Castle,BRFSS,Disability,Any disability among adults,Any Disability,DISABILITY,26.5,23.3,29.7,%,Crude prevalence,10550,14116,39.3816439,-75.6533217
2023,19734,19734,ZCTA,New Castle,BRFSS,Disability,Cognitive disability among adults,Cognitive Disability,COGNITION,12.4,10.9,14.0,%,Crude prevalence,10550,14116,39.3816439,-75.6533217
2023,19734,19734,ZCTA,New Castle,BRFSS,Disability,Hearing disability among adults,Hearing Disability,HEARING,5.3,4.7,5.9,%,Crude prevalence,10550,14116,39.3816439,-75.6533217
2023,19734,19734,ZCTA,New Castle,BRFSS,Disability,Independent living disability among adults,Independent Living Disability,INDEPLIVE,6.7,5.9,7.5,%,Crude prevalence,10550,14116,39.3816439,-75.6533217
2023,19734,19734,ZCTA,New Castle,BRFSS,Disability,Mobility disability among adults,Mobility Disability,MOBILITY,11.7,10.3,13.2,%,Crude prevalence,10550,14116,39.3816439,-75.6533217
2023,19734,19734,ZCTA,New Castle,BRFSS,Disability,Self-care disability among adults,Self-care Disability,SELFCARE,3.0,2.7,3.3,%,Crude prevalence,10550,14116,39.3816439,-75.6533217
2023,19734,19734,ZCTA,New Castle,BRFSS,Disability,Vision disability among adults,Vision Disability,VISION,3.7,3.4,4.1,%,Crude prevalence,10550,14116,39.3816439,-75.6533217
2022,19734,19734,ZCTA,New Castle,BRFSS,Health Outcomes,All teeth lost among adults aged >=65 years,All Teeth Lost,TEETHLOST,9.2,7.5,11.1,%,Crude prevalence,10550,14116,39.3816439,-75.6533217
2023,19734,19734,ZCTA,New Castle,BRFSS,Health Outcomes,Arthritis among adults,Arthritis,ARTHRITIS,24.8,22.1,27.4,%,Crude prevalence,10550,14116,39.3816439,-75.6533217
2023,19734,19734,ZCTA,New Castle,BRFSS,Health Outcomes,Cancer (non-skin) or melanoma among adults,Cancer (non-skin) or Melanoma,CANCER,8.3,7.6,9.0,%,Crude prevalence,10550,14116,39.3816439,-75.6533217
2023,19734,19734,ZCTA,New Castle,BRFSS,Health Outcomes,Chronic obstructive pulmonary disease among adults,COPD,COPD,5.6,5.0,6.3,%,Crude prevalence,10550,14116,39.3816439,-75.6533217
2023,19734,19734,ZCTA,New Castle,BRFSS,Health Outcomes,Coronary heart disease among adults,Coronary Heart Disease,CHD,5.4,4.8,6.0,%,Crude prevalence,10550,14116,39.3816439,-75.6533217
2023,19734,19734,ZCTA,New Castle,BRFSS,Health Outcomes,Current asthma among adults,Current Asthma,CASTHMA,10.5,9.3,11.8,%,Crude prevalence,10550,14116,39.3816439,-75.6533217
2023,19734,19734,ZCTA,New Castle,BRFSS,Health Outcomes,Depression among adults,Depression,DEPRESSION,22.0,18.9,25.2,%,Crude prevalence,10550,14116,39.3816439,-75.6533217
2023,19734,19734,ZCTA,New Castle,BRFSS,Health Outcomes,Diagnosed diabetes among adults,Diabetes,DIABETES,10.5,9.2,11.9,%,Crude prevalence,10550,14116,39.3816439,-75.6533217
2023,19734,19734,ZCTA,New Castle,BRFSS,Health Outcomes,High blood pressure among adults,High Blood Pressure,BPHIGH,33.0,29.7,36.3,%,Crude prevalence,10550,14116,39.3816439,-75.6533217
2023,19734,19734,ZCTA,New Castle,BRFSS,Health Outcomes,High cholesterol among adults who have ever been screened,High Cholesterol,HIGHCHOL,37.5,33.8,41.1,%,Crude prevalence,10550,14116,39.3816439,-75.6533217
2023,19734,19734,ZCTA,New Castle,BRFSS,Health Outcomes,Obesity among adults,Obesity,OBESITY,32.2,26.7,37.9,%,Crude prevalence,10550,14116,39.3816439,-75.6533217
2023,19734,19734,ZCTA,New Castle,BRFSS,Health Outcomes,Stroke among adults,Stroke,STROKE,3.0,2.7,3.2,%,Crude prevalence,10550,14116,39.3816439,-75.6533217
2023,19734,19734,ZCTA,New Castle,BRFSS,Health Risk Behaviors,Binge drinking among adults,Binge Drinking,BINGE,17.1,14.6,19.8,%,Crude prevalence,10550,14116,39.3816439,-75.6533217
2023,19734,19734,ZCTA,New Castle,BRFSS,Health Risk Behaviors,Current cigarette smoking among adults,Current Cigarette Smoking,CSMOKING,11.4,9.7,13.2,%,Crude prevalence,10550,14116,39.3816439,-75.6533217
2023,19734,19734,ZCTA,New Castle,BRFSS,Health Risk Behaviors,No leisure-time physical activity among adults,Physical Inactivity,LPA,22.2,18.9,25.7,%,Crude prevalence,10550,14116,39.3816439,-75.6533217
2022,19734,19734,ZCTA,New Castle,BRFSS,Health Risk Behaviors,Short sleep duration among adults,Short Sleep Duration,SLEEP,34.9,30.2,40.0,%,Crude prevalence,10550,14116,39.3816439,-75.6533217
2023,19734,19734,ZCTA,New Castle,BRFSS,Health Status,Fair or poor self-rated health status among adults,General Health,GHLTH,15.3,13.5,17.2,%,Crude prevalence,10550,14116,39.3816439,-75.6533217
2023,19734,19734,ZCTA,New Castle,BRFSS,Health Status,Frequent mental distress among adults,Frequent Mental Distress,MHLTH,15.6,13.8,17.5,%,Crude prevalence,10550,14116,39.3816439,-75.6533217
2023,19734,19734,ZCTA,New Castle,BRFSS,Health Status,Frequent physical distress among adults,Frequent Physical Distress,PHLTH,11.6,10.4,13.0,%,Crude prevalence,10550,14116,39.3816439,-75.6533217
2023,19734,19734,ZCTA,New Castle,BRFSS,Health-Related Social Needs,Food insecurity in the past 12 months among adults,Food Insecurity,FOODINSECU,10.8,9.2,12.4,%,Crude prevalence,10550,14116,39.3816439,-75.6533217
2023,19734,19734,ZCTA,New Castle,BRFSS,Health-Related Social Needs,Housing insecurity in the past 12 months among adults,Housing Insecurity,HOUSINSECU,10.0,8.5,11.4,%,Crude prevalence,10550,14116,39.3816439,-75.6533217
2023,19734,19734,ZCTA,New Castle,BRFSS,Health-Related Social Needs,Lack of reliable transportation in the past 12 months among adults,Transportation Barriers,LACKTRPT,6.6,5.7,7.4,%,Crude prevalence,10550,14116,39.3816439,-75.6533217
2023,19734,19734,ZCTA,New Castle,BRFSS,Health-Related Social Needs,Lack of social and emotional support among adults,Lack of Social/Emotional Support,EMOTIONSPT,21.5,18.6,24.5,%,Crude prevalence,10550,14116,39.3816439,-75.6533217
2023,19734,19734,ZCTA,New Castle,BRFSS,Health-Related Social Needs,Loneliness among adults,Loneliness,LONELINESS,31.4,27.8,35.3,%,Crude prevalence,10550,14116,39.3816439,-75.6533217
2023,19734,19734,ZCTA,New Castle,BRFSS,Health-Related Social Needs,Received food stamps in the past 12 months among adults,Food Stamps,FOODSTAMP,8.5,7.1,10.1,%,Crude prevalence,10550,14116,39.3816439,-75.6533217
2023,19734,19734,ZCTA,New Castle,BRFSS,Health-Related Social Needs,Utility services shut-off threat in the past 12 months among adults,Utility Services Threat,SHUTUTILITY,6.3,5.4,7.2,%,Crude prevalence,10550,14116,39.3816439,-75.6533217
2023,19734,19734,ZCTA,New Castle,BRFSS,Prevention,Cholesterol screening among adults,Cholesterol Screening,CHOLSCREEN,87.9,86.2,89.5,%,Crude prevalence,10550,14116,39.3816439,-75.6533217
2022,19734,19734,ZCTA,New Castle,BRFSS,Prevention,Colorectal cancer screening among adults aged 45–75 years,Colorectal Cancer Screening,COLON_SCREEN,66.1,61.9,70.3,%,Crude prevalence,10550,14116,39.3816439,-75.6533217
2023,19734,19734,ZCTA,New Castle,BRFSS,Prevention,Current lack of health insurance among adults aged 18-64 years,Health Insurance,ACCESS2,6.8,5.7,8.0,%,Crude prevalence,10550,14116,39.3816439,-75.6533217
2022,19734,19734,ZCTA,New Castle,BRFSS,Prevention,Mammography use among women aged 50-74 years,Mammography,MAMMOUSE,78.6,73.0,83.7,%,Crude prevalence,10550,14116,39.3816439,-75.6533217
2023,19734,19734,ZCTA,New Castle,BRFSS,Prevention,Taking medicine to control high blood pressure among adults with high blood pressure,High Blood Pressure Medication,BPMED,74.2,71.1,77.1,%,Crude prevalence,10550,14116,39.3816439,-75.6533217
2022,19734,19734,ZCTA,New Castle,BRFSS,Prevention,Visited dentist or dental clinic in the past year among adults,Dental Visit,DENTAL,66.8,63.3,70.2,%,Crude prevalence,10550,14116,39.3816439,-75.6533217
2023,19734,19734,ZCTA,New Castle,BRFSS,Prevention,Visits to doctor for routine checkup within the past year among adults,Annual Checkup,CHECKUP,78.5,75.1,81.6,%,Crude prevalence,10550,14116,39.3816439,-75.6533217
2023,19801,19801,ZCTA,New Castle,BRFSS,Disability,Any disability among adults,Any Disability,DISABILITY,38.7,34.5,42.4,%,Crude prevalence,12255,16219,39.723588,-75.5412081
2023,19801,19801,ZCTA,New Castle,BRFSS,Disability,Cognitive disability among adults,Cognitive Disability,COGNITION,19.7,17.5,21.8,%,Crude prevalence,12255,16219,39.723588,-75.5412081
2023,19801,19801,ZCTA,New Castle,BRFSS,Disability,Hearing disability among adults,Hearing Disability,HEARING,5.2,4.6,5.8,%,Crude prevalence,12255,16219,39.723588,-75.5412081
2023,19801,19801,ZCTA,New Castle,BRFSS,Disability,Independent living disability among adults,Independent Living Disability,INDEPLIVE,13.4,12.1,14.8,%,Crude prevalence,12255,16219,39.723588,-75.5412081
2023,19801,19801,ZCTA,New Castle,BRFSS,Disability,Mobility disability among adults,Mobility Disability,MOBILITY,20.8,18.7,22.8,%,Crude prevalence,12255,16219,39.723588,-75.5412081
2023,19801,19801,ZCTA,New Castle,BRFSS,Disability,Self-care disability among adults,Self-care Disability,SELFCARE,7.3,6.7,8.0,%,Crude prevalence,12255,16219,39.723588,-75.5412081
2023,19801,19801,ZCTA,New Castle,BRFSS,Disability,Vision disability among adults,Vision Disability,VISION,9.6,8.8,10.4,%,Crude prevalence,12255,16219,39.723588,-75.5412081
2022,19801,19801,ZCTA,New Castle,BRFSS,Health Outcomes,All teeth lost among adults aged >=65 years,All Teeth Lost,TEETHLOST,26.0,22.1,30.1,%,Crude prevalence,12255,16219,39.723588,-75.5412081
2023,19801,19801,ZCTA,New Castle,BRFSS,Health Outcomes,Arthritis among adults,Arthritis,ARTHRITIS,26.4,23.7,29.0,%,Crude prevalence,12255,16219,39.723588,-75.5412081
2023,19801,19801,ZCTA,New Castle,BRFSS,Health Outcomes,Cancer (non-skin) or melanoma among adults,Cancer (non-skin) or Melanoma,CANCER,5.0,4.5,5.5,%,Crude prevalence,12255,16219,39.723588,-75.5412081
2023,19801,19801,ZCTA,New Castle,BRFSS,Health Outcomes,Chronic obstructive pulmonary disease among adults,COPD,COPD,9.1,8.1,10.1,%,Crude prevalence,12255,16219,39.723588,-75.5412081
2023,19801,19801,ZCTA,New Castle,BRFSS,Health Outcomes,Coronary heart disease among adults,Coronary Heart Disease,CHD,6.9,6.3,7.6,%,Crude prevalence,12255,16219,39.723588,-75.5412081
2023,19801,19801,ZCTA,New Castle,BRFSS,Health Outcomes,Current asthma among adults,Current Asthma,CASTHMA,12.9,11.4,14.4,%,Crude prevalence,12255,16219,39.723588,-75.5412081
2023,19801,19801,ZCTA,New Castle,BRFSS,Health Outcomes,Depression among adults,Depression,DEPRESSION,22.0,18.9,25.3,%,Crude prevalence,12255,16219,39.723588,-75.5412081
2023,19801,19801,ZCTA,New Castle,BRFSS,Health Outcomes,Diagnosed diabetes among adults,Diabetes,DIABETES,17.9,16.0,19.7,%,Crude prevalence,12255,16219,39.723588,-75.5412081
2023,19801,19801,ZCTA,New Castle,BRFSS,Health Outcomes,High blood pressure among adults,High Blood Pressure,BPHIGH,42.4,38.9,45.8,%,Crude prevalence,12255,16219,39.723588,-75.5412081
2023,19801,19801,ZCTA,New Castle,BRFSS,Health Outcomes,High cholesterol among adults who have ever been screened,High Cholesterol,HIGHCHOL,36.3,32.7,39.8,%,Crude prevalence,12255,16219,39.723588,-75.5412081
2023,19801,19801,ZCTA,New Castle,BRFSS,Health Outcomes,Obesity among adults,Obesity,OBESITY,44.5,38.1,50.6,%,Crude prevalence,12255,16219,39.723588,-75.5412081
2023,19801,19801,ZCTA,New Castle,BRFSS,Health Outcomes,Stroke among adults,Stroke,STROKE,5.2,4.8,5.6,%,Crude prevalence,12255,16219,39.723588,-75.5412081
2023,19801,19801,ZCTA,New Castle,BRFSS,Health Risk Behaviors,Binge drinking among adults,Binge Drinking,BINGE,12.8,10.8,15.1,%,Crude prevalence,12255,16219,39.723588,-75.5412081
2023,19801,19801,ZCTA,New Castle,BRFSS,Health Risk Behaviors,Current cigarette smoking among adults,Current Cigarette Smoking,CSMOKING,19.7,17.3,22.0,%,Crude prevalence,12255,16219,39.723588,-75.5412081
2023,19801,19801,ZCTA,New Castle,BRFSS,Health Risk Behaviors,No leisure-time physical activity among adults,Physical Inactivity,LPA,37.8,33.3,42.0,%,Crude prevalence,12255,16219,39.723588,-75.5412081
2022,19801,19801,ZCTA,New Castle,BRFSS,Health Risk Behaviors,Short sleep duration among adults,Short Sleep Duration,SLEEP,45.4,40.1,50.8,%,Crude prevalence,12255,16219,39.723588,-75.5412081
2023,19801,19801,ZCTA,New Castle,BRFSS,Health Status,Fair or poor self-rated health status among adults,General Health,GHLTH,29.5,26.6,32.2,%,Crude prevalence,12255,16219,39.723588,-75.5412081
2023,19801,19801,ZCTA,New Castle,BRFSS,Health Status,Frequent mental distress among adults,Frequent Mental Distress,MHLTH,20.6,18.3,22.7,%,Crude prevalence,12255,16219,39.723588,-75.5412081
2023,19801,19801,ZCTA,New Castle,BRFSS,Health Status,Frequent physical distress among adults,Frequent Physical Distress,PHLTH,16.4,14.7,18.0,%,Crude prevalence,12255,16219,39.723588,-75.5412081
2023,19801,19801,ZCTA,New Castle,BRFSS,Health-Related Social Needs,Food insecurity in the past 12 months among adults,Food Insecurity,FOODINSECU,35.3,32.1,38.8,%,Crude prevalence,12255,16219,39.723588,-75.5412081
2023,19801,19801,ZCTA,New Castle,BRFSS,Health-Related Social Needs,Housing insecurity in the past 12 months among adults,Housing Insecurity,HOUSINSECU,27.4,24.6,30.5,%,Crude prevalence,12255,16219,39.723588,-75.5412081
2023,19801,19801,ZCTA,New Castle,BRFSS,Health-Related Social Needs,Lack of reliable transportation in the past 12 months among adults,Transportation Barriers,LACKTRPT,18.5,16.6,20.5,%,Crude prevalence,12255,16219,39.723588,-75.5412081
2023,19801,19801,ZCTA,New Castle,BRFSS,Health-Related Social Needs,Lack of social and emotional support among adults,Lack of Social/Emotional Support,EMOTIONSPT,29.3,25.9,33.0,%,Crude prevalence,12255,16219,39.723588,-75.5412081
2023,19801,19801,ZCTA,New Castle,BRFSS,Health-Related Social Needs,Loneliness among adults,Loneliness,LONELINESS,37.4,33.5,41.5,%,Crude prevalence,12255,16219,39.723588,-75.5412081
2023,19801,19801,ZCTA,New Castle,BRFSS,Health-Related Social Needs,Received food stamps in the past 12 months among adults,Food Stamps,FOODSTAMP,36.8,33.2,40.7,%,Crude prevalence,12255,16219,39.723588,-75.5412081
2023,19801,19801,ZCTA,New Castle,BRFSS,Health-Related Social Needs,Utility services shut-off threat in the past 12 months among adults,Utility Services Threat,SHUTUTILITY,20.5,18.2,23.0,%,Crude prevalence,12255,16219,39.723588,-75.5412081
2023,19801,19801,ZCTA,New Castle,BRFSS,Prevention,Cholesterol screening among adults,Cholesterol Screening,CHOLSCREEN,83.0,80.8,85.0,%,Crude prevalence,12255,16219,39.723588,-75.5412081
2022,19801,19801,ZCTA,New Castle,BRFSS,Prevention,Colorectal cancer screening among adults aged 45–75 years,Colorectal Cancer Screening,COLON_SCREEN,60.2,55.7,64.6,%,Crude prevalence,12255,16219,39.723588,-75.5412081
2023,19801,19801,ZCTA,New Castle,BRFSS,Prevention,Current lack of health insurance among adults aged 18-64 years,Health Insurance,ACCESS2,13.7,11.7,15.8,%,Crude prevalence,12255,16219,39.723588,-75.5412081
2022,19801,19801,ZCTA,New Castle,BRFSS,Prevention,Mammography use among women aged 50-74 years,Mammography,MAMMOUSE,76.4,70.4,82.0,%,Crude prevalence,12255,16219,39.723588,-75.5412081
2023,19801,19801,ZCTA,New Castle,BRFSS,Prevention,Taking medicine to control high blood pressure among adults with high blood pressure,High Blood Pressure Medication,BPMED,74.5,71.9,77.0,%,Crude prevalence,12255,16219,39.723588,-75.5412081
2022,19801,19801,ZCTA,New Castle,BRFSS,Prevention,Visited dentist or dental clinic in the past year among adults,Dental Visit,DENTAL,46.1,42.3,49.9,%,Crude prevalence,12255,16219,39.723588,-75.5412081
2023,19801,19801,ZCTA,New Castle,BRFSS,Prevention,Visits to doctor for routine checkup within the past year among adults,Annual Checkup,CHECKUP,79.2,76.0,82.2,%,Crude prevalence,12255,16219,39.723588,-75.5412081
2023,19802,19802,ZCTA,New Castle,BRFSS,Disability,Any disability among adults,Any Disability,DISABILITY,36.1,32.5,39.8,%,Crude prevalence,20206,26189,39.7550415,-75.5264624
2023,19802,19802,ZCTA,New Castle,BRFSS,Disability,Cognitive disability among adults,Cognitive Disability,COGNITION,17.1,15.3,18.9,%,Crude prevalence,20206,26189,39.7550415,-75.5264624
2023,19802,19802,ZCTA,New Castle,BRFSS,Disability,Hearing disability among adults,Hearing Disability,HEARING,5.2,4.6,5.8,%,Crude prevalence,20206,26189,39.7550415,-75.5264624
2023,19802,19802,ZCTA,New Castle,BRFSS,Disability,Independent living disability among adults,Independent Living Disability,INDEPLIVE,11.5,10.3,12.7,%,Crude prevalence,20206,26189,39.7550415,-75.5264624
2023,19802,19802,ZCTA,New Castle,BRFSS,Disability,Mobility disability among adults,Mobility Disability,MOBILITY,19.3,17.3,21.4,%,Crude prevalence,20206,26189,39.7550415,-75.5264624
2023,19802,19802,ZCTA,New Castle,BRFSS,Disability,Self-care disability among adults,Self-care Disability,SELFCARE,6.2,5.6,6.7,%,Crude prevalence,20206,26189,39.7550415,-75.5264624
2023,19802,19802,ZCTA,New Castle,BRFSS,Disability,Vision disability among adults,Vision Disability,VISION,8.1,7.4,8.8,%,Crude prevalence,20206,26189,39.7550415,-75.5264624
2022,19802,19802,ZCTA,New Castle,BRFSS,Health Outcomes,All teeth lost among adults aged >=65 years,All Teeth Lost,TEETHLOST,16.3,13.6,19.3,%,Crude prevalence,20206,26189,39.7550415,-75.5264624
2023,19802,19802,ZCTA,New Castle,BRFSS,Health Outcomes,Arthritis among adults,Arthritis,ARTHRITIS,27.7,24.9,30.3,%,Crude prevalence,20206,26189,39.7550415,-75.5264624
2023,19802,19802,ZCTA,New Castle,BRFSS,Health Outcomes,Cancer (non-skin) or melanoma among adults,Cancer (non-skin) or Melanoma,CANCER,6.0,5.5,6.6,%,Crude prevalence,20206,26189,39.7550415,-75.5264624
2023,19802,19802,ZCTA,New Castle,BRFSS,Health Outcomes,Chronic obstructive pulmonary disease among adults,COPD,COPD,8.0,7.1,8.8,%,Crude prevalence,20206,26189,39.7550415,-75.5264624
2023,19802,19802,ZCTA,New Castle,BRFSS,Health Outcomes,Coronary heart disease among adults,Coronary Heart Disease,CHD,6.7,6.1,7.4,%,Crude prevalence,20206,26189,39.7550415,-75.5264624
2023,19802,19802,ZCTA,New Castle,BRFSS,Health Outcomes,Current asthma among adults,Current Asthma,CASTHMA,12.4,11.0,13.8,%,Crude prevalence,20206,26189,39.7550415,-75.5264624
2023,19802,19802,ZCTA,New Castle,BRFSS,Health Outcomes,Depression among adults,Depression,DEPRESSION,20.1,17.3,23.0,%,Crude prevalence,20206,26189,39.7550415,-75.5264624
2023,19802,19802,ZCTA,New Castle,BRFSS,Health Outcomes,Diagnosed diabetes among adults,Diabetes,DIABETES,17.3,15.3,19.2,%,Crude prevalence,20206,26189,39.7550415,-75.5264624
2023,19802,19802,ZCTA,New Castle,BRFSS,Health Outcomes,High blood pressure among adults,High Blood Pressure,BPHIGH,43.9,40.3,47.2,%,Crude prevalence,20206,26189,39.7550415,-75.5264624
2023,19802,19802,ZCTA,New Castle,BRFSS,Health Outcomes,High cholesterol among adults who have ever been screened,High Cholesterol,HIGHCHOL,37.7,34.0,41.2,%,Crude prevalence,20206,26189,39.7550415,-75.5264624
2023,19802,19802,ZCTA,New Castle,BRFSS,Health Outcomes,Obesity among adults,Obesity,OBESITY,42.9,36.6,48.7,%,Crude prevalence,20206,26189,39.7550415,-75.5264624
2023,19802,19802,ZCTA,New Castle,BRFSS,Health Outcomes,Stroke among adults,Stroke,STROKE,4.9,4.5,5.3,%,Crude prevalence,20206,26189,39.7550415,-75.5264624
2023,19802,19802,ZCTA,New Castle,BRFSS,Health Risk Behaviors,Binge drinking among adults,Binge Drinking,BINGE,12.4,10.5,14.6,%,Crude prevalence,20206,26189,39.7550415,-75.5264624
2023,19802,19802,ZCTA,New Castle,BRFSS,Health Risk Behaviors,Current cigarette smoking among adults,Current Cigarette Smoking,CSMOKING,17.0,14.9,19.3,%,Crude prevalence,20206,26189,39.7550415,-75.5264624
2023,19802,19802,ZCTA,New Castle,BRFSS,Health Risk Behaviors,No leisure-time physical activity among adults,Physical Inactivity,LPA,34.5,30.2,38.7,%,Crude prevalence,20206,26189,39.7550415,-75.5264624
2022,19802,19802,ZCTA,New Castle,BRFSS,Health Risk Behaviors,Short sleep duration among adults,Short Sleep Duration,SLEEP,43.1,37.9,48.5,%,Crude prevalence,20206,26189,39.7550415,-75.5264624
2023,19802,19802,ZCTA,New Castle,BRFSS,Health Status,Fair or poor self-rated health status among adults,General Health,GHLTH,26.2,23.6,28.9,%,Crude prevalence,20206,26189,39.7550415,-75.5264624
2023,19802,19802,ZCTA,New Castle,BRFSS,Health Status,Frequent mental distress among adults,Frequent Mental Distress,MHLTH,18.4,16.5,20.4,%,Crude prevalence,20206,26189,39.7550415,-75.5264624
2023,19802,19802,ZCTA,New Castle,BRFSS,Health Status,Frequent physical distress among adults,Frequent Physical Distress,PHLTH,15.0,13.5,16.6,%,Crude prevalence,20206,26189,39.7550415,-75.5264624
2023,19802,19802,ZCTA,New Castle,BRFSS,Health-Related Social Needs,Food insecurity in the past 12 months among adults,Food Insecurity,FOODINSECU,28.9,25.8,31.6,%,Crude prevalence,20206,26189,39.7550415,-75.5264624
2023,19802,19802,ZCTA,New Castle,BRFSS,Health-Related Social Needs,Housing insecurity in the past 12 months among adults,Housing Insecurity,HOUSINSECU,23.2,20.6,25.7,%,Crude prevalence,20206,26189,39.7550415,-75.5264624
2023,19802,19802,ZCTA,New Castle,BRFSS,Health-Related Social Needs,Lack of reliable transportation in the past 12 months among adults,Transportation Barriers,LACKTRPT,15.3,13.6,16.9,%,Crude prevalence,20206,26189,39.7550415,-75.5264624
2023,19802,19802,ZCTA,New Castle,BRFSS,Health-Related Social Needs,Lack of social and emotional support among adults,Lack of Social/Emotional Support,EMOTIONSPT,28.4,25.0,31.8,%,Crude prevalence,20206,26189,39.7550415,-75.5264624
2023,19802,19802,ZCTA,New Castle,BRFSS,Health-Related Social Needs,Loneliness among adults,Loneliness,LONELINESS,35.9,31.9,39.8,%,Crude prevalence,20206,26189,39.7550415,-75.5264624
2023,19802,19802,ZCTA,New Castle,BRFSS,Health-Related Social Needs,Received food stamps in the past 12 months among adults,Food Stamps,FOODSTAMP,28.9,25.6,32.0,%,Crude prevalence,20206,26189,39.7550415,-75.5264624
2023,19802,19802,ZCTA,New Castle,BRFSS,Health-Related Social Needs,Utility services shut-off threat in the past 12 months among adults,Utility Services Threat,SHUTUTILITY,17.0,15.0,19.0,%,Crude prevalence,20206,26189,39.7550415,-75.5264624
2023,19802,19802,ZCTA,New Castle,BRFSS,Prevention,Cholesterol screening among adults,Cholesterol Screening,CHOLSCREEN,85.4,83.5,87.1,%,Crude prevalence,20206,26189,39.7550415,-75.5264624
2022,19802,19802,ZCTA,New Castle,BRFSS,Prevention,Colorectal cancer screening among adults aged 45–75 years,Colorectal Cancer Screening,COLON_SCREEN,63.5,59.2,67.8,%,Crude prevalence,20206,26189,39.7550415,-75.5264624
2023,19802,19802,ZCTA,New Castle,BRFSS,Prevention,Current lack of health insurance among adults aged 18-64 years,Health Insurance,ACCESS2,11.9,10.2,13.8,%,Crude prevalence,20206,26189,39.7550415,-75.5264624
2022,19802,19802,ZCTA,New Castle,BRFSS,Prevention,Mammography use among women aged 50-74 years,Mammography,MAMMOUSE,79.6,74.2,84.5,%,Crude prevalence,20206,26189,39.7550415,-75.5264624
2023,19802,19802,ZCTA,New Castle,BRFSS,Prevention,Taking medicine to control high blood pressure among adults with high blood pressure,High Blood Pressure Medication,BPMED,76.3,73.6,78.8,%,Crude prevalence,20206,26189,39.7550415,-75.5264624
2022,19802,19802,ZCTA,New Castle,BRFSS,Prevention,Visited dentist or dental clinic in the past year among adults,Dental Visit,DENTAL,53.5,49.9,57.2,%,Crude prevalence,20206,26189,39.7550415,-75.5264624
2023,19802,19802,ZCTA,New Castle,BRFSS,Prevention,Visits to doctor for routine checkup within the past year among adults,Annual Checkup,CHECKUP,81.0,77.9,83.8,%,Crude prevalence,20206,26189,39.7550415,-75.5264624
2023,19803,19803,ZCTA,New Castle,BRFSS,Disability,Any disability among adults,Any Disability,DISABILITY,25.1,22.0,28.3,%,Crude prevalence,17562,21886,39.7998719,-75.5422315
2023,19803,19803,ZCTA,New Castle,BRFSS,Disability,Cognitive disability among adults,Cognitive Disability,COGNITION,9.7,8.6,11.0,%,Crude prevalence,17562,21886,39.7998719,-75.5422315
2023,19803,19803,ZCTA,New Castle,BRFSS,Disability,Hearing disability among adults,Hearing Disability,HEARING,6.5,5.7,7.3,%,Crude prevalence,17562,21886,39.7998719,-75.5422315
2023,19803,19803,ZCTA,New Castle,BRFSS,Disability,Independent living disability among adults,Independent Living Disability,INDEPLIVE,5.7,5.0,6.4,%,Crude prevalence,17562,21886,39.7998719,-75.5422315
2023,19803,19803,ZCTA,New Castle,BRFSS,Disability,Mobility disability among adults,Mobility Disability,MOBILITY,11.6,10.2,13.2,%,Crude prevalence,17562,21886,39.7998719,-75.5422315
2023,19803,19803,ZCTA,New Castle,BRFSS,Disability,Self-care disability among adults,Self-care Disability,SELFCARE,2.5,2.3,2.8,%,Crude prevalence,17562,21886,39.7998719,-75.5422315
2023,19803,19803,ZCTA,New Castle,BRFSS,Disability,Vision disability among adults,Vision Disability,VISION,3.2,2.9,3.6,%,Crude prevalence,17562,21886,39.7998719,-75.5422315
2022,19803,19803,ZCTA,New Castle,BRFSS,Health Outcomes,All teeth lost among adults aged >=65 years,All Teeth Lost,TEETHLOST,6.3,5.1,7.7,%,Crude prevalence,17562,21886,39.7998719,-75.5422315
2023,19803,19803,ZCTA,New Castle,BRFSS,Health Outcomes,Arthritis among adults,Arthritis,ARTHRITIS,28.5,25.5,31.4,%,Crude prevalence,17562,21886,39.7998719,-75.5422315
2023,19803,19803,ZCTA,New Castle,BRFSS,Health Outcomes,Cancer (non-skin) or melanoma among adults,Cancer (non-skin) or Melanoma,CANCER,11.8,10.7,12.8,%,Crude prevalence,17562,21886,39.7998719,-75.5422315
2023,19803,19803,ZCTA,New Castle,BRFSS,Health Outcomes,Chronic obstructive pulmonary disease among adults,COPD,COPD,5.4,4.7,6.2,%,Crude prevalence,17562,21886,39.7998719,-75.5422315
2023,19803,19803,ZCTA,New Castle,BRFSS,Health Outcomes,Coronary heart disease among adults,Coronary Heart Disease,CHD,6.3,5.7,7.0,%,Crude prevalence,17562,21886,39.7998719,-75.5422315
2023,19803,19803,ZCTA,New Castle,BRFSS,Health Outcomes,Current asthma among adults,Current Asthma,CASTHMA,9.6,8.5,10.8,%,Crude prevalence,17562,21886,39.7998719,-75.5422315
2023,19803,19803,ZCTA,New Castle,BRFSS,Health Outcomes,Depression among adults,Depression,DEPRESSION,20.8,17.9,23.8,%,Crude prevalence,17562,21886,39.7998719,-75.5422315
2023,19803,19803,ZCTA,New Castle,BRFSS,Health Outcomes,Diagnosed diabetes among adults,Diabetes,DIABETES,10.5,9.2,11.9,%,Crude prevalence,17562,21886,39.7998719,-75.5422315
2023,19803,19803,ZCTA,New Castle,BRFSS,Health Outcomes,High blood pressure among adults,High Blood Pressure,BPHIGH,34.7,31.2,38.1,%,Crude prevalence,17562,21886,39.7998719,-75.5422315
2023,19803,19803,ZCTA,New Castle,BRFSS,Health Outcomes,High cholesterol among adults who have ever been screened,High Cholesterol,HIGHCHOL,41.8,37.9,45.5,%,Crude prevalence,17562,21886,39.7998719,-75.5422315
2023,19803,19803,ZCTA,New Castle,BRFSS,Health Outcomes,Obesity among adults,Obesity,OBESITY,28.2,23.2,33.5,%,Crude prevalence,17562,21886,39.7998719,-75.5422315
2023,19803,19803,ZCTA,New Castle,BRFSS,Health Outcomes,Stroke among adults,Stroke,STROKE,3.1,2.8,3.4,%,Crude prevalence,17562,21886,39.7998719,-75.5422315
2023,19803,19803,ZCTA,New Castle,BRFSS,Health Risk Behaviors,Binge drinking among adults,Binge Drinking,BINGE,15.3,13.0,17.7,%,Crude prevalence,17562,21886,39.7998719,-75.5422315
2023,19803,19803,ZCTA,New Castle,BRFSS,Health Risk Behaviors,Current cigarette smoking among adults,Current Cigarette Smoking,CSMOKING,8.3,7.0,9.7,%,Crude prevalence,17562,21886,39.7998719,-75.5422315
2023,19803,19803,ZCTA,New Castle,BRFSS,Health Risk Behaviors,No leisure-time physical activity among adults,Physical Inactivity,LPA,19.6,16.6,23.0,%,Crude prevalence,17562,21886,39.7998719,-75.5422315
2022,19803,19803,ZCTA,New Castle,BRFSS,Health Risk Behaviors,Short sleep duration among adults,Short Sleep Duration,SLEEP,29.6,25.3,34.3,%,Crude prevalence,17562,21886,39.7998719,-75.5422315
2023,19803,19803,ZCTA,New Castle,BRFSS,Health Status,Fair or poor self-rated health status among adults,General Health,GHLTH,13.0,11.5,14.8,%,Crude prevalence,17562,21886,39.7998719,-75.5422315
2023,19803,19803,ZCTA,New Castle,BRFSS,Health Status,Frequent mental distress among adults,Frequent Mental Distress,MHLTH,12.6,11.2,14.2,%,Crude prevalence,17562,21886,39.7998719,-75.5422315
2023,19803,19803,ZCTA,New Castle,BRFSS,Health Status,Frequent physical distress among adults,Frequent Physical Distress,PHLTH,10.9,9.6,12.2,%,Crude prevalence,17562,21886,39.7998719,-75.5422315
2023,19803,19803,ZCTA,New Castle,BRFSS,Health-Related Social Needs,Food insecurity in the past 12 months among adults,Food Insecurity,FOODINSECU,6.7,5.7,7.7,%,Crude prevalence,17562,21886,39.7998719,-75.5422315
2023,19803,19803,ZCTA,New Castle,BRFSS,Health-Related Social Needs,Housing insecurity in the past 12 months among adults,Housing Insecurity,HOUSINSECU,6.0,5.2,6.9,%,Crude prevalence,17562,21886,39.7998719,-75.5422315
2023,19803,19803,ZCTA,New Castle,BRFSS,Health-Related Social Needs,Lack of reliable transportation in the past 12 months among adults,Transportation Barriers,LACKTRPT,4.4,3.9,5.0,%,Crude prevalence,17562,21886,39.7998719,-75.5422315
2023,19803,19803,ZCTA,New Castle,BRFSS,Health-Related Social Needs,Lack of social and emotional support among adults,Lack of Social/Emotional Support,EMOTIONSPT,16.9,14.6,19.3,%,Crude prevalence,17562,21886,39.7998719,-75.5422315
2023,19803,19803,ZCTA,New Castle,BRFSS,Health-Related Social Needs,Loneliness among adults,Loneliness,LONELINESS,27.4,24.0,30.8,%,Crude prevalence,17562,21886,39.7998719,-75.5422315
2023,19803,19803,ZCTA,New Castle,BRFSS,Health-Related Social Needs,Received food stamps in the past 12 months among adults,Food Stamps,FOODSTAMP,5.1,4.2,6.0,%,Crude prevalence,17562,21886,39.7998719,-75.5422315
2023,19803,19803,ZCTA,New Castle,BRFSS,Health-Related Social Needs,Utility services shut-off threat in the past 12 months among adults,Utility Services Threat,SHUTUTILITY,3.9,3.4,4.5,%,Crude prevalence,17562,21886,39.7998719,-75.5422315
2023,19803,19803,ZCTA,New Castle,BRFSS,Prevention,Cholesterol screening among adults,Cholesterol Screening,CHOLSCREEN,91.0,89.7,92.2,%,Crude prevalence,17562,21886,39.7998719,-75.5422315
2022,19803,19803,ZCTA,New Castle,BRFSS,Prevention,Colorectal cancer screening among adults aged 45–75 years,Colorectal Cancer Screening,COLON_SCREEN,71.1,67.1,74.9,%,Crude prevalence,17562,21886,39.7998719,-75.5422315
2023,19803,19803,ZCTA,New Castle,BRFSS,Prevention,Current lack of health insurance among adults aged 18-64 years,Health Insurance,ACCESS2,5.0,4.2,5.9,%,Crude prevalence,17562,21886,39.7998719,-75.5422315
2022,19803,19803,ZCTA,New Castle,BRFSS,Prevention,Mammography use among women aged 50-74 years,Mammography,MAMMOUSE,80.0,74.6,84.9,%,Crude prevalence,17562,21886,39.7998719,-75.5422315
2023,19803,19803,ZCTA,New Castle,BRFSS,Prevention,Taking medicine to control high blood pressure among adults with high blood pressure,High Blood Pressure Medication,BPMED,78.7,75.7,81.2,%,Crude prevalence,17562,21886,39.7998719,-75.5422315
2022,19803,19803,ZCTA,New Castle,BRFSS,Prevention,Visited dentist or dental clinic in the past year among adults,Dental Visit,DENTAL,72.9,69.7,75.8,%,Crude prevalence,17562,21886,39.7998719,-75.5422315
2023,19803,19803,ZCTA,New Castle,BRFSS,Prevention,Visits to doctor for routine checkup within the past year among adults,Annual Checkup,CHECKUP,81.3,78.2,84.0,%,Crude prevalence,17562,21886,39.7998719,-75.5422315
2023,19804,19804,ZCTA,New Castle,BRFSS,Disability,Any disability among adults,Any Disability,DISABILITY,32.0,28.4,35.5,%,Crude prevalence,14502,18292,39.7187601,-75.6218662
2023,19804,19804,ZCTA,New Castle,BRFSS,Disability,Cognitive disability among adults,Cognitive Disability,COGNITION,15.1,13.4,16.9,%,Crude prevalence,14502,18292,39.7187601,-75.6218662
2023,19804,19804,ZCTA,New Castle,BRFSS,Disability,Hearing disability among adults,Hearing Disability,HEARING,6.4,5.7,7.2,%,Crude prevalence,14502,18292,39.7187601,-75.6218662
2023,19804,19804,ZCTA,New Castle,BRFSS,Disability,Independent living disability among adults,Independent Living Disability,INDEPLIVE,8.6,7.7,9.6,%,Crude prevalence,14502,18292,39.7187601,-75.6218662
2023,19804,19804,ZCTA,New Castle,BRFSS,Disability,Mobility disability among adults,Mobility Disability,MOBILITY,15.0,13.3,16.7,%,Crude prevalence,14502,18292,39.7187601,-75.6218662
2023,19804,19804,ZCTA,New Castle,BRFSS,Disability,Self-care disability among adults,Self-care Disability,SELFCARE,4.0,3.6,4.3,%,Crude prevalence,14502,18292,39.7187601,-75.6218662
2023,19804,19804,ZCTA,New Castle,BRFSS,Disability,Vision disability among adults,Vision Disability,VISION,5.4,4.9,5.9,%,Crude prevalence,14502,18292,39.7187601,-75.6218662
2022,19804,19804,ZCTA,New Castle,BRFSS,Health Outcomes,All teeth lost among adults aged >=65 years,All Teeth Lost,TEETHLOST,13.4,11.1,16.0,%,Crude prevalence,14502,18292,39.7187601,-75.6218662
2023,19804,19804,ZCTA,New Castle,BRFSS,Health Outcomes,Arthritis among adults,Arthritis,ARTHRITIS,26.4,23.7,29.1,%,Crude prevalence,14502,18292,39.7187601,-75.6218662
2023,19804,19804,ZCTA,New Castle,BRFSS,Health Outcomes,Cancer (non-skin) or melanoma among adults,Cancer (non-skin) or Melanoma,CANCER,8.2,7.5,9.0,%,Crude prevalence,14502,18292,39.7187601,-75.6218662
2023,19804,19804,ZCTA,New Castle,BRFSS,Health Outcomes,Chronic obstructive pulmonary disease among adults,COPD,COPD,7.2,6.3,8.0,%,Crude prevalence,14502,18292,39.7187601,-75.6218662
2023,19804,19804,ZCTA,New Castle,BRFSS,Health Outcomes,Coronary heart disease among adults,Coronary Heart Disease,CHD,6.4,5.8,7.1,%,Crude prevalence,14502,18292,39.7187601,-75.6218662
2023,19804,19804,ZCTA,New Castle,BRFSS,Health Outcomes,Current asthma among adults,Current Asthma,CASTHMA,10.6,9.4,11.9,%,Crude prevalence,14502,18292,39.7187601,-75.6218662
2023,19804,19804,ZCTA,New Castle,BRFSS,Health Outcomes,Depression among adults,Depression,DEPRESSION,22.9,19.8,26.1,%,Crude prevalence,14502,18292,39.7187601,-75.6218662
2023,19804,19804,ZCTA,New Castle,BRFSS,Health Outcomes,Diagnosed diabetes among adults,Diabetes,DIABETES,12.5,11.0,14.0,%,Crude prevalence,14502,18292,39.7187601,-75.6218662
2023,19804,19804,ZCTA,New Castle,BRFSS,Health Outcomes,High blood pressure among adults,High Blood Pressure,BPHIGH,34.9,31.5,38.3,%,Crude prevalence,14502,18292,39.7187601,-75.6218662
2023,19804,19804,ZCTA,New Castle,BRFSS,Health Outcomes,High cholesterol among adults who have ever been screened,High Cholesterol,HIGHCHOL,38.8,35.1,42.4,%,Crude prevalence,14502,18292,39.7187601,-75.6218662
2023,19804,19804,ZCTA,New Castle,BRFSS,Health Outcomes,Obesity among adults,Obesity,OBESITY,35.1,29.5,40.8,%,Crude prevalence,14502,18292,39.7187601,-75.6218662
2023,19804,19804,ZCTA,New Castle,BRFSS,Health Outcomes,Stroke among adults,Stroke,STROKE,3.6,3.3,3.9,%,Crude prevalence,14502,18292,39.7187601,-75.6218662
2023,19804,19804,ZCTA,New Castle,BRFSS,Health Risk Behaviors,Binge drinking among adults,Binge Drinking,BINGE,16.0,13.6,18.6,%,Crude prevalence,14502,18292,39.7187601,-75.6218662
2023,19804,19804,ZCTA,New Castle,BRFSS,Health Risk Behaviors,Current cigarette smoking among adults,Current Cigarette Smoking,CSMOKING,14.1,12.2,16.0,%,Crude prevalence,14502,18292,39.7187601,-75.6218662
2023,19804,19804,ZCTA,New Castle,BRFSS,Health Risk Behaviors,No leisure-time physical activity among adults,Physical Inactivity,LPA,28.6,24.6,32.5,%,Crude prevalence,14502,18292,39.7187601,-75.6218662
2022,19804,19804,ZCTA,New Castle,BRFSS,Health Risk Behaviors,Short sleep duration among adults,Short Sleep Duration,SLEEP,35.8,31.0,40.9,%,Crude prevalence,14502,18292,39.7187601,-75.6218662
2023,19804,19804,ZCTA,New Castle,BRFSS,Health Status,Fair or poor self-rated health status among adults,General Health,GHLTH,20.3,18.0,22.5,%,Crude prevalence,14502,18292,39.7187601,-75.6218662
2023,19804,19804,ZCTA,New Castle,BRFSS,Health Status,Frequent mental distress among adults,Frequent Mental Distress,MHLTH,17.0,15.2,18.9,%,Crude prevalence,14502,18292,39.7187601,-75.6218662
2023,19804,19804,ZCTA,New Castle,BRFSS,Health Status,Frequent physical distress among adults,Frequent Physical Distress,PHLTH,14.0,12.5,15.6,%,Crude prevalence,14502,18292,39.7187601,-75.6218662
2023,19804,19804,ZCTA,New Castle,BRFSS,Health-Related Social Needs,Food insecurity in the past 12 months among adults,Food Insecurity,FOODINSECU,16.4,14.5,18.6,%,Crude prevalence,14502,18292,39.7187601,-75.6218662
2023,19804,19804,ZCTA,New Castle,BRFSS,Health-Related Social Needs,Housing insecurity in the past 12 months among adults,Housing Insecurity,HOUSINSECU,13.8,12.1,15.5,%,Crude prevalence,14502,18292,39.7187601,-75.6218662
2023,19804,19804,ZCTA,New Castle,BRFSS,Health-Related Social Needs,Lack of reliable transportation in the past 12 months among adults,Transportation Barriers,LACKTRPT,9.0,7.9,10.1,%,Crude prevalence,14502,18292,39.7187601,-75.6218662
2023,19804,19804,ZCTA,New Castle,BRFSS,Health-Related Social Needs,Lack of social and emotional support among adults,Lack of Social/Emotional Support,EMOTIONSPT,22.5,19.5,25.6,%,Crude prevalence,14502,18292,39.7187601,-75.6218662
2023,19804,19804,ZCTA,New Castle,BRFSS,Health-Related Social Needs,Loneliness among adults,Loneliness,LONELINESS,32.5,28.6,36.3,%,Crude prevalence,14502,18292,39.7187601,-75.6218662
2023,19804,19804,ZCTA,New Castle,BRFSS,Health-Related Social Needs,Received food stamps in the past 12 months among adults,Food Stamps,FOODSTAMP,13.7,11.7,15.9,%,Crude prevalence,14502,18292,39.7187601,-75.6218662
2023,19804,19804,ZCTA,New Castle,BRFSS,Health-Related Social Needs,Utility services shut-off threat in the past 12 months among adults,Utility Services Threat,SHUTUTILITY,8.6,7.5,9.8,%,Crude prevalence,14502,18292,39.7187601,-75.6218662
2023,19804,19804,ZCTA,New Castle,BRFSS,Prevention,Cholesterol screening among adults,Cholesterol Screening,CHOLSCREEN,85.8,84.0,87.6,%,Crude prevalence,14502,18292,39.7187601,-75.6218662
2022,19804,19804,ZCTA,New Castle,BRFSS,Prevention,Colorectal cancer screening among adults aged 45–75 years,Colorectal Cancer Screening,COLON_SCREEN,63.0,58.7,67.3,%,Crude prevalence,14502,18292,39.7187601,-75.6218662
2023,19804,19804,ZCTA,New Castle,BRFSS,Prevention,Current lack of health insurance among adults aged 18-64 years,Health Insurance,ACCESS2,11.8,10.1,13.6,%,Crude prevalence,14502,18292,39.7187601,-75.6218662
2022,19804,19804,ZCTA,New Castle,BRFSS,Prevention,Mammography use among women aged 50-74 years,Mammography,MAMMOUSE,75.6,69.5,81.2,%,Crude prevalence,14502,18292,39.7187601,-75.6218662
2023,19804,19804,ZCTA,New Castle,BRFSS,Prevention,Taking medicine to control high blood pressure among adults with high blood pressure,High Blood Pressure Medication,BPMED,74.4,71.3,77.1,%,Crude prevalence,14502,18292,39.7187601,-75.6218662
2022,19804,19804,ZCTA,New Castle,BRFSS,Prevention,Visited dentist or dental clinic in the past year among adults,Dental Visit,DENTAL,59.6,55.9,63.2,%,Crude prevalence,14502,18292,39.7187601,-75.6218662
2023,19804,19804,ZCTA,New Castle,BRFSS,Prevention,Visits to doctor for routine checkup within the past year among adults,Annual Checkup,CHECKUP,77.4,73.8,80.5,%,Crude prevalence,14502,18292,39.7187601,-75.6218662
2023,19805,19805,ZCTA,New Castle,BRFSS,Disability,Any disability among adults,Any Disability,DISABILITY,34.2,30.6,37.6,%,Crude prevalence,29744,39985,39.7452101,-75.593712
2023,19805,19805,ZCTA,New Castle,BRFSS,Disability,Cognitive disability among adults,Cognitive Disability,COGNITION,17.0,15.3,18.8,%,Crude prevalence,29744,39985,39.7452101,-75.593712
2023,19805,19805,ZCTA,New Castle,BRFSS,Disability,Hearing disability among adults,Hearing Disability,HEARING,5.8,5.1,6.4,%,Crude prevalence,29744,39985,39.7452101,-75.593712
2023,19805,19805,ZCTA,New Castle,BRFSS,Disability,Independent living disability among adults,Independent Living Disability,INDEPLIVE,10.3,9.3,11.3,%,Crude prevalence,29744,39985,39.7452101,-75.593712
2023,19805,19805,ZCTA,New Castle,BRFSS,Disability,Mobility disability among adults,Mobility Disability,MOBILITY,16.5,14.7,18.1,%,Crude prevalence,29744,39985,39.7452101,-75.593712
2023,19805,19805,ZCTA,New Castle,BRFSS,Disability,Self-care disability among adults,Self-care Disability,SELFCARE,5.0,4.6,5.5,%,Crude prevalence,29744,39985,39.7452101,-75.593712
2023,19805,19805,ZCTA,New Castle,BRFSS,Disability,Vision disability among adults,Vision Disability,VISION,7.1,6.6,7.7,%,Crude prevalence,29744,39985,39.7452101,-75.593712
2022,19805,19805,ZCTA,New Castle,BRFSS,Health Outcomes,All teeth lost among adults aged >=65 years,All Teeth Lost,TEETHLOST,15.9,13.4,18.7,%,Crude prevalence,29744,39985,39.7452101,-75.593712
2023,19805,19805,ZCTA,New Castle,BRFSS,Health Outcomes,Arthritis among adults,Arthritis,ARTHRITIS,24.6,22.1,27.1,%,Crude prevalence,29744,39985,39.7452101,-75.593712
2023,19805,19805,ZCTA,New Castle,BRFSS,Health Outcomes,Cancer (non-skin) or melanoma among adults,Cancer (non-skin) or Melanoma,CANCER,6.4,5.8,6.9,%,Crude prevalence,29744,39985,39.7452101,-75.593712
2023,19805,19805,ZCTA,New Castle,BRFSS,Health Outcomes,Chronic obstructive pulmonary disease among adults,COPD,COPD,7.2,6.4,8.0,%,Crude prevalence,29744,39985,39.7452101,-75.593712
2023,19805,19805,ZCTA,New Castle,BRFSS,Health Outcomes,Coronary heart disease among adults,Coronary Heart Disease,CHD,6.2,5.6,6.8,%,Crude prevalence,29744,39985,39.7452101,-75.593712
2023,19805,19805,ZCTA,New Castle,BRFSS,Health Outcomes,Current asthma among adults,Current Asthma,CASTHMA,11.2,9.9,12.5,%,Crude prevalence,29744,39985,39.7452101,-75.593712
2023,19805,19805,ZCTA,New Castle,BRFSS,Health Outcomes,Depression among adults,Depression,DEPRESSION,22.2,19.1,25.2,%,Crude prevalence,29744,39985,39.7452101,-75.593712
2023,19805,19805,ZCTA,New Castle,BRFSS,Health Outcomes,Diagnosed diabetes among adults,Diabetes,DIABETES,14.0,12.4,15.6,%,Crude prevalence,29744,39985,39.7452101,-75.593712
2023,19805,19805,ZCTA,New Castle,BRFSS,Health Outcomes,High blood pressure among adults,High Blood Pressure,BPHIGH,36.2,32.8,39.3,%,Crude prevalence,29744,39985,39.7452101,-75.593712
2023,19805,19805,ZCTA,New Castle,BRFSS,Health Outcomes,High cholesterol among adults who have ever been screened,High Cholesterol,HIGHCHOL,36.8,33.2,40.2,%,Crude prevalence,29744,39985,39.7452101,-75.593712
2023,19805,19805,ZCTA,New Castle,BRFSS,Health Outcomes,Obesity among adults,Obesity,OBESITY,39.0,33.1,44.8,%,Crude prevalence,29744,39985,39.7452101,-75.593712
2023,19805,19805,ZCTA,New Castle,BRFSS,Health Outcomes,Stroke among adults,Stroke,STROKE,3.8,3.5,4.1,%,Crude prevalence,29744,39985,39.7452101,-75.593712
2023,19805,19805,ZCTA,New Castle,BRFSS,Health Risk Behaviors,Binge drinking among adults,Binge Drinking,BINGE,14.9,12.6,17.4,%,Crude prevalence,29744,39985,39.7452101,-75.593712
2023,19805,19805,ZCTA,New Castle,BRFSS,Health Risk Behaviors,Current cigarette smoking among adults,Current Cigarette Smoking,CSMOKING,15.6,13.7,17.6,%,Crude prevalence,29744,39985,39.7452101,-75.593712
2023,19805,19805,ZCTA,New Castle,BRFSS,Health Risk Behaviors,No leisure-time physical activity among adults,Physical Inactivity,LPA,32.7,28.5,36.5,%,Crude prevalence,29744,39985,39.7452101,-75.593712
2022,19805,19805,ZCTA,New Castle,BRFSS,Health Risk Behaviors,Short sleep duration among adults,Short Sleep Duration,SLEEP,39.1,34.2,44.4,%,Crude prevalence,29744,39985,39.7452101,-75.593712
2023,19805,19805,ZCTA,New Castle,BRFSS,Health Status,Fair or poor self-rated health status among adults,General Health,GHLTH,24.0,21.6,26.3,%,Crude prevalence,29744,39985,39.7452101,-75.593712
2023,19805,19805,ZCTA,New Castle,BRFSS,Health Status,Frequent mental distress among adults,Frequent Mental Distress,MHLTH,18.3,16.4,20.1,%,Crude prevalence,29744,39985,39.7452101,-75.593712
2023,19805,19805,ZCTA,New Castle,BRFSS,Health Status,Frequent physical distress among adults,Frequent Physical Distress,PHLTH,14.7,13.2,16.2,%,Crude prevalence,29744,39985,39.7452101,-75.593712
2023,19805,19805,ZCTA,New Castle,BRFSS,Health-Related Social Needs,Food insecurity in the past 12 months among adults,Food Insecurity,FOODINSECU,24.8,22.4,27.5,%,Crude prevalence,29744,39985,39.7452101,-75.593712
2023,19805,19805,ZCTA,New Castle,BRFSS,Health-Related Social Needs,Housing insecurity in the past 12 months among adults,Housing Insecurity,HOUSINSECU,20.1,17.9,22.4,%,Crude prevalence,29744,39985,39.7452101,-75.593712
2023,19805,19805,ZCTA,New Castle,BRFSS,Health-Related Social Needs,Lack of reliable transportation in the past 12 months among adults,Transportation Barriers,LACKTRPT,13.0,11.6,14.5,%,Crude prevalence,29744,39985,39.7452101,-75.593712
2023,19805,19805,ZCTA,New Castle,BRFSS,Health-Related Social Needs,Lack of social and emotional support among adults,Lack of Social/Emotional Support,EMOTIONSPT,25.0,21.8,28.2,%,Crude prevalence,29744,39985,39.7452101,-75.593712
2023,19805,19805,ZCTA,New Castle,BRFSS,Health-Related Social Needs,Loneliness among adults,Loneliness,LONELINESS,34.3,30.5,38.4,%,Crude prevalence,29744,39985,39.7452101,-75.593712
2023,19805,19805,ZCTA,New Castle,BRFSS,Health-Related Social Needs,Received food stamps in the past 12 months among adults,Food Stamps,FOODSTAMP,22.9,20.2,25.6,%,Crude prevalence,29744,39985,39.7452101,-75.593712
2023,19805,19805,ZCTA,New Castle,BRFSS,Health-Related Social Needs,Utility services shut-off threat in the past 12 months among adults,Utility Services Threat,SHUTUTILITY,13.5,11.8,15.1,%,Crude prevalence,29744,39985,39.7452101,-75.593712
2023,19805,19805,ZCTA,New Castle,BRFSS,Prevention,Cholesterol screening among adults,Cholesterol Screening,CHOLSCREEN,84.0,81.8,85.9,%,Crude prevalence,29744,39985,39.7452101,-75.593712
2022,19805,19805,ZCTA,New Castle,BRFSS,Prevention,Colorectal cancer screening among adults aged 45–75 years,Colorectal Cancer Screening,COLON_SCREEN,60.9,56.5,65.3,%,Crude prevalence,29744,39985,39.7452101,-75.593712
2023,19805,19805,ZCTA,New Castle,BRFSS,Prevention,Current lack of health insurance among adults aged 18-64 years,Health Insurance,ACCESS2,14.7,12.8,16.7,%,Crude prevalence,29744,39985,39.7452101,-75.593712
2022,19805,19805,ZCTA,New Castle,BRFSS,Prevention,Mammography use among women aged 50-74 years,Mammography,MAMMOUSE,76.0,69.9,81.5,%,Crude prevalence,29744,39985,39.7452101,-75.593712
2023,19805,19805,ZCTA,New Castle,BRFSS,Prevention,Taking medicine to control high blood pressure among adults with high blood pressure,High Blood Pressure Medication,BPMED,72.8,69.9,75.6,%,Crude prevalence,29744,39985,39.7452101,-75.593712
2022,19805,19805,ZCTA,New Castle,BRFSS,Prevention,Visited dentist or dental clinic in the past year among adults,Dental Visit,DENTAL,54.7,50.9,58.3,%,Crude prevalence,29744,39985,39.7452101,-75.593712
2023,19805,19805,ZCTA,New Castle,BRFSS,Prevention,Visits to doctor for routine checkup within the past year among adults,Annual Checkup,CHECKUP,77.3,73.7,80.5,%,Crude prevalence,29744,39985,39.7452101,-75.593712
2023,19806,19806,ZCTA,New Castle,BRFSS,Disability,Any disability among adults,Any Disability,DISABILITY,26.2,23.2,29.5,%,Crude prevalence,8977,10083,39.7625423,-75.5632982
2023,19806,19806,ZCTA,New Castle,BRFSS,Disability,Cognitive disability among adults,Cognitive Disability,COGNITION,10.7,9.4,12.3,%,Crude prevalence,8977,10083,39.7625423,-75.5632982
2023,19806,19806,ZCTA,New Castle,BRFSS,Disability,Hearing disability among adults,Hearing Disability,HEARING,6.2,5.5,7.0,%,Crude prevalence,8977,10083,39.7625423,-75.5632982
2023,19806,19806,ZCTA,New Castle,BRFSS,Disability,Independent living disability among adults,Independent Living Disability,INDEPLIVE,6.4,5.7,7.2,%,Crude prevalence,8977,10083,39.7625423,-75.5632982
2023,19806,19806,ZCTA,New Castle,BRFSS,Disability,Mobility disability among adults,Mobility Disability,MOBILITY,12.1,10.7,13.7,%,Crude prevalence,8977,10083,39.7625423,-75.5632982
2023,19806,19806,ZCTA,New Castle,BRFSS,Disability,Self-care disability among adults,Self-care Disability,SELFCARE,2.9,2.6,3.2,%,Crude prevalence,8977,10083,39.7625423,-75.5632982
2023,19806,19806,ZCTA,New Castle,BRFSS,Disability,Vision disability among adults,Vision Disability,VISION,3.9,3.5,4.3,%,Crude prevalence,8977,10083,39.7625423,-75.5632982
2022,19806,19806,ZCTA,New Castle,BRFSS,Health Outcomes,All teeth lost among adults aged >=65 years,All Teeth Lost,TEETHLOST,8.0,6.6,9.7,%,Crude prevalence,8977,10083,39.7625423,-75.5632982
2023,19806,19806,ZCTA,New Castle,BRFSS,Health Outcomes,Arthritis among adults,Arthritis,ARTHRITIS,26.8,24.1,29.5,%,Crude prevalence,8977,10083,39.7625423,-75.5632982
2023,19806,19806,ZCTA,New Castle,BRFSS,Health Outcomes,Cancer (non-skin) or melanoma among adults,Cancer (non-skin) or Melanoma,CANCER,10.4,9.5,11.3,%,Crude prevalence,8977,10083,39.7625423,-75.5632982
2023,19806,19806,ZCTA,New Castle,BRFSS,Health Outcomes,Chronic obstructive pulmonary disease among adults,COPD,COPD,5.5,4.8,6.3,%,Crude prevalence,8977,10083,39.7625423,-75.5632982
2023,19806,19806,ZCTA,New Castle,BRFSS,Health Outcomes,Coronary heart disease among adults,Coronary Heart Disease,CHD,6.2,5.6,6.9,%,Crude prevalence,8977,10083,39.7625423,-75.5632982
2023,19806,19806,ZCTA,New Castle,BRFSS,Health Outcomes,Current asthma among adults,Current Asthma,CASTHMA,9.9,8.7,11.1,%,Crude prevalence,8977,10083,39.7625423,-75.5632982
2023,19806,19806,ZCTA,New Castle,BRFSS,Health Outcomes,Depression among adults,Depression,DEPRESSION,21.5,18.4,24.6,%,Crude prevalence,8977,10083,39.7625423,-75.5632982
2023,19806,19806,ZCTA,New Castle,BRFSS,Health Outcomes,Diagnosed diabetes among adults,Diabetes,DIABETES,10.8,9.5,12.2,%,Crude prevalence,8977,10083,39.7625423,-75.5632982
2023,19806,19806,ZCTA,New Castle,BRFSS,Health Outcomes,High blood pressure among adults,High Blood Pressure,BPHIGH,34.1,30.8,37.3,%,Crude prevalence,8977,10083,39.7625423,-75.5632982
2023,19806,19806,ZCTA,New Castle,BRFSS,Health Outcomes,High cholesterol among adults who have ever been screened,High Cholesterol,HIGHCHOL,39.2,35.5,42.8,%,Crude prevalence,8977,10083,39.7625423,-75.5632982
2023,19806,19806,ZCTA,New Castle,BRFSS,Health Outcomes,Obesity among adults,Obesity,OBESITY,29.8,24.5,35.3,%,Crude prevalence,8977,10083,39.7625423,-75.5632982
2023,19806,19806,ZCTA,New Castle,BRFSS,Health Outcomes,Stroke among adults,Stroke,STROKE,3.3,3.0,3.6,%,Crude prevalence,8977,10083,39.7625423,-75.5632982
2023,19806,19806,ZCTA,New Castle,BRFSS,Health Risk Behaviors,Binge drinking among adults,Binge Drinking,BINGE,16.1,13.7,18.6,%,Crude prevalence,8977,10083,39.7625423,-75.5632982
2023,19806,19806,ZCTA,New Castle,BRFSS,Health Risk Behaviors,Current cigarette smoking among adults,Current Cigarette Smoking,CSMOKING,8.5,7.2,10.0,%,Crude prevalence,8977,10083,39.7625423,-75.5632982
2023,19806,19806,ZCTA,New Castle,BRFSS,Health Risk Behaviors,No leisure-time physical activity among adults,Physical Inactivity,LPA,20.6,17.6,24.1,%,Crude prevalence,8977,10083,39.7625423,-75.5632982
2022,19806,19806,ZCTA,New Castle,BRFSS,Health Risk Behaviors,Short sleep duration among adults,Short Sleep Duration,SLEEP,30.3,25.9,35.1,%,Crude prevalence,8977,10083,39.7625423,-75.5632982
2023,19806,19806,ZCTA,New Castle,BRFSS,Health Status,Fair or poor self-rated health status among adults,General Health,GHLTH,14.2,12.5,16.1,%,Crude prevalence,8977,10083,39.7625423,-75.5632982
2023,19806,19806,ZCTA,New Castle,BRFSS,Health Status,Frequent mental distress among adults,Frequent Mental Distress,MHLTH,13.6,12.0,15.2,%,Crude prevalence,8977,10083,39.7625423,-75.5632982
2023,19806,19806,ZCTA,New Castle,BRFSS,Health Status,Frequent physical distress among adults,Frequent Physical Distress,PHLTH,10.8,9.6,12.1,%,Crude prevalence,8977,10083,39.7625423,-75.5632982
2023,19806,19806,ZCTA,New Castle,BRFSS,Health-Related Social Needs,Food insecurity in the past 12 months among adults,Food Insecurity,FOODINSECU,9.0,7.6,10.5,%,Crude prevalence,8977,10083,39.7625423,-75.5632982
2023,19806,19806,ZCTA,New Castle,BRFSS,Health-Related Social Needs,Housing insecurity in the past 12 months among adults,Housing Insecurity,HOUSINSECU,7.7,6.5,8.9,%,Crude prevalence,8977,10083,39.7625423,-75.5632982
2023,19806,19806,ZCTA,New Castle,BRFSS,Health-Related Social Needs,Lack of reliable transportation in the past 12 months among adults,Transportation Barriers,LACKTRPT,5.7,5.0,6.5,%,Crude prevalence,8977,10083,39.7625423,-75.5632982
2023,19806,19806,ZCTA,New Castle,BRFSS,Health-Related Social Needs,Lack of social and emotional support among adults,Lack of Social/Emotional Support,EMOTIONSPT,17.3,14.8,19.9,%,Crude prevalence,8977,10083,39.7625423,-75.5632982
2023,19806,19806,ZCTA,New Castle,BRFSS,Health-Related Social Needs,Loneliness among adults,Loneliness,LONELINESS,28.5,24.9,32.2,%,Crude prevalence,8977,10083,39.7625423,-75.5632982
2023,19806,19806,ZCTA,New Castle,BRFSS,Health-Related Social Needs,Received food stamps in the past 12 months among adults,Food Stamps,FOODSTAMP,7.8,6.5,9.2,%,Crude prevalence,8977,10083,39.7625423,-75.5632982
2023,19806,19806,ZCTA,New Castle,BRFSS,Health-Related Social Needs,Utility services shut-off threat in the past 12 months among adults,Utility Services Threat,SHUTUTILITY,5.2,4.5,6.1,%,Crude prevalence,8977,10083,39.7625423,-75.5632982
2023,19806,19806,ZCTA,New Castle,BRFSS,Prevention,Cholesterol screening among adults,Cholesterol Screening,CHOLSCREEN,88.9,87.3,90.4,%,Crude prevalence,8977,10083,39.7625423,-75.5632982
2022,19806,19806,ZCTA,New Castle,BRFSS,Prevention,Colorectal cancer screening among adults aged 45–75 years,Colorectal Cancer Screening,COLON_SCREEN,72.4,68.6,76.1,%,Crude prevalence,8977,10083,39.7625423,-75.5632982
2023,19806,19806,ZCTA,New Castle,BRFSS,Prevention,Current lack of health insurance among adults aged 18-64 years,Health Insurance,ACCESS2,6.0,5.0,7.3,%,Crude prevalence,8977,10083,39.7625423,-75.5632982
2022,19806,19806,ZCTA,New Castle,BRFSS,Prevention,Mammography use among women aged 50-74 years,Mammography,MAMMOUSE,80.2,74.7,84.9,%,Crude prevalence,8977,10083,39.7625423,-75.5632982
2023,19806,19806,ZCTA,New Castle,BRFSS,Prevention,Taking medicine to control high blood pressure among adults with high blood pressure,High Blood Pressure Medication,BPMED,77.6,75.1,79.9,%,Crude prevalence,8977,10083,39.7625423,-75.5632982
2022,19806,19806,ZCTA,New Castle,BRFSS,Prevention,Visited dentist or dental clinic in the past year among adults,Dental Visit,DENTAL,70.7,67.5,73.7,%,Crude prevalence,8977,10083,39.7625423,-75.5632982
2023,19806,19806,ZCTA,New Castle,BRFSS,Prevention,Visits to doctor for routine checkup within the past year among adults,Annual Checkup,CHECKUP,80.0,76.7,82.8,%,Crude prevalence,8977,10083,39.7625423,-75.5632982
2023,19807,19807,ZCTA,New Castle,BRFSS,Disability,Any disability among adults,Any Disability,DISABILITY,25.4,22.4,28.6,%,Crude prevalence,6615,8089,39.7965002,-75.6128401
2023,19807,19807,ZCTA,New Castle,BRFSS,Disability,Cognitive disability among adults,Cognitive Disability,COGNITION,9.0,7.8,10.2,%,Crude prevalence,6615,8089,39.7965002,-75.6128401
2023,19807,19807,ZCTA,New Castle,BRFSS,Disability,Hearing disability among adults,Hearing Disability,HEARING,7.2,6.4,8.1,%,Crude prevalence,6615,8089,39.7965002,-75.6128401
2023,19807,19807,ZCTA,New Castle,BRFSS,Disability,Independent living disability among adults,Independent Living Disability,INDEPLIVE,5.5,4.8,6.3,%,Crude prevalence,6615,8089,39.7965002,-75.6128401
2023,19807,19807,ZCTA,New Castle,BRFSS,Disability,Mobility disability among adults,Mobility Disability,MOBILITY,12.0,10.5,13.7,%,Crude prevalence,6615,8089,39.7965002,-75.6128401
2023,19807,19807,ZCTA,New Castle,BRFSS,Disability,Self-care disability among adults,Self-care Disability,SELFCARE,2.5,2.3,2.9,%,Crude prevalence,6615,8089,39.7965002,-75.6128401
2023,19807,19807,ZCTA,New Castle,BRFSS,Disability,Vision disability among adults,Vision Disability,VISION,3.3,2.9,3.7,%,Crude prevalence,6615,8089,39.7965002,-75.6128401
2022,19807,19807,ZCTA,New Castle,BRFSS,Health Outcomes,All teeth lost among adults aged >=65 years,All Teeth Lost,TEETHLOST,6.3,5.1,7.7,%,Crude prevalence,6615,8089,39.7965002,-75.6128401
2023,19807,19807,ZCTA,New Castle,BRFSS,Health Outcomes,Arthritis among adults,Arthritis,ARTHRITIS,29.6,26.6,32.4,%,Crude prevalence,6615,8089,39.7965002,-75.6128401
2023,19807,19807,ZCTA,New Castle,BRFSS,Health Outcomes,Cancer (non-skin) or melanoma among adults,Cancer (non-skin) or Melanoma,CANCER,12.8,11.7,13.9,%,Crude prevalence,6615,8089,39.7965002,-75.6128401
2023,19807,19807,ZCTA,New Castle,BRFSS,Health Outcomes,Chronic obstructive pulmonary disease among adults,COPD,COPD,5.4,4.7,6.3,%,Crude prevalence,6615,8089,39.7965002,-75.6128401
2023,19807,19807,ZCTA,New Castle,BRFSS,Health Outcomes,Coronary heart disease among adults,Coronary Heart Disease,CHD,7.0,6.2,7.7,%,Crude prevalence,6615,8089,39.7965002,-75.6128401
2023,19807,19807,ZCTA,New Castle,BRFSS,Health Outcomes,Current asthma among adults,Current Asthma,CASTHMA,9.2,8.1,10.3,%,Crude prevalence,6615,8089,39.7965002,-75.6128401
2023,19807,19807,ZCTA,New Castle,BRFSS,Health Outcomes,Depression among adults,Depression,DEPRESSION,19.6,16.8,22.6,%,Crude prevalence,6615,8089,39.7965002,-75.6128401
2023,19807,19807,ZCTA,New Castle,BRFSS,Health Outcomes,Diagnosed diabetes among adults,Diabetes,DIABETES,11.0,9.6,12.4,%,Crude prevalence,6615,8089,39.7965002,-75.6128401
2023,19807,19807,ZCTA,New Castle,BRFSS,Health Outcomes,High blood pressure among adults,High Blood Pressure,BPHIGH,36.1,32.6,39.5,%,Crude prevalence,6615,8089,39.7965002,-75.6128401
2023,19807,19807,ZCTA,New Castle,BRFSS,Health Outcomes,High cholesterol among adults who have ever been screened,High Cholesterol,HIGHCHOL,43.2,39.3,47.0,%,Crude prevalence,6615,8089,39.7965002,-75.6128401
2023,19807,19807,ZCTA,New Castle,BRFSS,Health Outcomes,Obesity among adults,Obesity,OBESITY,26.9,22.1,32.1,%,Crude prevalence,6615,8089,39.7965002,-75.6128401
2023,19807,19807,ZCTA,New Castle,BRFSS,Health Outcomes,Stroke among adults,Stroke,STROKE,3.3,2.9,3.6,%,Crude prevalence,6615,8089,39.7965002,-75.6128401
2023,19807,19807,ZCTA,New Castle,BRFSS,Health Risk Behaviors,Binge drinking among adults,Binge Drinking,BINGE,14.2,12.0,16.5,%,Crude prevalence,6615,8089,39.7965002,-75.6128401
2023,19807,19807,ZCTA,New Castle,BRFSS,Health Risk Behaviors,Current cigarette smoking among adults,Current Cigarette Smoking,CSMOKING,7.2,6.0,8.6,%,Crude prevalence,6615,8089,39.7965002,-75.6128401
2023,19807,19807,ZCTA,New Castle,BRFSS,Health Risk Behaviors,No leisure-time physical activity among adults,Physical Inactivity,LPA,19.4,16.4,22.6,%,Crude prevalence,6615,8089,39.7965002,-75.6128401
2022,19807,19807,ZCTA,New Castle,BRFSS,Health Risk Behaviors,Short sleep duration among adults,Short Sleep Duration,SLEEP,27.5,23.4,32.0,%,Crude prevalence,6615,8089,39.7965002,-75.6128401
2023,19807,19807,ZCTA,New Castle,BRFSS,Health Status,Fair or poor self-rated health status among adults,General Health,GHLTH,12.8,11.2,14.6,%,Crude prevalence,6615,8089,39.7965002,-75.6128401
2023,19807,19807,ZCTA,New Castle,BRFSS,Health Status,Frequent mental distress among adults,Frequent Mental Distress,MHLTH,11.5,10.1,12.9,%,Crude prevalence,6615,8089,39.7965002,-75.6128401
2023,19807,19807,ZCTA,New Castle,BRFSS,Health Status,Frequent physical distress among adults,Frequent Physical Distress,PHLTH,10.7,9.5,12.1,%,Crude prevalence,6615,8089,39.7965002,-75.6128401
2023,19807,19807,ZCTA,New Castle,BRFSS,Health-Related Social Needs,Food insecurity in the past 12 months among adults,Food Insecurity,FOODINSECU,5.9,4.9,7.0,%,Crude prevalence,6615,8089,39.7965002,-75.6128401
2023,19807,19807,ZCTA,New Castle,BRFSS,Health-Related Social Needs,Housing insecurity in the past 12 months among adults,Housing Insecurity,HOUSINSECU,5.1,4.3,5.9,%,Crude prevalence,6615,8089,39.7965002,-75.6128401
2023,19807,19807,ZCTA,New Castle,BRFSS,Health-Related Social Needs,Lack of reliable transportation in the past 12 months among adults,Transportation Barriers,LACKTRPT,4.0,3.5,4.6,%,Crude prevalence,6615,8089,39.7965002,-75.6128401
2023,19807,19807,ZCTA,New Castle,BRFSS,Health-Related Social Needs,Lack of social and emotional support among adults,Lack of Social/Emotional Support,EMOTIONSPT,16.0,13.7,18.4,%,Crude prevalence,6615,8089,39.7965002,-75.6128401
2023,19807,19807,ZCTA,New Castle,BRFSS,Health-Related Social Needs,Loneliness among adults,Loneliness,LONELINESS,26.3,23.0,29.8,%,Crude prevalence,6615,8089,39.7965002,-75.6128401
2023,19807,19807,ZCTA,New Castle,BRFSS,Health-Related Social Needs,Received food stamps in the past 12 months among adults,Food Stamps,FOODSTAMP,4.3,3.4,5.3,%,Crude prevalence,6615,8089,39.7965002,-75.6128401
2023,19807,19807,ZCTA,New Castle,BRFSS,Health-Related Social Needs,Utility services shut-off threat in the past 12 months among adults,Utility Services Threat,SHUTUTILITY,3.4,2.9,4.0,%,Crude prevalence,6615,8089,39.7965002,-75.6128401
2023,19807,19807,ZCTA,New Castle,BRFSS,Prevention,Cholesterol screening among adults,Cholesterol Screening,CHOLSCREEN,91.7,90.5,92.8,%,Crude prevalence,6615,8089,39.7965002,-75.6128401
2022,19807,19807,ZCTA,New Castle,BRFSS,Prevention,Colorectal cancer screening among adults aged 45–75 years,Colorectal Cancer Screening,COLON_SCREEN,71.0,67.0,74.8,%,Crude prevalence,6615,8089,39.7965002,-75.6128401
2023,19807,19807,ZCTA,New Castle,BRFSS,Prevention,Current lack of health insurance among adults aged 18-64 years,Health Insurance,ACCESS2,4.5,3.7,5.3,%,Crude prevalence,6615,8089,39.7965002,-75.6128401
2022,19807,19807,ZCTA,New Castle,BRFSS,Prevention,Mammography use among women aged 50-74 years,Mammography,MAMMOUSE,78.2,72.4,83.4,%,Crude prevalence,6615,8089,39.7965002,-75.6128401
2023,19807,19807,ZCTA,New Castle,BRFSS,Prevention,Taking medicine to control high blood pressure among adults with high blood pressure,High Blood Pressure Medication,BPMED,80.2,77.4,82.8,%,Crude prevalence,6615,8089,39.7965002,-75.6128401
2022,19807,19807,ZCTA,New Castle,BRFSS,Prevention,Visited dentist or dental clinic in the past year among adults,Dental Visit,DENTAL,75.8,72.8,78.5,%,Crude prevalence,6615,8089,39.7965002,-75.6128401
2023,19807,19807,ZCTA,New Castle,BRFSS,Prevention,Visits to doctor for routine checkup within the past year among adults,Annual Checkup,CHECKUP,82.4,79.5,85.0,%,Crude prevalence,6615,8089,39.7965002,-75.6128401
2023,19808,19808,ZCTA,New Castle,BRFSS,Disability,Any disability among adults,Any Disability,DISABILITY,27.5,24.3,30.7,%,Crude prevalence,31618,39285,39.7376151,-75.6670572
2023,19808,19808,ZCTA,New Castle,BRFSS,Disability,Cognitive disability among adults,Cognitive Disability,COGNITION,11.9,10.5,13.3,%,Crude prevalence,31618,39285,39.7376151,-75.6670572
2023,19808,19808,ZCTA,New Castle,BRFSS,Disability,Hearing disability among adults,Hearing Disability,HEARING,6.3,5.5,7.0,%,Crude prevalence,31618,39285,39.7376151,-75.6670572
2023,19808,19808,ZCTA,New Castle,BRFSS,Disability,Independent living disability among adults,Independent Living Disability,INDEPLIVE,6.7,6.0,7.4,%,Crude prevalence,31618,39285,39.7376151,-75.6670572
2023,19808,19808,ZCTA,New Castle,BRFSS,Disability,Mobility disability among adults,Mobility Disability,MOBILITY,12.6,11.2,14.2,%,Crude prevalence,31618,39285,39.7376151,-75.6670572
2023,19808,19808,ZCTA,New Castle,BRFSS,Disability,Self-care disability among adults,Self-care Disability,SELFCARE,3.0,2.7,3.2,%,Crude prevalence,31618,39285,39.7376151,-75.6670572
2023,19808,19808,ZCTA,New Castle,BRFSS,Disability,Vision disability among adults,Vision Disability,VISION,3.9,3.6,4.3,%,Crude prevalence,31618,39285,39.7376151,-75.6670572
2022,19808,19808,ZCTA,New Castle,BRFSS,Health Outcomes,All teeth lost among adults aged >=65 years,All Teeth Lost,TEETHLOST,8.2,6.7,9.9,%,Crude prevalence,31618,39285,39.7376151,-75.6670572
2023,19808,19808,ZCTA,New Castle,BRFSS,Health Outcomes,Arthritis among adults,Arthritis,ARTHRITIS,26.9,24.2,29.6,%,Crude prevalence,31618,39285,39.7376151,-75.6670572
2023,19808,19808,ZCTA,New Castle,BRFSS,Health Outcomes,Cancer (non-skin) or melanoma among adults,Cancer (non-skin) or Melanoma,CANCER,9.9,9.1,10.8,%,Crude prevalence,31618,39285,39.7376151,-75.6670572
2023,19808,19808,ZCTA,New Castle,BRFSS,Health Outcomes,Chronic obstructive pulmonary disease among adults,COPD,COPD,6.0,5.3,6.7,%,Crude prevalence,31618,39285,39.7376151,-75.6670572
2023,19808,19808,ZCTA,New Castle,BRFSS,Health Outcomes,Coronary heart disease among adults,Coronary Heart Disease,CHD,6.1,5.5,6.8,%,Crude prevalence,31618,39285,39.7376151,-75.6670572
2023,19808,19808,ZCTA,New Castle,BRFSS,Health Outcomes,Current asthma among adults,Current Asthma,CASTHMA,9.9,8.8,11.1,%,Crude prevalence,31618,39285,39.7376151,-75.6670572
2023,19808,19808,ZCTA,New Castle,BRFSS,Health Outcomes,Depression among adults,Depression,DEPRESSION,21.5,18.5,24.5,%,Crude prevalence,31618,39285,39.7376151,-75.6670572
2023,19808,19808,ZCTA,New Castle,BRFSS,Health Outcomes,Diagnosed diabetes among adults,Diabetes,DIABETES,11.0,9.7,12.5,%,Crude prevalence,31618,39285,39.7376151,-75.6670572
2023,19808,19808,ZCTA,New Castle,BRFSS,Health Outcomes,High blood pressure among adults,High Blood Pressure,BPHIGH,33.8,30.4,37.1,%,Crude prevalence,31618,39285,39.7376151,-75.6670572
2023,19808,19808,ZCTA,New Castle,BRFSS,Health Outcomes,High cholesterol among adults who have ever been screened,High Cholesterol,HIGHCHOL,40.4,36.5,44.0,%,Crude prevalence,31618,39285,39.7376151,-75.6670572
2023,19808,19808,ZCTA,New Castle,BRFSS,Health Outcomes,Obesity among adults,Obesity,OBESITY,30.2,25.0,35.6,%,Crude prevalence,31618,39285,39.7376151,-75.6670572
2023,19808,19808,ZCTA,New Castle,BRFSS,Health Outcomes,Stroke among adults,Stroke,STROKE,3.2,2.9,3.4,%,Crude prevalence,31618,39285,39.7376151,-75.6670572
2023,19808,19808,ZCTA,New Castle,BRFSS,Health Risk Behaviors,Binge drinking among adults,Binge Drinking,BINGE,15.7,13.4,18.3,%,Crude prevalence,31618,39285,39.7376151,-75.6670572
2023,19808,19808,ZCTA,New Castle,BRFSS,Health Risk Behaviors,Current cigarette smoking among adults,Current Cigarette Smoking,CSMOKING,10.6,9.1,12.1,%,Crude prevalence,31618,39285,39.7376151,-75.6670572
2023,19808,19808,ZCTA,New Castle,BRFSS,Health Risk Behaviors,No leisure-time physical activity among adults,Physical Inactivity,LPA,23.3,20.0,26.8,%,Crude prevalence,31618,39285,39.7376151,-75.6670572
2022,19808,19808,ZCTA,New Castle,BRFSS,Health Risk Behaviors,Short sleep duration among adults,Short Sleep Duration,SLEEP,32.1,27.6,37.0,%,Crude prevalence,31618,39285,39.7376151,-75.6670572
2023,19808,19808,ZCTA,New Castle,BRFSS,Health Status,Fair or poor self-rated health status among adults,General Health,GHLTH,15.7,13.9,17.5,%,Crude prevalence,31618,39285,39.7376151,-75.6670572
2023,19808,19808,ZCTA,New Castle,BRFSS,Health Status,Frequent mental distress among adults,Frequent Mental Distress,MHLTH,14.4,12.9,16.1,%,Crude prevalence,31618,39285,39.7376151,-75.6670572
2023,19808,19808,ZCTA,New Castle,BRFSS,Health Status,Frequent physical distress among adults,Frequent Physical Distress,PHLTH,12.0,10.7,13.4,%,Crude prevalence,31618,39285,39.7376151,-75.6670572
2023,19808,19808,ZCTA,New Castle,BRFSS,Health-Related Social Needs,Food insecurity in the past 12 months among adults,Food Insecurity,FOODINSECU,10.2,8.9,11.6,%,Crude prevalence,31618,39285,39.7376151,-75.6670572
2023,19808,19808,ZCTA,New Castle,BRFSS,Health-Related Social Needs,Housing insecurity in the past 12 months among adults,Housing Insecurity,HOUSINSECU,8.8,7.7,10.1,%,Crude prevalence,31618,39285,39.7376151,-75.6670572
2023,19808,19808,ZCTA,New Castle,BRFSS,Health-Related Social Needs,Lack of reliable transportation in the past 12 months among adults,Transportation Barriers,LACKTRPT,6.0,5.3,6.7,%,Crude prevalence,31618,39285,39.7376151,-75.6670572
2023,19808,19808,ZCTA,New Castle,BRFSS,Health-Related Social Needs,Lack of social and emotional support among adults,Lack of Social/Emotional Support,EMOTIONSPT,19.9,17.2,22.6,%,Crude prevalence,31618,39285,39.7376151,-75.6670572
2023,19808,19808,ZCTA,New Castle,BRFSS,Health-Related Social Needs,Loneliness among adults,Loneliness,LONELINESS,30.0,26.5,33.7,%,Crude prevalence,31618,39285,39.7376151,-75.6670572
2023,19808,19808,ZCTA,New Castle,BRFSS,Health-Related Social Needs,Received food stamps in the past 12 months among adults,Food Stamps,FOODSTAMP,7.7,6.5,8.9,%,Crude prevalence,31618,39285,39.7376151,-75.6670572
2023,19808,19808,ZCTA,New Castle,BRFSS,Health-Related Social Needs,Utility services shut-off threat in the past 12 months among adults,Utility Services Threat,SHUTUTILITY,5.4,4.6,6.1,%,Crude prevalence,31618,39285,39.7376151,-75.6670572
2023,19808,19808,ZCTA,New Castle,BRFSS,Prevention,Cholesterol screening among adults,Cholesterol Screening,CHOLSCREEN,88.6,87.1,90.0,%,Crude prevalence,31618,39285,39.7376151,-75.6670572
2022,19808,19808,ZCTA,New Castle,BRFSS,Prevention,Colorectal cancer screening among adults aged 45–75 years,Colorectal Cancer Screening,COLON_SCREEN,68.6,64.4,72.5,%,Crude prevalence,31618,39285,39.7376151,-75.6670572
2023,19808,19808,ZCTA,New Castle,BRFSS,Prevention,Current lack of health insurance among adults aged 18-64 years,Health Insurance,ACCESS2,8.0,6.9,9.2,%,Crude prevalence,31618,39285,39.7376151,-75.6670572
2022,19808,19808,ZCTA,New Castle,BRFSS,Prevention,Mammography use among women aged 50-74 years,Mammography,MAMMOUSE,77.9,72.2,83.1,%,Crude prevalence,31618,39285,39.7376151,-75.6670572
2023,19808,19808,ZCTA,New Castle,BRFSS,Prevention,Taking medicine to control high blood pressure among adults with high blood pressure,High Blood Pressure Medication,BPMED,76.5,73.4,79.1,%,Crude prevalence,31618,39285,39.7376151,-75.6670572
2022,19808,19808,ZCTA,New Castle,BRFSS,Prevention,Visited dentist or dental clinic in the past year among adults,Dental Visit,DENTAL,67.7,64.3,71.0,%,Crude prevalence,31618,39285,39.7376151,-75.6670572
2023,19808,19808,ZCTA,New Castle,BRFSS,Prevention,Visits to doctor for routine checkup within the past year among adults,Annual Checkup,CHECKUP,79.2,75.9,82.1,%,Crude prevalence,31618,39285,39.7376151,-75.6670572
2023,19809,19809,ZCTA,New Castle,BRFSS,Disability,Any disability among adults,Any Disability,DISABILITY,27.4,24.0,30.6,%,Crude prevalence,11773,14658,39.7566739,-75.5010351
2023,19809,19809,ZCTA,New Castle,BRFSS,Disability,Cognitive disability among adults,Cognitive Disability,COGNITION,12.2,10.7,13.6,%,Crude prevalence,11773,14658,39.7566739,-75.5010351
2023,19809,19809,ZCTA,New Castle,BRFSS,Disability,Hearing disability among adults,Hearing Disability,HEARING,5.7,5.0,6.4,%,Crude prevalence,11773,14658,39.7566739,-75.5010351
2023,19809,19809,ZCTA,New Castle,BRFSS,Disability,Independent living disability among adults,Independent Living Disability,INDEPLIVE,7.0,6.2,7.8,%,Crude prevalence,11773,14658,39.7566739,-75.5010351
2023,19809,19809,ZCTA,New Castle,BRFSS,Disability,Mobility disability among adults,Mobility Disability,MOBILITY,12.8,11.3,14.3,%,Crude prevalence,11773,14658,39.7566739,-75.5010351
2023,19809,19809,ZCTA,New Castle,BRFSS,Disability,Self-care disability among adults,Self-care Disability,SELFCARE,3.2,2.9,3.5,%,Crude prevalence,11773,14658,39.7566739,-75.5010351
2023,19809,19809,ZCTA,New Castle,BRFSS,Disability,Vision disability among adults,Vision Disability,VISION,4.1,3.7,4.5,%,Crude prevalence,11773,14658,39.7566739,-75.5010351
2022,19809,19809,ZCTA,New Castle,BRFSS,Health Outcomes,All teeth lost among adults aged >=65 years,All Teeth Lost,TEETHLOST,9.8,8.0,11.8,%,Crude prevalence,11773,14658,39.7566739,-75.5010351
2023,19809,19809,ZCTA,New Castle,BRFSS,Health Outcomes,Arthritis among adults,Arthritis,ARTHRITIS,26.6,23.9,29.4,%,Crude prevalence,11773,14658,39.7566739,-75.5010351
2023,19809,19809,ZCTA,New Castle,BRFSS,Health Outcomes,Cancer (non-skin) or melanoma among adults,Cancer (non-skin) or Melanoma,CANCER,9.0,8.2,9.8,%,Crude prevalence,11773,14658,39.7566739,-75.5010351
2023,19809,19809,ZCTA,New Castle,BRFSS,Health Outcomes,Chronic obstructive pulmonary disease among adults,COPD,COPD,6.0,5.3,6.8,%,Crude prevalence,11773,14658,39.7566739,-75.5010351
2023,19809,19809,ZCTA,New Castle,BRFSS,Health Outcomes,Coronary heart disease among adults,Coronary Heart Disease,CHD,5.9,5.3,6.5,%,Crude prevalence,11773,14658,39.7566739,-75.5010351
2023,19809,19809,ZCTA,New Castle,BRFSS,Health Outcomes,Current asthma among adults,Current Asthma,CASTHMA,10.5,9.3,11.7,%,Crude prevalence,11773,14658,39.7566739,-75.5010351
2023,19809,19809,ZCTA,New Castle,BRFSS,Health Outcomes,Depression among adults,Depression,DEPRESSION,21.9,18.9,25.0,%,Crude prevalence,11773,14658,39.7566739,-75.5010351
2023,19809,19809,ZCTA,New Castle,BRFSS,Health Outcomes,Diagnosed diabetes among adults,Diabetes,DIABETES,11.5,10.1,13.0,%,Crude prevalence,11773,14658,39.7566739,-75.5010351
2023,19809,19809,ZCTA,New Castle,BRFSS,Health Outcomes,High blood pressure among adults,High Blood Pressure,BPHIGH,35.0,31.5,38.3,%,Crude prevalence,11773,14658,39.7566739,-75.5010351
2023,19809,19809,ZCTA,New Castle,BRFSS,Health Outcomes,High cholesterol among adults who have ever been screened,High Cholesterol,HIGHCHOL,39.1,35.3,42.6,%,Crude prevalence,11773,14658,39.7566739,-75.5010351
2023,19809,19809,ZCTA,New Castle,BRFSS,Health Outcomes,Obesity among adults,Obesity,OBESITY,32.9,27.3,38.4,%,Crude prevalence,11773,14658,39.7566739,-75.5010351
2023,19809,19809,ZCTA,New Castle,BRFSS,Health Outcomes,Stroke among adults,Stroke,STROKE,3.2,3.0,3.5,%,Crude prevalence,11773,14658,39.7566739,-75.5010351
2023,19809,19809,ZCTA,New Castle,BRFSS,Health Risk Behaviors,Binge drinking among adults,Binge Drinking,BINGE,15.5,13.2,18.1,%,Crude prevalence,11773,14658,39.7566739,-75.5010351
2023,19809,19809,ZCTA,New Castle,BRFSS,Health Risk Behaviors,Current cigarette smoking among adults,Current Cigarette Smoking,CSMOKING,11.2,9.6,12.9,%,Crude prevalence,11773,14658,39.7566739,-75.5010351
2023,19809,19809,ZCTA,New Castle,BRFSS,Health Risk Behaviors,No leisure-time physical activity among adults,Physical Inactivity,LPA,23.4,19.9,26.9,%,Crude prevalence,11773,14658,39.7566739,-75.5010351
2022,19809,19809,ZCTA,New Castle,BRFSS,Health Risk Behaviors,Short sleep duration among adults,Short Sleep Duration,SLEEP,34.1,29.4,39.1,%,Crude prevalence,11773,14658,39.7566739,-75.5010351
2023,19809,19809,ZCTA,New Castle,BRFSS,Health Status,Fair or poor self-rated health status among adults,General Health,GHLTH,16.0,14.1,18.0,%,Crude prevalence,11773,14658,39.7566739,-75.5010351
2023,19809,19809,ZCTA,New Castle,BRFSS,Health Status,Frequent mental distress among adults,Frequent Mental Distress,MHLTH,15.2,13.5,16.9,%,Crude prevalence,11773,14658,39.7566739,-75.5010351
2023,19809,19809,ZCTA,New Castle,BRFSS,Health Status,Frequent physical distress among adults,Frequent Physical Distress,PHLTH,12.0,10.7,13.4,%,Crude prevalence,11773,14658,39.7566739,-75.5010351
2023,19809,19809,ZCTA,New Castle,BRFSS,Health-Related Social Needs,Food insecurity in the past 12 months among adults,Food Insecurity,FOODINSECU,11.7,10.2,13.3,%,Crude prevalence,11773,14658,39.7566739,-75.5010351
2023,19809,19809,ZCTA,New Castle,BRFSS,Health-Related Social Needs,Housing insecurity in the past 12 months among adults,Housing Insecurity,HOUSINSECU,10.3,9.0,11.8,%,Crude prevalence,11773,14658,39.7566739,-75.5010351
2023,19809,19809,ZCTA,New Castle,BRFSS,Health-Related Social Needs,Lack of reliable transportation in the past 12 months among adults,Transportation Barriers,LACKTRPT,6.9,6.1,7.8,%,Crude prevalence,11773,14658,39.7566739,-75.5010351
2023,19809,19809,ZCTA,New Castle,BRFSS,Health-Related Social Needs,Lack of social and emotional support among adults,Lack of Social/Emotional Support,EMOTIONSPT,20.3,17.6,23.2,%,Crude prevalence,11773,14658,39.7566739,-75.5010351
2023,19809,19809,ZCTA,New Castle,BRFSS,Health-Related Social Needs,Loneliness among adults,Loneliness,LONELINESS,30.3,26.6,34.0,%,Crude prevalence,11773,14658,39.7566739,-75.5010351
2023,19809,19809,ZCTA,New Castle,BRFSS,Health-Related Social Needs,Received food stamps in the past 12 months among adults,Food Stamps,FOODSTAMP,9.9,8.3,11.6,%,Crude prevalence,11773,14658,39.7566739,-75.5010351
2023,19809,19809,ZCTA,New Castle,BRFSS,Health-Related Social Needs,Utility services shut-off threat in the past 12 months among adults,Utility Services Threat,SHUTUTILITY,6.9,6.0,7.9,%,Crude prevalence,11773,14658,39.7566739,-75.5010351
2023,19809,19809,ZCTA,New Castle,BRFSS,Prevention,Cholesterol screening among adults,Cholesterol Screening,CHOLSCREEN,88.6,87.1,90.0,%,Crude prevalence,11773,14658,39.7566739,-75.5010351
2022,19809,19809,ZCTA,New Castle,BRFSS,Prevention,Colorectal cancer screening among adults aged 45–75 years,Colorectal Cancer Screening,COLON_SCREEN,69.3,65.3,73.2,%,Crude prevalence,11773,14658,39.7566739,-75.5010351
2023,19809,19809,ZCTA,New Castle,BRFSS,Prevention,Current lack of health insurance among adults aged 18-64 years,Health Insurance,ACCESS2,6.7,5.7,7.9,%,Crude prevalence,11773,14658,39.7566739,-75.5010351
2022,19809,19809,ZCTA,New Castle,BRFSS,Prevention,Mammography use among women aged 50-74 years,Mammography,MAMMOUSE,77.9,72.2,83.1,%,Crude prevalence,11773,14658,39.7566739,-75.5010351
2023,19809,19809,ZCTA,New Castle,BRFSS,Prevention,Taking medicine to control high blood pressure among adults with high blood pressure,High Blood Pressure Medication,BPMED,75.9,72.8,78.6,%,Crude prevalence,11773,14658,39.7566739,-75.5010351
2022,19809,19809,ZCTA,New Castle,BRFSS,Prevention,Visited dentist or dental clinic in the past year among adults,Dental Visit,DENTAL,67.0,63.5,70.3,%,Crude prevalence,11773,14658,39.7566739,-75.5010351
2023,19809,19809,ZCTA,New Castle,BRFSS,Prevention,Visits to doctor for routine checkup within the past year among adults,Annual Checkup,CHECKUP,79.7,76.4,82.6,%,Crude prevalence,11773,14658,39.7566739,-75.5010351
2023,19810,19810,ZCTA,New Castle,BRFSS,Disability,Any disability among adults,Any Disability,DISABILITY,26.1,23.2,29.2,%,Crude prevalence,20500,25270,39.818682,-75.5061826
2023,19810,19810,ZCTA,New Castle,BRFSS,Disability,Cognitive disability among adults,Cognitive Disability,COGNITION,10.5,9.3,11.8,%,Crude prevalence,20500,25270,39.818682,-75.5061826
2023,19810,19810,ZCTA,New Castle,BRFSS,Disability,Hearing disability among adults,Hearing Disability,HEARING,6.3,5.6,7.1,%,Crude prevalence,20500,25270,39.818682,-75.5061826
2023,19810,19810,ZCTA,New Castle,BRFSS,Disability,Independent living disability among adults,Independent Living Disability,INDEPLIVE,6.1,5.5,6.8,%,Crude prevalence,20500,25270,39.818682,-75.5061826
2023,19810,19810,ZCTA,New Castle,BRFSS,Disability,Mobility disability among adults,Mobility Disability,MOBILITY,12.2,10.8,13.6,%,Crude prevalence,20500,25270,39.818682,-75.5061826
2023,19810,19810,ZCTA,New Castle,BRFSS,Disability,Self-care disability among adults,Self-care Disability,SELFCARE,2.8,2.5,3.0,%,Crude prevalence,20500,25270,39.818682,-75.5061826
2023,19810,19810,ZCTA,New Castle,BRFSS,Disability,Vision disability among adults,Vision Disability,VISION,3.6,3.2,3.9,%,Crude prevalence,20500,25270,39.818682,-75.5061826
2022,19810,19810,ZCTA,New Castle,BRFSS,Health Outcomes,All teeth lost among adults aged >=65 years,All Teeth Lost,TEETHLOST,7.7,6.2,9.3,%,Crude prevalence,20500,25270,39.818682,-75.5061826
2023,19810,19810,ZCTA,New Castle,BRFSS,Health Outcomes,Arthritis among adults,Arthritis,ARTHRITIS,27.9,25.1,30.7,%,Crude prevalence,20500,25270,39.818682,-75.5061826
2023,19810,19810,ZCTA,New Castle,BRFSS,Health Outcomes,Cancer (non-skin) or melanoma among adults,Cancer (non-skin) or Melanoma,CANCER,10.8,9.9,11.8,%,Crude prevalence,20500,25270,39.818682,-75.5061826
2023,19810,19810,ZCTA,New Castle,BRFSS,Health Outcomes,Chronic obstructive pulmonary disease among adults,COPD,COPD,5.7,5.0,6.4,%,Crude prevalence,20500,25270,39.818682,-75.5061826
2023,19810,19810,ZCTA,New Castle,BRFSS,Health Outcomes,Coronary heart disease among adults,Coronary Heart Disease,CHD,6.3,5.7,6.9,%,Crude prevalence,20500,25270,39.818682,-75.5061826
2023,19810,19810,ZCTA,New Castle,BRFSS,Health Outcomes,Current asthma among adults,Current Asthma,CASTHMA,9.7,8.6,10.9,%,Crude prevalence,20500,25270,39.818682,-75.5061826
2023,19810,19810,ZCTA,New Castle,BRFSS,Health Outcomes,Depression among adults,Depression,DEPRESSION,20.5,17.7,23.5,%,Crude prevalence,20500,25270,39.818682,-75.5061826
2023,19810,19810,ZCTA,New Castle,BRFSS,Health Outcomes,Diagnosed diabetes among adults,Diabetes,DIABETES,11.1,9.7,12.5,%,Crude prevalence,20500,25270,39.818682,-75.5061826
2023,19810,19810,ZCTA,New Castle,BRFSS,Health Outcomes,High blood pressure among adults,High Blood Pressure,BPHIGH,35.0,31.6,38.4,%,Crude prevalence,20500,25270,39.818682,-75.5061826
2023,19810,19810,ZCTA,New Castle,BRFSS,Health Outcomes,High cholesterol among adults who have ever been screened,High Cholesterol,HIGHCHOL,41.3,37.5,45.0,%,Crude prevalence,20500,25270,39.818682,-75.5061826
2023,19810,19810,ZCTA,New Castle,BRFSS,Health Outcomes,Obesity among adults,Obesity,OBESITY,29.0,23.9,34.2,%,Crude prevalence,20500,25270,39.818682,-75.5061826
2023,19810,19810,ZCTA,New Castle,BRFSS,Health Outcomes,Stroke among adults,Stroke,STROKE,3.2,2.9,3.5,%,Crude prevalence,20500,25270,39.818682,-75.5061826
2023,19810,19810,ZCTA,New Castle,BRFSS,Health Risk Behaviors,Binge drinking among adults,Binge Drinking,BINGE,14.9,12.7,17.4,%,Crude prevalence,20500,25270,39.818682,-75.5061826
2023,19810,19810,ZCTA,New Castle,BRFSS,Health Risk Behaviors,Current cigarette smoking among adults,Current Cigarette Smoking,CSMOKING,9.3,8.0,10.7,%,Crude prevalence,20500,25270,39.818682,-75.5061826
2023,19810,19810,ZCTA,New Castle,BRFSS,Health Risk Behaviors,No leisure-time physical activity among adults,Physical Inactivity,LPA,21.4,18.4,24.8,%,Crude prevalence,20500,25270,39.818682,-75.5061826
2022,19810,19810,ZCTA,New Castle,BRFSS,Health Risk Behaviors,Short sleep duration among adults,Short Sleep Duration,SLEEP,31.0,26.6,35.9,%,Crude prevalence,20500,25270,39.818682,-75.5061826
2023,19810,19810,ZCTA,New Castle,BRFSS,Health Status,Fair or poor self-rated health status among adults,General Health,GHLTH,14.2,12.6,15.9,%,Crude prevalence,20500,25270,39.818682,-75.5061826
2023,19810,19810,ZCTA,New Castle,BRFSS,Health Status,Frequent mental distress among adults,Frequent Mental Distress,MHLTH,13.3,11.8,14.8,%,Crude prevalence,20500,25270,39.818682,-75.5061826
2023,19810,19810,ZCTA,New Castle,BRFSS,Health Status,Frequent physical distress among adults,Frequent Physical Distress,PHLTH,11.3,10.1,12.6,%,Crude prevalence,20500,25270,39.818682,-75.5061826
2023,19810,19810,ZCTA,New Castle,BRFSS,Health-Related Social Needs,Food insecurity in the past 12 months among adults,Food Insecurity,FOODINSECU,8.5,7.3,9.7,%,Crude prevalence,20500,25270,39.818682,-75.5061826
2023,19810,19810,ZCTA,New Castle,BRFSS,Health-Related Social Needs,Housing insecurity in the past 12 months among adults,Housing Insecurity,HOUSINSECU,7.3,6.3,8.4,%,Crude prevalence,20500,25270,39.818682,-75.5061826
2023,19810,19810,ZCTA,New Castle,BRFSS,Health-Related Social Needs,Lack of reliable transportation in the past 12 months among adults,Transportation Barriers,LACKTRPT,5.2,4.6,5.9,%,Crude prevalence,20500,25270,39.818682,-75.5061826
2023,19810,19810,ZCTA,New Castle,BRFSS,Health-Related Social Needs,Lack of social and emotional support among adults,Lack of Social/Emotional Support,EMOTIONSPT,18.8,16.1,21.5,%,Crude prevalence,20500,25270,39.818682,-75.5061826
2023,19810,19810,ZCTA,New Castle,BRFSS,Health-Related Social Needs,Loneliness among adults,Loneliness,LONELINESS,28.7,25.3,32.4,%,Crude prevalence,20500,25270,39.818682,-75.5061826
2023,19810,19810,ZCTA,New Castle,BRFSS,Health-Related Social Needs,Received food stamps in the past 12 months among adults,Food Stamps,FOODSTAMP,6.5,5.4,7.8,%,Crude prevalence,20500,25270,39.818682,-75.5061826
2023,19810,19810,ZCTA,New Castle,BRFSS,Health-Related Social Needs,Utility services shut-off threat in the past 12 months among adults,Utility Services Threat,SHUTUTILITY,4.7,4.1,5.5,%,Crude prevalence,20500,25270,39.818682,-75.5061826
2023,19810,19810,ZCTA,New Castle,BRFSS,Prevention,Cholesterol screening among adults,Cholesterol Screening,CHOLSCREEN,90.1,88.7,91.4,%,Crude prevalence,20500,25270,39.818682,-75.5061826
2022,19810,19810,ZCTA,New Castle,BRFSS,Prevention,Colorectal cancer screening among adults aged 45–75 years,Colorectal Cancer Screening,COLON_SCREEN,70.3,66.4,74.2,%,Crude prevalence,20500,25270,39.818682,-75.5061826
2023,19810,19810,ZCTA,New Castle,BRFSS,Prevention,Current lack of health insurance among adults aged 18-64 years,Health Insurance,ACCESS2,5.6,4.7,6.5,%,Crude prevalence,20500,25270,39.818682,-75.5061826
2022,19810,19810,ZCTA,New Castle,BRFSS,Prevention,Mammography use among women aged 50-74 years,Mammography,MAMMOUSE,79.0,73.5,84.0,%,Crude prevalence,20500,25270,39.818682,-75.5061826
2023,19810,19810,ZCTA,New Castle,BRFSS,Prevention,Taking medicine to control high blood pressure among adults with high blood pressure,High Blood Pressure Medication,BPMED,78.1,75.1,80.7,%,Crude prevalence,20500,25270,39.818682,-75.5061826
2022,19810,19810,ZCTA,New Castle,BRFSS,Prevention,Visited dentist or dental clinic in the past year among adults,Dental Visit,DENTAL,70.7,67.5,73.8,%,Crude prevalence,20500,25270,39.818682,-75.5061826
2023,19810,19810,ZCTA,New Castle,BRFSS,Prevention,Visits to doctor for routine checkup within the past year among adults,Annual Checkup,CHECKUP,80.9,77.6,83.5,%,Crude prevalence,20500,25270,39.818682,-75.5061826
2023,19930,19930,ZCTA,Sussex,BRFSS,Disability,Any disability among adults,Any Disability,DISABILITY,26.2,23.1,29.5,%,Crude prevalence,2503,2657,38.5528625,-75.069397
2023,19930,19930,ZCTA,Sussex,BRFSS,Disability,Cognitive disability among adults,Cognitive Disability,COGNITION,7.2,6.3,8.1,%,Crude prevalence,2503,2657,38.5528625,-75.069397
2023,19930,19930,ZCTA,Sussex,BRFSS,Disability,Hearing disability among adults,Hearing Disability,HEARING,9.6,8.6,10.7,%,Crude prevalence,2503,2657,38.5528625,-75.069397
2023,19930,19930,ZCTA,Sussex,BRFSS,Disability,Independent living disability among adults,Independent Living Disability,INDEPLIVE,5.2,4.5,5.8,%,Crude prevalence,2503,2657,38.5528625,-75.069397
2023,19930,19930,ZCTA,Sussex,BRFSS,Disability,Mobility disability among adults,Mobility Disability,MOBILITY,13.1,11.4,14.8,%,Crude prevalence,2503,2657,38.5528625,-75.069397
2023,19930,19930,ZCTA,Sussex,BRFSS,Disability,Self-care disability among adults,Self-care Disability,SELFCARE,2.6,2.3,2.9,%,Crude prevalence,2503,2657,38.5528625,-75.069397
2023,19930,19930,ZCTA,Sussex,BRFSS,Disability,Vision disability among adults,Vision Disability,VISION,3.2,2.9,3.6,%,Crude prevalence,2503,2657,38.5528625,-75.069397
2022,19930,19930,ZCTA,Sussex,BRFSS,Health Outcomes,All teeth lost among adults aged >=65 years,All Teeth Lost,TEETHLOST,6.5,5.3,7.9,%,Crude prevalence,2503,2657,38.5528625,-75.069397
2023,19930,19930,ZCTA,Sussex,BRFSS,Health Outcomes,Arthritis among adults,Arthritis,ARTHRITIS,38.1,34.6,41.6,%,Crude prevalence,2503,2657,38.5528625,-75.069397
2023,19930,19930,ZCTA,Sussex,BRFSS,Health Outcomes,Cancer (non-skin) or melanoma among adults,Cancer (non-skin) or Melanoma,CANCER,17.2,15.8,18.6,%,Crude prevalence,2503,2657,38.5528625,-75.069397
2023,19930,19930,ZCTA,Sussex,BRFSS,Health Outcomes,Chronic obstructive pulmonary disease among adults,COPD,COPD,6.6,5.8,7.6,%,Crude prevalence,2503,2657,38.5528625,-75.069397
2023,19930,19930,ZCTA,Sussex,BRFSS,Health Outcomes,Coronary heart disease among adults,Coronary Heart Disease,CHD,9.2,8.3,10.2,%,Crude prevalence,2503,2657,38.5528625,-75.069397
2023,19930,19930,ZCTA,Sussex,BRFSS,Health Outcomes,Current asthma among adults,Current Asthma,CASTHMA,9.2,8.2,10.3,%,Crude prevalence,2503,2657,38.5528625,-75.069397
2023,19930,19930,ZCTA,Sussex,BRFSS,Health Outcomes,Depression among adults,Depression,DEPRESSION,17.4,14.8,20.1,%,Crude prevalence,2503,2657,38.5528625,-75.069397
2023,19930,19930,ZCTA,Sussex,BRFSS,Health Outcomes,Diagnosed diabetes among adults,Diabetes,DIABETES,12.3,10.8,14.0,%,Crude prevalence,2503,2657,38.5528625,-75.069397
2023,19930,19930,ZCTA,Sussex,BRFSS,Health Outcomes,High blood pressure among adults,High Blood Pressure,BPHIGH,45.1,41.2,49.0,%,Crude prevalence,2503,2657,38.5528625,-75.069397
2023,19930,19930,ZCTA,Sussex,BRFSS,Health Outcomes,High cholesterol among adults who have ever been screened,High Cholesterol,HIGHCHOL,53.4,49.3,57.4,%,Crude prevalence,2503,2657,38.5528625,-75.069397
2023,19930,19930,ZCTA,Sussex,BRFSS,Health Outcomes,Obesity among adults,Obesity,OBESITY,26.8,22.0,32.1,%,Crude prevalence,2503,2657,38.5528625,-75.069397
2023,19930,19930,ZCTA,Sussex,BRFSS,Health Outcomes,Stroke among adults,Stroke,STROKE,3.9,3.6,4.3,%,Crude prevalence,2503,2657,38.5528625,-75.069397
2023,19930,19930,ZCTA,Sussex,BRFSS,Health Risk Behaviors,Binge drinking among adults,Binge Drinking,BINGE,10.7,9.0,12.6,%,Crude prevalence,2503,2657,38.5528625,-75.069397
2023,19930,19930,ZCTA,Sussex,BRFSS,Health Risk Behaviors,Current cigarette smoking among adults,Current Cigarette Smoking,CSMOKING,6.9,5.8,8.2,%,Crude prevalence,2503,2657,38.5528625,-75.069397
2023,19930,19930,ZCTA,Sussex,BRFSS,Health Risk Behaviors,No leisure-time physical activity among adults,Physical Inactivity,LPA,19.4,16.3,22.6,%,Crude prevalence,2503,2657,38.5528625,-75.069397
2022,19930,19930,ZCTA,Sussex,BRFSS,Health Risk Behaviors,Short sleep duration among adults,Short Sleep Duration,SLEEP,24.0,20.3,28.3,%,Crude prevalence,2503,2657,38.5528625,-75.069397
2023,19930,19930,ZCTA,Sussex,BRFSS,Health Status,Fair or poor self-rated health status among adults,General Health,GHLTH,12.9,11.2,14.6,%,Crude prevalence,2503,2657,38.5528625,-75.069397
2023,19930,19930,ZCTA,Sussex,BRFSS,Health Status,Frequent mental distress among adults,Frequent Mental Distress,MHLTH,9.1,8.0,10.2,%,Crude prevalence,2503,2657,38.5528625,-75.069397
2023,19930,19930,ZCTA,Sussex,BRFSS,Health Status,Frequent physical distress among adults,Frequent Physical Distress,PHLTH,11.6,10.3,13.0,%,Crude prevalence,2503,2657,38.5528625,-75.069397
2023,19930,19930,ZCTA,Sussex,BRFSS,Health-Related Social Needs,Food insecurity in the past 12 months among adults,Food Insecurity,FOODINSECU,4.1,3.4,4.9,%,Crude prevalence,2503,2657,38.5528625,-75.069397
2023,19930,19930,ZCTA,Sussex,BRFSS,Health-Related Social Needs,Housing insecurity in the past 12 months among adults,Housing Insecurity,HOUSINSECU,3.2,2.7,3.8,%,Crude prevalence,2503,2657,38.5528625,-75.069397
2023,19930,19930,ZCTA,Sussex,BRFSS,Health-Related Social Needs,Lack of reliable transportation in the past 12 months among adults,Transportation Barriers,LACKTRPT,2.8,2.4,3.2,%,Crude prevalence,2503,2657,38.5528625,-75.069397
2023,19930,19930,ZCTA,Sussex,BRFSS,Health-Related Social Needs,Lack of social and emotional support among adults,Lack of Social/Emotional Support,EMOTIONSPT,13.5,11.5,15.6,%,Crude prevalence,2503,2657,38.5528625,-75.069397
2023,19930,19930,ZCTA,Sussex,BRFSS,Health-Related Social Needs,Loneliness among adults,Loneliness,LONELINESS,23.5,20.5,26.7,%,Crude prevalence,2503,2657,38.5528625,-75.069397
2023,19930,19930,ZCTA,Sussex,BRFSS,Health-Related Social Needs,Received food stamps in the past 12 months among adults,Food Stamps,FOODSTAMP,2.9,2.3,3.6,%,Crude prevalence,2503,2657,38.5528625,-75.069397
2023,19930,19930,ZCTA,Sussex,BRFSS,Health-Related Social Needs,Utility services shut-off threat in the past 12 months among adults,Utility Services Threat,SHUTUTILITY,2.2,1.9,2.6,%,Crude prevalence,2503,2657,38.5528625,-75.069397
2023,19930,19930,ZCTA,Sussex,BRFSS,Prevention,Cholesterol screening among adults,Cholesterol Screening,CHOLSCREEN,94.9,94.1,95.7,%,Crude prevalence,2503,2657,38.5528625,-75.069397
2022,19930,19930,ZCTA,Sussex,BRFSS,Prevention,Colorectal cancer screening among adults aged 45–75 years,Colorectal Cancer Screening,COLON_SCREEN,80.2,77.0,83.5,%,Crude prevalence,2503,2657,38.5528625,-75.069397
2023,19930,19930,ZCTA,Sussex,BRFSS,Prevention,Current lack of health insurance among adults aged 18-64 years,Health Insurance,ACCESS2,3.9,3.2,4.6,%,Crude prevalence,2503,2657,38.5528625,-75.069397
2022,19930,19930,ZCTA,Sussex,BRFSS,Prevention,Mammography use among women aged 50-74 years,Mammography,MAMMOUSE,83.5,79.2,87.7,%,Crude prevalence,2503,2657,38.5528625,-75.069397
2023,19930,19930,ZCTA,Sussex,BRFSS,Prevention,Taking medicine to control high blood pressure among adults with high blood pressure,High Blood Pressure Medication,BPMED,87.7,85.4,89.7,%,Crude prevalence,2503,2657,38.5528625,-75.069397
2022,19930,19930,ZCTA,Sussex,BRFSS,Prevention,Visited dentist or dental clinic in the past year among adults,Dental Visit,DENTAL,78.2,75.6,80.9,%,Crude prevalence,2503,2657,38.5528625,-75.069397
2023,19930,19930,ZCTA,Sussex,BRFSS,Prevention,Visits to doctor for routine checkup within the past year among adults,Annual Checkup,CHECKUP,88.3,86.1,90.2,%,Crude prevalence,2503,2657,38.5528625,-75.069397
2023,19931,19931,ZCTA,Sussex,BRFSS,Disability,Any disability among adults,Any Disability,DISABILITY,41.0,36.4,45.6,%,Crude prevalence,217,258,38.569298,-75.6104506
2023,19931,19931,ZCTA,Sussex,BRFSS,Disability,Cognitive disability among adults,Cognitive Disability,COGNITION,15.9,13.8,18.4,%,Crude prevalence,217,258,38.569298,-75.6104506
2023,19931,19931,ZCTA,Sussex,BRFSS,Disability,Hearing disability among adults,Hearing Disability,HEARING,12.3,10.9,13.7,%,Crude prevalence,217,258,38.569298,-75.6104506
2023,19931,19931,ZCTA,Sussex,BRFSS,Disability,Independent living disability among adults,Independent Living Disability,INDEPLIVE,12.1,10.4,14.0,%,Crude prevalence,217,258,38.569298,-75.6104506
2023,19931,19931,ZCTA,Sussex,BRFSS,Disability,Mobility disability among adults,Mobility Disability,MOBILITY,23.7,20.5,27.0,%,Crude prevalence,217,258,38.569298,-75.6104506
2023,19931,19931,ZCTA,Sussex,BRFSS,Disability,Self-care disability among adults,Self-care Disability,SELFCARE,6.5,5.6,7.5,%,Crude prevalence,217,258,38.569298,-75.6104506
2023,19931,19931,ZCTA,Sussex,BRFSS,Disability,Vision disability among adults,Vision Disability,VISION,7.9,6.9,9.1,%,Crude prevalence,217,258,38.569298,-75.6104506
2022,19931,19931,ZCTA,Sussex,BRFSS,Health Outcomes,All teeth lost among adults aged >=65 years,All Teeth Lost,TEETHLOST,22.6,19.3,26.2,%,Crude prevalence,217,258,38.569298,-75.6104506
2023,19931,19931,ZCTA,Sussex,BRFSS,Health Outcomes,Arthritis among adults,Arthritis,ARTHRITIS,39.8,36.2,43.2,%,Crude prevalence,217,258,38.569298,-75.6104506
2023,19931,19931,ZCTA,Sussex,BRFSS,Health Outcomes,Cancer (non-skin) or melanoma among adults,Cancer (non-skin) or Melanoma,CANCER,12.4,11.2,13.6,%,Crude prevalence,217,258,38.569298,-75.6104506
2023,19931,19931,ZCTA,Sussex,BRFSS,Health Outcomes,Chronic obstructive pulmonary disease among adults,COPD,COPD,14.0,12.0,16.4,%,Crude prevalence,217,258,38.569298,-75.6104506
2023,19931,19931,ZCTA,Sussex,BRFSS,Health Outcomes,Coronary heart disease among adults,Coronary Heart Disease,CHD,12.6,11.1,14.1,%,Crude prevalence,217,258,38.569298,-75.6104506
2023,19931,19931,ZCTA,Sussex,BRFSS,Health Outcomes,Current asthma among adults,Current Asthma,CASTHMA,11.4,10.1,12.8,%,Crude prevalence,217,258,38.569298,-75.6104506
2023,19931,19931,ZCTA,Sussex,BRFSS,Health Outcomes,Depression among adults,Depression,DEPRESSION,22.8,19.5,26.1,%,Crude prevalence,217,258,38.569298,-75.6104506
2023,19931,19931,ZCTA,Sussex,BRFSS,Health Outcomes,Diagnosed diabetes among adults,Diabetes,DIABETES,18.1,15.8,20.4,%,Crude prevalence,217,258,38.569298,-75.6104506
2023,19931,19931,ZCTA,Sussex,BRFSS,Health Outcomes,High blood pressure among adults,High Blood Pressure,BPHIGH,49.3,45.3,53.1,%,Crude prevalence,217,258,38.569298,-75.6104506
2023,19931,19931,ZCTA,Sussex,BRFSS,Health Outcomes,High cholesterol among adults who have ever been screened,High Cholesterol,HIGHCHOL,50.7,46.6,54.7,%,Crude prevalence,217,258,38.569298,-75.6104506
2023,19931,19931,ZCTA,Sussex,BRFSS,Health Outcomes,Obesity among adults,Obesity,OBESITY,38.1,32.0,44.3,%,Crude prevalence,217,258,38.569298,-75.6104506
2023,19931,19931,ZCTA,Sussex,BRFSS,Health Outcomes,Stroke among adults,Stroke,STROKE,6.2,5.5,7.0,%,Crude prevalence,217,258,38.569298,-75.6104506
2023,19931,19931,ZCTA,Sussex,BRFSS,Health Risk Behaviors,Binge drinking among adults,Binge Drinking,BINGE,11.9,10.1,14.1,%,Crude prevalence,217,258,38.569298,-75.6104506
2023,19931,19931,ZCTA,Sussex,BRFSS,Health Risk Behaviors,Current cigarette smoking among adults,Current Cigarette Smoking,CSMOKING,20.6,17.4,24.1,%,Crude prevalence,217,258,38.569298,-75.6104506
2023,19931,19931,ZCTA,Sussex,BRFSS,Health Risk Behaviors,No leisure-time physical activity among adults,Physical Inactivity,LPA,36.2,31.0,41.4,%,Crude prevalence,217,258,38.569298,-75.6104506
2022,19931,19931,ZCTA,Sussex,BRFSS,Health Risk Behaviors,Short sleep duration among adults,Short Sleep Duration,SLEEP,34.2,29.7,39.5,%,Crude prevalence,217,258,38.569298,-75.6104506
2023,19931,19931,ZCTA,Sussex,BRFSS,Health Status,Fair or poor self-rated health status among adults,General Health,GHLTH,27.6,23.9,31.6,%,Crude prevalence,217,258,38.569298,-75.6104506
2023,19931,19931,ZCTA,Sussex,BRFSS,Health Status,Frequent mental distress among adults,Frequent Mental Distress,MHLTH,16.3,14.3,18.4,%,Crude prevalence,217,258,38.569298,-75.6104506
2023,19931,19931,ZCTA,Sussex,BRFSS,Health Status,Frequent physical distress among adults,Frequent Physical Distress,PHLTH,19.3,17.1,21.8,%,Crude prevalence,217,258,38.569298,-75.6104506
2023,19931,19931,ZCTA,Sussex,BRFSS,Health-Related Social Needs,Food insecurity in the past 12 months among adults,Food Insecurity,FOODINSECU,18.2,15.2,21.7,%,Crude prevalence,217,258,38.569298,-75.6104506
2023,19931,19931,ZCTA,Sussex,BRFSS,Health-Related Social Needs,Housing insecurity in the past 12 months among adults,Housing Insecurity,HOUSINSECU,11.9,10.1,13.9,%,Crude prevalence,217,258,38.569298,-75.6104506
2023,19931,19931,ZCTA,Sussex,BRFSS,Health-Related Social Needs,Lack of reliable transportation in the past 12 months among adults,Transportation Barriers,LACKTRPT,9.2,7.9,10.6,%,Crude prevalence,217,258,38.569298,-75.6104506
2023,19931,19931,ZCTA,Sussex,BRFSS,Health-Related Social Needs,Lack of social and emotional support among adults,Lack of Social/Emotional Support,EMOTIONSPT,20.6,17.7,23.8,%,Crude prevalence,217,258,38.569298,-75.6104506
2023,19931,19931,ZCTA,Sussex,BRFSS,Health-Related Social Needs,Loneliness among adults,Loneliness,LONELINESS,30.1,26.4,34.2,%,Crude prevalence,217,258,38.569298,-75.6104506
2023,19931,19931,ZCTA,Sussex,BRFSS,Health-Related Social Needs,Received food stamps in the past 12 months among adults,Food Stamps,FOODSTAMP,18.1,14.8,21.9,%,Crude prevalence,217,258,38.569298,-75.6104506
2023,19931,19931,ZCTA,Sussex,BRFSS,Health-Related Social Needs,Utility services shut-off threat in the past 12 months among adults,Utility Services Threat,SHUTUTILITY,8.8,7.6,10.3,%,Crude prevalence,217,258,38.569298,-75.6104506
2023,19931,19931,ZCTA,Sussex,BRFSS,Prevention,Cholesterol screening among adults,Cholesterol Screening,CHOLSCREEN,87.8,85.9,89.6,%,Crude prevalence,217,258,38.569298,-75.6104506
2022,19931,19931,ZCTA,Sussex,BRFSS,Prevention,Colorectal cancer screening among adults aged 45–75 years,Colorectal Cancer Screening,COLON_SCREEN,66.5,62.2,70.9,%,Crude prevalence,217,258,38.569298,-75.6104506
2023,19931,19931,ZCTA,Sussex,BRFSS,Prevention,Current lack of health insurance among adults aged 18-64 years,Health Insurance,ACCESS2,11.2,9.0,13.9,%,Crude prevalence,217,258,38.569298,-75.6104506
2022,19931,19931,ZCTA,Sussex,BRFSS,Prevention,Mammography use among women aged 50-74 years,Mammography,MAMMOUSE,74.2,67.9,80.1,%,Crude prevalence,217,258,38.569298,-75.6104506
2023,19931,19931,ZCTA,Sussex,BRFSS,Prevention,Taking medicine to control high blood pressure among adults with high blood pressure,High Blood Pressure Medication,BPMED,84.4,82.0,86.5,%,Crude prevalence,217,258,38.569298,-75.6104506
2022,19931,19931,ZCTA,Sussex,BRFSS,Prevention,Visited dentist or dental clinic in the past year among adults,Dental Visit,DENTAL,52.6,49.0,56.5,%,Crude prevalence,217,258,38.569298,-75.6104506
2023,19931,19931,ZCTA,Sussex,BRFSS,Prevention,Visits to doctor for routine checkup within the past year among adults,Annual Checkup,CHECKUP,83.2,80.3,85.9,%,Crude prevalence,217,258,38.569298,-75.6104506
2023,19933,19933,ZCTA,Sussex,BRFSS,Disability,Any disability among adults,Any Disability,DISABILITY,34.7,30.8,38.7,%,Crude prevalence,7377,9784,38.7330183,-75.603361
2023,19933,19933,ZCTA,Sussex,BRFSS,Disability,Cognitive disability among adults,Cognitive Disability,COGNITION,14.8,13.0,16.6,%,Crude prevalence,7377,9784,38.7330183,-75.603361
2023,19933,19933,ZCTA,Sussex,BRFSS,Disability,Hearing disability among adults,Hearing Disability,HEARING,8.6,7.6,9.6,%,Crude prevalence,7377,9784,38.7330183,-75.603361
2023,19933,19933,ZCTA,Sussex,BRFSS,Disability,Independent living disability among adults,Independent Living Disability,INDEPLIVE,9.9,8.7,11.0,%,Crude prevalence,7377,9784,38.7330183,-75.603361
2023,19933,19933,ZCTA,Sussex,BRFSS,Disability,Mobility disability among adults,Mobility Disability,MOBILITY,18.1,16.0,20.3,%,Crude prevalence,7377,9784,38.7330183,-75.603361
2023,19933,19933,ZCTA,Sussex,BRFSS,Disability,Self-care disability among adults,Self-care Disability,SELFCARE,5.1,4.6,5.7,%,Crude prevalence,7377,9784,38.7330183,-75.603361
2023,19933,19933,ZCTA,Sussex,BRFSS,Disability,Vision disability among adults,Vision Disability,VISION,6.6,6.0,7.3,%,Crude prevalence,7377,9784,38.7330183,-75.603361
2022,19933,19933,ZCTA,Sussex,BRFSS,Health Outcomes,All teeth lost among adults aged >=65 years,All Teeth Lost,TEETHLOST,14.8,12.4,17.6,%,Crude prevalence,7377,9784,38.7330183,-75.603361
2023,19933,19933,ZCTA,Sussex,BRFSS,Health Outcomes,Arthritis among adults,Arthritis,ARTHRITIS,32.4,29.3,35.5,%,Crude prevalence,7377,9784,38.7330183,-75.603361
2023,19933,19933,ZCTA,Sussex,BRFSS,Health Outcomes,Cancer (non-skin) or melanoma among adults,Cancer (non-skin) or Melanoma,CANCER,9.7,8.9,10.5,%,Crude prevalence,7377,9784,38.7330183,-75.603361
2023,19933,19933,ZCTA,Sussex,BRFSS,Health Outcomes,Chronic obstructive pulmonary disease among adults,COPD,COPD,9.8,8.6,11.1,%,Crude prevalence,7377,9784,38.7330183,-75.603361
2023,19933,19933,ZCTA,Sussex,BRFSS,Health Outcomes,Coronary heart disease among adults,Coronary Heart Disease,CHD,9.0,8.1,9.9,%,Crude prevalence,7377,9784,38.7330183,-75.603361
2023,19933,19933,ZCTA,Sussex,BRFSS,Health Outcomes,Current asthma among adults,Current Asthma,CASTHMA,11.2,9.9,12.6,%,Crude prevalence,7377,9784,38.7330183,-75.603361
2023,19933,19933,ZCTA,Sussex,BRFSS,Health Outcomes,Depression among adults,Depression,DEPRESSION,21.3,18.2,24.4,%,Crude prevalence,7377,9784,38.7330183,-75.603361
2023,19933,19933,ZCTA,Sussex,BRFSS,Health Outcomes,Diagnosed diabetes among adults,Diabetes,DIABETES,15.3,13.4,17.2,%,Crude prevalence,7377,9784,38.7330183,-75.603361
2023,19933,19933,ZCTA,Sussex,BRFSS,Health Outcomes,High blood pressure among adults,High Blood Pressure,BPHIGH,43.2,39.5,46.9,%,Crude prevalence,7377,9784,38.7330183,-75.603361
2023,19933,19933,ZCTA,Sussex,BRFSS,Health Outcomes,High cholesterol among adults who have ever been screened,High Cholesterol,HIGHCHOL,46.2,42.3,50.0,%,Crude prevalence,7377,9784,38.7330183,-75.603361
2023,19933,19933,ZCTA,Sussex,BRFSS,Health Outcomes,Obesity among adults,Obesity,OBESITY,37.6,31.5,43.8,%,Crude prevalence,7377,9784,38.7330183,-75.603361
2023,19933,19933,ZCTA,Sussex,BRFSS,Health Outcomes,Stroke among adults,Stroke,STROKE,4.7,4.3,5.1,%,Crude prevalence,7377,9784,38.7330183,-75.603361
2023,19933,19933,ZCTA,Sussex,BRFSS,Health Risk Behaviors,Binge drinking among adults,Binge Drinking,BINGE,13.1,11.0,15.4,%,Crude prevalence,7377,9784,38.7330183,-75.603361
2023,19933,19933,ZCTA,Sussex,BRFSS,Health Risk Behaviors,Current cigarette smoking among adults,Current Cigarette Smoking,CSMOKING,17.1,14.8,19.5,%,Crude prevalence,7377,9784,38.7330183,-75.603361
2023,19933,19933,ZCTA,Sussex,BRFSS,Health Risk Behaviors,No leisure-time physical activity among adults,Physical Inactivity,LPA,32.0,27.5,36.4,%,Crude prevalence,7377,9784,38.7330183,-75.603361
2022,19933,19933,ZCTA,Sussex,BRFSS,Health Risk Behaviors,Short sleep duration among adults,Short Sleep Duration,SLEEP,35.0,30.5,40.3,%,Crude prevalence,7377,9784,38.7330183,-75.603361
2023,19933,19933,ZCTA,Sussex,BRFSS,Health Status,Fair or poor self-rated health status among adults,General Health,GHLTH,23.8,21.1,26.6,%,Crude prevalence,7377,9784,38.7330183,-75.603361
2023,19933,19933,ZCTA,Sussex,BRFSS,Health Status,Frequent mental distress among adults,Frequent Mental Distress,MHLTH,15.9,14.1,17.8,%,Crude prevalence,7377,9784,38.7330183,-75.603361
2023,19933,19933,ZCTA,Sussex,BRFSS,Health Status,Frequent physical distress among adults,Frequent Physical Distress,PHLTH,16.1,14.4,18.0,%,Crude prevalence,7377,9784,38.7330183,-75.603361
2023,19933,19933,ZCTA,Sussex,BRFSS,Health-Related Social Needs,Food insecurity in the past 12 months among adults,Food Insecurity,FOODINSECU,19.0,16.7,21.4,%,Crude prevalence,7377,9784,38.7330183,-75.603361
2023,19933,19933,ZCTA,Sussex,BRFSS,Health-Related Social Needs,Housing insecurity in the past 12 months among adults,Housing Insecurity,HOUSINSECU,14.0,12.2,15.9,%,Crude prevalence,7377,9784,38.7330183,-75.603361
2023,19933,19933,ZCTA,Sussex,BRFSS,Health-Related Social Needs,Lack of reliable transportation in the past 12 months among adults,Transportation Barriers,LACKTRPT,9.5,8.4,10.7,%,Crude prevalence,7377,9784,38.7330183,-75.603361
2023,19933,19933,ZCTA,Sussex,BRFSS,Health-Related Social Needs,Lack of social and emotional support among adults,Lack of Social/Emotional Support,EMOTIONSPT,21.9,19.1,24.9,%,Crude prevalence,7377,9784,38.7330183,-75.603361
2023,19933,19933,ZCTA,Sussex,BRFSS,Health-Related Social Needs,Loneliness among adults,Loneliness,LONELINESS,31.3,27.7,35.2,%,Crude prevalence,7377,9784,38.7330183,-75.603361
2023,19933,19933,ZCTA,Sussex,BRFSS,Health-Related Social Needs,Received food stamps in the past 12 months among adults,Food Stamps,FOODSTAMP,17.0,14.5,19.6,%,Crude prevalence,7377,9784,38.7330183,-75.603361
2023,19933,19933,ZCTA,Sussex,BRFSS,Health-Related Social Needs,Utility services shut-off threat in the past 12 months among adults,Utility Services Threat,SHUTUTILITY,9.6,8.4,10.9,%,Crude prevalence,7377,9784,38.7330183,-75.603361
2023,19933,19933,ZCTA,Sussex,BRFSS,Prevention,Cholesterol screening among adults,Cholesterol Screening,CHOLSCREEN,87.1,85.3,88.7,%,Crude prevalence,7377,9784,38.7330183,-75.603361
2022,19933,19933,ZCTA,Sussex,BRFSS,Prevention,Colorectal cancer screening among adults aged 45–75 years,Colorectal Cancer Screening,COLON_SCREEN,67.6,63.7,71.7,%,Crude prevalence,7377,9784,38.7330183,-75.603361
2023,19933,19933,ZCTA,Sussex,BRFSS,Prevention,Current lack of health insurance among adults aged 18-64 years,Health Insurance,ACCESS2,13.3,11.3,15.2,%,Crude prevalence,7377,9784,38.7330183,-75.603361
2022,19933,19933,ZCTA,Sussex,BRFSS,Prevention,Mammography use among women aged 50-74 years,Mammography,MAMMOUSE,78.4,73.2,83.5,%,Crude prevalence,7377,9784,38.7330183,-75.603361
2023,19933,19933,ZCTA,Sussex,BRFSS,Prevention,Taking medicine to control high blood pressure among adults with high blood pressure,High Blood Pressure Medication,BPMED,81.5,79.0,83.7,%,Crude prevalence,7377,9784,38.7330183,-75.603361
2022,19933,19933,ZCTA,Sussex,BRFSS,Prevention,Visited dentist or dental clinic in the past year among adults,Dental Visit,DENTAL,58.1,54.5,61.8,%,Crude prevalence,7377,9784,38.7330183,-75.603361
2023,19933,19933,ZCTA,Sussex,BRFSS,Prevention,Visits to doctor for routine checkup within the past year among adults,Annual Checkup,CHECKUP,82.0,79.0,84.7,%,Crude prevalence,7377,9784,38.7330183,-75.603361
2023,19934,19934,ZCTA,Sussex,BRFSS,Disability,Any disability among adults,Any Disability,DISABILITY,33.1,29.5,37.1,%,Crude prevalence,10977,14243,39.0847274,-75.6273547
2023,19934,19934,ZCTA,Sussex,BRFSS,Disability,Cognitive disability among adults,Cognitive Disability,COGNITION,13.6,12.1,15.3,%,Crude prevalence,10977,14243,39.0847274,-75.6273547
2023,19934,19934,ZCTA,Sussex,BRFSS,Disability,Hearing disability among adults,Hearing Disability,HEARING,6.9,6.1,7.8,%,Crude prevalence,10977,14243,39.0847274,-75.6273547
2023,19934,19934,ZCTA,Sussex,BRFSS,Disability,Independent living disability among adults,Independent Living Disability,INDEPLIVE,8.0,7.2,8.9,%,Crude prevalence,10977,14243,39.0847274,-75.6273547
2023,19934,19934,ZCTA,Sussex,BRFSS,Disability,Mobility disability among adults,Mobility Disability,MOBILITY,15.6,13.8,17.4,%,Crude prevalence,10977,14243,39.0847274,-75.6273547
2023,19934,19934,ZCTA,Sussex,BRFSS,Disability,Self-care disability among adults,Self-care Disability,SELFCARE,3.7,3.3,4.0,%,Crude prevalence,10977,14243,39.0847274,-75.6273547
2023,19934,19934,ZCTA,Sussex,BRFSS,Disability,Vision disability among adults,Vision Disability,VISION,4.8,4.3,5.2,%,Crude prevalence,10977,14243,39.0847274,-75.6273547
2022,19934,19934,ZCTA,Sussex,BRFSS,Health Outcomes,All teeth lost among adults aged >=65 years,All Teeth Lost,TEETHLOST,13.1,10.9,15.6,%,Crude prevalence,10977,14243,39.0847274,-75.6273547
2023,19934,19934,ZCTA,Sussex,BRFSS,Health Outcomes,Arthritis among adults,Arthritis,ARTHRITIS,29.8,26.8,33.0,%,Crude prevalence,10977,14243,39.0847274,-75.6273547
2023,19934,19934,ZCTA,Sussex,BRFSS,Health Outcomes,Cancer (non-skin) or melanoma among adults,Cancer (non-skin) or Melanoma,CANCER,9.2,8.5,10.1,%,Crude prevalence,10977,14243,39.0847274,-75.6273547
2023,19934,19934,ZCTA,Sussex,BRFSS,Health Outcomes,Chronic obstructive pulmonary disease among adults,COPD,COPD,7.4,6.5,8.3,%,Crude prevalence,10977,14243,39.0847274,-75.6273547
2023,19934,19934,ZCTA,Sussex,BRFSS,Health Outcomes,Coronary heart disease among adults,Coronary Heart Disease,CHD,6.6,6.0,7.4,%,Crude prevalence,10977,14243,39.0847274,-75.6273547
2023,19934,19934,ZCTA,Sussex,BRFSS,Health Outcomes,Current asthma among adults,Current Asthma,CASTHMA,12.2,10.9,13.7,%,Crude prevalence,10977,14243,39.0847274,-75.6273547
2023,19934,19934,ZCTA,Sussex,BRFSS,Health Outcomes,Depression among adults,Depression,DEPRESSION,22.8,19.6,26.2,%,Crude prevalence,10977,14243,39.0847274,-75.6273547
2023,19934,19934,ZCTA,Sussex,BRFSS,Health Outcomes,Diagnosed diabetes among adults,Diabetes,DIABETES,13.5,12.0,15.3,%,Crude prevalence,10977,14243,39.0847274,-75.6273547
2023,19934,19934,ZCTA,Sussex,BRFSS,Health Outcomes,High blood pressure among adults,High Blood Pressure,BPHIGH,38.7,35.0,42.5,%,Crude prevalence,10977,14243,39.0847274,-75.6273547
2023,19934,19934,ZCTA,Sussex,BRFSS,Health Outcomes,High cholesterol among adults who have ever been screened,High Cholesterol,HIGHCHOL,40.6,36.8,44.5,%,Crude prevalence,10977,14243,39.0847274,-75.6273547
2023,19934,19934,ZCTA,Sussex,BRFSS,Health Outcomes,Obesity among adults,Obesity,OBESITY,41.2,34.9,47.7,%,Crude prevalence,10977,14243,39.0847274,-75.6273547
2023,19934,19934,ZCTA,Sussex,BRFSS,Health Outcomes,Stroke among adults,Stroke,STROKE,3.6,3.3,3.9,%,Crude prevalence,10977,14243,39.0847274,-75.6273547
2023,19934,19934,ZCTA,Sussex,BRFSS,Health Risk Behaviors,Binge drinking among adults,Binge Drinking,BINGE,13.3,11.2,15.8,%,Crude prevalence,10977,14243,39.0847274,-75.6273547
2023,19934,19934,ZCTA,Sussex,BRFSS,Health Risk Behaviors,Current cigarette smoking among adults,Current Cigarette Smoking,CSMOKING,12.9,11.1,14.8,%,Crude prevalence,10977,14243,39.0847274,-75.6273547
2023,19934,19934,ZCTA,Sussex,BRFSS,Health Risk Behaviors,No leisure-time physical activity among adults,Physical Inactivity,LPA,29.2,25.1,33.5,%,Crude prevalence,10977,14243,39.0847274,-75.6273547
2022,19934,19934,ZCTA,Sussex,BRFSS,Health Risk Behaviors,Short sleep duration among adults,Short Sleep Duration,SLEEP,38.5,33.3,43.8,%,Crude prevalence,10977,14243,39.0847274,-75.6273547
2023,19934,19934,ZCTA,Sussex,BRFSS,Health Status,Fair or poor self-rated health status among adults,General Health,GHLTH,19.3,17.1,21.6,%,Crude prevalence,10977,14243,39.0847274,-75.6273547
2023,19934,19934,ZCTA,Sussex,BRFSS,Health Status,Frequent mental distress among adults,Frequent Mental Distress,MHLTH,16.8,15.0,18.8,%,Crude prevalence,10977,14243,39.0847274,-75.6273547
2023,19934,19934,ZCTA,Sussex,BRFSS,Health Status,Frequent physical distress among adults,Frequent Physical Distress,PHLTH,14.2,12.7,15.8,%,Crude prevalence,10977,14243,39.0847274,-75.6273547
2023,19934,19934,ZCTA,Sussex,BRFSS,Health-Related Social Needs,Food insecurity in the past 12 months among adults,Food Insecurity,FOODINSECU,12.5,10.9,14.3,%,Crude prevalence,10977,14243,39.0847274,-75.6273547
2023,19934,19934,ZCTA,Sussex,BRFSS,Health-Related Social Needs,Housing insecurity in the past 12 months among adults,Housing Insecurity,HOUSINSECU,11.2,9.7,12.7,%,Crude prevalence,10977,14243,39.0847274,-75.6273547
2023,19934,19934,ZCTA,Sussex,BRFSS,Health-Related Social Needs,Lack of reliable transportation in the past 12 months among adults,Transportation Barriers,LACKTRPT,7.1,6.3,8.0,%,Crude prevalence,10977,14243,39.0847274,-75.6273547
2023,19934,19934,ZCTA,Sussex,BRFSS,Health-Related Social Needs,Lack of social and emotional support among adults,Lack of Social/Emotional Support,EMOTIONSPT,21.6,18.9,24.9,%,Crude prevalence,10977,14243,39.0847274,-75.6273547
2023,19934,19934,ZCTA,Sussex,BRFSS,Health-Related Social Needs,Loneliness among adults,Loneliness,LONELINESS,33.6,29.9,37.8,%,Crude prevalence,10977,14243,39.0847274,-75.6273547
2023,19934,19934,ZCTA,Sussex,BRFSS,Health-Related Social Needs,Received food stamps in the past 12 months among adults,Food Stamps,FOODSTAMP,10.7,9.2,12.6,%,Crude prevalence,10977,14243,39.0847274,-75.6273547
2023,19934,19934,ZCTA,Sussex,BRFSS,Health-Related Social Needs,Utility services shut-off threat in the past 12 months among adults,Utility Services Threat,SHUTUTILITY,6.8,5.9,7.8,%,Crude prevalence,10977,14243,39.0847274,-75.6273547
2023,19934,19934,ZCTA,Sussex,BRFSS,Prevention,Cholesterol screening among adults,Cholesterol Screening,CHOLSCREEN,87.7,86.0,89.3,%,Crude prevalence,10977,14243,39.0847274,-75.6273547
2022,19934,19934,ZCTA,Sussex,BRFSS,Prevention,Colorectal cancer screening among adults aged 45–75 years,Colorectal Cancer Screening,COLON_SCREEN,67.6,63.2,71.7,%,Crude prevalence,10977,14243,39.0847274,-75.6273547
2023,19934,19934,ZCTA,Sussex,BRFSS,Prevention,Current lack of health insurance among adults aged 18-64 years,Health Insurance,ACCESS2,8.2,6.9,9.5,%,Crude prevalence,10977,14243,39.0847274,-75.6273547
2022,19934,19934,ZCTA,Sussex,BRFSS,Prevention,Mammography use among women aged 50-74 years,Mammography,MAMMOUSE,74.9,68.4,80.7,%,Crude prevalence,10977,14243,39.0847274,-75.6273547
2023,19934,19934,ZCTA,Sussex,BRFSS,Prevention,Taking medicine to control high blood pressure among adults with high blood pressure,High Blood Pressure Medication,BPMED,78.4,75.7,81.1,%,Crude prevalence,10977,14243,39.0847274,-75.6273547
2022,19934,19934,ZCTA,Sussex,BRFSS,Prevention,Visited dentist or dental clinic in the past year among adults,Dental Visit,DENTAL,64.8,61.0,68.2,%,Crude prevalence,10977,14243,39.0847274,-75.6273547
2023,19934,19934,ZCTA,Sussex,BRFSS,Prevention,Visits to doctor for routine checkup within the past year among adults,Annual Checkup,CHECKUP,82.2,79.2,85.1,%,Crude prevalence,10977,14243,39.0847274,-75.6273547
2023,19936,19936,ZCTA,Sussex,BRFSS,Disability,Any disability among adults,Any Disability,DISABILITY,41.7,36.9,46.4,%,Crude prevalence,250,329,39.2186348,-75.5851142
2023,19936,19936,ZCTA,Sussex,BRFSS,Disability,Cognitive disability among adults,Cognitive Disability,COGNITION,17.4,15.1,19.9,%,Crude prevalence,250,329,39.2186348,-75.5851142
2023,19936,19936,ZCTA,Sussex,BRFSS,Disability,Hearing disability among adults,Hearing Disability,HEARING,8.8,7.6,9.9,%,Crude prevalence,250,329,39.2186348,-75.5851142
2023,19936,19936,ZCTA,Sussex,BRFSS,Disability,Independent living disability among adults,Independent Living Disability,INDEPLIVE,11.5,10.0,13.2,%,Crude prevalence,250,329,39.2186348,-75.5851142
2023,19936,19936,ZCTA,Sussex,BRFSS,Disability,Mobility disability among adults,Mobility Disability,MOBILITY,22.2,19.2,25.1,%,Crude prevalence,250,329,39.2186348,-75.5851142
2023,19936,19936,ZCTA,Sussex,BRFSS,Disability,Self-care disability among adults,Self-care Disability,SELFCARE,5.7,5.0,6.6,%,Crude prevalence,250,329,39.2186348,-75.5851142
2023,19936,19936,ZCTA,Sussex,BRFSS,Disability,Vision disability among adults,Vision Disability,VISION,7.8,6.9,8.9,%,Crude prevalence,250,329,39.2186348,-75.5851142
2022,19936,19936,ZCTA,Sussex,BRFSS,Health Outcomes,All teeth lost among adults aged >=65 years,All Teeth Lost,TEETHLOST,21.8,18.3,25.6,%,Crude prevalence,250,329,39.2186348,-75.5851142
2023,19936,19936,ZCTA,Sussex,BRFSS,Health Outcomes,Arthritis among adults,Arthritis,ARTHRITIS,33.9,30.7,37.1,%,Crude prevalence,250,329,39.2186348,-75.5851142
2023,19936,19936,ZCTA,Sussex,BRFSS,Health Outcomes,Cancer (non-skin) or melanoma among adults,Cancer (non-skin) or Melanoma,CANCER,9.0,8.1,10.0,%,Crude prevalence,250,329,39.2186348,-75.5851142
2023,19936,19936,ZCTA,Sussex,BRFSS,Health Outcomes,Chronic obstructive pulmonary disease among adults,COPD,COPD,10.6,8.8,12.3,%,Crude prevalence,250,329,39.2186348,-75.5851142
2023,19936,19936,ZCTA,Sussex,BRFSS,Health Outcomes,Coronary heart disease among adults,Coronary Heart Disease,CHD,8.7,7.5,9.8,%,Crude prevalence,250,329,39.2186348,-75.5851142
2023,19936,19936,ZCTA,Sussex,BRFSS,Health Outcomes,Current asthma among adults,Current Asthma,CASTHMA,13.4,12.0,15.1,%,Crude prevalence,250,329,39.2186348,-75.5851142
2023,19936,19936,ZCTA,Sussex,BRFSS,Health Outcomes,Depression among adults,Depression,DEPRESSION,23.6,20.4,27.1,%,Crude prevalence,250,329,39.2186348,-75.5851142
2023,19936,19936,ZCTA,Sussex,BRFSS,Health Outcomes,Diagnosed diabetes among adults,Diabetes,DIABETES,18.2,16.0,20.4,%,Crude prevalence,250,329,39.2186348,-75.5851142
2023,19936,19936,ZCTA,Sussex,BRFSS,Health Outcomes,High blood pressure among adults,High Blood Pressure,BPHIGH,44.1,40.4,47.8,%,Crude prevalence,250,329,39.2186348,-75.5851142
2023,19936,19936,ZCTA,Sussex,BRFSS,Health Outcomes,High cholesterol among adults who have ever been screened,High Cholesterol,HIGHCHOL,42.9,39.1,46.8,%,Crude prevalence,250,329,39.2186348,-75.5851142
2023,19936,19936,ZCTA,Sussex,BRFSS,Health Outcomes,Obesity among adults,Obesity,OBESITY,45.1,38.6,51.7,%,Crude prevalence,250,329,39.2186348,-75.5851142
2023,19936,19936,ZCTA,Sussex,BRFSS,Health Outcomes,Stroke among adults,Stroke,STROKE,5.0,4.4,5.7,%,Crude prevalence,250,329,39.2186348,-75.5851142
2023,19936,19936,ZCTA,Sussex,BRFSS,Health Risk Behaviors,Binge drinking among adults,Binge Drinking,BINGE,11.8,9.8,14.1,%,Crude prevalence,250,329,39.2186348,-75.5851142
2023,19936,19936,ZCTA,Sussex,BRFSS,Health Risk Behaviors,Current cigarette smoking among adults,Current Cigarette Smoking,CSMOKING,17.6,14.7,20.7,%,Crude prevalence,250,329,39.2186348,-75.5851142
2023,19936,19936,ZCTA,Sussex,BRFSS,Health Risk Behaviors,No leisure-time physical activity among adults,Physical Inactivity,LPA,37.4,32.1,42.7,%,Crude prevalence,250,329,39.2186348,-75.5851142
2022,19936,19936,ZCTA,Sussex,BRFSS,Health Risk Behaviors,Short sleep duration among adults,Short Sleep Duration,SLEEP,42.1,36.6,47.5,%,Crude prevalence,250,329,39.2186348,-75.5851142
2023,19936,19936,ZCTA,Sussex,BRFSS,Health Status,Fair or poor self-rated health status among adults,General Health,GHLTH,27.2,23.7,31.0,%,Crude prevalence,250,329,39.2186348,-75.5851142
2023,19936,19936,ZCTA,Sussex,BRFSS,Health Status,Frequent mental distress among adults,Frequent Mental Distress,MHLTH,18.8,16.6,21.0,%,Crude prevalence,250,329,39.2186348,-75.5851142
2023,19936,19936,ZCTA,Sussex,BRFSS,Health Status,Frequent physical distress among adults,Frequent Physical Distress,PHLTH,18.1,15.8,20.4,%,Crude prevalence,250,329,39.2186348,-75.5851142
2023,19936,19936,ZCTA,Sussex,BRFSS,Health-Related Social Needs,Food insecurity in the past 12 months among adults,Food Insecurity,FOODINSECU,20.4,17.2,23.7,%,Crude prevalence,250,329,39.2186348,-75.5851142
2023,19936,19936,ZCTA,Sussex,BRFSS,Health-Related Social Needs,Housing insecurity in the past 12 months among adults,Housing Insecurity,HOUSINSECU,15.6,13.3,18.1,%,Crude prevalence,250,329,39.2186348,-75.5851142
2023,19936,19936,ZCTA,Sussex,BRFSS,Health-Related Social Needs,Lack of reliable transportation in the past 12 months among adults,Transportation Barriers,LACKTRPT,10.9,9.4,12.5,%,Crude prevalence,250,329,39.2186348,-75.5851142
2023,19936,19936,ZCTA,Sussex,BRFSS,Health-Related Social Needs,Lack of social and emotional support among adults,Lack of Social/Emotional Support,EMOTIONSPT,24.0,20.7,27.7,%,Crude prevalence,250,329,39.2186348,-75.5851142
2023,19936,19936,ZCTA,Sussex,BRFSS,Health-Related Social Needs,Loneliness among adults,Loneliness,LONELINESS,35.5,31.6,40.0,%,Crude prevalence,250,329,39.2186348,-75.5851142
2023,19936,19936,ZCTA,Sussex,BRFSS,Health-Related Social Needs,Received food stamps in the past 12 months among adults,Food Stamps,FOODSTAMP,18.9,15.4,22.5,%,Crude prevalence,250,329,39.2186348,-75.5851142
2023,19936,19936,ZCTA,Sussex,BRFSS,Health-Related Social Needs,Utility services shut-off threat in the past 12 months among adults,Utility Services Threat,SHUTUTILITY,10.0,8.6,11.6,%,Crude prevalence,250,329,39.2186348,-75.5851142
2023,19936,19936,ZCTA,Sussex,BRFSS,Prevention,Cholesterol screening among adults,Cholesterol Screening,CHOLSCREEN,85.7,83.4,87.8,%,Crude prevalence,250,329,39.2186348,-75.5851142
2022,19936,19936,ZCTA,Sussex,BRFSS,Prevention,Colorectal cancer screening among adults aged 45–75 years,Colorectal Cancer Screening,COLON_SCREEN,61.8,57.3,66.0,%,Crude prevalence,250,329,39.2186348,-75.5851142
2023,19936,19936,ZCTA,Sussex,BRFSS,Prevention,Current lack of health insurance among adults aged 18-64 years,Health Insurance,ACCESS2,12.2,9.8,15.1,%,Crude prevalence,250,329,39.2186348,-75.5851142
2022,19936,19936,ZCTA,Sussex,BRFSS,Prevention,Mammography use among women aged 50-74 years,Mammography,MAMMOUSE,71.3,64.2,77.5,%,Crude prevalence,250,329,39.2186348,-75.5851142
2023,19936,19936,ZCTA,Sussex,BRFSS,Prevention,Taking medicine to control high blood pressure among adults with high blood pressure,High Blood Pressure Medication,BPMED,80.0,77.4,82.5,%,Crude prevalence,250,329,39.2186348,-75.5851142
2022,19936,19936,ZCTA,Sussex,BRFSS,Prevention,Visited dentist or dental clinic in the past year among adults,Dental Visit,DENTAL,52.2,48.2,56.1,%,Crude prevalence,250,329,39.2186348,-75.5851142
2023,19936,19936,ZCTA,Sussex,BRFSS,Prevention,Visits to doctor for routine checkup within the past year among adults,Annual Checkup,CHECKUP,82.2,79.1,85.2,%,Crude prevalence,250,329,39.2186348,-75.5851142
2023,19938,19938,ZCTA,Sussex,BRFSS,Disability,Any disability among adults,Any Disability,DISABILITY,32.9,29.2,36.8,%,Crude prevalence,7555,10131,39.2564647,-75.6988217
2023,19938,19938,ZCTA,Sussex,BRFSS,Disability,Cognitive disability among adults,Cognitive Disability,COGNITION,14.7,12.9,16.6,%,Crude prevalence,7555,10131,39.2564647,-75.6988217
2023,19938,19938,ZCTA,Sussex,BRFSS,Disability,Hearing disability among adults,Hearing Disability,HEARING,6.4,5.7,7.1,%,Crude prevalence,7555,10131,39.2564647,-75.6988217
2023,19938,19938,ZCTA,Sussex,BRFSS,Disability,Independent living disability among adults,Independent Living Disability,INDEPLIVE,8.3,7.3,9.3,%,Crude prevalence,7555,10131,39.2564647,-75.6988217
2023,19938,19938,ZCTA,Sussex,BRFSS,Disability,Mobility disability among adults,Mobility Disability,MOBILITY,15.0,13.1,16.8,%,Crude prevalence,7555,10131,39.2564647,-75.6988217
2023,19938,19938,ZCTA,Sussex,BRFSS,Disability,Self-care disability among adults,Self-care Disability,SELFCARE,3.7,3.3,4.1,%,Crude prevalence,7555,10131,39.2564647,-75.6988217
2023,19938,19938,ZCTA,Sussex,BRFSS,Disability,Vision disability among adults,Vision Disability,VISION,4.7,4.2,5.2,%,Crude prevalence,7555,10131,39.2564647,-75.6988217
2022,19938,19938,ZCTA,Sussex,BRFSS,Health Outcomes,All teeth lost among adults aged >=65 years,All Teeth Lost,TEETHLOST,11.8,9.9,14.1,%,Crude prevalence,7555,10131,39.2564647,-75.6988217
2023,19938,19938,ZCTA,Sussex,BRFSS,Health Outcomes,Arthritis among adults,Arthritis,ARTHRITIS,28.2,25.5,31.2,%,Crude prevalence,7555,10131,39.2564647,-75.6988217
2023,19938,19938,ZCTA,Sussex,BRFSS,Health Outcomes,Cancer (non-skin) or melanoma among adults,Cancer (non-skin) or Melanoma,CANCER,8.3,7.6,9.1,%,Crude prevalence,7555,10131,39.2564647,-75.6988217
2023,19938,19938,ZCTA,Sussex,BRFSS,Health Outcomes,Chronic obstructive pulmonary disease among adults,COPD,COPD,7.5,6.5,8.5,%,Crude prevalence,7555,10131,39.2564647,-75.6988217
2023,19938,19938,ZCTA,Sussex,BRFSS,Health Outcomes,Coronary heart disease among adults,Coronary Heart Disease,CHD,6.1,5.5,6.8,%,Crude prevalence,7555,10131,39.2564647,-75.6988217
2023,19938,19938,ZCTA,Sussex,BRFSS,Health Outcomes,Current asthma among adults,Current Asthma,CASTHMA,12.3,11.0,13.8,%,Crude prevalence,7555,10131,39.2564647,-75.6988217
2023,19938,19938,ZCTA,Sussex,BRFSS,Health Outcomes,Depression among adults,Depression,DEPRESSION,24.1,21.0,27.7,%,Crude prevalence,7555,10131,39.2564647,-75.6988217
2023,19938,19938,ZCTA,Sussex,BRFSS,Health Outcomes,Diagnosed diabetes among adults,Diabetes,DIABETES,12.6,11.2,14.2,%,Crude prevalence,7555,10131,39.2564647,-75.6988217
2023,19938,19938,ZCTA,Sussex,BRFSS,Health Outcomes,High blood pressure among adults,High Blood Pressure,BPHIGH,36.9,33.5,40.5,%,Crude prevalence,7555,10131,39.2564647,-75.6988217
2023,19938,19938,ZCTA,Sussex,BRFSS,Health Outcomes,High cholesterol among adults who have ever been screened,High Cholesterol,HIGHCHOL,38.9,35.2,42.8,%,Crude prevalence,7555,10131,39.2564647,-75.6988217
2023,19938,19938,ZCTA,Sussex,BRFSS,Health Outcomes,Obesity among adults,Obesity,OBESITY,42.3,36.2,48.7,%,Crude prevalence,7555,10131,39.2564647,-75.6988217
2023,19938,19938,ZCTA,Sussex,BRFSS,Health Outcomes,Stroke among adults,Stroke,STROKE,3.4,3.1,3.7,%,Crude prevalence,7555,10131,39.2564647,-75.6988217
2023,19938,19938,ZCTA,Sussex,BRFSS,Health Risk Behaviors,Binge drinking among adults,Binge Drinking,BINGE,14.7,12.4,17.3,%,Crude prevalence,7555,10131,39.2564647,-75.6988217
2023,19938,19938,ZCTA,Sussex,BRFSS,Health Risk Behaviors,Current cigarette smoking among adults,Current Cigarette Smoking,CSMOKING,14.7,12.4,16.9,%,Crude prevalence,7555,10131,39.2564647,-75.6988217
2023,19938,19938,ZCTA,Sussex,BRFSS,Health Risk Behaviors,No leisure-time physical activity among adults,Physical Inactivity,LPA,29.4,25.3,33.7,%,Crude prevalence,7555,10131,39.2564647,-75.6988217
2022,19938,19938,ZCTA,Sussex,BRFSS,Health Risk Behaviors,Short sleep duration among adults,Short Sleep Duration,SLEEP,39.4,34.3,44.5,%,Crude prevalence,7555,10131,39.2564647,-75.6988217
2023,19938,19938,ZCTA,Sussex,BRFSS,Health Status,Fair or poor self-rated health status among adults,General Health,GHLTH,19.6,17.2,22.0,%,Crude prevalence,7555,10131,39.2564647,-75.6988217
2023,19938,19938,ZCTA,Sussex,BRFSS,Health Status,Frequent mental distress among adults,Frequent Mental Distress,MHLTH,18.1,16.1,20.3,%,Crude prevalence,7555,10131,39.2564647,-75.6988217
2023,19938,19938,ZCTA,Sussex,BRFSS,Health Status,Frequent physical distress among adults,Frequent Physical Distress,PHLTH,14.4,12.8,16.0,%,Crude prevalence,7555,10131,39.2564647,-75.6988217
2023,19938,19938,ZCTA,Sussex,BRFSS,Health-Related Social Needs,Food insecurity in the past 12 months among adults,Food Insecurity,FOODINSECU,13.4,11.6,15.5,%,Crude prevalence,7555,10131,39.2564647,-75.6988217
2023,19938,19938,ZCTA,Sussex,BRFSS,Health-Related Social Needs,Housing insecurity in the past 12 months among adults,Housing Insecurity,HOUSINSECU,12.1,10.5,13.9,%,Crude prevalence,7555,10131,39.2564647,-75.6988217
2023,19938,19938,ZCTA,Sussex,BRFSS,Health-Related Social Needs,Lack of reliable transportation in the past 12 months among adults,Transportation Barriers,LACKTRPT,7.5,6.6,8.6,%,Crude prevalence,7555,10131,39.2564647,-75.6988217
2023,19938,19938,ZCTA,Sussex,BRFSS,Health-Related Social Needs,Lack of social and emotional support among adults,Lack of Social/Emotional Support,EMOTIONSPT,22.1,19.3,25.4,%,Crude prevalence,7555,10131,39.2564647,-75.6988217
2023,19938,19938,ZCTA,Sussex,BRFSS,Health-Related Social Needs,Loneliness among adults,Loneliness,LONELINESS,34.1,30.4,38.2,%,Crude prevalence,7555,10131,39.2564647,-75.6988217
2023,19938,19938,ZCTA,Sussex,BRFSS,Health-Related Social Needs,Received food stamps in the past 12 months among adults,Food Stamps,FOODSTAMP,11.8,9.9,14.1,%,Crude prevalence,7555,10131,39.2564647,-75.6988217
2023,19938,19938,ZCTA,Sussex,BRFSS,Health-Related Social Needs,Utility services shut-off threat in the past 12 months among adults,Utility Services Threat,SHUTUTILITY,7.4,6.4,8.6,%,Crude prevalence,7555,10131,39.2564647,-75.6988217
2023,19938,19938,ZCTA,Sussex,BRFSS,Prevention,Cholesterol screening among adults,Cholesterol Screening,CHOLSCREEN,86.4,84.5,88.1,%,Crude prevalence,7555,10131,39.2564647,-75.6988217
2022,19938,19938,ZCTA,Sussex,BRFSS,Prevention,Colorectal cancer screening among adults aged 45–75 years,Colorectal Cancer Screening,COLON_SCREEN,65.0,60.7,69.0,%,Crude prevalence,7555,10131,39.2564647,-75.6988217
2023,19938,19938,ZCTA,Sussex,BRFSS,Prevention,Current lack of health insurance among adults aged 18-64 years,Health Insurance,ACCESS2,8.6,7.2,10.2,%,Crude prevalence,7555,10131,39.2564647,-75.6988217
2022,19938,19938,ZCTA,Sussex,BRFSS,Prevention,Mammography use among women aged 50-74 years,Mammography,MAMMOUSE,73.5,67.0,79.2,%,Crude prevalence,7555,10131,39.2564647,-75.6988217
2023,19938,19938,ZCTA,Sussex,BRFSS,Prevention,Taking medicine to control high blood pressure among adults with high blood pressure,High Blood Pressure Medication,BPMED,76.0,73.1,78.7,%,Crude prevalence,7555,10131,39.2564647,-75.6988217
2022,19938,19938,ZCTA,Sussex,BRFSS,Prevention,Visited dentist or dental clinic in the past year among adults,Dental Visit,DENTAL,62.7,59.1,66.2,%,Crude prevalence,7555,10131,39.2564647,-75.6988217
2023,19938,19938,ZCTA,Sussex,BRFSS,Prevention,Visits to doctor for routine checkup within the past year among adults,Annual Checkup,CHECKUP,80.6,77.5,83.6,%,Crude prevalence,7555,10131,39.2564647,-75.6988217
2023,19939,19939,ZCTA,Sussex,BRFSS,Disability,Any disability among adults,Any Disability,DISABILITY,31.6,27.7,35.6,%,Crude prevalence,6170,7357,38.568957,-75.207538
2023,19939,19939,ZCTA,Sussex,BRFSS,Disability,Cognitive disability among adults,Cognitive Disability,COGNITION,11.9,10.2,13.5,%,Crude prevalence,6170,7357,38.568957,-75.207538
2023,19939,19939,ZCTA,Sussex,BRFSS,Disability,Hearing disability among adults,Hearing Disability,HEARING,9.3,8.1,10.4,%,Crude prevalence,6170,7357,38.568957,-75.207538
2023,19939,19939,ZCTA,Sussex,BRFSS,Disability,Independent living disability among adults,Independent Living Disability,INDEPLIVE,8.0,6.9,9.0,%,Crude prevalence,6170,7357,38.568957,-75.207538
2023,19939,19939,ZCTA,Sussex,BRFSS,Disability,Mobility disability among adults,Mobility Disability,MOBILITY,16.3,14.0,18.6,%,Crude prevalence,6170,7357,38.568957,-75.207538
2023,19939,19939,ZCTA,Sussex,BRFSS,Disability,Self-care disability among adults,Self-care Disability,SELFCARE,4.0,3.5,4.5,%,Crude prevalence,6170,7357,38.568957,-75.207538
2023,19939,19939,ZCTA,Sussex,BRFSS,Disability,Vision disability among adults,Vision Disability,VISION,4.9,4.3,5.6,%,Crude prevalence,6170,7357,38.568957,-75.207538
2022,19939,19939,ZCTA,Sussex,BRFSS,Health Outcomes,All teeth lost among adults aged >=65 years,All Teeth Lost,TEETHLOST,9.2,7.6,11.1,%,Crude prevalence,6170,7357,38.568957,-75.207538
2023,19939,19939,ZCTA,Sussex,BRFSS,Health Outcomes,Arthritis among adults,Arthritis,ARTHRITIS,35.0,31.6,38.4,%,Crude prevalence,6170,7357,38.568957,-75.207538
2023,19939,19939,ZCTA,Sussex,BRFSS,Health Outcomes,Cancer (non-skin) or melanoma among adults,Cancer (non-skin) or Melanoma,CANCER,12.5,11.4,13.7,%,Crude prevalence,6170,7357,38.568957,-75.207538
2023,19939,19939,ZCTA,Sussex,BRFSS,Health Outcomes,Chronic obstructive pulmonary disease among adults,COPD,COPD,9.1,7.7,10.5,%,Crude prevalence,6170,7357,38.568957,-75.207538
2023,19939,19939,ZCTA,Sussex,BRFSS,Health Outcomes,Coronary heart disease among adults,Coronary Heart Disease,CHD,9.3,8.2,10.5,%,Crude prevalence,6170,7357,38.568957,-75.207538
2023,19939,19939,ZCTA,Sussex,BRFSS,Health Outcomes,Current asthma among adults,Current Asthma,CASTHMA,10.5,9.2,11.7,%,Crude prevalence,6170,7357,38.568957,-75.207538
2023,19939,19939,ZCTA,Sussex,BRFSS,Health Outcomes,Depression among adults,Depression,DEPRESSION,20.7,17.7,23.8,%,Crude prevalence,6170,7357,38.568957,-75.207538
2023,19939,19939,ZCTA,Sussex,BRFSS,Health Outcomes,Diagnosed diabetes among adults,Diabetes,DIABETES,13.8,12.0,15.7,%,Crude prevalence,6170,7357,38.568957,-75.207538
2023,19939,19939,ZCTA,Sussex,BRFSS,Health Outcomes,High blood pressure among adults,High Blood Pressure,BPHIGH,43.5,39.6,47.3,%,Crude prevalence,6170,7357,38.568957,-75.207538
2023,19939,19939,ZCTA,Sussex,BRFSS,Health Outcomes,High cholesterol among adults who have ever been screened,High Cholesterol,HIGHCHOL,49.1,45.1,53.0,%,Crude prevalence,6170,7357,38.568957,-75.207538
2023,19939,19939,ZCTA,Sussex,BRFSS,Health Outcomes,Obesity among adults,Obesity,OBESITY,33.2,27.6,38.9,%,Crude prevalence,6170,7357,38.568957,-75.207538
2023,19939,19939,ZCTA,Sussex,BRFSS,Health Outcomes,Stroke among adults,Stroke,STROKE,4.4,3.9,4.9,%,Crude prevalence,6170,7357,38.568957,-75.207538
2023,19939,19939,ZCTA,Sussex,BRFSS,Health Risk Behaviors,Binge drinking among adults,Binge Drinking,BINGE,12.9,10.9,15.1,%,Crude prevalence,6170,7357,38.568957,-75.207538
2023,19939,19939,ZCTA,Sussex,BRFSS,Health Risk Behaviors,Current cigarette smoking among adults,Current Cigarette Smoking,CSMOKING,13.9,11.7,16.4,%,Crude prevalence,6170,7357,38.568957,-75.207538
2023,19939,19939,ZCTA,Sussex,BRFSS,Health Risk Behaviors,No leisure-time physical activity among adults,Physical Inactivity,LPA,27.0,22.8,31.3,%,Crude prevalence,6170,7357,38.568957,-75.207538
2022,19939,19939,ZCTA,Sussex,BRFSS,Health Risk Behaviors,Short sleep duration among adults,Short Sleep Duration,SLEEP,30.9,26.7,36.0,%,Crude prevalence,6170,7357,38.568957,-75.207538
2023,19939,19939,ZCTA,Sussex,BRFSS,Health Status,Fair or poor self-rated health status among adults,General Health,GHLTH,19.2,16.6,21.9,%,Crude prevalence,6170,7357,38.568957,-75.207538
2023,19939,19939,ZCTA,Sussex,BRFSS,Health Status,Frequent mental distress among adults,Frequent Mental Distress,MHLTH,13.6,12.0,15.3,%,Crude prevalence,6170,7357,38.568957,-75.207538
2023,19939,19939,ZCTA,Sussex,BRFSS,Health Status,Frequent physical distress among adults,Frequent Physical Distress,PHLTH,14.7,13.0,16.6,%,Crude prevalence,6170,7357,38.568957,-75.207538
2023,19939,19939,ZCTA,Sussex,BRFSS,Health-Related Social Needs,Food insecurity in the past 12 months among adults,Food Insecurity,FOODINSECU,11.0,9.4,12.8,%,Crude prevalence,6170,7357,38.568957,-75.207538
2023,19939,19939,ZCTA,Sussex,BRFSS,Health-Related Social Needs,Housing insecurity in the past 12 months among adults,Housing Insecurity,HOUSINSECU,8.2,7.0,9.4,%,Crude prevalence,6170,7357,38.568957,-75.207538
2023,19939,19939,ZCTA,Sussex,BRFSS,Health-Related Social Needs,Lack of reliable transportation in the past 12 months among adults,Transportation Barriers,LACKTRPT,5.9,5.2,6.8,%,Crude prevalence,6170,7357,38.568957,-75.207538
2023,19939,19939,ZCTA,Sussex,BRFSS,Health-Related Social Needs,Lack of social and emotional support among adults,Lack of Social/Emotional Support,EMOTIONSPT,18.5,15.9,21.2,%,Crude prevalence,6170,7357,38.568957,-75.207538
2023,19939,19939,ZCTA,Sussex,BRFSS,Health-Related Social Needs,Loneliness among adults,Loneliness,LONELINESS,28.3,24.9,31.9,%,Crude prevalence,6170,7357,38.568957,-75.207538
2023,19939,19939,ZCTA,Sussex,BRFSS,Health-Related Social Needs,Received food stamps in the past 12 months among adults,Food Stamps,FOODSTAMP,9.1,7.5,10.9,%,Crude prevalence,6170,7357,38.568957,-75.207538
2023,19939,19939,ZCTA,Sussex,BRFSS,Health-Related Social Needs,Utility services shut-off threat in the past 12 months among adults,Utility Services Threat,SHUTUTILITY,5.5,4.7,6.3,%,Crude prevalence,6170,7357,38.568957,-75.207538
2023,19939,19939,ZCTA,Sussex,BRFSS,Prevention,Cholesterol screening among adults,Cholesterol Screening,CHOLSCREEN,90.3,88.9,91.6,%,Crude prevalence,6170,7357,38.568957,-75.207538
2022,19939,19939,ZCTA,Sussex,BRFSS,Prevention,Colorectal cancer screening among adults aged 45–75 years,Colorectal Cancer Screening,COLON_SCREEN,73.1,69.4,76.9,%,Crude prevalence,6170,7357,38.568957,-75.207538
2023,19939,19939,ZCTA,Sussex,BRFSS,Prevention,Current lack of health insurance among adults aged 18-64 years,Health Insurance,ACCESS2,8.5,7.0,9.9,%,Crude prevalence,6170,7357,38.568957,-75.207538
2022,19939,19939,ZCTA,Sussex,BRFSS,Prevention,Mammography use among women aged 50-74 years,Mammography,MAMMOUSE,81.1,76.3,85.8,%,Crude prevalence,6170,7357,38.568957,-75.207538
2023,19939,19939,ZCTA,Sussex,BRFSS,Prevention,Taking medicine to control high blood pressure among adults with high blood pressure,High Blood Pressure Medication,BPMED,83.8,81.3,86.0,%,Crude prevalence,6170,7357,38.568957,-75.207538
2022,19939,19939,ZCTA,Sussex,BRFSS,Prevention,Visited dentist or dental clinic in the past year among adults,Dental Visit,DENTAL,65.6,62.3,69.2,%,Crude prevalence,6170,7357,38.568957,-75.207538
2023,19939,19939,ZCTA,Sussex,BRFSS,Prevention,Visits to doctor for routine checkup within the past year among adults,Annual Checkup,CHECKUP,83.9,81.0,86.3,%,Crude prevalence,6170,7357,38.568957,-75.207538
2023,19940,19940,ZCTA,Sussex,BRFSS,Disability,Any disability among adults,Any Disability,DISABILITY,31.3,27.7,35.3,%,Crude prevalence,4898,6541,38.4775616,-75.5649307
2023,19940,19940,ZCTA,Sussex,BRFSS,Disability,Cognitive disability among adults,Cognitive Disability,COGNITION,14.4,12.7,16.3,%,Crude prevalence,4898,6541,38.4775616,-75.5649307
2023,19940,19940,ZCTA,Sussex,BRFSS,Disability,Hearing disability among adults,Hearing Disability,HEARING,7.4,6.6,8.3,%,Crude prevalence,4898,6541,38.4775616,-75.5649307
2023,19940,19940,ZCTA,Sussex,BRFSS,Disability,Independent living disability among adults,Independent Living Disability,INDEPLIVE,8.8,7.8,9.9,%,Crude prevalence,4898,6541,38.4775616,-75.5649307
2023,19940,19940,ZCTA,Sussex,BRFSS,Disability,Mobility disability among adults,Mobility Disability,MOBILITY,14.8,13.1,16.8,%,Crude prevalence,4898,6541,38.4775616,-75.5649307
2023,19940,19940,ZCTA,Sussex,BRFSS,Disability,Self-care disability among adults,Self-care Disability,SELFCARE,4.0,3.6,4.5,%,Crude prevalence,4898,6541,38.4775616,-75.5649307
2023,19940,19940,ZCTA,Sussex,BRFSS,Disability,Vision disability among adults,Vision Disability,VISION,5.1,4.6,5.7,%,Crude prevalence,4898,6541,38.4775616,-75.5649307
2022,19940,19940,ZCTA,Sussex,BRFSS,Health Outcomes,All teeth lost among adults aged >=65 years,All Teeth Lost,TEETHLOST,15.6,13.2,18.6,%,Crude prevalence,4898,6541,38.4775616,-75.5649307
2023,19940,19940,ZCTA,Sussex,BRFSS,Health Outcomes,Arthritis among adults,Arthritis,ARTHRITIS,29.2,26.3,32.2,%,Crude prevalence,4898,6541,38.4775616,-75.5649307
2023,19940,19940,ZCTA,Sussex,BRFSS,Health Outcomes,Cancer (non-skin) or melanoma among adults,Cancer (non-skin) or Melanoma,CANCER,8.9,8.1,9.8,%,Crude prevalence,4898,6541,38.4775616,-75.5649307
2023,19940,19940,ZCTA,Sussex,BRFSS,Health Outcomes,Chronic obstructive pulmonary disease among adults,COPD,COPD,8.4,7.4,9.6,%,Crude prevalence,4898,6541,38.4775616,-75.5649307
2023,19940,19940,ZCTA,Sussex,BRFSS,Health Outcomes,Coronary heart disease among adults,Coronary Heart Disease,CHD,7.3,6.6,8.2,%,Crude prevalence,4898,6541,38.4775616,-75.5649307
2023,19940,19940,ZCTA,Sussex,BRFSS,Health Outcomes,Current asthma among adults,Current Asthma,CASTHMA,11.2,9.9,12.5,%,Crude prevalence,4898,6541,38.4775616,-75.5649307
2023,19940,19940,ZCTA,Sussex,BRFSS,Health Outcomes,Depression among adults,Depression,DEPRESSION,22.7,19.5,26.1,%,Crude prevalence,4898,6541,38.4775616,-75.5649307
2023,19940,19940,ZCTA,Sussex,BRFSS,Health Outcomes,Diagnosed diabetes among adults,Diabetes,DIABETES,12.2,10.7,13.8,%,Crude prevalence,4898,6541,38.4775616,-75.5649307
2023,19940,19940,ZCTA,Sussex,BRFSS,Health Outcomes,High blood pressure among adults,High Blood Pressure,BPHIGH,38.4,34.8,42.0,%,Crude prevalence,4898,6541,38.4775616,-75.5649307
2023,19940,19940,ZCTA,Sussex,BRFSS,Health Outcomes,High cholesterol among adults who have ever been screened,High Cholesterol,HIGHCHOL,43.6,39.8,47.3,%,Crude prevalence,4898,6541,38.4775616,-75.5649307
2023,19940,19940,ZCTA,Sussex,BRFSS,Health Outcomes,Obesity among adults,Obesity,OBESITY,35.0,29.1,41.0,%,Crude prevalence,4898,6541,38.4775616,-75.5649307
2023,19940,19940,ZCTA,Sussex,BRFSS,Health Outcomes,Stroke among adults,Stroke,STROKE,3.8,3.5,4.2,%,Crude prevalence,4898,6541,38.4775616,-75.5649307
2023,19940,19940,ZCTA,Sussex,BRFSS,Health Risk Behaviors,Binge drinking among adults,Binge Drinking,BINGE,15.2,12.9,17.8,%,Crude prevalence,4898,6541,38.4775616,-75.5649307
2023,19940,19940,ZCTA,Sussex,BRFSS,Health Risk Behaviors,Current cigarette smoking among adults,Current Cigarette Smoking,CSMOKING,16.9,14.6,19.4,%,Crude prevalence,4898,6541,38.4775616,-75.5649307
2023,19940,19940,ZCTA,Sussex,BRFSS,Health Risk Behaviors,No leisure-time physical activity among adults,Physical Inactivity,LPA,28.1,24.1,32.4,%,Crude prevalence,4898,6541,38.4775616,-75.5649307
2022,19940,19940,ZCTA,Sussex,BRFSS,Health Risk Behaviors,Short sleep duration among adults,Short Sleep Duration,SLEEP,34.6,30.1,39.9,%,Crude prevalence,4898,6541,38.4775616,-75.5649307
2023,19940,19940,ZCTA,Sussex,BRFSS,Health Status,Fair or poor self-rated health status among adults,General Health,GHLTH,20.1,17.8,22.7,%,Crude prevalence,4898,6541,38.4775616,-75.5649307
2023,19940,19940,ZCTA,Sussex,BRFSS,Health Status,Frequent mental distress among adults,Frequent Mental Distress,MHLTH,16.6,14.7,18.6,%,Crude prevalence,4898,6541,38.4775616,-75.5649307
2023,19940,19940,ZCTA,Sussex,BRFSS,Health Status,Frequent physical distress among adults,Frequent Physical Distress,PHLTH,14.6,13.1,16.4,%,Crude prevalence,4898,6541,38.4775616,-75.5649307
2023,19940,19940,ZCTA,Sussex,BRFSS,Health-Related Social Needs,Food insecurity in the past 12 months among adults,Food Insecurity,FOODINSECU,14.8,12.8,17.1,%,Crude prevalence,4898,6541,38.4775616,-75.5649307
2023,19940,19940,ZCTA,Sussex,BRFSS,Health-Related Social Needs,Housing insecurity in the past 12 months among adults,Housing Insecurity,HOUSINSECU,11.4,9.8,13.0,%,Crude prevalence,4898,6541,38.4775616,-75.5649307
2023,19940,19940,ZCTA,Sussex,BRFSS,Health-Related Social Needs,Lack of reliable transportation in the past 12 months among adults,Transportation Barriers,LACKTRPT,7.8,6.9,8.9,%,Crude prevalence,4898,6541,38.4775616,-75.5649307
2023,19940,19940,ZCTA,Sussex,BRFSS,Health-Related Social Needs,Lack of social and emotional support among adults,Lack of Social/Emotional Support,EMOTIONSPT,21.7,18.7,24.7,%,Crude prevalence,4898,6541,38.4775616,-75.5649307
2023,19940,19940,ZCTA,Sussex,BRFSS,Health-Related Social Needs,Loneliness among adults,Loneliness,LONELINESS,31.9,28.3,35.7,%,Crude prevalence,4898,6541,38.4775616,-75.5649307
2023,19940,19940,ZCTA,Sussex,BRFSS,Health-Related Social Needs,Received food stamps in the past 12 months among adults,Food Stamps,FOODSTAMP,12.8,10.7,15.0,%,Crude prevalence,4898,6541,38.4775616,-75.5649307
2023,19940,19940,ZCTA,Sussex,BRFSS,Health-Related Social Needs,Utility services shut-off threat in the past 12 months among adults,Utility Services Threat,SHUTUTILITY,7.6,6.6,8.7,%,Crude prevalence,4898,6541,38.4775616,-75.5649307
2023,19940,19940,ZCTA,Sussex,BRFSS,Prevention,Cholesterol screening among adults,Cholesterol Screening,CHOLSCREEN,86.4,84.4,88.2,%,Crude prevalence,4898,6541,38.4775616,-75.5649307
2022,19940,19940,ZCTA,Sussex,BRFSS,Prevention,Colorectal cancer screening among adults aged 45–75 years,Colorectal Cancer Screening,COLON_SCREEN,64.8,60.7,69.1,%,Crude prevalence,4898,6541,38.4775616,-75.5649307
2023,19940,19940,ZCTA,Sussex,BRFSS,Prevention,Current lack of health insurance among adults aged 18-64 years,Health Insurance,ACCESS2,9.7,8.1,11.5,%,Crude prevalence,4898,6541,38.4775616,-75.5649307
2022,19940,19940,ZCTA,Sussex,BRFSS,Prevention,Mammography use among women aged 50-74 years,Mammography,MAMMOUSE,76.2,70.5,81.7,%,Crude prevalence,4898,6541,38.4775616,-75.5649307
2023,19940,19940,ZCTA,Sussex,BRFSS,Prevention,Taking medicine to control high blood pressure among adults with high blood pressure,High Blood Pressure Medication,BPMED,78.8,76.0,81.3,%,Crude prevalence,4898,6541,38.4775616,-75.5649307
2022,19940,19940,ZCTA,Sussex,BRFSS,Prevention,Visited dentist or dental clinic in the past year among adults,Dental Visit,DENTAL,58.9,55.4,62.6,%,Crude prevalence,4898,6541,38.4775616,-75.5649307
2023,19940,19940,ZCTA,Sussex,BRFSS,Prevention,Visits to doctor for routine checkup within the past year among adults,Annual Checkup,CHECKUP,80.3,77.0,83.3,%,Crude prevalence,4898,6541,38.4775616,-75.5649307
2023,19941,19941,ZCTA,Sussex,BRFSS,Disability,Any disability among adults,Any Disability,DISABILITY,33.8,30.0,37.7,%,Crude prevalence,2135,2857,38.7936579,-75.4260621
2023,19941,19941,ZCTA,Sussex,BRFSS,Disability,Cognitive disability among adults,Cognitive Disability,COGNITION,15.9,13.9,17.9,%,Crude prevalence,2135,2857,38.7936579,-75.4260621
2023,19941,19941,ZCTA,Sussex,BRFSS,Disability,Hearing disability among adults,Hearing Disability,HEARING,7.1,6.3,7.9,%,Crude prevalence,2135,2857,38.7936579,-75.4260621
2023,19941,19941,ZCTA,Sussex,BRFSS,Disability,Independent living disability among adults,Independent Living Disability,INDEPLIVE,10.0,8.9,11.2,%,Crude prevalence,2135,2857,38.7936579,-75.4260621
2023,19941,19941,ZCTA,Sussex,BRFSS,Disability,Mobility disability among adults,Mobility Disability,MOBILITY,16.7,14.7,18.6,%,Crude prevalence,2135,2857,38.7936579,-75.4260621
2023,19941,19941,ZCTA,Sussex,BRFSS,Disability,Self-care disability among adults,Self-care Disability,SELFCARE,5.0,4.5,5.5,%,Crude prevalence,2135,2857,38.7936579,-75.4260621
2023,19941,19941,ZCTA,Sussex,BRFSS,Disability,Vision disability among adults,Vision Disability,VISION,6.5,5.9,7.2,%,Crude prevalence,2135,2857,38.7936579,-75.4260621
2022,19941,19941,ZCTA,Sussex,BRFSS,Health Outcomes,All teeth lost among adults aged >=65 years,All Teeth Lost,TEETHLOST,13.8,11.6,16.5,%,Crude prevalence,2135,2857,38.7936579,-75.4260621
2023,19941,19941,ZCTA,Sussex,BRFSS,Health Outcomes,Arthritis among adults,Arthritis,ARTHRITIS,28.6,25.7,31.3,%,Crude prevalence,2135,2857,38.7936579,-75.4260621
2023,19941,19941,ZCTA,Sussex,BRFSS,Health Outcomes,Cancer (non-skin) or melanoma among adults,Cancer (non-skin) or Melanoma,CANCER,7.4,6.8,8.2,%,Crude prevalence,2135,2857,38.7936579,-75.4260621
2023,19941,19941,ZCTA,Sussex,BRFSS,Health Outcomes,Chronic obstructive pulmonary disease among adults,COPD,COPD,8.8,7.7,9.9,%,Crude prevalence,2135,2857,38.7936579,-75.4260621
2023,19941,19941,ZCTA,Sussex,BRFSS,Health Outcomes,Coronary heart disease among adults,Coronary Heart Disease,CHD,7.4,6.7,8.2,%,Crude prevalence,2135,2857,38.7936579,-75.4260621
2023,19941,19941,ZCTA,Sussex,BRFSS,Health Outcomes,Current asthma among adults,Current Asthma,CASTHMA,11.5,10.2,12.9,%,Crude prevalence,2135,2857,38.7936579,-75.4260621
2023,19941,19941,ZCTA,Sussex,BRFSS,Health Outcomes,Depression among adults,Depression,DEPRESSION,21.8,18.7,24.9,%,Crude prevalence,2135,2857,38.7936579,-75.4260621
2023,19941,19941,ZCTA,Sussex,BRFSS,Health Outcomes,Diagnosed diabetes among adults,Diabetes,DIABETES,14.1,12.5,15.8,%,Crude prevalence,2135,2857,38.7936579,-75.4260621
2023,19941,19941,ZCTA,Sussex,BRFSS,Health Outcomes,High blood pressure among adults,High Blood Pressure,BPHIGH,40.4,36.8,43.9,%,Crude prevalence,2135,2857,38.7936579,-75.4260621
2023,19941,19941,ZCTA,Sussex,BRFSS,Health Outcomes,High cholesterol among adults who have ever been screened,High Cholesterol,HIGHCHOL,42.6,38.8,46.3,%,Crude prevalence,2135,2857,38.7936579,-75.4260621
2023,19941,19941,ZCTA,Sussex,BRFSS,Health Outcomes,Obesity among adults,Obesity,OBESITY,39.0,32.8,45.0,%,Crude prevalence,2135,2857,38.7936579,-75.4260621
2023,19941,19941,ZCTA,Sussex,BRFSS,Health Outcomes,Stroke among adults,Stroke,STROKE,4.2,3.8,4.6,%,Crude prevalence,2135,2857,38.7936579,-75.4260621
2023,19941,19941,ZCTA,Sussex,BRFSS,Health Risk Behaviors,Binge drinking among adults,Binge Drinking,BINGE,14.4,12.1,17.0,%,Crude prevalence,2135,2857,38.7936579,-75.4260621
2023,19941,19941,ZCTA,Sussex,BRFSS,Health Risk Behaviors,Current cigarette smoking among adults,Current Cigarette Smoking,CSMOKING,18.7,16.1,21.4,%,Crude prevalence,2135,2857,38.7936579,-75.4260621
2023,19941,19941,ZCTA,Sussex,BRFSS,Health Risk Behaviors,No leisure-time physical activity among adults,Physical Inactivity,LPA,32.3,27.8,36.9,%,Crude prevalence,2135,2857,38.7936579,-75.4260621
2022,19941,19941,ZCTA,Sussex,BRFSS,Health Risk Behaviors,Short sleep duration among adults,Short Sleep Duration,SLEEP,38.2,33.4,43.5,%,Crude prevalence,2135,2857,38.7936579,-75.4260621
2023,19941,19941,ZCTA,Sussex,BRFSS,Health Status,Fair or poor self-rated health status among adults,General Health,GHLTH,23.7,21.0,26.4,%,Crude prevalence,2135,2857,38.7936579,-75.4260621
2023,19941,19941,ZCTA,Sussex,BRFSS,Health Status,Frequent mental distress among adults,Frequent Mental Distress,MHLTH,17.5,15.5,19.6,%,Crude prevalence,2135,2857,38.7936579,-75.4260621
2023,19941,19941,ZCTA,Sussex,BRFSS,Health Status,Frequent physical distress among adults,Frequent Physical Distress,PHLTH,15.7,14.0,17.5,%,Crude prevalence,2135,2857,38.7936579,-75.4260621
2023,19941,19941,ZCTA,Sussex,BRFSS,Health-Related Social Needs,Food insecurity in the past 12 months among adults,Food Insecurity,FOODINSECU,21.1,18.4,24.0,%,Crude prevalence,2135,2857,38.7936579,-75.4260621
2023,19941,19941,ZCTA,Sussex,BRFSS,Health-Related Social Needs,Housing insecurity in the past 12 months among adults,Housing Insecurity,HOUSINSECU,16.2,14.1,18.3,%,Crude prevalence,2135,2857,38.7936579,-75.4260621
2023,19941,19941,ZCTA,Sussex,BRFSS,Health-Related Social Needs,Lack of reliable transportation in the past 12 months among adults,Transportation Barriers,LACKTRPT,10.5,9.3,11.9,%,Crude prevalence,2135,2857,38.7936579,-75.4260621
2023,19941,19941,ZCTA,Sussex,BRFSS,Health-Related Social Needs,Lack of social and emotional support among adults,Lack of Social/Emotional Support,EMOTIONSPT,24.1,21.0,27.3,%,Crude prevalence,2135,2857,38.7936579,-75.4260621
2023,19941,19941,ZCTA,Sussex,BRFSS,Health-Related Social Needs,Loneliness among adults,Loneliness,LONELINESS,33.4,29.6,37.2,%,Crude prevalence,2135,2857,38.7936579,-75.4260621
2023,19941,19941,ZCTA,Sussex,BRFSS,Health-Related Social Needs,Received food stamps in the past 12 months among adults,Food Stamps,FOODSTAMP,18.9,16.0,22.0,%,Crude prevalence,2135,2857,38.7936579,-75.4260621
2023,19941,19941,ZCTA,Sussex,BRFSS,Health-Related Social Needs,Utility services shut-off threat in the past 12 months among adults,Utility Services Threat,SHUTUTILITY,11.0,9.5,12.5,%,Crude prevalence,2135,2857,38.7936579,-75.4260621
2023,19941,19941,ZCTA,Sussex,BRFSS,Prevention,Cholesterol screening among adults,Cholesterol Screening,CHOLSCREEN,85.3,83.2,87.2,%,Crude prevalence,2135,2857,38.7936579,-75.4260621
2022,19941,19941,ZCTA,Sussex,BRFSS,Prevention,Colorectal cancer screening among adults aged 45–75 years,Colorectal Cancer Screening,COLON_SCREEN,65.4,61.4,69.5,%,Crude prevalence,2135,2857,38.7936579,-75.4260621
2023,19941,19941,ZCTA,Sussex,BRFSS,Prevention,Current lack of health insurance among adults aged 18-64 years,Health Insurance,ACCESS2,12.8,10.7,15.1,%,Crude prevalence,2135,2857,38.7936579,-75.4260621
2022,19941,19941,ZCTA,Sussex,BRFSS,Prevention,Mammography use among women aged 50-74 years,Mammography,MAMMOUSE,78.6,73.2,83.8,%,Crude prevalence,2135,2857,38.7936579,-75.4260621
2023,19941,19941,ZCTA,Sussex,BRFSS,Prevention,Taking medicine to control high blood pressure among adults with high blood pressure,High Blood Pressure Medication,BPMED,78.5,75.8,80.9,%,Crude prevalence,2135,2857,38.7936579,-75.4260621
2022,19941,19941,ZCTA,Sussex,BRFSS,Prevention,Visited dentist or dental clinic in the past year among adults,Dental Visit,DENTAL,54.2,50.5,58.1,%,Crude prevalence,2135,2857,38.7936579,-75.4260621
2023,19941,19941,ZCTA,Sussex,BRFSS,Prevention,Visits to doctor for routine checkup within the past year among adults,Annual Checkup,CHECKUP,80.2,76.9,83.2,%,Crude prevalence,2135,2857,38.7936579,-75.4260621
2023,19943,19943,ZCTA,Sussex,BRFSS,Disability,Any disability among adults,Any Disability,DISABILITY,34.1,30.5,38.0,%,Crude prevalence,9765,12523,39.0044358,-75.6069858
2023,19943,19943,ZCTA,Sussex,BRFSS,Disability,Cognitive disability among adults,Cognitive Disability,COGNITION,14.3,12.7,16.1,%,Crude prevalence,9765,12523,39.0044358,-75.6069858
2023,19943,19943,ZCTA,Sussex,BRFSS,Disability,Hearing disability among adults,Hearing Disability,HEARING,7.0,6.2,7.8,%,Crude prevalence,9765,12523,39.0044358,-75.6069858
2023,19943,19943,ZCTA,Sussex,BRFSS,Disability,Independent living disability among adults,Independent Living Disability,INDEPLIVE,8.4,7.6,9.4,%,Crude prevalence,9765,12523,39.0044358,-75.6069858
2023,19943,19943,ZCTA,Sussex,BRFSS,Disability,Mobility disability among adults,Mobility Disability,MOBILITY,16.1,14.3,18.0,%,Crude prevalence,9765,12523,39.0044358,-75.6069858
2023,19943,19943,ZCTA,Sussex,BRFSS,Disability,Self-care disability among adults,Self-care Disability,SELFCARE,3.9,3.5,4.3,%,Crude prevalence,9765,12523,39.0044358,-75.6069858
2023,19943,19943,ZCTA,Sussex,BRFSS,Disability,Vision disability among adults,Vision Disability,VISION,5.0,4.5,5.5,%,Crude prevalence,9765,12523,39.0044358,-75.6069858
2022,19943,19943,ZCTA,Sussex,BRFSS,Health Outcomes,All teeth lost among adults aged >=65 years,All Teeth Lost,TEETHLOST,13.3,11.0,15.8,%,Crude prevalence,9765,12523,39.0044358,-75.6069858
2023,19943,19943,ZCTA,Sussex,BRFSS,Health Outcomes,Arthritis among adults,Arthritis,ARTHRITIS,30.3,27.3,33.3,%,Crude prevalence,9765,12523,39.0044358,-75.6069858
2023,19943,19943,ZCTA,Sussex,BRFSS,Health Outcomes,Cancer (non-skin) or melanoma among adults,Cancer (non-skin) or Melanoma,CANCER,9.3,8.5,10.2,%,Crude prevalence,9765,12523,39.0044358,-75.6069858
2023,19943,19943,ZCTA,Sussex,BRFSS,Health Outcomes,Chronic obstructive pulmonary disease among adults,COPD,COPD,7.9,7.0,8.8,%,Crude prevalence,9765,12523,39.0044358,-75.6069858
2023,19943,19943,ZCTA,Sussex,BRFSS,Health Outcomes,Coronary heart disease among adults,Coronary Heart Disease,CHD,6.8,6.1,7.5,%,Crude prevalence,9765,12523,39.0044358,-75.6069858
2023,19943,19943,ZCTA,Sussex,BRFSS,Health Outcomes,Current asthma among adults,Current Asthma,CASTHMA,12.4,11.0,13.9,%,Crude prevalence,9765,12523,39.0044358,-75.6069858
2023,19943,19943,ZCTA,Sussex,BRFSS,Health Outcomes,Depression among adults,Depression,DEPRESSION,23.5,20.2,27.0,%,Crude prevalence,9765,12523,39.0044358,-75.6069858
2023,19943,19943,ZCTA,Sussex,BRFSS,Health Outcomes,Diagnosed diabetes among adults,Diabetes,DIABETES,13.7,12.1,15.3,%,Crude prevalence,9765,12523,39.0044358,-75.6069858
2023,19943,19943,ZCTA,Sussex,BRFSS,Health Outcomes,High blood pressure among adults,High Blood Pressure,BPHIGH,39.0,35.4,42.7,%,Crude prevalence,9765,12523,39.0044358,-75.6069858
2023,19943,19943,ZCTA,Sussex,BRFSS,Health Outcomes,High cholesterol among adults who have ever been screened,High Cholesterol,HIGHCHOL,40.7,36.9,44.7,%,Crude prevalence,9765,12523,39.0044358,-75.6069858
2023,19943,19943,ZCTA,Sussex,BRFSS,Health Outcomes,Obesity among adults,Obesity,OBESITY,42.3,36.0,48.9,%,Crude prevalence,9765,12523,39.0044358,-75.6069858
2023,19943,19943,ZCTA,Sussex,BRFSS,Health Outcomes,Stroke among adults,Stroke,STROKE,3.7,3.4,4.0,%,Crude prevalence,9765,12523,39.0044358,-75.6069858
2023,19943,19943,ZCTA,Sussex,BRFSS,Health Risk Behaviors,Binge drinking among adults,Binge Drinking,BINGE,13.6,11.4,16.1,%,Crude prevalence,9765,12523,39.0044358,-75.6069858
2023,19943,19943,ZCTA,Sussex,BRFSS,Health Risk Behaviors,Current cigarette smoking among adults,Current Cigarette Smoking,CSMOKING,13.8,12.0,15.9,%,Crude prevalence,9765,12523,39.0044358,-75.6069858
2023,19943,19943,ZCTA,Sussex,BRFSS,Health Risk Behaviors,No leisure-time physical activity among adults,Physical Inactivity,LPA,30.1,26.1,34.4,%,Crude prevalence,9765,12523,39.0044358,-75.6069858
2022,19943,19943,ZCTA,Sussex,BRFSS,Health Risk Behaviors,Short sleep duration among adults,Short Sleep Duration,SLEEP,38.7,33.5,44.1,%,Crude prevalence,9765,12523,39.0044358,-75.6069858
2023,19943,19943,ZCTA,Sussex,BRFSS,Health Status,Fair or poor self-rated health status among adults,General Health,GHLTH,20.2,17.9,22.6,%,Crude prevalence,9765,12523,39.0044358,-75.6069858
2023,19943,19943,ZCTA,Sussex,BRFSS,Health Status,Frequent mental distress among adults,Frequent Mental Distress,MHLTH,17.4,15.5,19.4,%,Crude prevalence,9765,12523,39.0044358,-75.6069858
2023,19943,19943,ZCTA,Sussex,BRFSS,Health Status,Frequent physical distress among adults,Frequent Physical Distress,PHLTH,14.7,13.1,16.4,%,Crude prevalence,9765,12523,39.0044358,-75.6069858
2023,19943,19943,ZCTA,Sussex,BRFSS,Health-Related Social Needs,Food insecurity in the past 12 months among adults,Food Insecurity,FOODINSECU,13.4,11.7,15.3,%,Crude prevalence,9765,12523,39.0044358,-75.6069858
2023,19943,19943,ZCTA,Sussex,BRFSS,Health-Related Social Needs,Housing insecurity in the past 12 months among adults,Housing Insecurity,HOUSINSECU,11.7,10.3,13.4,%,Crude prevalence,9765,12523,39.0044358,-75.6069858
2023,19943,19943,ZCTA,Sussex,BRFSS,Health-Related Social Needs,Lack of reliable transportation in the past 12 months among adults,Transportation Barriers,LACKTRPT,7.4,6.6,8.4,%,Crude prevalence,9765,12523,39.0044358,-75.6069858
2023,19943,19943,ZCTA,Sussex,BRFSS,Health-Related Social Needs,Lack of social and emotional support among adults,Lack of Social/Emotional Support,EMOTIONSPT,21.6,18.9,24.7,%,Crude prevalence,9765,12523,39.0044358,-75.6069858
2023,19943,19943,ZCTA,Sussex,BRFSS,Health-Related Social Needs,Loneliness among adults,Loneliness,LONELINESS,33.7,30.0,37.8,%,Crude prevalence,9765,12523,39.0044358,-75.6069858
2023,19943,19943,ZCTA,Sussex,BRFSS,Health-Related Social Needs,Received food stamps in the past 12 months among adults,Food Stamps,FOODSTAMP,11.9,10.1,14.0,%,Crude prevalence,9765,12523,39.0044358,-75.6069858
2023,19943,19943,ZCTA,Sussex,BRFSS,Health-Related Social Needs,Utility services shut-off threat in the past 12 months among adults,Utility Services Threat,SHUTUTILITY,7.2,6.3,8.3,%,Crude prevalence,9765,12523,39.0044358,-75.6069858
2023,19943,19943,ZCTA,Sussex,BRFSS,Prevention,Cholesterol screening among adults,Cholesterol Screening,CHOLSCREEN,87.2,85.3,88.9,%,Crude prevalence,9765,12523,39.0044358,-75.6069858
2022,19943,19943,ZCTA,Sussex,BRFSS,Prevention,Colorectal cancer screening among adults aged 45–75 years,Colorectal Cancer Screening,COLON_SCREEN,67.3,62.9,71.5,%,Crude prevalence,9765,12523,39.0044358,-75.6069858
2023,19943,19943,ZCTA,Sussex,BRFSS,Prevention,Current lack of health insurance among adults aged 18-64 years,Health Insurance,ACCESS2,8.7,7.4,10.2,%,Crude prevalence,9765,12523,39.0044358,-75.6069858
2022,19943,19943,ZCTA,Sussex,BRFSS,Prevention,Mammography use among women aged 50-74 years,Mammography,MAMMOUSE,73.9,67.4,79.7,%,Crude prevalence,9765,12523,39.0044358,-75.6069858
2023,19943,19943,ZCTA,Sussex,BRFSS,Prevention,Taking medicine to control high blood pressure among adults with high blood pressure,High Blood Pressure Medication,BPMED,78.2,75.4,80.9,%,Crude prevalence,9765,12523,39.0044358,-75.6069858
2022,19943,19943,ZCTA,Sussex,BRFSS,Prevention,Visited dentist or dental clinic in the past year among adults,Dental Visit,DENTAL,62.9,59.2,66.5,%,Crude prevalence,9765,12523,39.0044358,-75.6069858
2023,19943,19943,ZCTA,Sussex,BRFSS,Prevention,Visits to doctor for routine checkup within the past year among adults,Annual Checkup,CHECKUP,81.9,78.8,84.9,%,Crude prevalence,9765,12523,39.0044358,-75.6069858
2023,19944,19944,ZCTA,Sussex,BRFSS,Disability,Any disability among adults,Any Disability,DISABILITY,29.6,25.2,34.7,%,Crude prevalence,485,519,38.4778676,-75.0530825
2023,19944,19944,ZCTA,Sussex,BRFSS,Disability,Cognitive disability among adults,Cognitive Disability,COGNITION,8.5,7.0,10.4,%,Crude prevalence,485,519,38.4778676,-75.0530825
2023,19944,19944,ZCTA,Sussex,BRFSS,Disability,Hearing disability among adults,Hearing Disability,HEARING,10.7,9.1,12.3,%,Crude prevalence,485,519,38.4778676,-75.0530825
2023,19944,19944,ZCTA,Sussex,BRFSS,Disability,Independent living disability among adults,Independent Living Disability,INDEPLIVE,6.3,5.1,7.8,%,Crude prevalence,485,519,38.4778676,-75.0530825
2023,19944,19944,ZCTA,Sussex,BRFSS,Disability,Mobility disability among adults,Mobility Disability,MOBILITY,15.2,12.3,18.5,%,Crude prevalence,485,519,38.4778676,-75.0530825
2023,19944,19944,ZCTA,Sussex,BRFSS,Disability,Self-care disability among adults,Self-care Disability,SELFCARE,3.0,2.4,3.8,%,Crude prevalence,485,519,38.4778676,-75.0530825
2023,19944,19944,ZCTA,Sussex,BRFSS,Disability,Vision disability among adults,Vision Disability,VISION,3.8,3.1,4.7,%,Crude prevalence,485,519,38.4778676,-75.0530825
2022,19944,19944,ZCTA,Sussex,BRFSS,Health Outcomes,All teeth lost among adults aged >=65 years,All Teeth Lost,TEETHLOST,10.0,8.4,12.1,%,Crude prevalence,485,519,38.4778676,-75.0530825
2023,19944,19944,ZCTA,Sussex,BRFSS,Health Outcomes,Arthritis among adults,Arthritis,ARTHRITIS,38.9,35.0,42.6,%,Crude prevalence,485,519,38.4778676,-75.0530825
2023,19944,19944,ZCTA,Sussex,BRFSS,Health Outcomes,Cancer (non-skin) or melanoma among adults,Cancer (non-skin) or Melanoma,CANCER,17.2,15.7,18.8,%,Crude prevalence,485,519,38.4778676,-75.0530825
2023,19944,19944,ZCTA,Sussex,BRFSS,Health Outcomes,Chronic obstructive pulmonary disease among adults,COPD,COPD,7.9,6.2,10.0,%,Crude prevalence,485,519,38.4778676,-75.0530825
2023,19944,19944,ZCTA,Sussex,BRFSS,Health Outcomes,Coronary heart disease among adults,Coronary Heart Disease,CHD,10.2,8.7,11.8,%,Crude prevalence,485,519,38.4778676,-75.0530825
2023,19944,19944,ZCTA,Sussex,BRFSS,Health Outcomes,Current asthma among adults,Current Asthma,CASTHMA,9.5,8.3,10.7,%,Crude prevalence,485,519,38.4778676,-75.0530825
2023,19944,19944,ZCTA,Sussex,BRFSS,Health Outcomes,Depression among adults,Depression,DEPRESSION,17.8,15.2,20.6,%,Crude prevalence,485,519,38.4778676,-75.0530825
2023,19944,19944,ZCTA,Sussex,BRFSS,Health Outcomes,Diagnosed diabetes among adults,Diabetes,DIABETES,12.9,10.9,15.1,%,Crude prevalence,485,519,38.4778676,-75.0530825
2023,19944,19944,ZCTA,Sussex,BRFSS,Health Outcomes,High blood pressure among adults,High Blood Pressure,BPHIGH,45.7,41.5,49.7,%,Crude prevalence,485,519,38.4778676,-75.0530825
2023,19944,19944,ZCTA,Sussex,BRFSS,Health Outcomes,High cholesterol among adults who have ever been screened,High Cholesterol,HIGHCHOL,53.4,49.1,57.5,%,Crude prevalence,485,519,38.4778676,-75.0530825
2023,19944,19944,ZCTA,Sussex,BRFSS,Health Outcomes,Obesity among adults,Obesity,OBESITY,26.7,21.7,32.0,%,Crude prevalence,485,519,38.4778676,-75.0530825
2023,19944,19944,ZCTA,Sussex,BRFSS,Health Outcomes,Stroke among adults,Stroke,STROKE,4.4,3.7,5.2,%,Crude prevalence,485,519,38.4778676,-75.0530825
2023,19944,19944,ZCTA,Sussex,BRFSS,Health Risk Behaviors,Binge drinking among adults,Binge Drinking,BINGE,10.4,8.8,12.3,%,Crude prevalence,485,519,38.4778676,-75.0530825
2023,19944,19944,ZCTA,Sussex,BRFSS,Health Risk Behaviors,Current cigarette smoking among adults,Current Cigarette Smoking,CSMOKING,8.5,6.4,10.9,%,Crude prevalence,485,519,38.4778676,-75.0530825
2023,19944,19944,ZCTA,Sussex,BRFSS,Health Risk Behaviors,No leisure-time physical activity among adults,Physical Inactivity,LPA,22.3,17.9,27.4,%,Crude prevalence,485,519,38.4778676,-75.0530825
2022,19944,19944,ZCTA,Sussex,BRFSS,Health Risk Behaviors,Short sleep duration among adults,Short Sleep Duration,SLEEP,23.9,20.3,28.2,%,Crude prevalence,485,519,38.4778676,-75.0530825
2023,19944,19944,ZCTA,Sussex,BRFSS,Health Status,Fair or poor self-rated health status among adults,General Health,GHLTH,15.3,12.2,18.8,%,Crude prevalence,485,519,38.4778676,-75.0530825
2023,19944,19944,ZCTA,Sussex,BRFSS,Health Status,Frequent mental distress among adults,Frequent Mental Distress,MHLTH,10.0,8.5,11.4,%,Crude prevalence,485,519,38.4778676,-75.0530825
2023,19944,19944,ZCTA,Sussex,BRFSS,Health Status,Frequent physical distress among adults,Frequent Physical Distress,PHLTH,12.9,10.8,15.1,%,Crude prevalence,485,519,38.4778676,-75.0530825
2023,19944,19944,ZCTA,Sussex,BRFSS,Health-Related Social Needs,Food insecurity in the past 12 months among adults,Food Insecurity,FOODINSECU,5.5,3.9,7.2,%,Crude prevalence,485,519,38.4778676,-75.0530825
2023,19944,19944,ZCTA,Sussex,BRFSS,Health-Related Social Needs,Housing insecurity in the past 12 months among adults,Housing Insecurity,HOUSINSECU,3.9,3.0,4.8,%,Crude prevalence,485,519,38.4778676,-75.0530825
2023,19944,19944,ZCTA,Sussex,BRFSS,Health-Related Social Needs,Lack of reliable transportation in the past 12 months among adults,Transportation Barriers,LACKTRPT,3.3,2.7,4.0,%,Crude prevalence,485,519,38.4778676,-75.0530825
2023,19944,19944,ZCTA,Sussex,BRFSS,Health-Related Social Needs,Lack of social and emotional support among adults,Lack of Social/Emotional Support,EMOTIONSPT,15.2,12.6,18.0,%,Crude prevalence,485,519,38.4778676,-75.0530825
2023,19944,19944,ZCTA,Sussex,BRFSS,Health-Related Social Needs,Loneliness among adults,Loneliness,LONELINESS,25.3,21.8,29.0,%,Crude prevalence,485,519,38.4778676,-75.0530825
2023,19944,19944,ZCTA,Sussex,BRFSS,Health-Related Social Needs,Received food stamps in the past 12 months among adults,Food Stamps,FOODSTAMP,3.9,2.7,5.4,%,Crude prevalence,485,519,38.4778676,-75.0530825
2023,19944,19944,ZCTA,Sussex,BRFSS,Health-Related Social Needs,Utility services shut-off threat in the past 12 months among adults,Utility Services Threat,SHUTUTILITY,2.5,2.0,3.1,%,Crude prevalence,485,519,38.4778676,-75.0530825
2023,19944,19944,ZCTA,Sussex,BRFSS,Prevention,Cholesterol screening among adults,Cholesterol Screening,CHOLSCREEN,94.2,93.1,95.1,%,Crude prevalence,485,519,38.4778676,-75.0530825
2022,19944,19944,ZCTA,Sussex,BRFSS,Prevention,Colorectal cancer screening among adults aged 45–75 years,Colorectal Cancer Screening,COLON_SCREEN,80.0,76.8,83.4,%,Crude prevalence,485,519,38.4778676,-75.0530825
2023,19944,19944,ZCTA,Sussex,BRFSS,Prevention,Current lack of health insurance among adults aged 18-64 years,Health Insurance,ACCESS2,5.1,3.6,6.9,%,Crude prevalence,485,519,38.4778676,-75.0530825
2022,19944,19944,ZCTA,Sussex,BRFSS,Prevention,Mammography use among women aged 50-74 years,Mammography,MAMMOUSE,81.3,76.4,85.9,%,Crude prevalence,485,519,38.4778676,-75.0530825
2023,19944,19944,ZCTA,Sussex,BRFSS,Prevention,Taking medicine to control high blood pressure among adults with high blood pressure,High Blood Pressure Medication,BPMED,87.6,85.2,89.5,%,Crude prevalence,485,519,38.4778676,-75.0530825
2022,19944,19944,ZCTA,Sussex,BRFSS,Prevention,Visited dentist or dental clinic in the past year among adults,Dental Visit,DENTAL,77.1,74.5,79.8,%,Crude prevalence,485,519,38.4778676,-75.0530825
2023,19944,19944,ZCTA,Sussex,BRFSS,Prevention,Visits to doctor for routine checkup within the past year among adults,Annual Checkup,CHECKUP,87.7,85.4,89.7,%,Crude prevalence,485,519,38.4778676,-75.0530825
2023,19945,19945,ZCTA,Sussex,BRFSS,Disability,Any disability among adults,Any Disability,DISABILITY,28.5,25.1,31.9,%,Crude prevalence,6693,8041,38.4978939,-75.2290333
2023,19945,19945,ZCTA,Sussex,BRFSS,Disability,Cognitive disability among adults,Cognitive Disability,COGNITION,11.3,10.0,12.8,%,Crude prevalence,6693,8041,38.4978939,-75.2290333
2023,19945,19945,ZCTA,Sussex,BRFSS,Disability,Hearing disability among adults,Hearing Disability,HEARING,7.6,6.7,8.5,%,Crude prevalence,6693,8041,38.4978939,-75.2290333
2023,19945,19945,ZCTA,Sussex,BRFSS,Disability,Independent living disability among adults,Independent Living Disability,INDEPLIVE,7.1,6.3,7.9,%,Crude prevalence,6693,8041,38.4978939,-75.2290333
2023,19945,19945,ZCTA,Sussex,BRFSS,Disability,Mobility disability among adults,Mobility Disability,MOBILITY,13.9,12.2,15.7,%,Crude prevalence,6693,8041,38.4978939,-75.2290333
2023,19945,19945,ZCTA,Sussex,BRFSS,Disability,Self-care disability among adults,Self-care Disability,SELFCARE,3.5,3.1,3.9,%,Crude prevalence,6693,8041,38.4978939,-75.2290333
2023,19945,19945,ZCTA,Sussex,BRFSS,Disability,Vision disability among adults,Vision Disability,VISION,4.4,4.0,4.9,%,Crude prevalence,6693,8041,38.4978939,-75.2290333
2022,19945,19945,ZCTA,Sussex,BRFSS,Health Outcomes,All teeth lost among adults aged >=65 years,All Teeth Lost,TEETHLOST,8.9,7.4,10.8,%,Crude prevalence,6693,8041,38.4978939,-75.2290333
2023,19945,19945,ZCTA,Sussex,BRFSS,Health Outcomes,Arthritis among adults,Arthritis,ARTHRITIS,31.5,28.3,34.5,%,Crude prevalence,6693,8041,38.4978939,-75.2290333
2023,19945,19945,ZCTA,Sussex,BRFSS,Health Outcomes,Cancer (non-skin) or melanoma among adults,Cancer (non-skin) or Melanoma,CANCER,11.0,10.0,12.0,%,Crude prevalence,6693,8041,38.4978939,-75.2290333
2023,19945,19945,ZCTA,Sussex,BRFSS,Health Outcomes,Chronic obstructive pulmonary disease among adults,COPD,COPD,7.4,6.4,8.4,%,Crude prevalence,6693,8041,38.4978939,-75.2290333
2023,19945,19945,ZCTA,Sussex,BRFSS,Health Outcomes,Coronary heart disease among adults,Coronary Heart Disease,CHD,7.6,6.8,8.4,%,Crude prevalence,6693,8041,38.4978939,-75.2290333
2023,19945,19945,ZCTA,Sussex,BRFSS,Health Outcomes,Current asthma among adults,Current Asthma,CASTHMA,10.4,9.2,11.6,%,Crude prevalence,6693,8041,38.4978939,-75.2290333
2023,19945,19945,ZCTA,Sussex,BRFSS,Health Outcomes,Depression among adults,Depression,DEPRESSION,20.4,17.4,23.5,%,Crude prevalence,6693,8041,38.4978939,-75.2290333
2023,19945,19945,ZCTA,Sussex,BRFSS,Health Outcomes,Diagnosed diabetes among adults,Diabetes,DIABETES,12.5,10.9,14.1,%,Crude prevalence,6693,8041,38.4978939,-75.2290333
2023,19945,19945,ZCTA,Sussex,BRFSS,Health Outcomes,High blood pressure among adults,High Blood Pressure,BPHIGH,40.0,36.2,43.6,%,Crude prevalence,6693,8041,38.4978939,-75.2290333
2023,19945,19945,ZCTA,Sussex,BRFSS,Health Outcomes,High cholesterol among adults who have ever been screened,High Cholesterol,HIGHCHOL,46.8,42.9,50.7,%,Crude prevalence,6693,8041,38.4978939,-75.2290333
2023,19945,19945,ZCTA,Sussex,BRFSS,Health Outcomes,Obesity among adults,Obesity,OBESITY,32.7,27.0,38.4,%,Crude prevalence,6693,8041,38.4978939,-75.2290333
2023,19945,19945,ZCTA,Sussex,BRFSS,Health Outcomes,Stroke among adults,Stroke,STROKE,3.7,3.4,4.1,%,Crude prevalence,6693,8041,38.4978939,-75.2290333
2023,19945,19945,ZCTA,Sussex,BRFSS,Health Risk Behaviors,Binge drinking among adults,Binge Drinking,BINGE,13.9,11.7,16.4,%,Crude prevalence,6693,8041,38.4978939,-75.2290333
2023,19945,19945,ZCTA,Sussex,BRFSS,Health Risk Behaviors,Current cigarette smoking among adults,Current Cigarette Smoking,CSMOKING,12.5,10.6,14.5,%,Crude prevalence,6693,8041,38.4978939,-75.2290333
2023,19945,19945,ZCTA,Sussex,BRFSS,Health Risk Behaviors,No leisure-time physical activity among adults,Physical Inactivity,LPA,24.8,21.2,28.6,%,Crude prevalence,6693,8041,38.4978939,-75.2290333
2022,19945,19945,ZCTA,Sussex,BRFSS,Health Risk Behaviors,Short sleep duration among adults,Short Sleep Duration,SLEEP,31.2,26.9,36.2,%,Crude prevalence,6693,8041,38.4978939,-75.2290333
2023,19945,19945,ZCTA,Sussex,BRFSS,Health Status,Fair or poor self-rated health status among adults,General Health,GHLTH,17.3,15.2,19.5,%,Crude prevalence,6693,8041,38.4978939,-75.2290333
2023,19945,19945,ZCTA,Sussex,BRFSS,Health Status,Frequent mental distress among adults,Frequent Mental Distress,MHLTH,13.6,12.0,15.2,%,Crude prevalence,6693,8041,38.4978939,-75.2290333
2023,19945,19945,ZCTA,Sussex,BRFSS,Health Status,Frequent physical distress among adults,Frequent Physical Distress,PHLTH,13.4,11.9,15.0,%,Crude prevalence,6693,8041,38.4978939,-75.2290333
2023,19945,19945,ZCTA,Sussex,BRFSS,Health-Related Social Needs,Food insecurity in the past 12 months among adults,Food Insecurity,FOODINSECU,10.8,9.2,12.4,%,Crude prevalence,6693,8041,38.4978939,-75.2290333
2023,19945,19945,ZCTA,Sussex,BRFSS,Health-Related Social Needs,Housing insecurity in the past 12 months among adults,Housing Insecurity,HOUSINSECU,8.5,7.4,9.8,%,Crude prevalence,6693,8041,38.4978939,-75.2290333
2023,19945,19945,ZCTA,Sussex,BRFSS,Health-Related Social Needs,Lack of reliable transportation in the past 12 months among adults,Transportation Barriers,LACKTRPT,5.9,5.1,6.7,%,Crude prevalence,6693,8041,38.4978939,-75.2290333
2023,19945,19945,ZCTA,Sussex,BRFSS,Health-Related Social Needs,Lack of social and emotional support among adults,Lack of Social/Emotional Support,EMOTIONSPT,18.8,16.3,21.6,%,Crude prevalence,6693,8041,38.4978939,-75.2290333
2023,19945,19945,ZCTA,Sussex,BRFSS,Health-Related Social Needs,Loneliness among adults,Loneliness,LONELINESS,28.7,25.4,32.5,%,Crude prevalence,6693,8041,38.4978939,-75.2290333
2023,19945,19945,ZCTA,Sussex,BRFSS,Health-Related Social Needs,Received food stamps in the past 12 months among adults,Food Stamps,FOODSTAMP,8.3,6.9,9.9,%,Crude prevalence,6693,8041,38.4978939,-75.2290333
2023,19945,19945,ZCTA,Sussex,BRFSS,Health-Related Social Needs,Utility services shut-off threat in the past 12 months among adults,Utility Services Threat,SHUTUTILITY,5.5,4.8,6.3,%,Crude prevalence,6693,8041,38.4978939,-75.2290333
2023,19945,19945,ZCTA,Sussex,BRFSS,Prevention,Cholesterol screening among adults,Cholesterol Screening,CHOLSCREEN,90.0,88.6,91.4,%,Crude prevalence,6693,8041,38.4978939,-75.2290333
2022,19945,19945,ZCTA,Sussex,BRFSS,Prevention,Colorectal cancer screening among adults aged 45–75 years,Colorectal Cancer Screening,COLON_SCREEN,72.1,68.4,76.0,%,Crude prevalence,6693,8041,38.4978939,-75.2290333
2023,19945,19945,ZCTA,Sussex,BRFSS,Prevention,Current lack of health insurance among adults aged 18-64 years,Health Insurance,ACCESS2,8.7,7.4,10.2,%,Crude prevalence,6693,8041,38.4978939,-75.2290333
2022,19945,19945,ZCTA,Sussex,BRFSS,Prevention,Mammography use among women aged 50-74 years,Mammography,MAMMOUSE,80.6,75.7,85.4,%,Crude prevalence,6693,8041,38.4978939,-75.2290333
2023,19945,19945,ZCTA,Sussex,BRFSS,Prevention,Taking medicine to control high blood pressure among adults with high blood pressure,High Blood Pressure Medication,BPMED,82.3,79.6,84.6,%,Crude prevalence,6693,8041,38.4978939,-75.2290333
2022,19945,19945,ZCTA,Sussex,BRFSS,Prevention,Visited dentist or dental clinic in the past year among adults,Dental Visit,DENTAL,66.5,63.3,69.9,%,Crude prevalence,6693,8041,38.4978939,-75.2290333
2023,19945,19945,ZCTA,Sussex,BRFSS,Prevention,Visits to doctor for routine checkup within the past year among adults,Annual Checkup,CHECKUP,83.0,80.1,85.7,%,Crude prevalence,6693,8041,38.4978939,-75.2290333
2023,19946,19946,ZCTA,Sussex,BRFSS,Disability,Any disability among adults,Any Disability,DISABILITY,34.6,30.7,38.5,%,Crude prevalence,3794,4932,39.0348019,-75.4495848
2023,19946,19946,ZCTA,Sussex,BRFSS,Disability,Cognitive disability among adults,Cognitive Disability,COGNITION,14.4,12.6,16.1,%,Crude prevalence,3794,4932,39.0348019,-75.4495848
2023,19946,19946,ZCTA,Sussex,BRFSS,Disability,Hearing disability among adults,Hearing Disability,HEARING,7.2,6.4,8.1,%,Crude prevalence,3794,4932,39.0348019,-75.4495848
2023,19946,19946,ZCTA,Sussex,BRFSS,Disability,Independent living disability among adults,Independent Living Disability,INDEPLIVE,8.6,7.6,9.6,%,Crude prevalence,3794,4932,39.0348019,-75.4495848
2023,19946,19946,ZCTA,Sussex,BRFSS,Disability,Mobility disability among adults,Mobility Disability,MOBILITY,16.5,14.6,18.6,%,Crude prevalence,3794,4932,39.0348019,-75.4495848
2023,19946,19946,ZCTA,Sussex,BRFSS,Disability,Self-care disability among adults,Self-care Disability,SELFCARE,4.0,3.6,4.4,%,Crude prevalence,3794,4932,39.0348019,-75.4495848
2023,19946,19946,ZCTA,Sussex,BRFSS,Disability,Vision disability among adults,Vision Disability,VISION,5.3,4.8,5.8,%,Crude prevalence,3794,4932,39.0348019,-75.4495848
2022,19946,19946,ZCTA,Sussex,BRFSS,Health Outcomes,All teeth lost among adults aged >=65 years,All Teeth Lost,TEETHLOST,11.5,9.5,13.8,%,Crude prevalence,3794,4932,39.0348019,-75.4495848
2023,19946,19946,ZCTA,Sussex,BRFSS,Health Outcomes,Arthritis among adults,Arthritis,ARTHRITIS,30.3,27.3,33.4,%,Crude prevalence,3794,4932,39.0348019,-75.4495848
2023,19946,19946,ZCTA,Sussex,BRFSS,Health Outcomes,Cancer (non-skin) or melanoma among adults,Cancer (non-skin) or Melanoma,CANCER,9.1,8.3,10.0,%,Crude prevalence,3794,4932,39.0348019,-75.4495848
2023,19946,19946,ZCTA,Sussex,BRFSS,Health Outcomes,Chronic obstructive pulmonary disease among adults,COPD,COPD,8.0,7.0,9.0,%,Crude prevalence,3794,4932,39.0348019,-75.4495848
2023,19946,19946,ZCTA,Sussex,BRFSS,Health Outcomes,Coronary heart disease among adults,Coronary Heart Disease,CHD,7.0,6.3,7.7,%,Crude prevalence,3794,4932,39.0348019,-75.4495848
2023,19946,19946,ZCTA,Sussex,BRFSS,Health Outcomes,Current asthma among adults,Current Asthma,CASTHMA,12.3,10.9,13.8,%,Crude prevalence,3794,4932,39.0348019,-75.4495848
2023,19946,19946,ZCTA,Sussex,BRFSS,Health Outcomes,Depression among adults,Depression,DEPRESSION,23.1,19.8,26.7,%,Crude prevalence,3794,4932,39.0348019,-75.4495848
2023,19946,19946,ZCTA,Sussex,BRFSS,Health Outcomes,Diagnosed diabetes among adults,Diabetes,DIABETES,14.2,12.5,16.0,%,Crude prevalence,3794,4932,39.0348019,-75.4495848
2023,19946,19946,ZCTA,Sussex,BRFSS,Health Outcomes,High blood pressure among adults,High Blood Pressure,BPHIGH,39.5,35.9,43.2,%,Crude prevalence,3794,4932,39.0348019,-75.4495848
2023,19946,19946,ZCTA,Sussex,BRFSS,Health Outcomes,High cholesterol among adults who have ever been screened,High Cholesterol,HIGHCHOL,40.7,36.8,44.5,%,Crude prevalence,3794,4932,39.0348019,-75.4495848
2023,19946,19946,ZCTA,Sussex,BRFSS,Health Outcomes,Obesity among adults,Obesity,OBESITY,43.0,36.7,49.6,%,Crude prevalence,3794,4932,39.0348019,-75.4495848
2023,19946,19946,ZCTA,Sussex,BRFSS,Health Outcomes,Stroke among adults,Stroke,STROKE,3.8,3.5,4.1,%,Crude prevalence,3794,4932,39.0348019,-75.4495848
2023,19946,19946,ZCTA,Sussex,BRFSS,Health Risk Behaviors,Binge drinking among adults,Binge Drinking,BINGE,13.2,11.0,15.6,%,Crude prevalence,3794,4932,39.0348019,-75.4495848
2023,19946,19946,ZCTA,Sussex,BRFSS,Health Risk Behaviors,Current cigarette smoking among adults,Current Cigarette Smoking,CSMOKING,13.7,11.8,15.9,%,Crude prevalence,3794,4932,39.0348019,-75.4495848
2023,19946,19946,ZCTA,Sussex,BRFSS,Health Risk Behaviors,No leisure-time physical activity among adults,Physical Inactivity,LPA,31.0,26.7,35.4,%,Crude prevalence,3794,4932,39.0348019,-75.4495848
2022,19946,19946,ZCTA,Sussex,BRFSS,Health Risk Behaviors,Short sleep duration among adults,Short Sleep Duration,SLEEP,39.4,34.1,44.8,%,Crude prevalence,3794,4932,39.0348019,-75.4495848
2023,19946,19946,ZCTA,Sussex,BRFSS,Health Status,Fair or poor self-rated health status among adults,General Health,GHLTH,20.8,18.4,23.3,%,Crude prevalence,3794,4932,39.0348019,-75.4495848
2023,19946,19946,ZCTA,Sussex,BRFSS,Health Status,Frequent mental distress among adults,Frequent Mental Distress,MHLTH,17.3,15.4,19.4,%,Crude prevalence,3794,4932,39.0348019,-75.4495848
2023,19946,19946,ZCTA,Sussex,BRFSS,Health Status,Frequent physical distress among adults,Frequent Physical Distress,PHLTH,14.8,13.2,16.6,%,Crude prevalence,3794,4932,39.0348019,-75.4495848
2023,19946,19946,ZCTA,Sussex,BRFSS,Health-Related Social Needs,Food insecurity in the past 12 months among adults,Food Insecurity,FOODINSECU,14.3,12.4,16.2,%,Crude prevalence,3794,4932,39.0348019,-75.4495848
2023,19946,19946,ZCTA,Sussex,BRFSS,Health-Related Social Needs,Housing insecurity in the past 12 months among adults,Housing Insecurity,HOUSINSECU,12.5,10.9,14.3,%,Crude prevalence,3794,4932,39.0348019,-75.4495848
2023,19946,19946,ZCTA,Sussex,BRFSS,Health-Related Social Needs,Lack of reliable transportation in the past 12 months among adults,Transportation Barriers,LACKTRPT,7.8,6.9,8.9,%,Crude prevalence,3794,4932,39.0348019,-75.4495848
2023,19946,19946,ZCTA,Sussex,BRFSS,Health-Related Social Needs,Lack of social and emotional support among adults,Lack of Social/Emotional Support,EMOTIONSPT,21.7,18.9,24.7,%,Crude prevalence,3794,4932,39.0348019,-75.4495848
2023,19946,19946,ZCTA,Sussex,BRFSS,Health-Related Social Needs,Loneliness among adults,Loneliness,LONELINESS,33.7,30.0,37.6,%,Crude prevalence,3794,4932,39.0348019,-75.4495848
2023,19946,19946,ZCTA,Sussex,BRFSS,Health-Related Social Needs,Received food stamps in the past 12 months among adults,Food Stamps,FOODSTAMP,12.8,10.9,14.8,%,Crude prevalence,3794,4932,39.0348019,-75.4495848
2023,19946,19946,ZCTA,Sussex,BRFSS,Health-Related Social Needs,Utility services shut-off threat in the past 12 months among adults,Utility Services Threat,SHUTUTILITY,7.7,6.7,8.9,%,Crude prevalence,3794,4932,39.0348019,-75.4495848
2023,19946,19946,ZCTA,Sussex,BRFSS,Prevention,Cholesterol screening among adults,Cholesterol Screening,CHOLSCREEN,87.2,85.4,88.8,%,Crude prevalence,3794,4932,39.0348019,-75.4495848
2022,19946,19946,ZCTA,Sussex,BRFSS,Prevention,Colorectal cancer screening among adults aged 45–75 years,Colorectal Cancer Screening,COLON_SCREEN,66.4,61.9,70.6,%,Crude prevalence,3794,4932,39.0348019,-75.4495848
2023,19946,19946,ZCTA,Sussex,BRFSS,Prevention,Current lack of health insurance among adults aged 18-64 years,Health Insurance,ACCESS2,9.4,8.0,11.0,%,Crude prevalence,3794,4932,39.0348019,-75.4495848
2022,19946,19946,ZCTA,Sussex,BRFSS,Prevention,Mammography use among women aged 50-74 years,Mammography,MAMMOUSE,73.8,67.3,79.6,%,Crude prevalence,3794,4932,39.0348019,-75.4495848
2023,19946,19946,ZCTA,Sussex,BRFSS,Prevention,Taking medicine to control high blood pressure among adults with high blood pressure,High Blood Pressure Medication,BPMED,78.4,75.5,80.9,%,Crude prevalence,3794,4932,39.0348019,-75.4495848
2022,19946,19946,ZCTA,Sussex,BRFSS,Prevention,Visited dentist or dental clinic in the past year among adults,Dental Visit,DENTAL,62.0,58.1,65.7,%,Crude prevalence,3794,4932,39.0348019,-75.4495848
2023,19946,19946,ZCTA,Sussex,BRFSS,Prevention,Visits to doctor for routine checkup within the past year among adults,Annual Checkup,CHECKUP,82.1,79.1,85.0,%,Crude prevalence,3794,4932,39.0348019,-75.4495848
2023,19947,19947,ZCTA,Sussex,BRFSS,Disability,Any disability among adults,Any Disability,DISABILITY,34.4,30.8,38.2,%,Crude prevalence,15895,20964,38.6702663,-75.4046629
2023,19947,19947,ZCTA,Sussex,BRFSS,Disability,Cognitive disability among adults,Cognitive Disability,COGNITION,16.5,14.7,18.3,%,Crude prevalence,15895,20964,38.6702663,-75.4046629
2023,19947,19947,ZCTA,Sussex,BRFSS,Disability,Hearing disability among adults,Hearing Disability,HEARING,7.6,6.8,8.5,%,Crude prevalence,15895,20964,38.6702663,-75.4046629
2023,19947,19947,ZCTA,Sussex,BRFSS,Disability,Independent living disability among adults,Independent Living Disability,INDEPLIVE,10.1,9.1,11.2,%,Crude prevalence,15895,20964,38.6702663,-75.4046629
2023,19947,19947,ZCTA,Sussex,BRFSS,Disability,Mobility disability among adults,Mobility Disability,MOBILITY,16.2,14.5,18.0,%,Crude prevalence,15895,20964,38.6702663,-75.4046629
2023,19947,19947,ZCTA,Sussex,BRFSS,Disability,Self-care disability among adults,Self-care Disability,SELFCARE,5.0,4.6,5.4,%,Crude prevalence,15895,20964,38.6702663,-75.4046629
2023,19947,19947,ZCTA,Sussex,BRFSS,Disability,Vision disability among adults,Vision Disability,VISION,7.2,6.6,7.8,%,Crude prevalence,15895,20964,38.6702663,-75.4046629
2022,19947,19947,ZCTA,Sussex,BRFSS,Health Outcomes,All teeth lost among adults aged >=65 years,All Teeth Lost,TEETHLOST,15.9,13.6,18.8,%,Crude prevalence,15895,20964,38.6702663,-75.4046629
2023,19947,19947,ZCTA,Sussex,BRFSS,Health Outcomes,Arthritis among adults,Arthritis,ARTHRITIS,27.0,24.3,29.7,%,Crude prevalence,15895,20964,38.6702663,-75.4046629
2023,19947,19947,ZCTA,Sussex,BRFSS,Health Outcomes,Cancer (non-skin) or melanoma among adults,Cancer (non-skin) or Melanoma,CANCER,7.8,7.1,8.5,%,Crude prevalence,15895,20964,38.6702663,-75.4046629
2023,19947,19947,ZCTA,Sussex,BRFSS,Health Outcomes,Chronic obstructive pulmonary disease among adults,COPD,COPD,8.6,7.7,9.5,%,Crude prevalence,15895,20964,38.6702663,-75.4046629
2023,19947,19947,ZCTA,Sussex,BRFSS,Health Outcomes,Coronary heart disease among adults,Coronary Heart Disease,CHD,7.5,6.8,8.3,%,Crude prevalence,15895,20964,38.6702663,-75.4046629
2023,19947,19947,ZCTA,Sussex,BRFSS,Health Outcomes,Current asthma among adults,Current Asthma,CASTHMA,10.7,9.4,12.0,%,Crude prevalence,15895,20964,38.6702663,-75.4046629
2023,19947,19947,ZCTA,Sussex,BRFSS,Health Outcomes,Depression among adults,Depression,DEPRESSION,21.1,18.1,24.3,%,Crude prevalence,15895,20964,38.6702663,-75.4046629
2023,19947,19947,ZCTA,Sussex,BRFSS,Health Outcomes,Diagnosed diabetes among adults,Diabetes,DIABETES,13.2,11.7,14.8,%,Crude prevalence,15895,20964,38.6702663,-75.4046629
2023,19947,19947,ZCTA,Sussex,BRFSS,Health Outcomes,High blood pressure among adults,High Blood Pressure,BPHIGH,37.9,34.5,41.4,%,Crude prevalence,15895,20964,38.6702663,-75.4046629
2023,19947,19947,ZCTA,Sussex,BRFSS,Health Outcomes,High cholesterol among adults who have ever been screened,High Cholesterol,HIGHCHOL,42.7,39.0,46.4,%,Crude prevalence,15895,20964,38.6702663,-75.4046629
2023,19947,19947,ZCTA,Sussex,BRFSS,Health Outcomes,Obesity among adults,Obesity,OBESITY,37.1,31.3,43.1,%,Crude prevalence,15895,20964,38.6702663,-75.4046629
2023,19947,19947,ZCTA,Sussex,BRFSS,Health Outcomes,Stroke among adults,Stroke,STROKE,4.0,3.7,4.3,%,Crude prevalence,15895,20964,38.6702663,-75.4046629
2023,19947,19947,ZCTA,Sussex,BRFSS,Health Risk Behaviors,Binge drinking among adults,Binge Drinking,BINGE,15.1,12.7,17.7,%,Crude prevalence,15895,20964,38.6702663,-75.4046629
2023,19947,19947,ZCTA,Sussex,BRFSS,Health Risk Behaviors,Current cigarette smoking among adults,Current Cigarette Smoking,CSMOKING,17.7,15.5,19.9,%,Crude prevalence,15895,20964,38.6702663,-75.4046629
2023,19947,19947,ZCTA,Sussex,BRFSS,Health Risk Behaviors,No leisure-time physical activity among adults,Physical Inactivity,LPA,32.7,28.6,37.0,%,Crude prevalence,15895,20964,38.6702663,-75.4046629
2022,19947,19947,ZCTA,Sussex,BRFSS,Health Risk Behaviors,Short sleep duration among adults,Short Sleep Duration,SLEEP,35.8,31.2,41.1,%,Crude prevalence,15895,20964,38.6702663,-75.4046629
2023,19947,19947,ZCTA,Sussex,BRFSS,Health Status,Fair or poor self-rated health status among adults,General Health,GHLTH,24.7,22.2,27.2,%,Crude prevalence,15895,20964,38.6702663,-75.4046629
2023,19947,19947,ZCTA,Sussex,BRFSS,Health Status,Frequent mental distress among adults,Frequent Mental Distress,MHLTH,16.8,15.0,18.7,%,Crude prevalence,15895,20964,38.6702663,-75.4046629
2023,19947,19947,ZCTA,Sussex,BRFSS,Health Status,Frequent physical distress among adults,Frequent Physical Distress,PHLTH,15.8,14.1,17.4,%,Crude prevalence,15895,20964,38.6702663,-75.4046629
2023,19947,19947,ZCTA,Sussex,BRFSS,Health-Related Social Needs,Food insecurity in the past 12 months among adults,Food Insecurity,FOODINSECU,22.7,20.4,25.0,%,Crude prevalence,15895,20964,38.6702663,-75.4046629
2023,19947,19947,ZCTA,Sussex,BRFSS,Health-Related Social Needs,Housing insecurity in the past 12 months among adults,Housing Insecurity,HOUSINSECU,16.9,15.0,18.9,%,Crude prevalence,15895,20964,38.6702663,-75.4046629
2023,19947,19947,ZCTA,Sussex,BRFSS,Health-Related Social Needs,Lack of reliable transportation in the past 12 months among adults,Transportation Barriers,LACKTRPT,11.3,10.2,12.6,%,Crude prevalence,15895,20964,38.6702663,-75.4046629
2023,19947,19947,ZCTA,Sussex,BRFSS,Health-Related Social Needs,Lack of social and emotional support among adults,Lack of Social/Emotional Support,EMOTIONSPT,23.7,20.8,26.9,%,Crude prevalence,15895,20964,38.6702663,-75.4046629
2023,19947,19947,ZCTA,Sussex,BRFSS,Health-Related Social Needs,Loneliness among adults,Loneliness,LONELINESS,33.2,29.6,37.2,%,Crude prevalence,15895,20964,38.6702663,-75.4046629
2023,19947,19947,ZCTA,Sussex,BRFSS,Health-Related Social Needs,Received food stamps in the past 12 months among adults,Food Stamps,FOODSTAMP,19.3,17.0,21.7,%,Crude prevalence,15895,20964,38.6702663,-75.4046629
2023,19947,19947,ZCTA,Sussex,BRFSS,Health-Related Social Needs,Utility services shut-off threat in the past 12 months among adults,Utility Services Threat,SHUTUTILITY,10.8,9.6,12.2,%,Crude prevalence,15895,20964,38.6702663,-75.4046629
2023,19947,19947,ZCTA,Sussex,BRFSS,Prevention,Cholesterol screening among adults,Cholesterol Screening,CHOLSCREEN,83.3,81.2,85.4,%,Crude prevalence,15895,20964,38.6702663,-75.4046629
2022,19947,19947,ZCTA,Sussex,BRFSS,Prevention,Colorectal cancer screening among adults aged 45–75 years,Colorectal Cancer Screening,COLON_SCREEN,63.9,59.8,68.2,%,Crude prevalence,15895,20964,38.6702663,-75.4046629
2023,19947,19947,ZCTA,Sussex,BRFSS,Prevention,Current lack of health insurance among adults aged 18-64 years,Health Insurance,ACCESS2,18.6,16.2,20.9,%,Crude prevalence,15895,20964,38.6702663,-75.4046629
2022,19947,19947,ZCTA,Sussex,BRFSS,Prevention,Mammography use among women aged 50-74 years,Mammography,MAMMOUSE,78.2,73.0,83.5,%,Crude prevalence,15895,20964,38.6702663,-75.4046629
2023,19947,19947,ZCTA,Sussex,BRFSS,Prevention,Taking medicine to control high blood pressure among adults with high blood pressure,High Blood Pressure Medication,BPMED,76.6,73.9,79.1,%,Crude prevalence,15895,20964,38.6702663,-75.4046629
2022,19947,19947,ZCTA,Sussex,BRFSS,Prevention,Visited dentist or dental clinic in the past year among adults,Dental Visit,DENTAL,54.6,51.2,58.4,%,Crude prevalence,15895,20964,38.6702663,-75.4046629
2023,19947,19947,ZCTA,Sussex,BRFSS,Prevention,Visits to doctor for routine checkup within the past year among adults,Annual Checkup,CHECKUP,78.5,75.0,81.6,%,Crude prevalence,15895,20964,38.6702663,-75.4046629
2023,19950,19950,ZCTA,Sussex,BRFSS,Disability,Any disability among adults,Any Disability,DISABILITY,35.6,32.1,39.0,%,Crude prevalence,5618,7095,38.8184505,-75.5967427
2023,19950,19950,ZCTA,Sussex,BRFSS,Disability,Cognitive disability among adults,Cognitive Disability,COGNITION,15.7,14.0,17.4,%,Crude prevalence,5618,7095,38.8184505,-75.5967427
2023,19950,19950,ZCTA,Sussex,BRFSS,Disability,Hearing disability among adults,Hearing Disability,HEARING,8.6,7.7,9.5,%,Crude prevalence,5618,7095,38.8184505,-75.5967427
2023,19950,19950,ZCTA,Sussex,BRFSS,Disability,Independent living disability among adults,Independent Living Disability,INDEPLIVE,10.0,9.0,11.0,%,Crude prevalence,5618,7095,38.8184505,-75.5967427
2023,19950,19950,ZCTA,Sussex,BRFSS,Disability,Mobility disability among adults,Mobility Disability,MOBILITY,17.8,15.9,19.7,%,Crude prevalence,5618,7095,38.8184505,-75.5967427
2023,19950,19950,ZCTA,Sussex,BRFSS,Disability,Self-care disability among adults,Self-care Disability,SELFCARE,4.7,4.3,5.2,%,Crude prevalence,5618,7095,38.8184505,-75.5967427
2023,19950,19950,ZCTA,Sussex,BRFSS,Disability,Vision disability among adults,Vision Disability,VISION,6.0,5.5,6.6,%,Crude prevalence,5618,7095,38.8184505,-75.5967427
2022,19950,19950,ZCTA,Sussex,BRFSS,Health Outcomes,All teeth lost among adults aged >=65 years,All Teeth Lost,TEETHLOST,14.2,12.2,16.6,%,Crude prevalence,5618,7095,38.8184505,-75.5967427
2023,19950,19950,ZCTA,Sussex,BRFSS,Health Outcomes,Arthritis among adults,Arthritis,ARTHRITIS,31.9,29.1,34.6,%,Crude prevalence,5618,7095,38.8184505,-75.5967427
2023,19950,19950,ZCTA,Sussex,BRFSS,Health Outcomes,Cancer (non-skin) or melanoma among adults,Cancer (non-skin) or Melanoma,CANCER,9.8,9.0,10.5,%,Crude prevalence,5618,7095,38.8184505,-75.5967427
2023,19950,19950,ZCTA,Sussex,BRFSS,Health Outcomes,Chronic obstructive pulmonary disease among adults,COPD,COPD,10.0,8.8,11.1,%,Crude prevalence,5618,7095,38.8184505,-75.5967427
2023,19950,19950,ZCTA,Sussex,BRFSS,Health Outcomes,Coronary heart disease among adults,Coronary Heart Disease,CHD,8.6,7.8,9.3,%,Crude prevalence,5618,7095,38.8184505,-75.5967427
2023,19950,19950,ZCTA,Sussex,BRFSS,Health Outcomes,Current asthma among adults,Current Asthma,CASTHMA,11.7,10.5,12.9,%,Crude prevalence,5618,7095,38.8184505,-75.5967427
2023,19950,19950,ZCTA,Sussex,BRFSS,Health Outcomes,Depression among adults,Depression,DEPRESSION,23.3,20.4,26.3,%,Crude prevalence,5618,7095,38.8184505,-75.5967427
2023,19950,19950,ZCTA,Sussex,BRFSS,Health Outcomes,Diagnosed diabetes among adults,Diabetes,DIABETES,14.0,12.5,15.5,%,Crude prevalence,5618,7095,38.8184505,-75.5967427
2023,19950,19950,ZCTA,Sussex,BRFSS,Health Outcomes,High blood pressure among adults,High Blood Pressure,BPHIGH,40.8,37.5,44.1,%,Crude prevalence,5618,7095,38.8184505,-75.5967427
2023,19950,19950,ZCTA,Sussex,BRFSS,Health Outcomes,High cholesterol among adults who have ever been screened,High Cholesterol,HIGHCHOL,44.8,41.3,48.2,%,Crude prevalence,5618,7095,38.8184505,-75.5967427
2023,19950,19950,ZCTA,Sussex,BRFSS,Health Outcomes,Obesity among adults,Obesity,OBESITY,37.2,31.7,42.6,%,Crude prevalence,5618,7095,38.8184505,-75.5967427
2023,19950,19950,ZCTA,Sussex,BRFSS,Health Outcomes,Stroke among adults,Stroke,STROKE,4.4,4.1,4.8,%,Crude prevalence,5618,7095,38.8184505,-75.5967427
2023,19950,19950,ZCTA,Sussex,BRFSS,Health Risk Behaviors,Binge drinking among adults,Binge Drinking,BINGE,14.1,12.2,16.3,%,Crude prevalence,5618,7095,38.8184505,-75.5967427
2023,19950,19950,ZCTA,Sussex,BRFSS,Health Risk Behaviors,Current cigarette smoking among adults,Current Cigarette Smoking,CSMOKING,17.6,15.5,19.9,%,Crude prevalence,5618,7095,38.8184505,-75.5967427
2023,19950,19950,ZCTA,Sussex,BRFSS,Health Risk Behaviors,No leisure-time physical activity among adults,Physical Inactivity,LPA,31.5,27.7,35.4,%,Crude prevalence,5618,7095,38.8184505,-75.5967427
2022,19950,19950,ZCTA,Sussex,BRFSS,Health Risk Behaviors,Short sleep duration among adults,Short Sleep Duration,SLEEP,35.1,30.9,39.6,%,Crude prevalence,5618,7095,38.8184505,-75.5967427
2023,19950,19950,ZCTA,Sussex,BRFSS,Health Status,Fair or poor self-rated health status among adults,General Health,GHLTH,23.0,20.7,25.5,%,Crude prevalence,5618,7095,38.8184505,-75.5967427
2023,19950,19950,ZCTA,Sussex,BRFSS,Health Status,Frequent mental distress among adults,Frequent Mental Distress,MHLTH,17.3,15.7,19.0,%,Crude prevalence,5618,7095,38.8184505,-75.5967427
2023,19950,19950,ZCTA,Sussex,BRFSS,Health Status,Frequent physical distress among adults,Frequent Physical Distress,PHLTH,16.3,14.7,17.9,%,Crude prevalence,5618,7095,38.8184505,-75.5967427
2023,19950,19950,ZCTA,Sussex,BRFSS,Health-Related Social Needs,Food insecurity in the past 12 months among adults,Food Insecurity,FOODINSECU,16.5,14.6,18.5,%,Crude prevalence,5618,7095,38.8184505,-75.5967427
2023,19950,19950,ZCTA,Sussex,BRFSS,Health-Related Social Needs,Housing insecurity in the past 12 months among adults,Housing Insecurity,HOUSINSECU,12.2,10.8,13.8,%,Crude prevalence,5618,7095,38.8184505,-75.5967427
2023,19950,19950,ZCTA,Sussex,BRFSS,Health-Related Social Needs,Lack of reliable transportation in the past 12 months among adults,Transportation Barriers,LACKTRPT,8.6,7.7,9.6,%,Crude prevalence,5618,7095,38.8184505,-75.5967427
2023,19950,19950,ZCTA,Sussex,BRFSS,Health-Related Social Needs,Lack of social and emotional support among adults,Lack of Social/Emotional Support,EMOTIONSPT,22.1,19.7,24.9,%,Crude prevalence,5618,7095,38.8184505,-75.5967427
2023,19950,19950,ZCTA,Sussex,BRFSS,Health-Related Social Needs,Loneliness among adults,Loneliness,LONELINESS,32.9,29.7,36.3,%,Crude prevalence,5618,7095,38.8184505,-75.5967427
2023,19950,19950,ZCTA,Sussex,BRFSS,Health-Related Social Needs,Received food stamps in the past 12 months among adults,Food Stamps,FOODSTAMP,14.6,12.6,16.8,%,Crude prevalence,5618,7095,38.8184505,-75.5967427
2023,19950,19950,ZCTA,Sussex,BRFSS,Health-Related Social Needs,Utility services shut-off threat in the past 12 months among adults,Utility Services Threat,SHUTUTILITY,8.0,7.1,9.1,%,Crude prevalence,5618,7095,38.8184505,-75.5967427
2023,19950,19950,ZCTA,Sussex,BRFSS,Prevention,Cholesterol screening among adults,Cholesterol Screening,CHOLSCREEN,85.9,84.2,87.5,%,Crude prevalence,5618,7095,38.8184505,-75.5967427
2022,19950,19950,ZCTA,Sussex,BRFSS,Prevention,Colorectal cancer screening among adults aged 45–75 years,Colorectal Cancer Screening,COLON_SCREEN,66.4,62.7,70.0,%,Crude prevalence,5618,7095,38.8184505,-75.5967427
2023,19950,19950,ZCTA,Sussex,BRFSS,Prevention,Current lack of health insurance among adults aged 18-64 years,Health Insurance,ACCESS2,11.1,9.5,12.8,%,Crude prevalence,5618,7095,38.8184505,-75.5967427
2022,19950,19950,ZCTA,Sussex,BRFSS,Prevention,Mammography use among women aged 50-74 years,Mammography,MAMMOUSE,76.7,71.7,81.3,%,Crude prevalence,5618,7095,38.8184505,-75.5967427
2023,19950,19950,ZCTA,Sussex,BRFSS,Prevention,Taking medicine to control high blood pressure among adults with high blood pressure,High Blood Pressure Medication,BPMED,79.9,77.7,82.0,%,Crude prevalence,5618,7095,38.8184505,-75.5967427
2022,19950,19950,ZCTA,Sussex,BRFSS,Prevention,Visited dentist or dental clinic in the past year among adults,Dental Visit,DENTAL,58.3,54.9,61.6,%,Crude prevalence,5618,7095,38.8184505,-75.5967427
2023,19950,19950,ZCTA,Sussex,BRFSS,Prevention,Visits to doctor for routine checkup within the past year among adults,Annual Checkup,CHECKUP,80.8,77.9,83.4,%,Crude prevalence,5618,7095,38.8184505,-75.5967427
2023,19951,19951,ZCTA,Sussex,BRFSS,Disability,Any disability among adults,Any Disability,DISABILITY,29.3,25.8,33.0,%,Crude prevalence,1625,1986,38.6852574,-75.2551535
2023,19951,19951,ZCTA,Sussex,BRFSS,Disability,Cognitive disability among adults,Cognitive Disability,COGNITION,10.7,9.4,12.2,%,Crude prevalence,1625,1986,38.6852574,-75.2551535
2023,19951,19951,ZCTA,Sussex,BRFSS,Disability,Hearing disability among adults,Hearing Disability,HEARING,8.7,7.7,9.8,%,Crude prevalence,1625,1986,38.6852574,-75.2551535
2023,19951,19951,ZCTA,Sussex,BRFSS,Disability,Independent living disability among adults,Independent Living Disability,INDEPLIVE,7.1,6.2,8.0,%,Crude prevalence,1625,1986,38.6852574,-75.2551535
2023,19951,19951,ZCTA,Sussex,BRFSS,Disability,Mobility disability among adults,Mobility Disability,MOBILITY,14.9,13.0,16.8,%,Crude prevalence,1625,1986,38.6852574,-75.2551535
2023,19951,19951,ZCTA,Sussex,BRFSS,Disability,Self-care disability among adults,Self-care Disability,SELFCARE,3.6,3.2,4.0,%,Crude prevalence,1625,1986,38.6852574,-75.2551535
2023,19951,19951,ZCTA,Sussex,BRFSS,Disability,Vision disability among adults,Vision Disability,VISION,4.4,3.9,4.9,%,Crude prevalence,1625,1986,38.6852574,-75.2551535
2022,19951,19951,ZCTA,Sussex,BRFSS,Health Outcomes,All teeth lost among adults aged >=65 years,All Teeth Lost,TEETHLOST,8.6,7.1,10.4,%,Crude prevalence,1625,1986,38.6852574,-75.2551535
2023,19951,19951,ZCTA,Sussex,BRFSS,Health Outcomes,Arthritis among adults,Arthritis,ARTHRITIS,34.1,30.9,37.5,%,Crude prevalence,1625,1986,38.6852574,-75.2551535
2023,19951,19951,ZCTA,Sussex,BRFSS,Health Outcomes,Cancer (non-skin) or melanoma among adults,Cancer (non-skin) or Melanoma,CANCER,12.4,11.2,13.5,%,Crude prevalence,1625,1986,38.6852574,-75.2551535
2023,19951,19951,ZCTA,Sussex,BRFSS,Health Outcomes,Chronic obstructive pulmonary disease among adults,COPD,COPD,8.2,7.1,9.4,%,Crude prevalence,1625,1986,38.6852574,-75.2551535
2023,19951,19951,ZCTA,Sussex,BRFSS,Health Outcomes,Coronary heart disease among adults,Coronary Heart Disease,CHD,8.8,7.8,9.8,%,Crude prevalence,1625,1986,38.6852574,-75.2551535
2023,19951,19951,ZCTA,Sussex,BRFSS,Health Outcomes,Current asthma among adults,Current Asthma,CASTHMA,10.2,9.0,11.4,%,Crude prevalence,1625,1986,38.6852574,-75.2551535
2023,19951,19951,ZCTA,Sussex,BRFSS,Health Outcomes,Depression among adults,Depression,DEPRESSION,19.9,17.0,23.0,%,Crude prevalence,1625,1986,38.6852574,-75.2551535
2023,19951,19951,ZCTA,Sussex,BRFSS,Health Outcomes,Diagnosed diabetes among adults,Diabetes,DIABETES,13.3,11.6,15.0,%,Crude prevalence,1625,1986,38.6852574,-75.2551535
2023,19951,19951,ZCTA,Sussex,BRFSS,Health Outcomes,High blood pressure among adults,High Blood Pressure,BPHIGH,42.8,39.0,46.6,%,Crude prevalence,1625,1986,38.6852574,-75.2551535
2023,19951,19951,ZCTA,Sussex,BRFSS,Health Outcomes,High cholesterol among adults who have ever been screened,High Cholesterol,HIGHCHOL,49.1,45.0,53.0,%,Crude prevalence,1625,1986,38.6852574,-75.2551535
2023,19951,19951,ZCTA,Sussex,BRFSS,Health Outcomes,Obesity among adults,Obesity,OBESITY,32.3,26.6,38.2,%,Crude prevalence,1625,1986,38.6852574,-75.2551535
2023,19951,19951,ZCTA,Sussex,BRFSS,Health Outcomes,Stroke among adults,Stroke,STROKE,4.1,3.7,4.5,%,Crude prevalence,1625,1986,38.6852574,-75.2551535
2023,19951,19951,ZCTA,Sussex,BRFSS,Health Risk Behaviors,Binge drinking among adults,Binge Drinking,BINGE,13.2,11.1,15.5,%,Crude prevalence,1625,1986,38.6852574,-75.2551535
2023,19951,19951,ZCTA,Sussex,BRFSS,Health Risk Behaviors,Current cigarette smoking among adults,Current Cigarette Smoking,CSMOKING,12.6,10.7,14.8,%,Crude prevalence,1625,1986,38.6852574,-75.2551535
2023,19951,19951,ZCTA,Sussex,BRFSS,Health Risk Behaviors,No leisure-time physical activity among adults,Physical Inactivity,LPA,24.9,21.1,28.9,%,Crude prevalence,1625,1986,38.6852574,-75.2551535
2022,19951,19951,ZCTA,Sussex,BRFSS,Health Risk Behaviors,Short sleep duration among adults,Short Sleep Duration,SLEEP,30.6,26.4,35.5,%,Crude prevalence,1625,1986,38.6852574,-75.2551535
2023,19951,19951,ZCTA,Sussex,BRFSS,Health Status,Fair or poor self-rated health status among adults,General Health,GHLTH,17.5,15.2,19.8,%,Crude prevalence,1625,1986,38.6852574,-75.2551535
2023,19951,19951,ZCTA,Sussex,BRFSS,Health Status,Frequent mental distress among adults,Frequent Mental Distress,MHLTH,12.8,11.2,14.3,%,Crude prevalence,1625,1986,38.6852574,-75.2551535
2023,19951,19951,ZCTA,Sussex,BRFSS,Health Status,Frequent physical distress among adults,Frequent Physical Distress,PHLTH,13.8,12.2,15.4,%,Crude prevalence,1625,1986,38.6852574,-75.2551535
2023,19951,19951,ZCTA,Sussex,BRFSS,Health-Related Social Needs,Food insecurity in the past 12 months among adults,Food Insecurity,FOODINSECU,9.4,8.0,11.0,%,Crude prevalence,1625,1986,38.6852574,-75.2551535
2023,19951,19951,ZCTA,Sussex,BRFSS,Health-Related Social Needs,Housing insecurity in the past 12 months among adults,Housing Insecurity,HOUSINSECU,7.2,6.2,8.3,%,Crude prevalence,1625,1986,38.6852574,-75.2551535
2023,19951,19951,ZCTA,Sussex,BRFSS,Health-Related Social Needs,Lack of reliable transportation in the past 12 months among adults,Transportation Barriers,LACKTRPT,5.2,4.6,6.0,%,Crude prevalence,1625,1986,38.6852574,-75.2551535
2023,19951,19951,ZCTA,Sussex,BRFSS,Health-Related Social Needs,Lack of social and emotional support among adults,Lack of Social/Emotional Support,EMOTIONSPT,18.0,15.6,20.8,%,Crude prevalence,1625,1986,38.6852574,-75.2551535
2023,19951,19951,ZCTA,Sussex,BRFSS,Health-Related Social Needs,Loneliness among adults,Loneliness,LONELINESS,27.5,24.2,31.2,%,Crude prevalence,1625,1986,38.6852574,-75.2551535
2023,19951,19951,ZCTA,Sussex,BRFSS,Health-Related Social Needs,Received food stamps in the past 12 months among adults,Food Stamps,FOODSTAMP,7.5,6.1,9.1,%,Crude prevalence,1625,1986,38.6852574,-75.2551535
2023,19951,19951,ZCTA,Sussex,BRFSS,Health-Related Social Needs,Utility services shut-off threat in the past 12 months among adults,Utility Services Threat,SHUTUTILITY,4.8,4.2,5.5,%,Crude prevalence,1625,1986,38.6852574,-75.2551535
2023,19951,19951,ZCTA,Sussex,BRFSS,Prevention,Cholesterol screening among adults,Cholesterol Screening,CHOLSCREEN,91.2,89.9,92.4,%,Crude prevalence,1625,1986,38.6852574,-75.2551535
2022,19951,19951,ZCTA,Sussex,BRFSS,Prevention,Colorectal cancer screening among adults aged 45–75 years,Colorectal Cancer Screening,COLON_SCREEN,71.6,67.7,75.6,%,Crude prevalence,1625,1986,38.6852574,-75.2551535
2023,19951,19951,ZCTA,Sussex,BRFSS,Prevention,Current lack of health insurance among adults aged 18-64 years,Health Insurance,ACCESS2,7.3,6.1,8.7,%,Crude prevalence,1625,1986,38.6852574,-75.2551535
2022,19951,19951,ZCTA,Sussex,BRFSS,Prevention,Mammography use among women aged 50-74 years,Mammography,MAMMOUSE,79.6,74.7,84.6,%,Crude prevalence,1625,1986,38.6852574,-75.2551535
2023,19951,19951,ZCTA,Sussex,BRFSS,Prevention,Taking medicine to control high blood pressure among adults with high blood pressure,High Blood Pressure Medication,BPMED,83.8,81.3,86.1,%,Crude prevalence,1625,1986,38.6852574,-75.2551535
2022,19951,19951,ZCTA,Sussex,BRFSS,Prevention,Visited dentist or dental clinic in the past year among adults,Dental Visit,DENTAL,67.0,63.8,70.4,%,Crude prevalence,1625,1986,38.6852574,-75.2551535
2023,19951,19951,ZCTA,Sussex,BRFSS,Prevention,Visits to doctor for routine checkup within the past year among adults,Annual Checkup,CHECKUP,84.1,81.3,86.6,%,Crude prevalence,1625,1986,38.6852574,-75.2551535
2023,19952,19952,ZCTA,Sussex,BRFSS,Disability,Any disability among adults,Any Disability,DISABILITY,35.5,31.7,39.6,%,Crude prevalence,8244,10621,38.9166995,-75.6121042
2023,19952,19952,ZCTA,Sussex,BRFSS,Disability,Cognitive disability among adults,Cognitive Disability,COGNITION,15.0,13.2,16.9,%,Crude prevalence,8244,10621,38.9166995,-75.6121042
2023,19952,19952,ZCTA,Sussex,BRFSS,Disability,Hearing disability among adults,Hearing Disability,HEARING,7.4,6.6,8.4,%,Crude prevalence,8244,10621,38.9166995,-75.6121042
2023,19952,19952,ZCTA,Sussex,BRFSS,Disability,Independent living disability among adults,Independent Living Disability,INDEPLIVE,9.1,8.1,10.2,%,Crude prevalence,8244,10621,38.9166995,-75.6121042
2023,19952,19952,ZCTA,Sussex,BRFSS,Disability,Mobility disability among adults,Mobility Disability,MOBILITY,17.1,15.2,19.1,%,Crude prevalence,8244,10621,38.9166995,-75.6121042
2023,19952,19952,ZCTA,Sussex,BRFSS,Disability,Self-care disability among adults,Self-care Disability,SELFCARE,4.2,3.8,4.6,%,Crude prevalence,8244,10621,38.9166995,-75.6121042
2023,19952,19952,ZCTA,Sussex,BRFSS,Disability,Vision disability among adults,Vision Disability,VISION,5.3,4.8,5.8,%,Crude prevalence,8244,10621,38.9166995,-75.6121042
2022,19952,19952,ZCTA,Sussex,BRFSS,Health Outcomes,All teeth lost among adults aged >=65 years,All Teeth Lost,TEETHLOST,13.0,10.8,15.6,%,Crude prevalence,8244,10621,38.9166995,-75.6121042
2023,19952,19952,ZCTA,Sussex,BRFSS,Health Outcomes,Arthritis among adults,Arthritis,ARTHRITIS,31.2,28.2,34.4,%,Crude prevalence,8244,10621,38.9166995,-75.6121042
2023,19952,19952,ZCTA,Sussex,BRFSS,Health Outcomes,Cancer (non-skin) or melanoma among adults,Cancer (non-skin) or Melanoma,CANCER,9.5,8.6,10.4,%,Crude prevalence,8244,10621,38.9166995,-75.6121042
2023,19952,19952,ZCTA,Sussex,BRFSS,Health Outcomes,Chronic obstructive pulmonary disease among adults,COPD,COPD,8.6,7.6,9.6,%,Crude prevalence,8244,10621,38.9166995,-75.6121042
2023,19952,19952,ZCTA,Sussex,BRFSS,Health Outcomes,Coronary heart disease among adults,Coronary Heart Disease,CHD,7.1,6.4,7.9,%,Crude prevalence,8244,10621,38.9166995,-75.6121042
2023,19952,19952,ZCTA,Sussex,BRFSS,Health Outcomes,Current asthma among adults,Current Asthma,CASTHMA,12.6,11.2,14.2,%,Crude prevalence,8244,10621,38.9166995,-75.6121042
2023,19952,19952,ZCTA,Sussex,BRFSS,Health Outcomes,Depression among adults,Depression,DEPRESSION,24.3,20.9,28.0,%,Crude prevalence,8244,10621,38.9166995,-75.6121042
2023,19952,19952,ZCTA,Sussex,BRFSS,Health Outcomes,Diagnosed diabetes among adults,Diabetes,DIABETES,14.0,12.4,15.9,%,Crude prevalence,8244,10621,38.9166995,-75.6121042
2023,19952,19952,ZCTA,Sussex,BRFSS,Health Outcomes,High blood pressure among adults,High Blood Pressure,BPHIGH,39.6,36.0,43.3,%,Crude prevalence,8244,10621,38.9166995,-75.6121042
2023,19952,19952,ZCTA,Sussex,BRFSS,Health Outcomes,High cholesterol among adults who have ever been screened,High Cholesterol,HIGHCHOL,41.0,37.2,45.0,%,Crude prevalence,8244,10621,38.9166995,-75.6121042
2023,19952,19952,ZCTA,Sussex,BRFSS,Health Outcomes,Obesity among adults,Obesity,OBESITY,43.0,36.7,49.8,%,Crude prevalence,8244,10621,38.9166995,-75.6121042
2023,19952,19952,ZCTA,Sussex,BRFSS,Health Outcomes,Stroke among adults,Stroke,STROKE,3.9,3.6,4.3,%,Crude prevalence,8244,10621,38.9166995,-75.6121042
2023,19952,19952,ZCTA,Sussex,BRFSS,Health Risk Behaviors,Binge drinking among adults,Binge Drinking,BINGE,13.5,11.3,16.0,%,Crude prevalence,8244,10621,38.9166995,-75.6121042
2023,19952,19952,ZCTA,Sussex,BRFSS,Health Risk Behaviors,Current cigarette smoking among adults,Current Cigarette Smoking,CSMOKING,14.8,12.8,17.0,%,Crude prevalence,8244,10621,38.9166995,-75.6121042
2023,19952,19952,ZCTA,Sussex,BRFSS,Health Risk Behaviors,No leisure-time physical activity among adults,Physical Inactivity,LPA,31.3,27.1,35.8,%,Crude prevalence,8244,10621,38.9166995,-75.6121042
2022,19952,19952,ZCTA,Sussex,BRFSS,Health Risk Behaviors,Short sleep duration among adults,Short Sleep Duration,SLEEP,39.3,34.1,44.7,%,Crude prevalence,8244,10621,38.9166995,-75.6121042
2023,19952,19952,ZCTA,Sussex,BRFSS,Health Status,Fair or poor self-rated health status among adults,General Health,GHLTH,21.3,18.8,23.9,%,Crude prevalence,8244,10621,38.9166995,-75.6121042
2023,19952,19952,ZCTA,Sussex,BRFSS,Health Status,Frequent mental distress among adults,Frequent Mental Distress,MHLTH,18.0,16.0,20.2,%,Crude prevalence,8244,10621,38.9166995,-75.6121042
2023,19952,19952,ZCTA,Sussex,BRFSS,Health Status,Frequent physical distress among adults,Frequent Physical Distress,PHLTH,15.4,13.8,17.3,%,Crude prevalence,8244,10621,38.9166995,-75.6121042
2023,19952,19952,ZCTA,Sussex,BRFSS,Health-Related Social Needs,Food insecurity in the past 12 months among adults,Food Insecurity,FOODINSECU,14.1,12.3,16.0,%,Crude prevalence,8244,10621,38.9166995,-75.6121042
2023,19952,19952,ZCTA,Sussex,BRFSS,Health-Related Social Needs,Housing insecurity in the past 12 months among adults,Housing Insecurity,HOUSINSECU,12.2,10.6,13.8,%,Crude prevalence,8244,10621,38.9166995,-75.6121042
2023,19952,19952,ZCTA,Sussex,BRFSS,Health-Related Social Needs,Lack of reliable transportation in the past 12 months among adults,Transportation Barriers,LACKTRPT,7.8,6.9,8.8,%,Crude prevalence,8244,10621,38.9166995,-75.6121042
2023,19952,19952,ZCTA,Sussex,BRFSS,Health-Related Social Needs,Lack of social and emotional support among adults,Lack of Social/Emotional Support,EMOTIONSPT,21.5,18.7,24.5,%,Crude prevalence,8244,10621,38.9166995,-75.6121042
2023,19952,19952,ZCTA,Sussex,BRFSS,Health-Related Social Needs,Loneliness among adults,Loneliness,LONELINESS,33.8,30.0,37.8,%,Crude prevalence,8244,10621,38.9166995,-75.6121042
2023,19952,19952,ZCTA,Sussex,BRFSS,Health-Related Social Needs,Received food stamps in the past 12 months among adults,Food Stamps,FOODSTAMP,12.9,11.0,15.1,%,Crude prevalence,8244,10621,38.9166995,-75.6121042
2023,19952,19952,ZCTA,Sussex,BRFSS,Health-Related Social Needs,Utility services shut-off threat in the past 12 months among adults,Utility Services Threat,SHUTUTILITY,7.6,6.6,8.7,%,Crude prevalence,8244,10621,38.9166995,-75.6121042
2023,19952,19952,ZCTA,Sussex,BRFSS,Prevention,Cholesterol screening among adults,Cholesterol Screening,CHOLSCREEN,86.8,85.0,88.6,%,Crude prevalence,8244,10621,38.9166995,-75.6121042
2022,19952,19952,ZCTA,Sussex,BRFSS,Prevention,Colorectal cancer screening among adults aged 45–75 years,Colorectal Cancer Screening,COLON_SCREEN,64.9,60.2,69.3,%,Crude prevalence,8244,10621,38.9166995,-75.6121042
2023,19952,19952,ZCTA,Sussex,BRFSS,Prevention,Current lack of health insurance among adults aged 18-64 years,Health Insurance,ACCESS2,9.0,7.5,10.5,%,Crude prevalence,8244,10621,38.9166995,-75.6121042
2022,19952,19952,ZCTA,Sussex,BRFSS,Prevention,Mammography use among women aged 50-74 years,Mammography,MAMMOUSE,71.6,64.7,77.9,%,Crude prevalence,8244,10621,38.9166995,-75.6121042
2023,19952,19952,ZCTA,Sussex,BRFSS,Prevention,Taking medicine to control high blood pressure among adults with high blood pressure,High Blood Pressure Medication,BPMED,78.2,75.5,80.8,%,Crude prevalence,8244,10621,38.9166995,-75.6121042
2022,19952,19952,ZCTA,Sussex,BRFSS,Prevention,Visited dentist or dental clinic in the past year among adults,Dental Visit,DENTAL,60.6,56.7,64.2,%,Crude prevalence,8244,10621,38.9166995,-75.6121042
2023,19952,19952,ZCTA,Sussex,BRFSS,Prevention,Visits to doctor for routine checkup within the past year among adults,Annual Checkup,CHECKUP,81.8,78.7,84.7,%,Crude prevalence,8244,10621,38.9166995,-75.6121042
2023,19953,19953,ZCTA,Sussex,BRFSS,Disability,Any disability among adults,Any Disability,DISABILITY,38.4,34.2,43.0,%,Crude prevalence,3387,4500,39.152487,-75.6941327
2023,19953,19953,ZCTA,Sussex,BRFSS,Disability,Cognitive disability among adults,Cognitive Disability,COGNITION,17.3,14.9,19.7,%,Crude prevalence,3387,4500,39.152487,-75.6941327
2023,19953,19953,ZCTA,Sussex,BRFSS,Disability,Hearing disability among adults,Hearing Disability,HEARING,8.0,7.0,9.0,%,Crude prevalence,3387,4500,39.152487,-75.6941327
2023,19953,19953,ZCTA,Sussex,BRFSS,Disability,Independent living disability among adults,Independent Living Disability,INDEPLIVE,10.1,8.7,11.5,%,Crude prevalence,3387,4500,39.152487,-75.6941327
2023,19953,19953,ZCTA,Sussex,BRFSS,Disability,Mobility disability among adults,Mobility Disability,MOBILITY,18.2,15.8,20.8,%,Crude prevalence,3387,4500,39.152487,-75.6941327
2023,19953,19953,ZCTA,Sussex,BRFSS,Disability,Self-care disability among adults,Self-care Disability,SELFCARE,4.5,3.9,5.2,%,Crude prevalence,3387,4500,39.152487,-75.6941327
2023,19953,19953,ZCTA,Sussex,BRFSS,Disability,Vision disability among adults,Vision Disability,VISION,5.7,5.0,6.5,%,Crude prevalence,3387,4500,39.152487,-75.6941327
2022,19953,19953,ZCTA,Sussex,BRFSS,Health Outcomes,All teeth lost among adults aged >=65 years,All Teeth Lost,TEETHLOST,16.8,13.8,20.1,%,Crude prevalence,3387,4500,39.152487,-75.6941327
2023,19953,19953,ZCTA,Sussex,BRFSS,Health Outcomes,Arthritis among adults,Arthritis,ARTHRITIS,31.0,28.0,34.2,%,Crude prevalence,3387,4500,39.152487,-75.6941327
2023,19953,19953,ZCTA,Sussex,BRFSS,Health Outcomes,Cancer (non-skin) or melanoma among adults,Cancer (non-skin) or Melanoma,CANCER,9.1,8.2,10.1,%,Crude prevalence,3387,4500,39.152487,-75.6941327
2023,19953,19953,ZCTA,Sussex,BRFSS,Health Outcomes,Chronic obstructive pulmonary disease among adults,COPD,COPD,9.7,8.3,11.2,%,Crude prevalence,3387,4500,39.152487,-75.6941327
2023,19953,19953,ZCTA,Sussex,BRFSS,Health Outcomes,Coronary heart disease among adults,Coronary Heart Disease,CHD,7.5,6.6,8.4,%,Crude prevalence,3387,4500,39.152487,-75.6941327
2023,19953,19953,ZCTA,Sussex,BRFSS,Health Outcomes,Current asthma among adults,Current Asthma,CASTHMA,12.8,11.4,14.5,%,Crude prevalence,3387,4500,39.152487,-75.6941327
2023,19953,19953,ZCTA,Sussex,BRFSS,Health Outcomes,Depression among adults,Depression,DEPRESSION,25.5,22.1,29.4,%,Crude prevalence,3387,4500,39.152487,-75.6941327
2023,19953,19953,ZCTA,Sussex,BRFSS,Health Outcomes,Diagnosed diabetes among adults,Diabetes,DIABETES,14.0,12.3,15.9,%,Crude prevalence,3387,4500,39.152487,-75.6941327
2023,19953,19953,ZCTA,Sussex,BRFSS,Health Outcomes,High blood pressure among adults,High Blood Pressure,BPHIGH,38.8,35.3,42.6,%,Crude prevalence,3387,4500,39.152487,-75.6941327
2023,19953,19953,ZCTA,Sussex,BRFSS,Health Outcomes,High cholesterol among adults who have ever been screened,High Cholesterol,HIGHCHOL,41.3,37.5,45.3,%,Crude prevalence,3387,4500,39.152487,-75.6941327
2023,19953,19953,ZCTA,Sussex,BRFSS,Health Outcomes,Obesity among adults,Obesity,OBESITY,42.9,36.7,49.8,%,Crude prevalence,3387,4500,39.152487,-75.6941327
2023,19953,19953,ZCTA,Sussex,BRFSS,Health Outcomes,Stroke among adults,Stroke,STROKE,4.0,3.6,4.4,%,Crude prevalence,3387,4500,39.152487,-75.6941327
2023,19953,19953,ZCTA,Sussex,BRFSS,Health Risk Behaviors,Binge drinking among adults,Binge Drinking,BINGE,14.2,11.8,16.9,%,Crude prevalence,3387,4500,39.152487,-75.6941327
2023,19953,19953,ZCTA,Sussex,BRFSS,Health Risk Behaviors,Current cigarette smoking among adults,Current Cigarette Smoking,CSMOKING,17.5,14.7,20.5,%,Crude prevalence,3387,4500,39.152487,-75.6941327
2023,19953,19953,ZCTA,Sussex,BRFSS,Health Risk Behaviors,No leisure-time physical activity among adults,Physical Inactivity,LPA,33.9,29.2,39.0,%,Crude prevalence,3387,4500,39.152487,-75.6941327
2022,19953,19953,ZCTA,Sussex,BRFSS,Health Risk Behaviors,Short sleep duration among adults,Short Sleep Duration,SLEEP,39.7,34.4,45.2,%,Crude prevalence,3387,4500,39.152487,-75.6941327
2023,19953,19953,ZCTA,Sussex,BRFSS,Health Status,Fair or poor self-rated health status among adults,General Health,GHLTH,23.7,20.4,27.2,%,Crude prevalence,3387,4500,39.152487,-75.6941327
2023,19953,19953,ZCTA,Sussex,BRFSS,Health Status,Frequent mental distress among adults,Frequent Mental Distress,MHLTH,19.6,17.4,22.0,%,Crude prevalence,3387,4500,39.152487,-75.6941327
2023,19953,19953,ZCTA,Sussex,BRFSS,Health Status,Frequent physical distress among adults,Frequent Physical Distress,PHLTH,16.9,14.9,19.0,%,Crude prevalence,3387,4500,39.152487,-75.6941327
2023,19953,19953,ZCTA,Sussex,BRFSS,Health-Related Social Needs,Food insecurity in the past 12 months among adults,Food Insecurity,FOODINSECU,15.7,13.0,18.8,%,Crude prevalence,3387,4500,39.152487,-75.6941327
2023,19953,19953,ZCTA,Sussex,BRFSS,Health-Related Social Needs,Housing insecurity in the past 12 months among adults,Housing Insecurity,HOUSINSECU,12.9,10.9,15.1,%,Crude prevalence,3387,4500,39.152487,-75.6941327
2023,19953,19953,ZCTA,Sussex,BRFSS,Health-Related Social Needs,Lack of reliable transportation in the past 12 months among adults,Transportation Barriers,LACKTRPT,8.5,7.2,9.8,%,Crude prevalence,3387,4500,39.152487,-75.6941327
2023,19953,19953,ZCTA,Sussex,BRFSS,Health-Related Social Needs,Lack of social and emotional support among adults,Lack of Social/Emotional Support,EMOTIONSPT,23.3,20.1,26.8,%,Crude prevalence,3387,4500,39.152487,-75.6941327
2023,19953,19953,ZCTA,Sussex,BRFSS,Health-Related Social Needs,Loneliness among adults,Loneliness,LONELINESS,35.8,31.7,40.2,%,Crude prevalence,3387,4500,39.152487,-75.6941327
2023,19953,19953,ZCTA,Sussex,BRFSS,Health-Related Social Needs,Received food stamps in the past 12 months among adults,Food Stamps,FOODSTAMP,13.9,11.2,16.9,%,Crude prevalence,3387,4500,39.152487,-75.6941327
2023,19953,19953,ZCTA,Sussex,BRFSS,Health-Related Social Needs,Utility services shut-off threat in the past 12 months among adults,Utility Services Threat,SHUTUTILITY,7.6,6.5,8.9,%,Crude prevalence,3387,4500,39.152487,-75.6941327
2023,19953,19953,ZCTA,Sussex,BRFSS,Prevention,Cholesterol screening among adults,Cholesterol Screening,CHOLSCREEN,84.3,81.9,86.6,%,Crude prevalence,3387,4500,39.152487,-75.6941327
2022,19953,19953,ZCTA,Sussex,BRFSS,Prevention,Colorectal cancer screening among adults aged 45–75 years,Colorectal Cancer Screening,COLON_SCREEN,63.6,58.9,68.0,%,Crude prevalence,3387,4500,39.152487,-75.6941327
2023,19953,19953,ZCTA,Sussex,BRFSS,Prevention,Current lack of health insurance among adults aged 18-64 years,Health Insurance,ACCESS2,11.0,8.6,13.8,%,Crude prevalence,3387,4500,39.152487,-75.6941327
2022,19953,19953,ZCTA,Sussex,BRFSS,Prevention,Mammography use among women aged 50-74 years,Mammography,MAMMOUSE,69.0,61.6,75.6,%,Crude prevalence,3387,4500,39.152487,-75.6941327
2023,19953,19953,ZCTA,Sussex,BRFSS,Prevention,Taking medicine to control high blood pressure among adults with high blood pressure,High Blood Pressure Medication,BPMED,76.9,73.9,79.6,%,Crude prevalence,3387,4500,39.152487,-75.6941327
2022,19953,19953,ZCTA,Sussex,BRFSS,Prevention,Visited dentist or dental clinic in the past year among adults,Dental Visit,DENTAL,56.5,52.5,60.3,%,Crude prevalence,3387,4500,39.152487,-75.6941327
2023,19953,19953,ZCTA,Sussex,BRFSS,Prevention,Visits to doctor for routine checkup within the past year among adults,Annual Checkup,CHECKUP,79.8,76.3,83.0,%,Crude prevalence,3387,4500,39.152487,-75.6941327
2023,19954,19954,ZCTA,Sussex,BRFSS,Disability,Any disability among adults,Any Disability,DISABILITY,39.6,35.0,44.2,%,Crude prevalence,1308,1629,38.8970097,-75.5204569
2023,19954,19954,ZCTA,Sussex,BRFSS,Disability,Cognitive disability among adults,Cognitive Disability,COGNITION,16.0,13.9,18.2,%,Crude prevalence,1308,1629,38.8970097,-75.5204569
2023,19954,19954,ZCTA,Sussex,BRFSS,Disability,Hearing disability among adults,Hearing Disability,HEARING,9.0,7.9,10.2,%,Crude prevalence,1308,1629,38.8970097,-75.5204569
2023,19954,19954,ZCTA,Sussex,BRFSS,Disability,Independent living disability among adults,Independent Living Disability,INDEPLIVE,10.2,8.9,11.7,%,Crude prevalence,1308,1629,38.8970097,-75.5204569
2023,19954,19954,ZCTA,Sussex,BRFSS,Disability,Mobility disability among adults,Mobility Disability,MOBILITY,20.3,17.6,23.0,%,Crude prevalence,1308,1629,38.8970097,-75.5204569
2023,19954,19954,ZCTA,Sussex,BRFSS,Disability,Self-care disability among adults,Self-care Disability,SELFCARE,5.0,4.3,5.7,%,Crude prevalence,1308,1629,38.8970097,-75.5204569
2023,19954,19954,ZCTA,Sussex,BRFSS,Disability,Vision disability among adults,Vision Disability,VISION,6.4,5.6,7.2,%,Crude prevalence,1308,1629,38.8970097,-75.5204569
2022,19954,19954,ZCTA,Sussex,BRFSS,Health Outcomes,All teeth lost among adults aged >=65 years,All Teeth Lost,TEETHLOST,18.3,15.2,21.8,%,Crude prevalence,1308,1629,38.8970097,-75.5204569
2023,19954,19954,ZCTA,Sussex,BRFSS,Health Outcomes,Arthritis among adults,Arthritis,ARTHRITIS,34.4,31.1,37.8,%,Crude prevalence,1308,1629,38.8970097,-75.5204569
2023,19954,19954,ZCTA,Sussex,BRFSS,Health Outcomes,Cancer (non-skin) or melanoma among adults,Cancer (non-skin) or Melanoma,CANCER,10.4,9.4,11.5,%,Crude prevalence,1308,1629,38.8970097,-75.5204569
2023,19954,19954,ZCTA,Sussex,BRFSS,Health Outcomes,Chronic obstructive pulmonary disease among adults,COPD,COPD,10.6,9.0,12.2,%,Crude prevalence,1308,1629,38.8970097,-75.5204569
2023,19954,19954,ZCTA,Sussex,BRFSS,Health Outcomes,Coronary heart disease among adults,Coronary Heart Disease,CHD,9.0,7.9,10.2,%,Crude prevalence,1308,1629,38.8970097,-75.5204569
2023,19954,19954,ZCTA,Sussex,BRFSS,Health Outcomes,Current asthma among adults,Current Asthma,CASTHMA,12.5,11.0,14.0,%,Crude prevalence,1308,1629,38.8970097,-75.5204569
2023,19954,19954,ZCTA,Sussex,BRFSS,Health Outcomes,Depression among adults,Depression,DEPRESSION,23.7,20.3,27.4,%,Crude prevalence,1308,1629,38.8970097,-75.5204569
2023,19954,19954,ZCTA,Sussex,BRFSS,Health Outcomes,Diagnosed diabetes among adults,Diabetes,DIABETES,16.7,14.7,18.8,%,Crude prevalence,1308,1629,38.8970097,-75.5204569
2023,19954,19954,ZCTA,Sussex,BRFSS,Health Outcomes,High blood pressure among adults,High Blood Pressure,BPHIGH,43.9,40.0,47.9,%,Crude prevalence,1308,1629,38.8970097,-75.5204569
2023,19954,19954,ZCTA,Sussex,BRFSS,Health Outcomes,High cholesterol among adults who have ever been screened,High Cholesterol,HIGHCHOL,44.0,40.1,47.9,%,Crude prevalence,1308,1629,38.8970097,-75.5204569
2023,19954,19954,ZCTA,Sussex,BRFSS,Health Outcomes,Obesity among adults,Obesity,OBESITY,44.2,37.5,51.0,%,Crude prevalence,1308,1629,38.8970097,-75.5204569
2023,19954,19954,ZCTA,Sussex,BRFSS,Health Outcomes,Stroke among adults,Stroke,STROKE,4.7,4.2,5.3,%,Crude prevalence,1308,1629,38.8970097,-75.5204569
2023,19954,19954,ZCTA,Sussex,BRFSS,Health Risk Behaviors,Binge drinking among adults,Binge Drinking,BINGE,12.6,10.5,14.9,%,Crude prevalence,1308,1629,38.8970097,-75.5204569
2023,19954,19954,ZCTA,Sussex,BRFSS,Health Risk Behaviors,Current cigarette smoking among adults,Current Cigarette Smoking,CSMOKING,16.2,13.4,19.0,%,Crude prevalence,1308,1629,38.8970097,-75.5204569
2023,19954,19954,ZCTA,Sussex,BRFSS,Health Risk Behaviors,No leisure-time physical activity among adults,Physical Inactivity,LPA,34.7,29.7,39.5,%,Crude prevalence,1308,1629,38.8970097,-75.5204569
2022,19954,19954,ZCTA,Sussex,BRFSS,Health Risk Behaviors,Short sleep duration among adults,Short Sleep Duration,SLEEP,38.7,33.5,44.1,%,Crude prevalence,1308,1629,38.8970097,-75.5204569
2023,19954,19954,ZCTA,Sussex,BRFSS,Health Status,Fair or poor self-rated health status among adults,General Health,GHLTH,24.6,21.3,28.1,%,Crude prevalence,1308,1629,38.8970097,-75.5204569
2023,19954,19954,ZCTA,Sussex,BRFSS,Health Status,Frequent mental distress among adults,Frequent Mental Distress,MHLTH,17.9,15.9,20.1,%,Crude prevalence,1308,1629,38.8970097,-75.5204569
2023,19954,19954,ZCTA,Sussex,BRFSS,Health Status,Frequent physical distress among adults,Frequent Physical Distress,PHLTH,17.1,15.1,19.3,%,Crude prevalence,1308,1629,38.8970097,-75.5204569
2023,19954,19954,ZCTA,Sussex,BRFSS,Health-Related Social Needs,Food insecurity in the past 12 months among adults,Food Insecurity,FOODINSECU,15.9,13.5,18.8,%,Crude prevalence,1308,1629,38.8970097,-75.5204569
2023,19954,19954,ZCTA,Sussex,BRFSS,Health-Related Social Needs,Housing insecurity in the past 12 months among adults,Housing Insecurity,HOUSINSECU,12.6,10.8,14.6,%,Crude prevalence,1308,1629,38.8970097,-75.5204569
2023,19954,19954,ZCTA,Sussex,BRFSS,Health-Related Social Needs,Lack of reliable transportation in the past 12 months among adults,Transportation Barriers,LACKTRPT,8.7,7.4,10.0,%,Crude prevalence,1308,1629,38.8970097,-75.5204569
2023,19954,19954,ZCTA,Sussex,BRFSS,Health-Related Social Needs,Lack of social and emotional support among adults,Lack of Social/Emotional Support,EMOTIONSPT,22.1,19.1,25.5,%,Crude prevalence,1308,1629,38.8970097,-75.5204569
2023,19954,19954,ZCTA,Sussex,BRFSS,Health-Related Social Needs,Loneliness among adults,Loneliness,LONELINESS,33.9,30.0,38.1,%,Crude prevalence,1308,1629,38.8970097,-75.5204569
2023,19954,19954,ZCTA,Sussex,BRFSS,Health-Related Social Needs,Received food stamps in the past 12 months among adults,Food Stamps,FOODSTAMP,14.9,12.2,17.7,%,Crude prevalence,1308,1629,38.8970097,-75.5204569
2023,19954,19954,ZCTA,Sussex,BRFSS,Health-Related Social Needs,Utility services shut-off threat in the past 12 months among adults,Utility Services Threat,SHUTUTILITY,8.0,6.9,9.3,%,Crude prevalence,1308,1629,38.8970097,-75.5204569
2023,19954,19954,ZCTA,Sussex,BRFSS,Prevention,Cholesterol screening among adults,Cholesterol Screening,CHOLSCREEN,86.2,84.3,88.0,%,Crude prevalence,1308,1629,38.8970097,-75.5204569
2022,19954,19954,ZCTA,Sussex,BRFSS,Prevention,Colorectal cancer screening among adults aged 45–75 years,Colorectal Cancer Screening,COLON_SCREEN,66.6,61.9,71.0,%,Crude prevalence,1308,1629,38.8970097,-75.5204569
2023,19954,19954,ZCTA,Sussex,BRFSS,Prevention,Current lack of health insurance among adults aged 18-64 years,Health Insurance,ACCESS2,10.2,8.3,12.4,%,Crude prevalence,1308,1629,38.8970097,-75.5204569
2022,19954,19954,ZCTA,Sussex,BRFSS,Prevention,Mammography use among women aged 50-74 years,Mammography,MAMMOUSE,71.1,63.9,77.6,%,Crude prevalence,1308,1629,38.8970097,-75.5204569
2023,19954,19954,ZCTA,Sussex,BRFSS,Prevention,Taking medicine to control high blood pressure among adults with high blood pressure,High Blood Pressure Medication,BPMED,80.4,77.8,82.7,%,Crude prevalence,1308,1629,38.8970097,-75.5204569
2022,19954,19954,ZCTA,Sussex,BRFSS,Prevention,Visited dentist or dental clinic in the past year among adults,Dental Visit,DENTAL,59.6,55.7,63.3,%,Crude prevalence,1308,1629,38.8970097,-75.5204569
2023,19954,19954,ZCTA,Sussex,BRFSS,Prevention,Visits to doctor for routine checkup within the past year among adults,Annual Checkup,CHECKUP,82.4,79.4,85.3,%,Crude prevalence,1308,1629,38.8970097,-75.5204569
2023,19955,19955,ZCTA,Sussex,BRFSS,Disability,Any disability among adults,Any Disability,DISABILITY,36.8,32.0,41.9,%,Crude prevalence,143,191,39.2269685,-75.664724
2023,19955,19955,ZCTA,Sussex,BRFSS,Disability,Cognitive disability among adults,Cognitive Disability,COGNITION,15.6,13.3,18.5,%,Crude prevalence,143,191,39.2269685,-75.664724
2023,19955,19955,ZCTA,Sussex,BRFSS,Disability,Hearing disability among adults,Hearing Disability,HEARING,7.7,6.7,8.9,%,Crude prevalence,143,191,39.2269685,-75.664724
2023,19955,19955,ZCTA,Sussex,BRFSS,Disability,Independent living disability among adults,Independent Living Disability,INDEPLIVE,9.5,8.1,11.3,%,Crude prevalence,143,191,39.2269685,-75.664724
2023,19955,19955,ZCTA,Sussex,BRFSS,Disability,Mobility disability among adults,Mobility Disability,MOBILITY,18.2,15.5,21.3,%,Crude prevalence,143,191,39.2269685,-75.664724
2023,19955,19955,ZCTA,Sussex,BRFSS,Disability,Self-care disability among adults,Self-care Disability,SELFCARE,4.5,3.8,5.3,%,Crude prevalence,143,191,39.2269685,-75.664724
2023,19955,19955,ZCTA,Sussex,BRFSS,Disability,Vision disability among adults,Vision Disability,VISION,5.5,4.7,6.4,%,Crude prevalence,143,191,39.2269685,-75.664724
2022,19955,19955,ZCTA,Sussex,BRFSS,Health Outcomes,All teeth lost among adults aged >=65 years,All Teeth Lost,TEETHLOST,15.5,12.8,18.5,%,Crude prevalence,143,191,39.2269685,-75.664724
2023,19955,19955,ZCTA,Sussex,BRFSS,Health Outcomes,Arthritis among adults,Arthritis,ARTHRITIS,32.8,29.5,36.0,%,Crude prevalence,143,191,39.2269685,-75.664724
2023,19955,19955,ZCTA,Sussex,BRFSS,Health Outcomes,Cancer (non-skin) or melanoma among adults,Cancer (non-skin) or Melanoma,CANCER,9.7,8.7,10.7,%,Crude prevalence,143,191,39.2269685,-75.664724
2023,19955,19955,ZCTA,Sussex,BRFSS,Health Outcomes,Chronic obstructive pulmonary disease among adults,COPD,COPD,9.4,7.8,11.2,%,Crude prevalence,143,191,39.2269685,-75.664724
2023,19955,19955,ZCTA,Sussex,BRFSS,Health Outcomes,Coronary heart disease among adults,Coronary Heart Disease,CHD,7.5,6.5,8.6,%,Crude prevalence,143,191,39.2269685,-75.664724
2023,19955,19955,ZCTA,Sussex,BRFSS,Health Outcomes,Current asthma among adults,Current Asthma,CASTHMA,12.9,11.4,14.5,%,Crude prevalence,143,191,39.2269685,-75.664724
2023,19955,19955,ZCTA,Sussex,BRFSS,Health Outcomes,Depression among adults,Depression,DEPRESSION,25.1,21.5,28.9,%,Crude prevalence,143,191,39.2269685,-75.664724
2023,19955,19955,ZCTA,Sussex,BRFSS,Health Outcomes,Diagnosed diabetes among adults,Diabetes,DIABETES,14.7,12.7,16.9,%,Crude prevalence,143,191,39.2269685,-75.664724
2023,19955,19955,ZCTA,Sussex,BRFSS,Health Outcomes,High blood pressure among adults,High Blood Pressure,BPHIGH,40.6,36.8,44.5,%,Crude prevalence,143,191,39.2269685,-75.664724
2023,19955,19955,ZCTA,Sussex,BRFSS,Health Outcomes,High cholesterol among adults who have ever been screened,High Cholesterol,HIGHCHOL,42.2,38.1,46.3,%,Crude prevalence,143,191,39.2269685,-75.664724
2023,19955,19955,ZCTA,Sussex,BRFSS,Health Outcomes,Obesity among adults,Obesity,OBESITY,43.4,36.9,50.3,%,Crude prevalence,143,191,39.2269685,-75.664724
2023,19955,19955,ZCTA,Sussex,BRFSS,Health Outcomes,Stroke among adults,Stroke,STROKE,4.1,3.5,4.6,%,Crude prevalence,143,191,39.2269685,-75.664724
2023,19955,19955,ZCTA,Sussex,BRFSS,Health Risk Behaviors,Binge drinking among adults,Binge Drinking,BINGE,13.4,11.2,15.9,%,Crude prevalence,143,191,39.2269685,-75.664724
2023,19955,19955,ZCTA,Sussex,BRFSS,Health Risk Behaviors,Current cigarette smoking among adults,Current Cigarette Smoking,CSMOKING,15.9,12.9,19.2,%,Crude prevalence,143,191,39.2269685,-75.664724
2023,19955,19955,ZCTA,Sussex,BRFSS,Health Risk Behaviors,No leisure-time physical activity among adults,Physical Inactivity,LPA,32.2,27.1,37.9,%,Crude prevalence,143,191,39.2269685,-75.664724
2022,19955,19955,ZCTA,Sussex,BRFSS,Health Risk Behaviors,Short sleep duration among adults,Short Sleep Duration,SLEEP,38.5,33.2,43.8,%,Crude prevalence,143,191,39.2269685,-75.664724
2023,19955,19955,ZCTA,Sussex,BRFSS,Health Status,Fair or poor self-rated health status among adults,General Health,GHLTH,22.2,18.7,26.2,%,Crude prevalence,143,191,39.2269685,-75.664724
2023,19955,19955,ZCTA,Sussex,BRFSS,Health Status,Frequent mental distress among adults,Frequent Mental Distress,MHLTH,18.5,16.1,21.0,%,Crude prevalence,143,191,39.2269685,-75.664724
2023,19955,19955,ZCTA,Sussex,BRFSS,Health Status,Frequent physical distress among adults,Frequent Physical Distress,PHLTH,16.4,14.2,18.9,%,Crude prevalence,143,191,39.2269685,-75.664724
2023,19955,19955,ZCTA,Sussex,BRFSS,Health-Related Social Needs,Food insecurity in the past 12 months among adults,Food Insecurity,FOODINSECU,14.0,11.2,17.4,%,Crude prevalence,143,191,39.2269685,-75.664724
2023,19955,19955,ZCTA,Sussex,BRFSS,Health-Related Social Needs,Housing insecurity in the past 12 months among adults,Housing Insecurity,HOUSINSECU,11.7,9.7,13.9,%,Crude prevalence,143,191,39.2269685,-75.664724
2023,19955,19955,ZCTA,Sussex,BRFSS,Health-Related Social Needs,Lack of reliable transportation in the past 12 months among adults,Transportation Barriers,LACKTRPT,7.7,6.5,9.1,%,Crude prevalence,143,191,39.2269685,-75.664724
2023,19955,19955,ZCTA,Sussex,BRFSS,Health-Related Social Needs,Lack of social and emotional support among adults,Lack of Social/Emotional Support,EMOTIONSPT,21.4,18.4,24.9,%,Crude prevalence,143,191,39.2269685,-75.664724
2023,19955,19955,ZCTA,Sussex,BRFSS,Health-Related Social Needs,Loneliness among adults,Loneliness,LONELINESS,33.8,29.8,38.2,%,Crude prevalence,143,191,39.2269685,-75.664724
2023,19955,19955,ZCTA,Sussex,BRFSS,Health-Related Social Needs,Received food stamps in the past 12 months among adults,Food Stamps,FOODSTAMP,13.0,10.2,16.4,%,Crude prevalence,143,191,39.2269685,-75.664724
2023,19955,19955,ZCTA,Sussex,BRFSS,Health-Related Social Needs,Utility services shut-off threat in the past 12 months among adults,Utility Services Threat,SHUTUTILITY,7.4,6.2,8.7,%,Crude prevalence,143,191,39.2269685,-75.664724
2023,19955,19955,ZCTA,Sussex,BRFSS,Prevention,Cholesterol screening among adults,Cholesterol Screening,CHOLSCREEN,86.8,84.6,88.9,%,Crude prevalence,143,191,39.2269685,-75.664724
2022,19955,19955,ZCTA,Sussex,BRFSS,Prevention,Colorectal cancer screening among adults aged 45–75 years,Colorectal Cancer Screening,COLON_SCREEN,66.4,61.9,70.5,%,Crude prevalence,143,191,39.2269685,-75.664724
2023,19955,19955,ZCTA,Sussex,BRFSS,Prevention,Current lack of health insurance among adults aged 18-64 years,Health Insurance,ACCESS2,8.5,6.4,11.1,%,Crude prevalence,143,191,39.2269685,-75.664724
2022,19955,19955,ZCTA,Sussex,BRFSS,Prevention,Mammography use among women aged 50-74 years,Mammography,MAMMOUSE,71.1,64.1,77.4,%,Crude prevalence,143,191,39.2269685,-75.664724
2023,19955,19955,ZCTA,Sussex,BRFSS,Prevention,Taking medicine to control high blood pressure among adults with high blood pressure,High Blood Pressure Medication,BPMED,79.1,76.3,81.8,%,Crude prevalence,143,191,39.2269685,-75.664724
2022,19955,19955,ZCTA,Sussex,BRFSS,Prevention,Visited dentist or dental clinic in the past year among adults,Dental Visit,DENTAL,63.3,59.5,66.8,%,Crude prevalence,143,191,39.2269685,-75.664724
2023,19955,19955,ZCTA,Sussex,BRFSS,Prevention,Visits to doctor for routine checkup within the past year among adults,Annual Checkup,CHECKUP,81.8,78.7,84.8,%,Crude prevalence,143,191,39.2269685,-75.664724
2023,19956,19956,ZCTA,Sussex,BRFSS,Disability,Any disability among adults,Any Disability,DISABILITY,34.1,30.3,37.9,%,Crude prevalence,12211,16327,38.5476448,-75.5381863
2023,19956,19956,ZCTA,Sussex,BRFSS,Disability,Cognitive disability among adults,Cognitive Disability,COGNITION,16.0,14.2,17.9,%,Crude prevalence,12211,16327,38.5476448,-75.5381863
2023,19956,19956,ZCTA,Sussex,BRFSS,Disability,Hearing disability among adults,Hearing Disability,HEARING,7.9,7.0,8.8,%,Crude prevalence,12211,16327,38.5476448,-75.5381863
2023,19956,19956,ZCTA,Sussex,BRFSS,Disability,Independent living disability among adults,Independent Living Disability,INDEPLIVE,10.1,9.0,11.2,%,Crude prevalence,12211,16327,38.5476448,-75.5381863
2023,19956,19956,ZCTA,Sussex,BRFSS,Disability,Mobility disability among adults,Mobility Disability,MOBILITY,16.7,14.8,18.6,%,Crude prevalence,12211,16327,38.5476448,-75.5381863
2023,19956,19956,ZCTA,Sussex,BRFSS,Disability,Self-care disability among adults,Self-care Disability,SELFCARE,4.8,4.3,5.3,%,Crude prevalence,12211,16327,38.5476448,-75.5381863
2023,19956,19956,ZCTA,Sussex,BRFSS,Disability,Vision disability among adults,Vision Disability,VISION,6.2,5.6,6.8,%,Crude prevalence,12211,16327,38.5476448,-75.5381863
2022,19956,19956,ZCTA,Sussex,BRFSS,Health Outcomes,All teeth lost among adults aged >=65 years,All Teeth Lost,TEETHLOST,19.2,16.3,22.8,%,Crude prevalence,12211,16327,38.5476448,-75.5381863
2023,19956,19956,ZCTA,Sussex,BRFSS,Health Outcomes,Arthritis among adults,Arthritis,ARTHRITIS,29.8,27.0,32.8,%,Crude prevalence,12211,16327,38.5476448,-75.5381863
2023,19956,19956,ZCTA,Sussex,BRFSS,Health Outcomes,Cancer (non-skin) or melanoma among adults,Cancer (non-skin) or Melanoma,CANCER,8.6,7.9,9.4,%,Crude prevalence,12211,16327,38.5476448,-75.5381863
2023,19956,19956,ZCTA,Sussex,BRFSS,Health Outcomes,Chronic obstructive pulmonary disease among adults,COPD,COPD,9.5,8.4,10.6,%,Crude prevalence,12211,16327,38.5476448,-75.5381863
2023,19956,19956,ZCTA,Sussex,BRFSS,Health Outcomes,Coronary heart disease among adults,Coronary Heart Disease,CHD,8.0,7.2,8.8,%,Crude prevalence,12211,16327,38.5476448,-75.5381863
2023,19956,19956,ZCTA,Sussex,BRFSS,Health Outcomes,Current asthma among adults,Current Asthma,CASTHMA,11.5,10.2,12.9,%,Crude prevalence,12211,16327,38.5476448,-75.5381863
2023,19956,19956,ZCTA,Sussex,BRFSS,Health Outcomes,Depression among adults,Depression,DEPRESSION,23.0,19.8,26.4,%,Crude prevalence,12211,16327,38.5476448,-75.5381863
2023,19956,19956,ZCTA,Sussex,BRFSS,Health Outcomes,Diagnosed diabetes among adults,Diabetes,DIABETES,13.4,11.9,15.1,%,Crude prevalence,12211,16327,38.5476448,-75.5381863
2023,19956,19956,ZCTA,Sussex,BRFSS,Health Outcomes,High blood pressure among adults,High Blood Pressure,BPHIGH,39.8,36.3,43.4,%,Crude prevalence,12211,16327,38.5476448,-75.5381863
2023,19956,19956,ZCTA,Sussex,BRFSS,Health Outcomes,High cholesterol among adults who have ever been screened,High Cholesterol,HIGHCHOL,43.8,40.0,47.5,%,Crude prevalence,12211,16327,38.5476448,-75.5381863
2023,19956,19956,ZCTA,Sussex,BRFSS,Health Outcomes,Obesity among adults,Obesity,OBESITY,37.1,31.2,43.1,%,Crude prevalence,12211,16327,38.5476448,-75.5381863
2023,19956,19956,ZCTA,Sussex,BRFSS,Health Outcomes,Stroke among adults,Stroke,STROKE,4.2,3.8,4.6,%,Crude prevalence,12211,16327,38.5476448,-75.5381863
2023,19956,19956,ZCTA,Sussex,BRFSS,Health Risk Behaviors,Binge drinking among adults,Binge Drinking,BINGE,14.6,12.3,17.1,%,Crude prevalence,12211,16327,38.5476448,-75.5381863
2023,19956,19956,ZCTA,Sussex,BRFSS,Health Risk Behaviors,Current cigarette smoking among adults,Current Cigarette Smoking,CSMOKING,18.6,16.3,21.1,%,Crude prevalence,12211,16327,38.5476448,-75.5381863
2023,19956,19956,ZCTA,Sussex,BRFSS,Health Risk Behaviors,No leisure-time physical activity among adults,Physical Inactivity,LPA,31.2,27.1,35.5,%,Crude prevalence,12211,16327,38.5476448,-75.5381863
2022,19956,19956,ZCTA,Sussex,BRFSS,Health Risk Behaviors,Short sleep duration among adults,Short Sleep Duration,SLEEP,36.4,31.8,41.7,%,Crude prevalence,12211,16327,38.5476448,-75.5381863
2023,19956,19956,ZCTA,Sussex,BRFSS,Health Status,Fair or poor self-rated health status among adults,General Health,GHLTH,23.1,20.5,25.7,%,Crude prevalence,12211,16327,38.5476448,-75.5381863
2023,19956,19956,ZCTA,Sussex,BRFSS,Health Status,Frequent mental distress among adults,Frequent Mental Distress,MHLTH,17.6,15.7,19.6,%,Crude prevalence,12211,16327,38.5476448,-75.5381863
2023,19956,19956,ZCTA,Sussex,BRFSS,Health Status,Frequent physical distress among adults,Frequent Physical Distress,PHLTH,15.9,14.2,17.7,%,Crude prevalence,12211,16327,38.5476448,-75.5381863
2023,19956,19956,ZCTA,Sussex,BRFSS,Health-Related Social Needs,Food insecurity in the past 12 months among adults,Food Insecurity,FOODINSECU,18.9,16.7,21.3,%,Crude prevalence,12211,16327,38.5476448,-75.5381863
2023,19956,19956,ZCTA,Sussex,BRFSS,Health-Related Social Needs,Housing insecurity in the past 12 months among adults,Housing Insecurity,HOUSINSECU,14.0,12.3,15.9,%,Crude prevalence,12211,16327,38.5476448,-75.5381863
2023,19956,19956,ZCTA,Sussex,BRFSS,Health-Related Social Needs,Lack of reliable transportation in the past 12 months among adults,Transportation Barriers,LACKTRPT,9.7,8.6,10.9,%,Crude prevalence,12211,16327,38.5476448,-75.5381863
2023,19956,19956,ZCTA,Sussex,BRFSS,Health-Related Social Needs,Lack of social and emotional support among adults,Lack of Social/Emotional Support,EMOTIONSPT,22.6,19.8,25.7,%,Crude prevalence,12211,16327,38.5476448,-75.5381863
2023,19956,19956,ZCTA,Sussex,BRFSS,Health-Related Social Needs,Loneliness among adults,Loneliness,LONELINESS,32.8,29.2,36.8,%,Crude prevalence,12211,16327,38.5476448,-75.5381863
2023,19956,19956,ZCTA,Sussex,BRFSS,Health-Related Social Needs,Received food stamps in the past 12 months among adults,Food Stamps,FOODSTAMP,17.0,14.7,19.6,%,Crude prevalence,12211,16327,38.5476448,-75.5381863
2023,19956,19956,ZCTA,Sussex,BRFSS,Health-Related Social Needs,Utility services shut-off threat in the past 12 months among adults,Utility Services Threat,SHUTUTILITY,9.6,8.4,10.9,%,Crude prevalence,12211,16327,38.5476448,-75.5381863
2023,19956,19956,ZCTA,Sussex,BRFSS,Prevention,Cholesterol screening among adults,Cholesterol Screening,CHOLSCREEN,85.2,83.2,87.0,%,Crude prevalence,12211,16327,38.5476448,-75.5381863
2022,19956,19956,ZCTA,Sussex,BRFSS,Prevention,Colorectal cancer screening among adults aged 45–75 years,Colorectal Cancer Screening,COLON_SCREEN,63.1,58.9,67.5,%,Crude prevalence,12211,16327,38.5476448,-75.5381863
2023,19956,19956,ZCTA,Sussex,BRFSS,Prevention,Current lack of health insurance among adults aged 18-64 years,Health Insurance,ACCESS2,11.9,10.2,13.9,%,Crude prevalence,12211,16327,38.5476448,-75.5381863
2022,19956,19956,ZCTA,Sussex,BRFSS,Prevention,Mammography use among women aged 50-74 years,Mammography,MAMMOUSE,76.6,71.0,82.0,%,Crude prevalence,12211,16327,38.5476448,-75.5381863
2023,19956,19956,ZCTA,Sussex,BRFSS,Prevention,Taking medicine to control high blood pressure among adults with high blood pressure,High Blood Pressure Medication,BPMED,78.8,76.2,81.2,%,Crude prevalence,12211,16327,38.5476448,-75.5381863
2022,19956,19956,ZCTA,Sussex,BRFSS,Prevention,Visited dentist or dental clinic in the past year among adults,Dental Visit,DENTAL,53.4,49.8,57.2,%,Crude prevalence,12211,16327,38.5476448,-75.5381863
2023,19956,19956,ZCTA,Sussex,BRFSS,Prevention,Visits to doctor for routine checkup within the past year among adults,Annual Checkup,CHECKUP,80.2,76.9,83.1,%,Crude prevalence,12211,16327,38.5476448,-75.5381863
2023,19958,19958,ZCTA,Sussex,BRFSS,Disability,Any disability among adults,Any Disability,DISABILITY,29.1,25.9,32.7,%,Crude prevalence,24522,27911,38.728714,-75.1685078
2023,19958,19958,ZCTA,Sussex,BRFSS,Disability,Cognitive disability among adults,Cognitive Disability,COGNITION,9.6,8.5,10.9,%,Crude prevalence,24522,27911,38.728714,-75.1685078
2023,19958,19958,ZCTA,Sussex,BRFSS,Disability,Hearing disability among adults,Hearing Disability,HEARING,9.2,8.2,10.3,%,Crude prevalence,24522,27911,38.728714,-75.1685078
2023,19958,19958,ZCTA,Sussex,BRFSS,Disability,Independent living disability among adults,Independent Living Disability,INDEPLIVE,6.7,6.0,7.5,%,Crude prevalence,24522,27911,38.728714,-75.1685078
2023,19958,19958,ZCTA,Sussex,BRFSS,Disability,Mobility disability among adults,Mobility Disability,MOBILITY,15.2,13.4,17.1,%,Crude prevalence,24522,27911,38.728714,-75.1685078
2023,19958,19958,ZCTA,Sussex,BRFSS,Disability,Self-care disability among adults,Self-care Disability,SELFCARE,3.4,3.1,3.7,%,Crude prevalence,24522,27911,38.728714,-75.1685078
2023,19958,19958,ZCTA,Sussex,BRFSS,Disability,Vision disability among adults,Vision Disability,VISION,4.2,3.8,4.6,%,Crude prevalence,24522,27911,38.728714,-75.1685078
2022,19958,19958,ZCTA,Sussex,BRFSS,Health Outcomes,All teeth lost among adults aged >=65 years,All Teeth Lost,TEETHLOST,8.6,7.2,10.5,%,Crude prevalence,24522,27911,38.728714,-75.1685078
2023,19958,19958,ZCTA,Sussex,BRFSS,Health Outcomes,Arthritis among adults,Arthritis,ARTHRITIS,36.7,33.4,40.2,%,Crude prevalence,24522,27911,38.728714,-75.1685078
2023,19958,19958,ZCTA,Sussex,BRFSS,Health Outcomes,Cancer (non-skin) or melanoma among adults,Cancer (non-skin) or Melanoma,CANCER,14.3,13.1,15.5,%,Crude prevalence,24522,27911,38.728714,-75.1685078
2023,19958,19958,ZCTA,Sussex,BRFSS,Health Outcomes,Chronic obstructive pulmonary disease among adults,COPD,COPD,8.2,7.3,9.2,%,Crude prevalence,24522,27911,38.728714,-75.1685078
2023,19958,19958,ZCTA,Sussex,BRFSS,Health Outcomes,Coronary heart disease among adults,Coronary Heart Disease,CHD,9.2,8.3,10.2,%,Crude prevalence,24522,27911,38.728714,-75.1685078
2023,19958,19958,ZCTA,Sussex,BRFSS,Health Outcomes,Current asthma among adults,Current Asthma,CASTHMA,10.0,8.9,11.3,%,Crude prevalence,24522,27911,38.728714,-75.1685078
2023,19958,19958,ZCTA,Sussex,BRFSS,Health Outcomes,Depression among adults,Depression,DEPRESSION,19.3,16.5,22.3,%,Crude prevalence,24522,27911,38.728714,-75.1685078
2023,19958,19958,ZCTA,Sussex,BRFSS,Health Outcomes,Diagnosed diabetes among adults,Diabetes,DIABETES,13.4,11.9,15.2,%,Crude prevalence,24522,27911,38.728714,-75.1685078
2023,19958,19958,ZCTA,Sussex,BRFSS,Health Outcomes,High blood pressure among adults,High Blood Pressure,BPHIGH,44.3,40.5,48.2,%,Crude prevalence,24522,27911,38.728714,-75.1685078
2023,19958,19958,ZCTA,Sussex,BRFSS,Health Outcomes,High cholesterol among adults who have ever been screened,High Cholesterol,HIGHCHOL,51.2,47.0,55.2,%,Crude prevalence,24522,27911,38.728714,-75.1685078
2023,19958,19958,ZCTA,Sussex,BRFSS,Health Outcomes,Obesity among adults,Obesity,OBESITY,30.7,25.3,36.3,%,Crude prevalence,24522,27911,38.728714,-75.1685078
2023,19958,19958,ZCTA,Sussex,BRFSS,Health Outcomes,Stroke among adults,Stroke,STROKE,4.2,3.9,4.6,%,Crude prevalence,24522,27911,38.728714,-75.1685078
2023,19958,19958,ZCTA,Sussex,BRFSS,Health Risk Behaviors,Binge drinking among adults,Binge Drinking,BINGE,11.9,10.0,14.0,%,Crude prevalence,24522,27911,38.728714,-75.1685078
2023,19958,19958,ZCTA,Sussex,BRFSS,Health Risk Behaviors,Current cigarette smoking among adults,Current Cigarette Smoking,CSMOKING,10.8,9.3,12.5,%,Crude prevalence,24522,27911,38.728714,-75.1685078
2023,19958,19958,ZCTA,Sussex,BRFSS,Health Risk Behaviors,No leisure-time physical activity among adults,Physical Inactivity,LPA,23.9,20.4,27.7,%,Crude prevalence,24522,27911,38.728714,-75.1685078
2022,19958,19958,ZCTA,Sussex,BRFSS,Health Risk Behaviors,Short sleep duration among adults,Short Sleep Duration,SLEEP,28.4,24.4,33.2,%,Crude prevalence,24522,27911,38.728714,-75.1685078
2023,19958,19958,ZCTA,Sussex,BRFSS,Health Status,Fair or poor self-rated health status among adults,General Health,GHLTH,16.5,14.6,18.6,%,Crude prevalence,24522,27911,38.728714,-75.1685078
2023,19958,19958,ZCTA,Sussex,BRFSS,Health Status,Frequent mental distress among adults,Frequent Mental Distress,MHLTH,11.5,10.2,13.0,%,Crude prevalence,24522,27911,38.728714,-75.1685078
2023,19958,19958,ZCTA,Sussex,BRFSS,Health Status,Frequent physical distress among adults,Frequent Physical Distress,PHLTH,13.5,12.1,15.1,%,Crude prevalence,24522,27911,38.728714,-75.1685078
2023,19958,19958,ZCTA,Sussex,BRFSS,Health-Related Social Needs,Food insecurity in the past 12 months among adults,Food Insecurity,FOODINSECU,7.7,6.6,8.8,%,Crude prevalence,24522,27911,38.728714,-75.1685078
2023,19958,19958,ZCTA,Sussex,BRFSS,Health-Related Social Needs,Housing insecurity in the past 12 months among adults,Housing Insecurity,HOUSINSECU,5.7,4.9,6.6,%,Crude prevalence,24522,27911,38.728714,-75.1685078
2023,19958,19958,ZCTA,Sussex,BRFSS,Health-Related Social Needs,Lack of reliable transportation in the past 12 months among adults,Transportation Barriers,LACKTRPT,4.4,3.9,5.0,%,Crude prevalence,24522,27911,38.728714,-75.1685078
2023,19958,19958,ZCTA,Sussex,BRFSS,Health-Related Social Needs,Lack of social and emotional support among adults,Lack of Social/Emotional Support,EMOTIONSPT,16.3,14.0,18.8,%,Crude prevalence,24522,27911,38.728714,-75.1685078
2023,19958,19958,ZCTA,Sussex,BRFSS,Health-Related Social Needs,Loneliness among adults,Loneliness,LONELINESS,26.1,22.8,29.6,%,Crude prevalence,24522,27911,38.728714,-75.1685078
2023,19958,19958,ZCTA,Sussex,BRFSS,Health-Related Social Needs,Received food stamps in the past 12 months among adults,Food Stamps,FOODSTAMP,6.0,5.0,7.1,%,Crude prevalence,24522,27911,38.728714,-75.1685078
2023,19958,19958,ZCTA,Sussex,BRFSS,Health-Related Social Needs,Utility services shut-off threat in the past 12 months among adults,Utility Services Threat,SHUTUTILITY,3.9,3.4,4.5,%,Crude prevalence,24522,27911,38.728714,-75.1685078
2023,19958,19958,ZCTA,Sussex,BRFSS,Prevention,Cholesterol screening among adults,Cholesterol Screening,CHOLSCREEN,92.8,91.7,93.7,%,Crude prevalence,24522,27911,38.728714,-75.1685078
2022,19958,19958,ZCTA,Sussex,BRFSS,Prevention,Colorectal cancer screening among adults aged 45–75 years,Colorectal Cancer Screening,COLON_SCREEN,74.8,71.1,78.6,%,Crude prevalence,24522,27911,38.728714,-75.1685078
2023,19958,19958,ZCTA,Sussex,BRFSS,Prevention,Current lack of health insurance among adults aged 18-64 years,Health Insurance,ACCESS2,6.2,5.3,7.2,%,Crude prevalence,24522,27911,38.728714,-75.1685078
2022,19958,19958,ZCTA,Sussex,BRFSS,Prevention,Mammography use among women aged 50-74 years,Mammography,MAMMOUSE,81.5,76.8,86.2,%,Crude prevalence,24522,27911,38.728714,-75.1685078
2023,19958,19958,ZCTA,Sussex,BRFSS,Prevention,Taking medicine to control high blood pressure among adults with high blood pressure,High Blood Pressure Medication,BPMED,85.7,83.4,87.8,%,Crude prevalence,24522,27911,38.728714,-75.1685078
2022,19958,19958,ZCTA,Sussex,BRFSS,Prevention,Visited dentist or dental clinic in the past year among adults,Dental Visit,DENTAL,69.6,66.5,72.8,%,Crude prevalence,24522,27911,38.728714,-75.1685078
2023,19958,19958,ZCTA,Sussex,BRFSS,Prevention,Visits to doctor for routine checkup within the past year among adults,Annual Checkup,CHECKUP,86.0,83.4,88.2,%,Crude prevalence,24522,27911,38.728714,-75.1685078
2023,19960,19960,ZCTA,Sussex,BRFSS,Disability,Any disability among adults,Any Disability,DISABILITY,32.3,28.6,36.1,%,Crude prevalence,5272,7121,38.8509127,-75.4087158
2023,19960,19960,ZCTA,Sussex,BRFSS,Disability,Cognitive disability among adults,Cognitive Disability,COGNITION,14.6,12.9,16.5,%,Crude prevalence,5272,7121,38.8509127,-75.4087158
2023,19960,19960,ZCTA,Sussex,BRFSS,Disability,Hearing disability among adults,Hearing Disability,HEARING,7.1,6.3,8.0,%,Crude prevalence,5272,7121,38.8509127,-75.4087158
2023,19960,19960,ZCTA,Sussex,BRFSS,Disability,Independent living disability among adults,Independent Living Disability,INDEPLIVE,9.1,8.1,10.1,%,Crude prevalence,5272,7121,38.8509127,-75.4087158
2023,19960,19960,ZCTA,Sussex,BRFSS,Disability,Mobility disability among adults,Mobility Disability,MOBILITY,15.9,13.9,17.7,%,Crude prevalence,5272,7121,38.8509127,-75.4087158
2023,19960,19960,ZCTA,Sussex,BRFSS,Disability,Self-care disability among adults,Self-care Disability,SELFCARE,4.5,4.0,4.9,%,Crude prevalence,5272,7121,38.8509127,-75.4087158
2023,19960,19960,ZCTA,Sussex,BRFSS,Disability,Vision disability among adults,Vision Disability,VISION,5.8,5.3,6.4,%,Crude prevalence,5272,7121,38.8509127,-75.4087158
2022,19960,19960,ZCTA,Sussex,BRFSS,Health Outcomes,All teeth lost among adults aged >=65 years,All Teeth Lost,TEETHLOST,13.2,11.0,15.9,%,Crude prevalence,5272,7121,38.8509127,-75.4087158
2023,19960,19960,ZCTA,Sussex,BRFSS,Health Outcomes,Arthritis among adults,Arthritis,ARTHRITIS,29.2,26.2,32.0,%,Crude prevalence,5272,7121,38.8509127,-75.4087158
2023,19960,19960,ZCTA,Sussex,BRFSS,Health Outcomes,Cancer (non-skin) or melanoma among adults,Cancer (non-skin) or Melanoma,CANCER,8.3,7.6,9.1,%,Crude prevalence,5272,7121,38.8509127,-75.4087158
2023,19960,19960,ZCTA,Sussex,BRFSS,Health Outcomes,Chronic obstructive pulmonary disease among adults,COPD,COPD,8.3,7.3,9.3,%,Crude prevalence,5272,7121,38.8509127,-75.4087158
2023,19960,19960,ZCTA,Sussex,BRFSS,Health Outcomes,Coronary heart disease among adults,Coronary Heart Disease,CHD,7.4,6.6,8.2,%,Crude prevalence,5272,7121,38.8509127,-75.4087158
2023,19960,19960,ZCTA,Sussex,BRFSS,Health Outcomes,Current asthma among adults,Current Asthma,CASTHMA,11.3,10.0,12.6,%,Crude prevalence,5272,7121,38.8509127,-75.4087158
2023,19960,19960,ZCTA,Sussex,BRFSS,Health Outcomes,Depression among adults,Depression,DEPRESSION,21.3,18.2,24.5,%,Crude prevalence,5272,7121,38.8509127,-75.4087158
2023,19960,19960,ZCTA,Sussex,BRFSS,Health Outcomes,Diagnosed diabetes among adults,Diabetes,DIABETES,13.5,11.9,15.2,%,Crude prevalence,5272,7121,38.8509127,-75.4087158
2023,19960,19960,ZCTA,Sussex,BRFSS,Health Outcomes,High blood pressure among adults,High Blood Pressure,BPHIGH,40.0,36.2,43.6,%,Crude prevalence,5272,7121,38.8509127,-75.4087158
2023,19960,19960,ZCTA,Sussex,BRFSS,Health Outcomes,High cholesterol among adults who have ever been screened,High Cholesterol,HIGHCHOL,43.4,39.5,47.2,%,Crude prevalence,5272,7121,38.8509127,-75.4087158
2023,19960,19960,ZCTA,Sussex,BRFSS,Health Outcomes,Obesity among adults,Obesity,OBESITY,37.2,31.1,43.3,%,Crude prevalence,5272,7121,38.8509127,-75.4087158
2023,19960,19960,ZCTA,Sussex,BRFSS,Health Outcomes,Stroke among adults,Stroke,STROKE,4.1,3.7,4.4,%,Crude prevalence,5272,7121,38.8509127,-75.4087158
2023,19960,19960,ZCTA,Sussex,BRFSS,Health Risk Behaviors,Binge drinking among adults,Binge Drinking,BINGE,14.3,12.1,16.7,%,Crude prevalence,5272,7121,38.8509127,-75.4087158
2023,19960,19960,ZCTA,Sussex,BRFSS,Health Risk Behaviors,Current cigarette smoking among adults,Current Cigarette Smoking,CSMOKING,16.6,14.2,19.0,%,Crude prevalence,5272,7121,38.8509127,-75.4087158
2023,19960,19960,ZCTA,Sussex,BRFSS,Health Risk Behaviors,No leisure-time physical activity among adults,Physical Inactivity,LPA,30.2,25.9,34.6,%,Crude prevalence,5272,7121,38.8509127,-75.4087158
2022,19960,19960,ZCTA,Sussex,BRFSS,Health Risk Behaviors,Short sleep duration among adults,Short Sleep Duration,SLEEP,36.1,31.5,41.5,%,Crude prevalence,5272,7121,38.8509127,-75.4087158
2023,19960,19960,ZCTA,Sussex,BRFSS,Health Status,Fair or poor self-rated health status among adults,General Health,GHLTH,21.8,19.2,24.3,%,Crude prevalence,5272,7121,38.8509127,-75.4087158
2023,19960,19960,ZCTA,Sussex,BRFSS,Health Status,Frequent mental distress among adults,Frequent Mental Distress,MHLTH,16.4,14.5,18.4,%,Crude prevalence,5272,7121,38.8509127,-75.4087158
2023,19960,19960,ZCTA,Sussex,BRFSS,Health Status,Frequent physical distress among adults,Frequent Physical Distress,PHLTH,15.0,13.3,16.7,%,Crude prevalence,5272,7121,38.8509127,-75.4087158
2023,19960,19960,ZCTA,Sussex,BRFSS,Health-Related Social Needs,Food insecurity in the past 12 months among adults,Food Insecurity,FOODINSECU,18.0,15.8,20.4,%,Crude prevalence,5272,7121,38.8509127,-75.4087158
2023,19960,19960,ZCTA,Sussex,BRFSS,Health-Related Social Needs,Housing insecurity in the past 12 months among adults,Housing Insecurity,HOUSINSECU,14.1,12.3,16.1,%,Crude prevalence,5272,7121,38.8509127,-75.4087158
2023,19960,19960,ZCTA,Sussex,BRFSS,Health-Related Social Needs,Lack of reliable transportation in the past 12 months among adults,Transportation Barriers,LACKTRPT,9.1,8.0,10.4,%,Crude prevalence,5272,7121,38.8509127,-75.4087158
2023,19960,19960,ZCTA,Sussex,BRFSS,Health-Related Social Needs,Lack of social and emotional support among adults,Lack of Social/Emotional Support,EMOTIONSPT,23.0,20.0,26.3,%,Crude prevalence,5272,7121,38.8509127,-75.4087158
2023,19960,19960,ZCTA,Sussex,BRFSS,Health-Related Social Needs,Loneliness among adults,Loneliness,LONELINESS,32.5,28.8,36.5,%,Crude prevalence,5272,7121,38.8509127,-75.4087158
2023,19960,19960,ZCTA,Sussex,BRFSS,Health-Related Social Needs,Received food stamps in the past 12 months among adults,Food Stamps,FOODSTAMP,15.2,12.8,17.7,%,Crude prevalence,5272,7121,38.8509127,-75.4087158
2023,19960,19960,ZCTA,Sussex,BRFSS,Health-Related Social Needs,Utility services shut-off threat in the past 12 months among adults,Utility Services Threat,SHUTUTILITY,9.2,8.0,10.7,%,Crude prevalence,5272,7121,38.8509127,-75.4087158
2023,19960,19960,ZCTA,Sussex,BRFSS,Prevention,Cholesterol screening among adults,Cholesterol Screening,CHOLSCREEN,86.7,84.9,88.3,%,Crude prevalence,5272,7121,38.8509127,-75.4087158
2022,19960,19960,ZCTA,Sussex,BRFSS,Prevention,Colorectal cancer screening among adults aged 45–75 years,Colorectal Cancer Screening,COLON_SCREEN,66.9,62.9,71.2,%,Crude prevalence,5272,7121,38.8509127,-75.4087158
2023,19960,19960,ZCTA,Sussex,BRFSS,Prevention,Current lack of health insurance among adults aged 18-64 years,Health Insurance,ACCESS2,12.2,10.3,14.3,%,Crude prevalence,5272,7121,38.8509127,-75.4087158
2022,19960,19960,ZCTA,Sussex,BRFSS,Prevention,Mammography use among women aged 50-74 years,Mammography,MAMMOUSE,79.9,74.8,84.8,%,Crude prevalence,5272,7121,38.8509127,-75.4087158
2023,19960,19960,ZCTA,Sussex,BRFSS,Prevention,Taking medicine to control high blood pressure among adults with high blood pressure,High Blood Pressure Medication,BPMED,79.5,76.7,81.9,%,Crude prevalence,5272,7121,38.8509127,-75.4087158
2022,19960,19960,ZCTA,Sussex,BRFSS,Prevention,Visited dentist or dental clinic in the past year among adults,Dental Visit,DENTAL,57.6,54.1,61.4,%,Crude prevalence,5272,7121,38.8509127,-75.4087158
2023,19960,19960,ZCTA,Sussex,BRFSS,Prevention,Visits to doctor for routine checkup within the past year among adults,Annual Checkup,CHECKUP,80.9,77.7,83.7,%,Crude prevalence,5272,7121,38.8509127,-75.4087158
2023,19962,19962,ZCTA,Sussex,BRFSS,Disability,Any disability among adults,Any Disability,DISABILITY,32.4,28.7,36.2,%,Crude prevalence,10232,13692,39.0688084,-75.4883882
2023,19962,19962,ZCTA,Sussex,BRFSS,Disability,Cognitive disability among adults,Cognitive Disability,COGNITION,13.8,12.2,15.5,%,Crude prevalence,10232,13692,39.0688084,-75.4883882
2023,19962,19962,ZCTA,Sussex,BRFSS,Disability,Hearing disability among adults,Hearing Disability,HEARING,6.2,5.5,7.0,%,Crude prevalence,10232,13692,39.0688084,-75.4883882
2023,19962,19962,ZCTA,Sussex,BRFSS,Disability,Independent living disability among adults,Independent Living Disability,INDEPLIVE,8.1,7.2,9.0,%,Crude prevalence,10232,13692,39.0688084,-75.4883882
2023,19962,19962,ZCTA,Sussex,BRFSS,Disability,Mobility disability among adults,Mobility Disability,MOBILITY,15.0,13.3,16.8,%,Crude prevalence,10232,13692,39.0688084,-75.4883882
2023,19962,19962,ZCTA,Sussex,BRFSS,Disability,Self-care disability among adults,Self-care Disability,SELFCARE,3.7,3.3,4.0,%,Crude prevalence,10232,13692,39.0688084,-75.4883882
2023,19962,19962,ZCTA,Sussex,BRFSS,Disability,Vision disability among adults,Vision Disability,VISION,4.9,4.4,5.3,%,Crude prevalence,10232,13692,39.0688084,-75.4883882
2022,19962,19962,ZCTA,Sussex,BRFSS,Health Outcomes,All teeth lost among adults aged >=65 years,All Teeth Lost,TEETHLOST,13.8,11.5,16.4,%,Crude prevalence,10232,13692,39.0688084,-75.4883882
2023,19962,19962,ZCTA,Sussex,BRFSS,Health Outcomes,Arthritis among adults,Arthritis,ARTHRITIS,28.1,25.4,31.1,%,Crude prevalence,10232,13692,39.0688084,-75.4883882
2023,19962,19962,ZCTA,Sussex,BRFSS,Health Outcomes,Cancer (non-skin) or melanoma among adults,Cancer (non-skin) or Melanoma,CANCER,8.3,7.6,9.1,%,Crude prevalence,10232,13692,39.0688084,-75.4883882
2023,19962,19962,ZCTA,Sussex,BRFSS,Health Outcomes,Chronic obstructive pulmonary disease among adults,COPD,COPD,6.9,6.1,7.8,%,Crude prevalence,10232,13692,39.0688084,-75.4883882
2023,19962,19962,ZCTA,Sussex,BRFSS,Health Outcomes,Coronary heart disease among adults,Coronary Heart Disease,CHD,6.1,5.4,6.7,%,Crude prevalence,10232,13692,39.0688084,-75.4883882
2023,19962,19962,ZCTA,Sussex,BRFSS,Health Outcomes,Current asthma among adults,Current Asthma,CASTHMA,12.4,11.0,13.9,%,Crude prevalence,10232,13692,39.0688084,-75.4883882
2023,19962,19962,ZCTA,Sussex,BRFSS,Health Outcomes,Depression among adults,Depression,DEPRESSION,22.6,19.5,26.1,%,Crude prevalence,10232,13692,39.0688084,-75.4883882
2023,19962,19962,ZCTA,Sussex,BRFSS,Health Outcomes,Diagnosed diabetes among adults,Diabetes,DIABETES,13.3,11.8,14.9,%,Crude prevalence,10232,13692,39.0688084,-75.4883882
2023,19962,19962,ZCTA,Sussex,BRFSS,Health Outcomes,High blood pressure among adults,High Blood Pressure,BPHIGH,37.8,34.3,41.4,%,Crude prevalence,10232,13692,39.0688084,-75.4883882
2023,19962,19962,ZCTA,Sussex,BRFSS,Health Outcomes,High cholesterol among adults who have ever been screened,High Cholesterol,HIGHCHOL,39.0,35.2,42.9,%,Crude prevalence,10232,13692,39.0688084,-75.4883882
2023,19962,19962,ZCTA,Sussex,BRFSS,Health Outcomes,Obesity among adults,Obesity,OBESITY,42.2,35.9,48.8,%,Crude prevalence,10232,13692,39.0688084,-75.4883882
2023,19962,19962,ZCTA,Sussex,BRFSS,Health Outcomes,Stroke among adults,Stroke,STROKE,3.5,3.2,3.7,%,Crude prevalence,10232,13692,39.0688084,-75.4883882
2023,19962,19962,ZCTA,Sussex,BRFSS,Health Risk Behaviors,Binge drinking among adults,Binge Drinking,BINGE,13.4,11.2,15.9,%,Crude prevalence,10232,13692,39.0688084,-75.4883882
2023,19962,19962,ZCTA,Sussex,BRFSS,Health Risk Behaviors,Current cigarette smoking among adults,Current Cigarette Smoking,CSMOKING,12.8,11.0,14.7,%,Crude prevalence,10232,13692,39.0688084,-75.4883882
2023,19962,19962,ZCTA,Sussex,BRFSS,Health Risk Behaviors,No leisure-time physical activity among adults,Physical Inactivity,LPA,29.3,25.2,33.5,%,Crude prevalence,10232,13692,39.0688084,-75.4883882
2022,19962,19962,ZCTA,Sussex,BRFSS,Health Risk Behaviors,Short sleep duration among adults,Short Sleep Duration,SLEEP,39.5,34.2,44.8,%,Crude prevalence,10232,13692,39.0688084,-75.4883882
2023,19962,19962,ZCTA,Sussex,BRFSS,Health Status,Fair or poor self-rated health status among adults,General Health,GHLTH,19.3,17.1,21.6,%,Crude prevalence,10232,13692,39.0688084,-75.4883882
2023,19962,19962,ZCTA,Sussex,BRFSS,Health Status,Frequent mental distress among adults,Frequent Mental Distress,MHLTH,17.2,15.2,19.2,%,Crude prevalence,10232,13692,39.0688084,-75.4883882
2023,19962,19962,ZCTA,Sussex,BRFSS,Health Status,Frequent physical distress among adults,Frequent Physical Distress,PHLTH,13.8,12.2,15.3,%,Crude prevalence,10232,13692,39.0688084,-75.4883882
2023,19962,19962,ZCTA,Sussex,BRFSS,Health-Related Social Needs,Food insecurity in the past 12 months among adults,Food Insecurity,FOODINSECU,13.9,12.2,15.6,%,Crude prevalence,10232,13692,39.0688084,-75.4883882
2023,19962,19962,ZCTA,Sussex,BRFSS,Health-Related Social Needs,Housing insecurity in the past 12 months among adults,Housing Insecurity,HOUSINSECU,12.4,10.9,14.0,%,Crude prevalence,10232,13692,39.0688084,-75.4883882
2023,19962,19962,ZCTA,Sussex,BRFSS,Health-Related Social Needs,Lack of reliable transportation in the past 12 months among adults,Transportation Barriers,LACKTRPT,7.7,6.8,8.7,%,Crude prevalence,10232,13692,39.0688084,-75.4883882
2023,19962,19962,ZCTA,Sussex,BRFSS,Health-Related Social Needs,Lack of social and emotional support among adults,Lack of Social/Emotional Support,EMOTIONSPT,22.0,19.2,25.1,%,Crude prevalence,10232,13692,39.0688084,-75.4883882
2023,19962,19962,ZCTA,Sussex,BRFSS,Health-Related Social Needs,Loneliness among adults,Loneliness,LONELINESS,34.1,30.4,38.2,%,Crude prevalence,10232,13692,39.0688084,-75.4883882
2023,19962,19962,ZCTA,Sussex,BRFSS,Health-Related Social Needs,Received food stamps in the past 12 months among adults,Food Stamps,FOODSTAMP,12.3,10.5,14.2,%,Crude prevalence,10232,13692,39.0688084,-75.4883882
2023,19962,19962,ZCTA,Sussex,BRFSS,Health-Related Social Needs,Utility services shut-off threat in the past 12 months among adults,Utility Services Threat,SHUTUTILITY,7.7,6.7,8.8,%,Crude prevalence,10232,13692,39.0688084,-75.4883882
2023,19962,19962,ZCTA,Sussex,BRFSS,Prevention,Cholesterol screening among adults,Cholesterol Screening,CHOLSCREEN,87.2,85.5,88.9,%,Crude prevalence,10232,13692,39.0688084,-75.4883882
2022,19962,19962,ZCTA,Sussex,BRFSS,Prevention,Colorectal cancer screening among adults aged 45–75 years,Colorectal Cancer Screening,COLON_SCREEN,65.7,61.3,69.9,%,Crude prevalence,10232,13692,39.0688084,-75.4883882
2023,19962,19962,ZCTA,Sussex,BRFSS,Prevention,Current lack of health insurance among adults aged 18-64 years,Health Insurance,ACCESS2,8.6,7.3,9.9,%,Crude prevalence,10232,13692,39.0688084,-75.4883882
2022,19962,19962,ZCTA,Sussex,BRFSS,Prevention,Mammography use among women aged 50-74 years,Mammography,MAMMOUSE,74.1,67.5,80.0,%,Crude prevalence,10232,13692,39.0688084,-75.4883882
2023,19962,19962,ZCTA,Sussex,BRFSS,Prevention,Taking medicine to control high blood pressure among adults with high blood pressure,High Blood Pressure Medication,BPMED,77.4,74.6,80.0,%,Crude prevalence,10232,13692,39.0688084,-75.4883882
2022,19962,19962,ZCTA,Sussex,BRFSS,Prevention,Visited dentist or dental clinic in the past year among adults,Dental Visit,DENTAL,63.8,60.1,67.3,%,Crude prevalence,10232,13692,39.0688084,-75.4883882
2023,19962,19962,ZCTA,Sussex,BRFSS,Prevention,Visits to doctor for routine checkup within the past year among adults,Annual Checkup,CHECKUP,82.0,78.9,84.9,%,Crude prevalence,10232,13692,39.0688084,-75.4883882
2023,19963,19963,ZCTA,Sussex,BRFSS,Disability,Any disability among adults,Any Disability,DISABILITY,34.1,30.8,37.3,%,Crude prevalence,16395,20827,38.9432534,-75.362567
2023,19963,19963,ZCTA,Sussex,BRFSS,Disability,Cognitive disability among adults,Cognitive Disability,COGNITION,14.3,12.9,15.8,%,Crude prevalence,16395,20827,38.9432534,-75.362567
2023,19963,19963,ZCTA,Sussex,BRFSS,Disability,Hearing disability among adults,Hearing Disability,HEARING,8.1,7.3,8.9,%,Crude prevalence,16395,20827,38.9432534,-75.362567
2023,19963,19963,ZCTA,Sussex,BRFSS,Disability,Independent living disability among adults,Independent Living Disability,INDEPLIVE,9.2,8.3,10.0,%,Crude prevalence,16395,20827,38.9432534,-75.362567
2023,19963,19963,ZCTA,Sussex,BRFSS,Disability,Mobility disability among adults,Mobility Disability,MOBILITY,17.0,15.3,18.6,%,Crude prevalence,16395,20827,38.9432534,-75.362567
2023,19963,19963,ZCTA,Sussex,BRFSS,Disability,Self-care disability among adults,Self-care Disability,SELFCARE,4.4,4.0,4.8,%,Crude prevalence,16395,20827,38.9432534,-75.362567
2023,19963,19963,ZCTA,Sussex,BRFSS,Disability,Vision disability among adults,Vision Disability,VISION,5.8,5.3,6.3,%,Crude prevalence,16395,20827,38.9432534,-75.362567
2022,19963,19963,ZCTA,Sussex,BRFSS,Health Outcomes,All teeth lost among adults aged >=65 years,All Teeth Lost,TEETHLOST,12.3,10.7,14.3,%,Crude prevalence,16395,20827,38.9432534,-75.362567
2023,19963,19963,ZCTA,Sussex,BRFSS,Health Outcomes,Arthritis among adults,Arthritis,ARTHRITIS,31.4,28.8,34.0,%,Crude prevalence,16395,20827,38.9432534,-75.362567
2023,19963,19963,ZCTA,Sussex,BRFSS,Health Outcomes,Cancer (non-skin) or melanoma among adults,Cancer (non-skin) or Melanoma,CANCER,9.9,9.2,10.6,%,Crude prevalence,16395,20827,38.9432534,-75.362567
2023,19963,19963,ZCTA,Sussex,BRFSS,Health Outcomes,Chronic obstructive pulmonary disease among adults,COPD,COPD,8.8,7.8,9.7,%,Crude prevalence,16395,20827,38.9432534,-75.362567
2023,19963,19963,ZCTA,Sussex,BRFSS,Health Outcomes,Coronary heart disease among adults,Coronary Heart Disease,CHD,8.0,7.3,8.6,%,Crude prevalence,16395,20827,38.9432534,-75.362567
2023,19963,19963,ZCTA,Sussex,BRFSS,Health Outcomes,Current asthma among adults,Current Asthma,CASTHMA,11.5,10.4,12.7,%,Crude prevalence,16395,20827,38.9432534,-75.362567
2023,19963,19963,ZCTA,Sussex,BRFSS,Health Outcomes,Depression among adults,Depression,DEPRESSION,22.2,19.4,25.0,%,Crude prevalence,16395,20827,38.9432534,-75.362567
2023,19963,19963,ZCTA,Sussex,BRFSS,Health Outcomes,Diagnosed diabetes among adults,Diabetes,DIABETES,14.1,12.6,15.5,%,Crude prevalence,16395,20827,38.9432534,-75.362567
2023,19963,19963,ZCTA,Sussex,BRFSS,Health Outcomes,High blood pressure among adults,High Blood Pressure,BPHIGH,40.8,37.6,43.9,%,Crude prevalence,16395,20827,38.9432534,-75.362567
2023,19963,19963,ZCTA,Sussex,BRFSS,Health Outcomes,High cholesterol among adults who have ever been screened,High Cholesterol,HIGHCHOL,43.9,40.5,47.3,%,Crude prevalence,16395,20827,38.9432534,-75.362567
2023,19963,19963,ZCTA,Sussex,BRFSS,Health Outcomes,Obesity among adults,Obesity,OBESITY,38.3,33.1,43.6,%,Crude prevalence,16395,20827,38.9432534,-75.362567
2023,19963,19963,ZCTA,Sussex,BRFSS,Health Outcomes,Stroke among adults,Stroke,STROKE,4.2,3.9,4.5,%,Crude prevalence,16395,20827,38.9432534,-75.362567
2023,19963,19963,ZCTA,Sussex,BRFSS,Health Risk Behaviors,Binge drinking among adults,Binge Drinking,BINGE,13.3,11.5,15.3,%,Crude prevalence,16395,20827,38.9432534,-75.362567
2023,19963,19963,ZCTA,Sussex,BRFSS,Health Risk Behaviors,Current cigarette smoking among adults,Current Cigarette Smoking,CSMOKING,15.0,13.2,16.8,%,Crude prevalence,16395,20827,38.9432534,-75.362567
2023,19963,19963,ZCTA,Sussex,BRFSS,Health Risk Behaviors,No leisure-time physical activity among adults,Physical Inactivity,LPA,30.7,27.0,34.3,%,Crude prevalence,16395,20827,38.9432534,-75.362567
2022,19963,19963,ZCTA,Sussex,BRFSS,Health Risk Behaviors,Short sleep duration among adults,Short Sleep Duration,SLEEP,35.7,31.4,39.9,%,Crude prevalence,16395,20827,38.9432534,-75.362567
2023,19963,19963,ZCTA,Sussex,BRFSS,Health Status,Fair or poor self-rated health status among adults,General Health,GHLTH,21.6,19.5,23.6,%,Crude prevalence,16395,20827,38.9432534,-75.362567
2023,19963,19963,ZCTA,Sussex,BRFSS,Health Status,Frequent mental distress among adults,Frequent Mental Distress,MHLTH,16.3,14.8,17.9,%,Crude prevalence,16395,20827,38.9432534,-75.362567
2023,19963,19963,ZCTA,Sussex,BRFSS,Health Status,Frequent physical distress among adults,Frequent Physical Distress,PHLTH,15.2,13.8,16.6,%,Crude prevalence,16395,20827,38.9432534,-75.362567
2023,19963,19963,ZCTA,Sussex,BRFSS,Health-Related Social Needs,Food insecurity in the past 12 months among adults,Food Insecurity,FOODINSECU,16.0,14.4,17.5,%,Crude prevalence,16395,20827,38.9432534,-75.362567
2023,19963,19963,ZCTA,Sussex,BRFSS,Health-Related Social Needs,Housing insecurity in the past 12 months among adults,Housing Insecurity,HOUSINSECU,12.5,11.2,13.9,%,Crude prevalence,16395,20827,38.9432534,-75.362567
2023,19963,19963,ZCTA,Sussex,BRFSS,Health-Related Social Needs,Lack of reliable transportation in the past 12 months among adults,Transportation Barriers,LACKTRPT,8.4,7.6,9.3,%,Crude prevalence,16395,20827,38.9432534,-75.362567
2023,19963,19963,ZCTA,Sussex,BRFSS,Health-Related Social Needs,Lack of social and emotional support among adults,Lack of Social/Emotional Support,EMOTIONSPT,21.1,18.8,23.6,%,Crude prevalence,16395,20827,38.9432534,-75.362567
2023,19963,19963,ZCTA,Sussex,BRFSS,Health-Related Social Needs,Loneliness among adults,Loneliness,LONELINESS,32.0,29.0,35.3,%,Crude prevalence,16395,20827,38.9432534,-75.362567
2023,19963,19963,ZCTA,Sussex,BRFSS,Health-Related Social Needs,Received food stamps in the past 12 months among adults,Food Stamps,FOODSTAMP,14.4,12.7,16.3,%,Crude prevalence,16395,20827,38.9432534,-75.362567
2023,19963,19963,ZCTA,Sussex,BRFSS,Health-Related Social Needs,Utility services shut-off threat in the past 12 months among adults,Utility Services Threat,SHUTUTILITY,8.2,7.4,9.2,%,Crude prevalence,16395,20827,38.9432534,-75.362567
2023,19963,19963,ZCTA,Sussex,BRFSS,Prevention,Cholesterol screening among adults,Cholesterol Screening,CHOLSCREEN,87.2,85.7,88.6,%,Crude prevalence,16395,20827,38.9432534,-75.362567
2022,19963,19963,ZCTA,Sussex,BRFSS,Prevention,Colorectal cancer screening among adults aged 45–75 years,Colorectal Cancer Screening,COLON_SCREEN,68.0,64.6,71.2,%,Crude prevalence,16395,20827,38.9432534,-75.362567
2023,19963,19963,ZCTA,Sussex,BRFSS,Prevention,Current lack of health insurance among adults aged 18-64 years,Health Insurance,ACCESS2,11.0,9.6,12.4,%,Crude prevalence,16395,20827,38.9432534,-75.362567
2022,19963,19963,ZCTA,Sussex,BRFSS,Prevention,Mammography use among women aged 50-74 years,Mammography,MAMMOUSE,77.8,72.9,82.0,%,Crude prevalence,16395,20827,38.9432534,-75.362567
2023,19963,19963,ZCTA,Sussex,BRFSS,Prevention,Taking medicine to control high blood pressure among adults with high blood pressure,High Blood Pressure Medication,BPMED,80.2,78.0,82.2,%,Crude prevalence,16395,20827,38.9432534,-75.362567
2022,19963,19963,ZCTA,Sussex,BRFSS,Prevention,Visited dentist or dental clinic in the past year among adults,Dental Visit,DENTAL,60.7,57.4,63.8,%,Crude prevalence,16395,20827,38.9432534,-75.362567
2023,19963,19963,ZCTA,Sussex,BRFSS,Prevention,Visits to doctor for routine checkup within the past year among adults,Annual Checkup,CHECKUP,82.0,79.4,84.4,%,Crude prevalence,16395,20827,38.9432534,-75.362567
2023,19964,19964,ZCTA,Sussex,BRFSS,Disability,Any disability among adults,Any Disability,DISABILITY,39.1,34.9,43.6,%,Crude prevalence,1034,1298,39.0960269,-75.7254632
2023,19964,19964,ZCTA,Sussex,BRFSS,Disability,Cognitive disability among adults,Cognitive Disability,COGNITION,16.9,14.6,19.1,%,Crude prevalence,1034,1298,39.0960269,-75.7254632
2023,19964,19964,ZCTA,Sussex,BRFSS,Disability,Hearing disability among adults,Hearing Disability,HEARING,8.4,7.4,9.5,%,Crude prevalence,1034,1298,39.0960269,-75.7254632
2023,19964,19964,ZCTA,Sussex,BRFSS,Disability,Independent living disability among adults,Independent Living Disability,INDEPLIVE,10.2,8.8,11.6,%,Crude prevalence,1034,1298,39.0960269,-75.7254632
2023,19964,19964,ZCTA,Sussex,BRFSS,Disability,Mobility disability among adults,Mobility Disability,MOBILITY,19.1,16.7,21.8,%,Crude prevalence,1034,1298,39.0960269,-75.7254632
2023,19964,19964,ZCTA,Sussex,BRFSS,Disability,Self-care disability among adults,Self-care Disability,SELFCARE,4.6,4.0,5.2,%,Crude prevalence,1034,1298,39.0960269,-75.7254632
2023,19964,19964,ZCTA,Sussex,BRFSS,Disability,Vision disability among adults,Vision Disability,VISION,5.9,5.2,6.7,%,Crude prevalence,1034,1298,39.0960269,-75.7254632
2022,19964,19964,ZCTA,Sussex,BRFSS,Health Outcomes,All teeth lost among adults aged >=65 years,All Teeth Lost,TEETHLOST,18.9,15.7,22.4,%,Crude prevalence,1034,1298,39.0960269,-75.7254632
2023,19964,19964,ZCTA,Sussex,BRFSS,Health Outcomes,Arthritis among adults,Arthritis,ARTHRITIS,32.5,29.3,35.8,%,Crude prevalence,1034,1298,39.0960269,-75.7254632
2023,19964,19964,ZCTA,Sussex,BRFSS,Health Outcomes,Cancer (non-skin) or melanoma among adults,Cancer (non-skin) or Melanoma,CANCER,9.9,9.0,10.9,%,Crude prevalence,1034,1298,39.0960269,-75.7254632
2023,19964,19964,ZCTA,Sussex,BRFSS,Health Outcomes,Chronic obstructive pulmonary disease among adults,COPD,COPD,9.9,8.5,11.4,%,Crude prevalence,1034,1298,39.0960269,-75.7254632
2023,19964,19964,ZCTA,Sussex,BRFSS,Health Outcomes,Coronary heart disease among adults,Coronary Heart Disease,CHD,7.8,6.9,8.8,%,Crude prevalence,1034,1298,39.0960269,-75.7254632
2023,19964,19964,ZCTA,Sussex,BRFSS,Health Outcomes,Current asthma among adults,Current Asthma,CASTHMA,12.8,11.3,14.4,%,Crude prevalence,1034,1298,39.0960269,-75.7254632
2023,19964,19964,ZCTA,Sussex,BRFSS,Health Outcomes,Depression among adults,Depression,DEPRESSION,25.1,21.6,28.8,%,Crude prevalence,1034,1298,39.0960269,-75.7254632
2023,19964,19964,ZCTA,Sussex,BRFSS,Health Outcomes,Diagnosed diabetes among adults,Diabetes,DIABETES,14.3,12.6,16.3,%,Crude prevalence,1034,1298,39.0960269,-75.7254632
2023,19964,19964,ZCTA,Sussex,BRFSS,Health Outcomes,High blood pressure among adults,High Blood Pressure,BPHIGH,39.8,36.1,43.7,%,Crude prevalence,1034,1298,39.0960269,-75.7254632
2023,19964,19964,ZCTA,Sussex,BRFSS,Health Outcomes,High cholesterol among adults who have ever been screened,High Cholesterol,HIGHCHOL,42.3,38.4,46.4,%,Crude prevalence,1034,1298,39.0960269,-75.7254632
2023,19964,19964,ZCTA,Sussex,BRFSS,Health Outcomes,Obesity among adults,Obesity,OBESITY,42.3,35.9,49.0,%,Crude prevalence,1034,1298,39.0960269,-75.7254632
2023,19964,19964,ZCTA,Sussex,BRFSS,Health Outcomes,Stroke among adults,Stroke,STROKE,4.2,3.7,4.7,%,Crude prevalence,1034,1298,39.0960269,-75.7254632
2023,19964,19964,ZCTA,Sussex,BRFSS,Health Risk Behaviors,Binge drinking among adults,Binge Drinking,BINGE,13.4,11.2,15.8,%,Crude prevalence,1034,1298,39.0960269,-75.7254632
2023,19964,19964,ZCTA,Sussex,BRFSS,Health Risk Behaviors,Current cigarette smoking among adults,Current Cigarette Smoking,CSMOKING,16.8,14.0,19.4,%,Crude prevalence,1034,1298,39.0960269,-75.7254632
2023,19964,19964,ZCTA,Sussex,BRFSS,Health Risk Behaviors,No leisure-time physical activity among adults,Physical Inactivity,LPA,34.7,29.9,39.6,%,Crude prevalence,1034,1298,39.0960269,-75.7254632
2022,19964,19964,ZCTA,Sussex,BRFSS,Health Risk Behaviors,Short sleep duration among adults,Short Sleep Duration,SLEEP,38.8,33.5,44.0,%,Crude prevalence,1034,1298,39.0960269,-75.7254632
2023,19964,19964,ZCTA,Sussex,BRFSS,Health Status,Fair or poor self-rated health status among adults,General Health,GHLTH,24.0,20.8,27.4,%,Crude prevalence,1034,1298,39.0960269,-75.7254632
2023,19964,19964,ZCTA,Sussex,BRFSS,Health Status,Frequent mental distress among adults,Frequent Mental Distress,MHLTH,18.9,16.8,21.1,%,Crude prevalence,1034,1298,39.0960269,-75.7254632
2023,19964,19964,ZCTA,Sussex,BRFSS,Health Status,Frequent physical distress among adults,Frequent Physical Distress,PHLTH,17.2,15.2,19.3,%,Crude prevalence,1034,1298,39.0960269,-75.7254632
2023,19964,19964,ZCTA,Sussex,BRFSS,Health-Related Social Needs,Food insecurity in the past 12 months among adults,Food Insecurity,FOODINSECU,15.2,12.8,18.1,%,Crude prevalence,1034,1298,39.0960269,-75.7254632
2023,19964,19964,ZCTA,Sussex,BRFSS,Health-Related Social Needs,Housing insecurity in the past 12 months among adults,Housing Insecurity,HOUSINSECU,12.5,10.6,14.5,%,Crude prevalence,1034,1298,39.0960269,-75.7254632
2023,19964,19964,ZCTA,Sussex,BRFSS,Health-Related Social Needs,Lack of reliable transportation in the past 12 months among adults,Transportation Barriers,LACKTRPT,8.1,7.0,9.3,%,Crude prevalence,1034,1298,39.0960269,-75.7254632
2023,19964,19964,ZCTA,Sussex,BRFSS,Health-Related Social Needs,Lack of social and emotional support among adults,Lack of Social/Emotional Support,EMOTIONSPT,23.0,19.9,26.4,%,Crude prevalence,1034,1298,39.0960269,-75.7254632
2023,19964,19964,ZCTA,Sussex,BRFSS,Health-Related Social Needs,Loneliness among adults,Loneliness,LONELINESS,35.5,31.6,39.9,%,Crude prevalence,1034,1298,39.0960269,-75.7254632
2023,19964,19964,ZCTA,Sussex,BRFSS,Health-Related Social Needs,Received food stamps in the past 12 months among adults,Food Stamps,FOODSTAMP,13.2,10.7,15.9,%,Crude prevalence,1034,1298,39.0960269,-75.7254632
2023,19964,19964,ZCTA,Sussex,BRFSS,Health-Related Social Needs,Utility services shut-off threat in the past 12 months among adults,Utility Services Threat,SHUTUTILITY,7.2,6.1,8.4,%,Crude prevalence,1034,1298,39.0960269,-75.7254632
2023,19964,19964,ZCTA,Sussex,BRFSS,Prevention,Cholesterol screening among adults,Cholesterol Screening,CHOLSCREEN,85.6,83.5,87.5,%,Crude prevalence,1034,1298,39.0960269,-75.7254632
2022,19964,19964,ZCTA,Sussex,BRFSS,Prevention,Colorectal cancer screening among adults aged 45–75 years,Colorectal Cancer Screening,COLON_SCREEN,61.3,56.5,65.8,%,Crude prevalence,1034,1298,39.0960269,-75.7254632
2023,19964,19964,ZCTA,Sussex,BRFSS,Prevention,Current lack of health insurance among adults aged 18-64 years,Health Insurance,ACCESS2,11.7,9.6,14.0,%,Crude prevalence,1034,1298,39.0960269,-75.7254632
2022,19964,19964,ZCTA,Sussex,BRFSS,Prevention,Mammography use among women aged 50-74 years,Mammography,MAMMOUSE,68.9,61.5,75.7,%,Crude prevalence,1034,1298,39.0960269,-75.7254632
2023,19964,19964,ZCTA,Sussex,BRFSS,Prevention,Taking medicine to control high blood pressure among adults with high blood pressure,High Blood Pressure Medication,BPMED,78.2,75.3,80.8,%,Crude prevalence,1034,1298,39.0960269,-75.7254632
2022,19964,19964,ZCTA,Sussex,BRFSS,Prevention,Visited dentist or dental clinic in the past year among adults,Dental Visit,DENTAL,57.8,53.9,61.5,%,Crude prevalence,1034,1298,39.0960269,-75.7254632
2023,19964,19964,ZCTA,Sussex,BRFSS,Prevention,Visits to doctor for routine checkup within the past year among adults,Annual Checkup,CHECKUP,80.7,77.4,83.8,%,Crude prevalence,1034,1298,39.0960269,-75.7254632
2023,19966,19966,ZCTA,Sussex,BRFSS,Disability,Any disability among adults,Any Disability,DISABILITY,32.4,28.9,36.1,%,Crude prevalence,26925,32520,38.579422,-75.277196
2023,19966,19966,ZCTA,Sussex,BRFSS,Disability,Cognitive disability among adults,Cognitive Disability,COGNITION,12.6,11.2,14.1,%,Crude prevalence,26925,32520,38.579422,-75.277196
2023,19966,19966,ZCTA,Sussex,BRFSS,Disability,Hearing disability among adults,Hearing Disability,HEARING,9.0,8.0,10.0,%,Crude prevalence,26925,32520,38.579422,-75.277196
2023,19966,19966,ZCTA,Sussex,BRFSS,Disability,Independent living disability among adults,Independent Living Disability,INDEPLIVE,8.5,7.6,9.4,%,Crude prevalence,26925,32520,38.579422,-75.277196
2023,19966,19966,ZCTA,Sussex,BRFSS,Disability,Mobility disability among adults,Mobility Disability,MOBILITY,16.9,15.1,18.8,%,Crude prevalence,26925,32520,38.579422,-75.277196
2023,19966,19966,ZCTA,Sussex,BRFSS,Disability,Self-care disability among adults,Self-care Disability,SELFCARE,4.2,3.9,4.6,%,Crude prevalence,26925,32520,38.579422,-75.277196
2023,19966,19966,ZCTA,Sussex,BRFSS,Disability,Vision disability among adults,Vision Disability,VISION,5.3,4.9,5.8,%,Crude prevalence,26925,32520,38.579422,-75.277196
2022,19966,19966,ZCTA,Sussex,BRFSS,Health Outcomes,All teeth lost among adults aged >=65 years,All Teeth Lost,TEETHLOST,11.8,9.9,14.3,%,Crude prevalence,26925,32520,38.579422,-75.277196
2023,19966,19966,ZCTA,Sussex,BRFSS,Health Outcomes,Arthritis among adults,Arthritis,ARTHRITIS,34.8,31.6,37.9,%,Crude prevalence,26925,32520,38.579422,-75.277196
2023,19966,19966,ZCTA,Sussex,BRFSS,Health Outcomes,Cancer (non-skin) or melanoma among adults,Cancer (non-skin) or Melanoma,CANCER,11.9,10.9,12.9,%,Crude prevalence,26925,32520,38.579422,-75.277196
2023,19966,19966,ZCTA,Sussex,BRFSS,Health Outcomes,Chronic obstructive pulmonary disease among adults,COPD,COPD,9.4,8.3,10.4,%,Crude prevalence,26925,32520,38.579422,-75.277196
2023,19966,19966,ZCTA,Sussex,BRFSS,Health Outcomes,Coronary heart disease among adults,Coronary Heart Disease,CHD,9.1,8.3,10.0,%,Crude prevalence,26925,32520,38.579422,-75.277196
2023,19966,19966,ZCTA,Sussex,BRFSS,Health Outcomes,Current asthma among adults,Current Asthma,CASTHMA,10.8,9.6,12.1,%,Crude prevalence,26925,32520,38.579422,-75.277196
2023,19966,19966,ZCTA,Sussex,BRFSS,Health Outcomes,Depression among adults,Depression,DEPRESSION,21.0,18.0,24.1,%,Crude prevalence,26925,32520,38.579422,-75.277196
2023,19966,19966,ZCTA,Sussex,BRFSS,Health Outcomes,Diagnosed diabetes among adults,Diabetes,DIABETES,14.2,12.5,16.0,%,Crude prevalence,26925,32520,38.579422,-75.277196
2023,19966,19966,ZCTA,Sussex,BRFSS,Health Outcomes,High blood pressure among adults,High Blood Pressure,BPHIGH,43.5,39.7,47.2,%,Crude prevalence,26925,32520,38.579422,-75.277196
2023,19966,19966,ZCTA,Sussex,BRFSS,Health Outcomes,High cholesterol among adults who have ever been screened,High Cholesterol,HIGHCHOL,48.6,44.7,52.5,%,Crude prevalence,26925,32520,38.579422,-75.277196
2023,19966,19966,ZCTA,Sussex,BRFSS,Health Outcomes,Obesity among adults,Obesity,OBESITY,34.1,28.4,39.9,%,Crude prevalence,26925,32520,38.579422,-75.277196
2023,19966,19966,ZCTA,Sussex,BRFSS,Health Outcomes,Stroke among adults,Stroke,STROKE,4.5,4.2,4.9,%,Crude prevalence,26925,32520,38.579422,-75.277196
2023,19966,19966,ZCTA,Sussex,BRFSS,Health Risk Behaviors,Binge drinking among adults,Binge Drinking,BINGE,12.7,10.7,15.0,%,Crude prevalence,26925,32520,38.579422,-75.277196
2023,19966,19966,ZCTA,Sussex,BRFSS,Health Risk Behaviors,Current cigarette smoking among adults,Current Cigarette Smoking,CSMOKING,14.7,12.7,16.7,%,Crude prevalence,26925,32520,38.579422,-75.277196
2023,19966,19966,ZCTA,Sussex,BRFSS,Health Risk Behaviors,No leisure-time physical activity among adults,Physical Inactivity,LPA,28.3,24.4,32.2,%,Crude prevalence,26925,32520,38.579422,-75.277196
2022,19966,19966,ZCTA,Sussex,BRFSS,Health Risk Behaviors,Short sleep duration among adults,Short Sleep Duration,SLEEP,32.3,27.9,37.4,%,Crude prevalence,26925,32520,38.579422,-75.277196
2023,19966,19966,ZCTA,Sussex,BRFSS,Health Status,Fair or poor self-rated health status among adults,General Health,GHLTH,20.3,18.1,22.5,%,Crude prevalence,26925,32520,38.579422,-75.277196
2023,19966,19966,ZCTA,Sussex,BRFSS,Health Status,Frequent mental distress among adults,Frequent Mental Distress,MHLTH,14.3,12.7,16.0,%,Crude prevalence,26925,32520,38.579422,-75.277196
2023,19966,19966,ZCTA,Sussex,BRFSS,Health Status,Frequent physical distress among adults,Frequent Physical Distress,PHLTH,15.2,13.6,16.8,%,Crude prevalence,26925,32520,38.579422,-75.277196
2023,19966,19966,ZCTA,Sussex,BRFSS,Health-Related Social Needs,Food insecurity in the past 12 months among adults,Food Insecurity,FOODINSECU,12.9,11.4,14.6,%,Crude prevalence,26925,32520,38.579422,-75.277196
2023,19966,19966,ZCTA,Sussex,BRFSS,Health-Related Social Needs,Housing insecurity in the past 12 months among adults,Housing Insecurity,HOUSINSECU,9.5,8.3,10.8,%,Crude prevalence,26925,32520,38.579422,-75.277196
2023,19966,19966,ZCTA,Sussex,BRFSS,Health-Related Social Needs,Lack of reliable transportation in the past 12 months among adults,Transportation Barriers,LACKTRPT,6.8,6.1,7.6,%,Crude prevalence,26925,32520,38.579422,-75.277196
2023,19966,19966,ZCTA,Sussex,BRFSS,Health-Related Social Needs,Lack of social and emotional support among adults,Lack of Social/Emotional Support,EMOTIONSPT,19.5,17.0,22.3,%,Crude prevalence,26925,32520,38.579422,-75.277196
2023,19966,19966,ZCTA,Sussex,BRFSS,Health-Related Social Needs,Loneliness among adults,Loneliness,LONELINESS,29.4,26.0,33.1,%,Crude prevalence,26925,32520,38.579422,-75.277196
2023,19966,19966,ZCTA,Sussex,BRFSS,Health-Related Social Needs,Received food stamps in the past 12 months among adults,Food Stamps,FOODSTAMP,11.0,9.4,12.7,%,Crude prevalence,26925,32520,38.579422,-75.277196
2023,19966,19966,ZCTA,Sussex,BRFSS,Health-Related Social Needs,Utility services shut-off threat in the past 12 months among adults,Utility Services Threat,SHUTUTILITY,6.4,5.6,7.3,%,Crude prevalence,26925,32520,38.579422,-75.277196
2023,19966,19966,ZCTA,Sussex,BRFSS,Prevention,Cholesterol screening among adults,Cholesterol Screening,CHOLSCREEN,89.7,88.3,91.0,%,Crude prevalence,26925,32520,38.579422,-75.277196
2022,19966,19966,ZCTA,Sussex,BRFSS,Prevention,Colorectal cancer screening among adults aged 45–75 years,Colorectal Cancer Screening,COLON_SCREEN,72.0,68.2,75.9,%,Crude prevalence,26925,32520,38.579422,-75.277196
2023,19966,19966,ZCTA,Sussex,BRFSS,Prevention,Current lack of health insurance among adults aged 18-64 years,Health Insurance,ACCESS2,9.5,8.2,10.9,%,Crude prevalence,26925,32520,38.579422,-75.277196
2022,19966,19966,ZCTA,Sussex,BRFSS,Prevention,Mammography use among women aged 50-74 years,Mammography,MAMMOUSE,79.3,74.1,84.3,%,Crude prevalence,26925,32520,38.579422,-75.277196
2023,19966,19966,ZCTA,Sussex,BRFSS,Prevention,Taking medicine to control high blood pressure among adults with high blood pressure,High Blood Pressure Medication,BPMED,83.5,81.1,85.7,%,Crude prevalence,26925,32520,38.579422,-75.277196
2022,19966,19966,ZCTA,Sussex,BRFSS,Prevention,Visited dentist or dental clinic in the past year among adults,Dental Visit,DENTAL,62.4,58.9,66.0,%,Crude prevalence,26925,32520,38.579422,-75.277196
2023,19966,19966,ZCTA,Sussex,BRFSS,Prevention,Visits to doctor for routine checkup within the past year among adults,Annual Checkup,CHECKUP,83.6,80.8,86.2,%,Crude prevalence,26925,32520,38.579422,-75.277196
2023,19967,19967,ZCTA,Sussex,BRFSS,Disability,Any disability among adults,Any Disability,DISABILITY,29.5,25.3,33.9,%,Crude prevalence,1664,1802,38.5397161,-75.1208459
2023,19967,19967,ZCTA,Sussex,BRFSS,Disability,Cognitive disability among adults,Cognitive Disability,COGNITION,9.6,8.0,11.2,%,Crude prevalence,1664,1802,38.5397161,-75.1208459
2023,19967,19967,ZCTA,Sussex,BRFSS,Disability,Hearing disability among adults,Hearing Disability,HEARING,9.2,8.0,10.4,%,Crude prevalence,1664,1802,38.5397161,-75.1208459
2023,19967,19967,ZCTA,Sussex,BRFSS,Disability,Independent living disability among adults,Independent Living Disability,INDEPLIVE,6.8,5.7,7.9,%,Crude prevalence,1664,1802,38.5397161,-75.1208459
2023,19967,19967,ZCTA,Sussex,BRFSS,Disability,Mobility disability among adults,Mobility Disability,MOBILITY,16.0,13.3,18.7,%,Crude prevalence,1664,1802,38.5397161,-75.1208459
2023,19967,19967,ZCTA,Sussex,BRFSS,Disability,Self-care disability among adults,Self-care Disability,SELFCARE,3.6,3.0,4.2,%,Crude prevalence,1664,1802,38.5397161,-75.1208459
2023,19967,19967,ZCTA,Sussex,BRFSS,Disability,Vision disability among adults,Vision Disability,VISION,4.2,3.6,4.9,%,Crude prevalence,1664,1802,38.5397161,-75.1208459
2022,19967,19967,ZCTA,Sussex,BRFSS,Health Outcomes,All teeth lost among adults aged >=65 years,All Teeth Lost,TEETHLOST,5.4,4.4,6.6,%,Crude prevalence,1664,1802,38.5397161,-75.1208459
2023,19967,19967,ZCTA,Sussex,BRFSS,Health Outcomes,Arthritis among adults,Arthritis,ARTHRITIS,39.5,35.7,43.4,%,Crude prevalence,1664,1802,38.5397161,-75.1208459
2023,19967,19967,ZCTA,Sussex,BRFSS,Health Outcomes,Cancer (non-skin) or melanoma among adults,Cancer (non-skin) or Melanoma,CANCER,14.9,13.4,16.3,%,Crude prevalence,1664,1802,38.5397161,-75.1208459
2023,19967,19967,ZCTA,Sussex,BRFSS,Health Outcomes,Chronic obstructive pulmonary disease among adults,COPD,COPD,9.2,7.4,11.0,%,Crude prevalence,1664,1802,38.5397161,-75.1208459
2023,19967,19967,ZCTA,Sussex,BRFSS,Health Outcomes,Coronary heart disease among adults,Coronary Heart Disease,CHD,9.6,8.4,10.9,%,Crude prevalence,1664,1802,38.5397161,-75.1208459
2023,19967,19967,ZCTA,Sussex,BRFSS,Health Outcomes,Current asthma among adults,Current Asthma,CASTHMA,10.3,9.0,11.6,%,Crude prevalence,1664,1802,38.5397161,-75.1208459
2023,19967,19967,ZCTA,Sussex,BRFSS,Health Outcomes,Depression among adults,Depression,DEPRESSION,19.8,16.9,22.8,%,Crude prevalence,1664,1802,38.5397161,-75.1208459
2023,19967,19967,ZCTA,Sussex,BRFSS,Health Outcomes,Diagnosed diabetes among adults,Diabetes,DIABETES,14.6,12.6,16.8,%,Crude prevalence,1664,1802,38.5397161,-75.1208459
2023,19967,19967,ZCTA,Sussex,BRFSS,Health Outcomes,High blood pressure among adults,High Blood Pressure,BPHIGH,46.9,42.7,51.1,%,Crude prevalence,1664,1802,38.5397161,-75.1208459
2023,19967,19967,ZCTA,Sussex,BRFSS,Health Outcomes,High cholesterol among adults who have ever been screened,High Cholesterol,HIGHCHOL,53.8,49.6,57.9,%,Crude prevalence,1664,1802,38.5397161,-75.1208459
2023,19967,19967,ZCTA,Sussex,BRFSS,Health Outcomes,Obesity among adults,Obesity,OBESITY,32.0,26.4,37.9,%,Crude prevalence,1664,1802,38.5397161,-75.1208459
2023,19967,19967,ZCTA,Sussex,BRFSS,Health Outcomes,Stroke among adults,Stroke,STROKE,4.4,3.8,5.1,%,Crude prevalence,1664,1802,38.5397161,-75.1208459
2023,19967,19967,ZCTA,Sussex,BRFSS,Health Risk Behaviors,Binge drinking among adults,Binge Drinking,BINGE,11.2,9.3,13.2,%,Crude prevalence,1664,1802,38.5397161,-75.1208459
2023,19967,19967,ZCTA,Sussex,BRFSS,Health Risk Behaviors,Current cigarette smoking among adults,Current Cigarette Smoking,CSMOKING,12.0,9.4,14.8,%,Crude prevalence,1664,1802,38.5397161,-75.1208459
2023,19967,19967,ZCTA,Sussex,BRFSS,Health Risk Behaviors,No leisure-time physical activity among adults,Physical Inactivity,LPA,24.5,20.1,29.5,%,Crude prevalence,1664,1802,38.5397161,-75.1208459
2022,19967,19967,ZCTA,Sussex,BRFSS,Health Risk Behaviors,Short sleep duration among adults,Short Sleep Duration,SLEEP,27.6,23.6,32.3,%,Crude prevalence,1664,1802,38.5397161,-75.1208459
2023,19967,19967,ZCTA,Sussex,BRFSS,Health Status,Fair or poor self-rated health status among adults,General Health,GHLTH,17.2,14.4,20.3,%,Crude prevalence,1664,1802,38.5397161,-75.1208459
2023,19967,19967,ZCTA,Sussex,BRFSS,Health Status,Frequent mental distress among adults,Frequent Mental Distress,MHLTH,11.5,10.0,13.1,%,Crude prevalence,1664,1802,38.5397161,-75.1208459
2023,19967,19967,ZCTA,Sussex,BRFSS,Health Status,Frequent physical distress among adults,Frequent Physical Distress,PHLTH,14.4,12.4,16.5,%,Crude prevalence,1664,1802,38.5397161,-75.1208459
2023,19967,19967,ZCTA,Sussex,BRFSS,Health-Related Social Needs,Food insecurity in the past 12 months among adults,Food Insecurity,FOODINSECU,7.6,5.9,9.8,%,Crude prevalence,1664,1802,38.5397161,-75.1208459
2023,19967,19967,ZCTA,Sussex,BRFSS,Health-Related Social Needs,Housing insecurity in the past 12 months among adults,Housing Insecurity,HOUSINSECU,5.4,4.3,6.6,%,Crude prevalence,1664,1802,38.5397161,-75.1208459
2023,19967,19967,ZCTA,Sussex,BRFSS,Health-Related Social Needs,Lack of reliable transportation in the past 12 months among adults,Transportation Barriers,LACKTRPT,4.2,3.5,5.1,%,Crude prevalence,1664,1802,38.5397161,-75.1208459
2023,19967,19967,ZCTA,Sussex,BRFSS,Health-Related Social Needs,Lack of social and emotional support among adults,Lack of Social/Emotional Support,EMOTIONSPT,16.1,13.4,19.0,%,Crude prevalence,1664,1802,38.5397161,-75.1208459
2023,19967,19967,ZCTA,Sussex,BRFSS,Health-Related Social Needs,Loneliness among adults,Loneliness,LONELINESS,25.5,22.1,29.3,%,Crude prevalence,1664,1802,38.5397161,-75.1208459
2023,19967,19967,ZCTA,Sussex,BRFSS,Health-Related Social Needs,Received food stamps in the past 12 months among adults,Food Stamps,FOODSTAMP,6.1,4.5,8.1,%,Crude prevalence,1664,1802,38.5397161,-75.1208459
2023,19967,19967,ZCTA,Sussex,BRFSS,Health-Related Social Needs,Utility services shut-off threat in the past 12 months among adults,Utility Services Threat,SHUTUTILITY,3.7,3.0,4.5,%,Crude prevalence,1664,1802,38.5397161,-75.1208459
2023,19967,19967,ZCTA,Sussex,BRFSS,Prevention,Cholesterol screening among adults,Cholesterol Screening,CHOLSCREEN,93.7,92.6,94.6,%,Crude prevalence,1664,1802,38.5397161,-75.1208459
2022,19967,19967,ZCTA,Sussex,BRFSS,Prevention,Colorectal cancer screening among adults aged 45–75 years,Colorectal Cancer Screening,COLON_SCREEN,78.9,75.6,82.3,%,Crude prevalence,1664,1802,38.5397161,-75.1208459
2023,19967,19967,ZCTA,Sussex,BRFSS,Prevention,Current lack of health insurance among adults aged 18-64 years,Health Insurance,ACCESS2,5.5,4.3,7.0,%,Crude prevalence,1664,1802,38.5397161,-75.1208459
2022,19967,19967,ZCTA,Sussex,BRFSS,Prevention,Mammography use among women aged 50-74 years,Mammography,MAMMOUSE,81.4,76.5,86.1,%,Crude prevalence,1664,1802,38.5397161,-75.1208459
2023,19967,19967,ZCTA,Sussex,BRFSS,Prevention,Taking medicine to control high blood pressure among adults with high blood pressure,High Blood Pressure Medication,BPMED,86.8,84.3,89.0,%,Crude prevalence,1664,1802,38.5397161,-75.1208459
2022,19967,19967,ZCTA,Sussex,BRFSS,Prevention,Visited dentist or dental clinic in the past year among adults,Dental Visit,DENTAL,73.1,70.1,76.2,%,Crude prevalence,1664,1802,38.5397161,-75.1208459
2023,19967,19967,ZCTA,Sussex,BRFSS,Prevention,Visits to doctor for routine checkup within the past year among adults,Annual Checkup,CHECKUP,87.0,84.4,89.1,%,Crude prevalence,1664,1802,38.5397161,-75.1208459
2023,19968,19968,ZCTA,Sussex,BRFSS,Disability,Any disability among adults,Any Disability,DISABILITY,29.3,25.8,33.0,%,Crude prevalence,11480,13800,38.7829203,-75.2798022
2023,19968,19968,ZCTA,Sussex,BRFSS,Disability,Cognitive disability among adults,Cognitive Disability,COGNITION,11.0,9.7,12.5,%,Crude prevalence,11480,13800,38.7829203,-75.2798022
2023,19968,19968,ZCTA,Sussex,BRFSS,Disability,Hearing disability among adults,Hearing Disability,HEARING,8.4,7.4,9.4,%,Crude prevalence,11480,13800,38.7829203,-75.2798022
2023,19968,19968,ZCTA,Sussex,BRFSS,Disability,Independent living disability among adults,Independent Living Disability,INDEPLIVE,7.3,6.4,8.2,%,Crude prevalence,11480,13800,38.7829203,-75.2798022
2023,19968,19968,ZCTA,Sussex,BRFSS,Disability,Mobility disability among adults,Mobility Disability,MOBILITY,14.9,13.1,16.9,%,Crude prevalence,11480,13800,38.7829203,-75.2798022
2023,19968,19968,ZCTA,Sussex,BRFSS,Disability,Self-care disability among adults,Self-care Disability,SELFCARE,3.6,3.2,4.0,%,Crude prevalence,11480,13800,38.7829203,-75.2798022
2023,19968,19968,ZCTA,Sussex,BRFSS,Disability,Vision disability among adults,Vision Disability,VISION,4.5,4.0,5.0,%,Crude prevalence,11480,13800,38.7829203,-75.2798022
2022,19968,19968,ZCTA,Sussex,BRFSS,Health Outcomes,All teeth lost among adults aged >=65 years,All Teeth Lost,TEETHLOST,9.2,7.7,11.1,%,Crude prevalence,11480,13800,38.7829203,-75.2798022
2023,19968,19968,ZCTA,Sussex,BRFSS,Health Outcomes,Arthritis among adults,Arthritis,ARTHRITIS,33.9,30.6,37.2,%,Crude prevalence,11480,13800,38.7829203,-75.2798022
2023,19968,19968,ZCTA,Sussex,BRFSS,Health Outcomes,Cancer (non-skin) or melanoma among adults,Cancer (non-skin) or Melanoma,CANCER,12.1,11.0,13.2,%,Crude prevalence,11480,13800,38.7829203,-75.2798022
2023,19968,19968,ZCTA,Sussex,BRFSS,Health Outcomes,Chronic obstructive pulmonary disease among adults,COPD,COPD,8.3,7.2,9.4,%,Crude prevalence,11480,13800,38.7829203,-75.2798022
2023,19968,19968,ZCTA,Sussex,BRFSS,Health Outcomes,Coronary heart disease among adults,Coronary Heart Disease,CHD,8.5,7.6,9.4,%,Crude prevalence,11480,13800,38.7829203,-75.2798022
2023,19968,19968,ZCTA,Sussex,BRFSS,Health Outcomes,Current asthma among adults,Current Asthma,CASTHMA,10.4,9.2,11.7,%,Crude prevalence,11480,13800,38.7829203,-75.2798022
2023,19968,19968,ZCTA,Sussex,BRFSS,Health Outcomes,Depression among adults,Depression,DEPRESSION,20.6,17.5,23.7,%,Crude prevalence,11480,13800,38.7829203,-75.2798022
2023,19968,19968,ZCTA,Sussex,BRFSS,Health Outcomes,Diagnosed diabetes among adults,Diabetes,DIABETES,13.2,11.5,15.0,%,Crude prevalence,11480,13800,38.7829203,-75.2798022
2023,19968,19968,ZCTA,Sussex,BRFSS,Health Outcomes,High blood pressure among adults,High Blood Pressure,BPHIGH,42.1,38.3,45.9,%,Crude prevalence,11480,13800,38.7829203,-75.2798022
2023,19968,19968,ZCTA,Sussex,BRFSS,Health Outcomes,High cholesterol among adults who have ever been screened,High Cholesterol,HIGHCHOL,48.4,44.4,52.3,%,Crude prevalence,11480,13800,38.7829203,-75.2798022
2023,19968,19968,ZCTA,Sussex,BRFSS,Health Outcomes,Obesity among adults,Obesity,OBESITY,32.7,27.0,38.5,%,Crude prevalence,11480,13800,38.7829203,-75.2798022
2023,19968,19968,ZCTA,Sussex,BRFSS,Health Outcomes,Stroke among adults,Stroke,STROKE,4.1,3.7,4.4,%,Crude prevalence,11480,13800,38.7829203,-75.2798022
2023,19968,19968,ZCTA,Sussex,BRFSS,Health Risk Behaviors,Binge drinking among adults,Binge Drinking,BINGE,13.2,11.2,15.5,%,Crude prevalence,11480,13800,38.7829203,-75.2798022
2023,19968,19968,ZCTA,Sussex,BRFSS,Health Risk Behaviors,Current cigarette smoking among adults,Current Cigarette Smoking,CSMOKING,12.8,10.9,14.8,%,Crude prevalence,11480,13800,38.7829203,-75.2798022
2023,19968,19968,ZCTA,Sussex,BRFSS,Health Risk Behaviors,No leisure-time physical activity among adults,Physical Inactivity,LPA,25.1,21.3,29.1,%,Crude prevalence,11480,13800,38.7829203,-75.2798022
2022,19968,19968,ZCTA,Sussex,BRFSS,Health Risk Behaviors,Short sleep duration among adults,Short Sleep Duration,SLEEP,30.5,26.3,35.5,%,Crude prevalence,11480,13800,38.7829203,-75.2798022
2023,19968,19968,ZCTA,Sussex,BRFSS,Health Status,Fair or poor self-rated health status among adults,General Health,GHLTH,17.7,15.5,20.0,%,Crude prevalence,11480,13800,38.7829203,-75.2798022
2023,19968,19968,ZCTA,Sussex,BRFSS,Health Status,Frequent mental distress among adults,Frequent Mental Distress,MHLTH,13.2,11.6,14.8,%,Crude prevalence,11480,13800,38.7829203,-75.2798022
2023,19968,19968,ZCTA,Sussex,BRFSS,Health Status,Frequent physical distress among adults,Frequent Physical Distress,PHLTH,13.8,12.3,15.5,%,Crude prevalence,11480,13800,38.7829203,-75.2798022
2023,19968,19968,ZCTA,Sussex,BRFSS,Health-Related Social Needs,Food insecurity in the past 12 months among adults,Food Insecurity,FOODINSECU,10.1,8.7,11.6,%,Crude prevalence,11480,13800,38.7829203,-75.2798022
2023,19968,19968,ZCTA,Sussex,BRFSS,Health-Related Social Needs,Housing insecurity in the past 12 months among adults,Housing Insecurity,HOUSINSECU,7.7,6.6,8.8,%,Crude prevalence,11480,13800,38.7829203,-75.2798022
2023,19968,19968,ZCTA,Sussex,BRFSS,Health-Related Social Needs,Lack of reliable transportation in the past 12 months among adults,Transportation Barriers,LACKTRPT,5.5,4.8,6.2,%,Crude prevalence,11480,13800,38.7829203,-75.2798022
2023,19968,19968,ZCTA,Sussex,BRFSS,Health-Related Social Needs,Lack of social and emotional support among adults,Lack of Social/Emotional Support,EMOTIONSPT,17.9,15.5,20.6,%,Crude prevalence,11480,13800,38.7829203,-75.2798022
2023,19968,19968,ZCTA,Sussex,BRFSS,Health-Related Social Needs,Loneliness among adults,Loneliness,LONELINESS,27.9,24.5,31.5,%,Crude prevalence,11480,13800,38.7829203,-75.2798022
2023,19968,19968,ZCTA,Sussex,BRFSS,Health-Related Social Needs,Received food stamps in the past 12 months among adults,Food Stamps,FOODSTAMP,8.3,6.9,9.8,%,Crude prevalence,11480,13800,38.7829203,-75.2798022
2023,19968,19968,ZCTA,Sussex,BRFSS,Health-Related Social Needs,Utility services shut-off threat in the past 12 months among adults,Utility Services Threat,SHUTUTILITY,5.2,4.5,5.9,%,Crude prevalence,11480,13800,38.7829203,-75.2798022
2023,19968,19968,ZCTA,Sussex,BRFSS,Prevention,Cholesterol screening among adults,Cholesterol Screening,CHOLSCREEN,90.7,89.4,91.9,%,Crude prevalence,11480,13800,38.7829203,-75.2798022
2022,19968,19968,ZCTA,Sussex,BRFSS,Prevention,Colorectal cancer screening among adults aged 45–75 years,Colorectal Cancer Screening,COLON_SCREEN,73.0,69.4,76.8,%,Crude prevalence,11480,13800,38.7829203,-75.2798022
2023,19968,19968,ZCTA,Sussex,BRFSS,Prevention,Current lack of health insurance among adults aged 18-64 years,Health Insurance,ACCESS2,7.6,6.4,8.9,%,Crude prevalence,11480,13800,38.7829203,-75.2798022
2022,19968,19968,ZCTA,Sussex,BRFSS,Prevention,Mammography use among women aged 50-74 years,Mammography,MAMMOUSE,79.9,74.8,84.9,%,Crude prevalence,11480,13800,38.7829203,-75.2798022
2023,19968,19968,ZCTA,Sussex,BRFSS,Prevention,Taking medicine to control high blood pressure among adults with high blood pressure,High Blood Pressure Medication,BPMED,83.6,81.1,85.8,%,Crude prevalence,11480,13800,38.7829203,-75.2798022
2022,19968,19968,ZCTA,Sussex,BRFSS,Prevention,Visited dentist or dental clinic in the past year among adults,Dental Visit,DENTAL,67.3,64.1,70.7,%,Crude prevalence,11480,13800,38.7829203,-75.2798022
2023,19968,19968,ZCTA,Sussex,BRFSS,Prevention,Visits to doctor for routine checkup within the past year among adults,Annual Checkup,CHECKUP,84.0,81.2,86.4,%,Crude prevalence,11480,13800,38.7829203,-75.2798022
2023,19970,19970,ZCTA,Sussex,BRFSS,Disability,Any disability among adults,Any Disability,DISABILITY,31.0,27.1,34.7,%,Crude prevalence,7701,8591,38.5549727,-75.0994048
2023,19970,19970,ZCTA,Sussex,BRFSS,Disability,Cognitive disability among adults,Cognitive Disability,COGNITION,9.7,8.4,11.1,%,Crude prevalence,7701,8591,38.5549727,-75.0994048
2023,19970,19970,ZCTA,Sussex,BRFSS,Disability,Hearing disability among adults,Hearing Disability,HEARING,10.3,9.1,11.5,%,Crude prevalence,7701,8591,38.5549727,-75.0994048
2023,19970,19970,ZCTA,Sussex,BRFSS,Disability,Independent living disability among adults,Independent Living Disability,INDEPLIVE,7.2,6.2,8.1,%,Crude prevalence,7701,8591,38.5549727,-75.0994048
2023,19970,19970,ZCTA,Sussex,BRFSS,Disability,Mobility disability among adults,Mobility Disability,MOBILITY,16.8,14.5,19.0,%,Crude prevalence,7701,8591,38.5549727,-75.0994048
2023,19970,19970,ZCTA,Sussex,BRFSS,Disability,Self-care disability among adults,Self-care Disability,SELFCARE,3.7,3.3,4.2,%,Crude prevalence,7701,8591,38.5549727,-75.0994048
2023,19970,19970,ZCTA,Sussex,BRFSS,Disability,Vision disability among adults,Vision Disability,VISION,4.6,4.0,5.1,%,Crude prevalence,7701,8591,38.5549727,-75.0994048
2022,19970,19970,ZCTA,Sussex,BRFSS,Health Outcomes,All teeth lost among adults aged >=65 years,All Teeth Lost,TEETHLOST,8.5,7.0,10.3,%,Crude prevalence,7701,8591,38.5549727,-75.0994048
2023,19970,19970,ZCTA,Sussex,BRFSS,Health Outcomes,Arthritis among adults,Arthritis,ARTHRITIS,39.7,36.2,43.3,%,Crude prevalence,7701,8591,38.5549727,-75.0994048
2023,19970,19970,ZCTA,Sussex,BRFSS,Health Outcomes,Cancer (non-skin) or melanoma among adults,Cancer (non-skin) or Melanoma,CANCER,15.5,14.1,16.9,%,Crude prevalence,7701,8591,38.5549727,-75.0994048
2023,19970,19970,ZCTA,Sussex,BRFSS,Health Outcomes,Chronic obstructive pulmonary disease among adults,COPD,COPD,9.4,8.0,10.8,%,Crude prevalence,7701,8591,38.5549727,-75.0994048
2023,19970,19970,ZCTA,Sussex,BRFSS,Health Outcomes,Coronary heart disease among adults,Coronary Heart Disease,CHD,10.4,9.3,11.6,%,Crude prevalence,7701,8591,38.5549727,-75.0994048
2023,19970,19970,ZCTA,Sussex,BRFSS,Health Outcomes,Current asthma among adults,Current Asthma,CASTHMA,10.0,8.9,11.2,%,Crude prevalence,7701,8591,38.5549727,-75.0994048
2023,19970,19970,ZCTA,Sussex,BRFSS,Health Outcomes,Depression among adults,Depression,DEPRESSION,19.4,16.6,22.3,%,Crude prevalence,7701,8591,38.5549727,-75.0994048
2023,19970,19970,ZCTA,Sussex,BRFSS,Health Outcomes,Diagnosed diabetes among adults,Diabetes,DIABETES,14.8,12.9,16.7,%,Crude prevalence,7701,8591,38.5549727,-75.0994048
2023,19970,19970,ZCTA,Sussex,BRFSS,Health Outcomes,High blood pressure among adults,High Blood Pressure,BPHIGH,47.4,43.4,51.3,%,Crude prevalence,7701,8591,38.5549727,-75.0994048
2023,19970,19970,ZCTA,Sussex,BRFSS,Health Outcomes,High cholesterol among adults who have ever been screened,High Cholesterol,HIGHCHOL,53.5,49.3,57.5,%,Crude prevalence,7701,8591,38.5549727,-75.0994048
2023,19970,19970,ZCTA,Sussex,BRFSS,Health Outcomes,Obesity among adults,Obesity,OBESITY,31.2,25.8,36.8,%,Crude prevalence,7701,8591,38.5549727,-75.0994048
2023,19970,19970,ZCTA,Sussex,BRFSS,Health Outcomes,Stroke among adults,Stroke,STROKE,4.7,4.2,5.2,%,Crude prevalence,7701,8591,38.5549727,-75.0994048
2023,19970,19970,ZCTA,Sussex,BRFSS,Health Risk Behaviors,Binge drinking among adults,Binge Drinking,BINGE,10.9,9.1,12.8,%,Crude prevalence,7701,8591,38.5549727,-75.0994048
2023,19970,19970,ZCTA,Sussex,BRFSS,Health Risk Behaviors,Current cigarette smoking among adults,Current Cigarette Smoking,CSMOKING,11.4,9.5,13.4,%,Crude prevalence,7701,8591,38.5549727,-75.0994048
2023,19970,19970,ZCTA,Sussex,BRFSS,Health Risk Behaviors,No leisure-time physical activity among adults,Physical Inactivity,LPA,25.3,21.4,29.3,%,Crude prevalence,7701,8591,38.5549727,-75.0994048
2022,19970,19970,ZCTA,Sussex,BRFSS,Health Risk Behaviors,Short sleep duration among adults,Short Sleep Duration,SLEEP,27.5,23.5,32.2,%,Crude prevalence,7701,8591,38.5549727,-75.0994048
2023,19970,19970,ZCTA,Sussex,BRFSS,Health Status,Fair or poor self-rated health status among adults,General Health,GHLTH,17.8,15.4,20.2,%,Crude prevalence,7701,8591,38.5549727,-75.0994048
2023,19970,19970,ZCTA,Sussex,BRFSS,Health Status,Frequent mental distress among adults,Frequent Mental Distress,MHLTH,11.3,9.9,12.7,%,Crude prevalence,7701,8591,38.5549727,-75.0994048
2023,19970,19970,ZCTA,Sussex,BRFSS,Health Status,Frequent physical distress among adults,Frequent Physical Distress,PHLTH,14.4,12.6,16.1,%,Crude prevalence,7701,8591,38.5549727,-75.0994048
2023,19970,19970,ZCTA,Sussex,BRFSS,Health-Related Social Needs,Food insecurity in the past 12 months among adults,Food Insecurity,FOODINSECU,7.8,6.4,9.4,%,Crude prevalence,7701,8591,38.5549727,-75.0994048
2023,19970,19970,ZCTA,Sussex,BRFSS,Health-Related Social Needs,Housing insecurity in the past 12 months among adults,Housing Insecurity,HOUSINSECU,5.4,4.5,6.3,%,Crude prevalence,7701,8591,38.5549727,-75.0994048
2023,19970,19970,ZCTA,Sussex,BRFSS,Health-Related Social Needs,Lack of reliable transportation in the past 12 months among adults,Transportation Barriers,LACKTRPT,4.4,3.8,5.0,%,Crude prevalence,7701,8591,38.5549727,-75.0994048
2023,19970,19970,ZCTA,Sussex,BRFSS,Health-Related Social Needs,Lack of social and emotional support among adults,Lack of Social/Emotional Support,EMOTIONSPT,15.7,13.3,18.2,%,Crude prevalence,7701,8591,38.5549727,-75.0994048
2023,19970,19970,ZCTA,Sussex,BRFSS,Health-Related Social Needs,Loneliness among adults,Loneliness,LONELINESS,25.4,22.1,28.8,%,Crude prevalence,7701,8591,38.5549727,-75.0994048
2023,19970,19970,ZCTA,Sussex,BRFSS,Health-Related Social Needs,Received food stamps in the past 12 months among adults,Food Stamps,FOODSTAMP,6.5,5.1,8.1,%,Crude prevalence,7701,8591,38.5549727,-75.0994048
2023,19970,19970,ZCTA,Sussex,BRFSS,Health-Related Social Needs,Utility services shut-off threat in the past 12 months among adults,Utility Services Threat,SHUTUTILITY,3.8,3.2,4.5,%,Crude prevalence,7701,8591,38.5549727,-75.0994048
2023,19970,19970,ZCTA,Sussex,BRFSS,Prevention,Cholesterol screening among adults,Cholesterol Screening,CHOLSCREEN,93.3,92.2,94.2,%,Crude prevalence,7701,8591,38.5549727,-75.0994048
2022,19970,19970,ZCTA,Sussex,BRFSS,Prevention,Colorectal cancer screening among adults aged 45–75 years,Colorectal Cancer Screening,COLON_SCREEN,77.2,73.7,80.7,%,Crude prevalence,7701,8591,38.5549727,-75.0994048
2023,19970,19970,ZCTA,Sussex,BRFSS,Prevention,Current lack of health insurance among adults aged 18-64 years,Health Insurance,ACCESS2,6.0,4.9,7.3,%,Crude prevalence,7701,8591,38.5549727,-75.0994048
2022,19970,19970,ZCTA,Sussex,BRFSS,Prevention,Mammography use among women aged 50-74 years,Mammography,MAMMOUSE,81.7,76.9,86.2,%,Crude prevalence,7701,8591,38.5549727,-75.0994048
2023,19970,19970,ZCTA,Sussex,BRFSS,Prevention,Taking medicine to control high blood pressure among adults with high blood pressure,High Blood Pressure Medication,BPMED,87.1,84.8,89.0,%,Crude prevalence,7701,8591,38.5549727,-75.0994048
2022,19970,19970,ZCTA,Sussex,BRFSS,Prevention,Visited dentist or dental clinic in the past year among adults,Dental Visit,DENTAL,70.1,66.9,73.2,%,Crude prevalence,7701,8591,38.5549727,-75.0994048
2023,19970,19970,ZCTA,Sussex,BRFSS,Prevention,Visits to doctor for routine checkup within the past year among adults,Annual Checkup,CHECKUP,87.0,84.6,89.0,%,Crude prevalence,7701,8591,38.5549727,-75.0994048
2023,19971,19971,ZCTA,Sussex,BRFSS,Disability,Any disability among adults,Any Disability,DISABILITY,25.7,22.5,28.9,%,Crude prevalence,12899,14348,38.6945036,-75.0996997
2023,19971,19971,ZCTA,Sussex,BRFSS,Disability,Cognitive disability among adults,Cognitive Disability,COGNITION,8.5,7.4,9.7,%,Crude prevalence,12899,14348,38.6945036,-75.0996997
2023,19971,19971,ZCTA,Sussex,BRFSS,Disability,Hearing disability among adults,Hearing Disability,HEARING,8.2,7.3,9.2,%,Crude prevalence,12899,14348,38.6945036,-75.0996997
2023,19971,19971,ZCTA,Sussex,BRFSS,Disability,Independent living disability among adults,Independent Living Disability,INDEPLIVE,5.6,4.9,6.3,%,Crude prevalence,12899,14348,38.6945036,-75.0996997
2023,19971,19971,ZCTA,Sussex,BRFSS,Disability,Mobility disability among adults,Mobility Disability,MOBILITY,12.6,11.0,14.3,%,Crude prevalence,12899,14348,38.6945036,-75.0996997
2023,19971,19971,ZCTA,Sussex,BRFSS,Disability,Self-care disability among adults,Self-care Disability,SELFCARE,2.8,2.5,3.1,%,Crude prevalence,12899,14348,38.6945036,-75.0996997
2023,19971,19971,ZCTA,Sussex,BRFSS,Disability,Vision disability among adults,Vision Disability,VISION,3.4,3.1,3.8,%,Crude prevalence,12899,14348,38.6945036,-75.0996997
2022,19971,19971,ZCTA,Sussex,BRFSS,Health Outcomes,All teeth lost among adults aged >=65 years,All Teeth Lost,TEETHLOST,7.3,6.0,8.8,%,Crude prevalence,12899,14348,38.6945036,-75.0996997
2023,19971,19971,ZCTA,Sussex,BRFSS,Health Outcomes,Arthritis among adults,Arthritis,ARTHRITIS,34.0,30.7,37.3,%,Crude prevalence,12899,14348,38.6945036,-75.0996997
2023,19971,19971,ZCTA,Sussex,BRFSS,Health Outcomes,Cancer (non-skin) or melanoma among adults,Cancer (non-skin) or Melanoma,CANCER,13.9,12.7,15.1,%,Crude prevalence,12899,14348,38.6945036,-75.0996997
2023,19971,19971,ZCTA,Sussex,BRFSS,Health Outcomes,Chronic obstructive pulmonary disease among adults,COPD,COPD,6.7,5.8,7.6,%,Crude prevalence,12899,14348,38.6945036,-75.0996997
2023,19971,19971,ZCTA,Sussex,BRFSS,Health Outcomes,Coronary heart disease among adults,Coronary Heart Disease,CHD,8.1,7.2,9.0,%,Crude prevalence,12899,14348,38.6945036,-75.0996997
2023,19971,19971,ZCTA,Sussex,BRFSS,Health Outcomes,Current asthma among adults,Current Asthma,CASTHMA,9.6,8.5,10.8,%,Crude prevalence,12899,14348,38.6945036,-75.0996997
2023,19971,19971,ZCTA,Sussex,BRFSS,Health Outcomes,Depression among adults,Depression,DEPRESSION,18.7,15.9,21.6,%,Crude prevalence,12899,14348,38.6945036,-75.0996997
2023,19971,19971,ZCTA,Sussex,BRFSS,Health Outcomes,Diagnosed diabetes among adults,Diabetes,DIABETES,11.9,10.3,13.4,%,Crude prevalence,12899,14348,38.6945036,-75.0996997
2023,19971,19971,ZCTA,Sussex,BRFSS,Health Outcomes,High blood pressure among adults,High Blood Pressure,BPHIGH,41.7,37.8,45.4,%,Crude prevalence,12899,14348,38.6945036,-75.0996997
2023,19971,19971,ZCTA,Sussex,BRFSS,Health Outcomes,High cholesterol among adults who have ever been screened,High Cholesterol,HIGHCHOL,49.9,45.7,53.9,%,Crude prevalence,12899,14348,38.6945036,-75.0996997
2023,19971,19971,ZCTA,Sussex,BRFSS,Health Outcomes,Obesity among adults,Obesity,OBESITY,29.3,24.1,34.7,%,Crude prevalence,12899,14348,38.6945036,-75.0996997
2023,19971,19971,ZCTA,Sussex,BRFSS,Health Outcomes,Stroke among adults,Stroke,STROKE,3.6,3.3,4.0,%,Crude prevalence,12899,14348,38.6945036,-75.0996997
2023,19971,19971,ZCTA,Sussex,BRFSS,Health Risk Behaviors,Binge drinking among adults,Binge Drinking,BINGE,13.0,11.0,15.2,%,Crude prevalence,12899,14348,38.6945036,-75.0996997
2023,19971,19971,ZCTA,Sussex,BRFSS,Health Risk Behaviors,Current cigarette smoking among adults,Current Cigarette Smoking,CSMOKING,9.1,7.6,10.7,%,Crude prevalence,12899,14348,38.6945036,-75.0996997
2023,19971,19971,ZCTA,Sussex,BRFSS,Health Risk Behaviors,No leisure-time physical activity among adults,Physical Inactivity,LPA,20.5,17.1,23.8,%,Crude prevalence,12899,14348,38.6945036,-75.0996997
2022,19971,19971,ZCTA,Sussex,BRFSS,Health Risk Behaviors,Short sleep duration among adults,Short Sleep Duration,SLEEP,27.1,23.3,31.8,%,Crude prevalence,12899,14348,38.6945036,-75.0996997
2023,19971,19971,ZCTA,Sussex,BRFSS,Health Status,Fair or poor self-rated health status among adults,General Health,GHLTH,13.9,12.1,15.8,%,Crude prevalence,12899,14348,38.6945036,-75.0996997
2023,19971,19971,ZCTA,Sussex,BRFSS,Health Status,Frequent mental distress among adults,Frequent Mental Distress,MHLTH,10.8,9.5,12.2,%,Crude prevalence,12899,14348,38.6945036,-75.0996997
2023,19971,19971,ZCTA,Sussex,BRFSS,Health Status,Frequent physical distress among adults,Frequent Physical Distress,PHLTH,11.9,10.5,13.3,%,Crude prevalence,12899,14348,38.6945036,-75.0996997
2023,19971,19971,ZCTA,Sussex,BRFSS,Health-Related Social Needs,Food insecurity in the past 12 months among adults,Food Insecurity,FOODINSECU,6.0,5.1,7.1,%,Crude prevalence,12899,14348,38.6945036,-75.0996997
2023,19971,19971,ZCTA,Sussex,BRFSS,Health-Related Social Needs,Housing insecurity in the past 12 months among adults,Housing Insecurity,HOUSINSECU,4.9,4.1,5.6,%,Crude prevalence,12899,14348,38.6945036,-75.0996997
2023,19971,19971,ZCTA,Sussex,BRFSS,Health-Related Social Needs,Lack of reliable transportation in the past 12 months among adults,Transportation Barriers,LACKTRPT,3.7,3.2,4.2,%,Crude prevalence,12899,14348,38.6945036,-75.0996997
2023,19971,19971,ZCTA,Sussex,BRFSS,Health-Related Social Needs,Lack of social and emotional support among adults,Lack of Social/Emotional Support,EMOTIONSPT,15.3,13.2,17.8,%,Crude prevalence,12899,14348,38.6945036,-75.0996997
2023,19971,19971,ZCTA,Sussex,BRFSS,Health-Related Social Needs,Loneliness among adults,Loneliness,LONELINESS,25.2,22.1,28.5,%,Crude prevalence,12899,14348,38.6945036,-75.0996997
2023,19971,19971,ZCTA,Sussex,BRFSS,Health-Related Social Needs,Received food stamps in the past 12 months among adults,Food Stamps,FOODSTAMP,4.4,3.6,5.4,%,Crude prevalence,12899,14348,38.6945036,-75.0996997
2023,19971,19971,ZCTA,Sussex,BRFSS,Health-Related Social Needs,Utility services shut-off threat in the past 12 months among adults,Utility Services Threat,SHUTUTILITY,3.3,2.8,3.8,%,Crude prevalence,12899,14348,38.6945036,-75.0996997
2023,19971,19971,ZCTA,Sussex,BRFSS,Prevention,Cholesterol screening among adults,Cholesterol Screening,CHOLSCREEN,93.0,92.0,94.0,%,Crude prevalence,12899,14348,38.6945036,-75.0996997
2022,19971,19971,ZCTA,Sussex,BRFSS,Prevention,Colorectal cancer screening among adults aged 45–75 years,Colorectal Cancer Screening,COLON_SCREEN,76.7,73.3,80.2,%,Crude prevalence,12899,14348,38.6945036,-75.0996997
2023,19971,19971,ZCTA,Sussex,BRFSS,Prevention,Current lack of health insurance among adults aged 18-64 years,Health Insurance,ACCESS2,5.2,4.4,6.2,%,Crude prevalence,12899,14348,38.6945036,-75.0996997
2022,19971,19971,ZCTA,Sussex,BRFSS,Prevention,Mammography use among women aged 50-74 years,Mammography,MAMMOUSE,82.5,78.0,86.9,%,Crude prevalence,12899,14348,38.6945036,-75.0996997
2023,19971,19971,ZCTA,Sussex,BRFSS,Prevention,Taking medicine to control high blood pressure among adults with high blood pressure,High Blood Pressure Medication,BPMED,84.8,82.3,87.0,%,Crude prevalence,12899,14348,38.6945036,-75.0996997
2022,19971,19971,ZCTA,Sussex,BRFSS,Prevention,Visited dentist or dental clinic in the past year among adults,Dental Visit,DENTAL,73.6,70.7,76.5,%,Crude prevalence,12899,14348,38.6945036,-75.0996997
2023,19971,19971,ZCTA,Sussex,BRFSS,Prevention,Visits to doctor for routine checkup within the past year among adults,Annual Checkup,CHECKUP,85.6,83.0,87.8,%,Crude prevalence,12899,14348,38.6945036,-75.0996997
2023,19973,19973,ZCTA,Sussex,BRFSS,Disability,Any disability among adults,Any Disability,DISABILITY,35.3,31.7,39.0,%,Crude prevalence,19726,25550,38.6344621,-75.6235719
2023,19973,19973,ZCTA,Sussex,BRFSS,Disability,Cognitive disability among adults,Cognitive Disability,COGNITION,15.6,13.9,17.3,%,Crude prevalence,19726,25550,38.6344621,-75.6235719
2023,19973,19973,ZCTA,Sussex,BRFSS,Disability,Hearing disability among adults,Hearing Disability,HEARING,8.4,7.5,9.3,%,Crude prevalence,19726,25550,38.6344621,-75.6235719
2023,19973,19973,ZCTA,Sussex,BRFSS,Disability,Independent living disability among adults,Independent Living Disability,INDEPLIVE,10.4,9.4,11.5,%,Crude prevalence,19726,25550,38.6344621,-75.6235719
2023,19973,19973,ZCTA,Sussex,BRFSS,Disability,Mobility disability among adults,Mobility Disability,MOBILITY,18.3,16.4,20.3,%,Crude prevalence,19726,25550,38.6344621,-75.6235719
2023,19973,19973,ZCTA,Sussex,BRFSS,Disability,Self-care disability among adults,Self-care Disability,SELFCARE,5.2,4.8,5.7,%,Crude prevalence,19726,25550,38.6344621,-75.6235719
2023,19973,19973,ZCTA,Sussex,BRFSS,Disability,Vision disability among adults,Vision Disability,VISION,6.8,6.2,7.4,%,Crude prevalence,19726,25550,38.6344621,-75.6235719
2022,19973,19973,ZCTA,Sussex,BRFSS,Health Outcomes,All teeth lost among adults aged >=65 years,All Teeth Lost,TEETHLOST,17.2,14.6,20.3,%,Crude prevalence,19726,25550,38.6344621,-75.6235719
2023,19973,19973,ZCTA,Sussex,BRFSS,Health Outcomes,Arthritis among adults,Arthritis,ARTHRITIS,31.6,28.7,34.5,%,Crude prevalence,19726,25550,38.6344621,-75.6235719
2023,19973,19973,ZCTA,Sussex,BRFSS,Health Outcomes,Cancer (non-skin) or melanoma among adults,Cancer (non-skin) or Melanoma,CANCER,9.1,8.3,9.8,%,Crude prevalence,19726,25550,38.6344621,-75.6235719
2023,19973,19973,ZCTA,Sussex,BRFSS,Health Outcomes,Chronic obstructive pulmonary disease among adults,COPD,COPD,9.9,8.9,11.0,%,Crude prevalence,19726,25550,38.6344621,-75.6235719
2023,19973,19973,ZCTA,Sussex,BRFSS,Health Outcomes,Coronary heart disease among adults,Coronary Heart Disease,CHD,8.7,7.9,9.6,%,Crude prevalence,19726,25550,38.6344621,-75.6235719
2023,19973,19973,ZCTA,Sussex,BRFSS,Health Outcomes,Current asthma among adults,Current Asthma,CASTHMA,11.5,10.3,12.9,%,Crude prevalence,19726,25550,38.6344621,-75.6235719
2023,19973,19973,ZCTA,Sussex,BRFSS,Health Outcomes,Depression among adults,Depression,DEPRESSION,21.8,18.8,24.9,%,Crude prevalence,19726,25550,38.6344621,-75.6235719
2023,19973,19973,ZCTA,Sussex,BRFSS,Health Outcomes,Diagnosed diabetes among adults,Diabetes,DIABETES,15.0,13.3,16.8,%,Crude prevalence,19726,25550,38.6344621,-75.6235719
2023,19973,19973,ZCTA,Sussex,BRFSS,Health Outcomes,High blood pressure among adults,High Blood Pressure,BPHIGH,42.6,39.0,46.1,%,Crude prevalence,19726,25550,38.6344621,-75.6235719
2023,19973,19973,ZCTA,Sussex,BRFSS,Health Outcomes,High cholesterol among adults who have ever been screened,High Cholesterol,HIGHCHOL,45.0,41.2,48.7,%,Crude prevalence,19726,25550,38.6344621,-75.6235719
2023,19973,19973,ZCTA,Sussex,BRFSS,Health Outcomes,Obesity among adults,Obesity,OBESITY,37.8,31.9,43.7,%,Crude prevalence,19726,25550,38.6344621,-75.6235719
2023,19973,19973,ZCTA,Sussex,BRFSS,Health Outcomes,Stroke among adults,Stroke,STROKE,4.7,4.4,5.1,%,Crude prevalence,19726,25550,38.6344621,-75.6235719
2023,19973,19973,ZCTA,Sussex,BRFSS,Health Risk Behaviors,Binge drinking among adults,Binge Drinking,BINGE,13.4,11.3,15.7,%,Crude prevalence,19726,25550,38.6344621,-75.6235719
2023,19973,19973,ZCTA,Sussex,BRFSS,Health Risk Behaviors,Current cigarette smoking among adults,Current Cigarette Smoking,CSMOKING,18.0,15.8,20.3,%,Crude prevalence,19726,25550,38.6344621,-75.6235719
2023,19973,19973,ZCTA,Sussex,BRFSS,Health Risk Behaviors,No leisure-time physical activity among adults,Physical Inactivity,LPA,32.6,28.5,36.9,%,Crude prevalence,19726,25550,38.6344621,-75.6235719
2022,19973,19973,ZCTA,Sussex,BRFSS,Health Risk Behaviors,Short sleep duration among adults,Short Sleep Duration,SLEEP,36.2,31.7,41.4,%,Crude prevalence,19726,25550,38.6344621,-75.6235719
2023,19973,19973,ZCTA,Sussex,BRFSS,Health Status,Fair or poor self-rated health status among adults,General Health,GHLTH,24.2,21.8,26.8,%,Crude prevalence,19726,25550,38.6344621,-75.6235719
2023,19973,19973,ZCTA,Sussex,BRFSS,Health Status,Frequent mental distress among adults,Frequent Mental Distress,MHLTH,16.8,15.1,18.7,%,Crude prevalence,19726,25550,38.6344621,-75.6235719
2023,19973,19973,ZCTA,Sussex,BRFSS,Health Status,Frequent physical distress among adults,Frequent Physical Distress,PHLTH,16.3,14.7,18.1,%,Crude prevalence,19726,25550,38.6344621,-75.6235719
2023,19973,19973,ZCTA,Sussex,BRFSS,Health-Related Social Needs,Food insecurity in the past 12 months among adults,Food Insecurity,FOODINSECU,19.9,17.7,22.1,%,Crude prevalence,19726,25550,38.6344621,-75.6235719
2023,19973,19973,ZCTA,Sussex,BRFSS,Health-Related Social Needs,Housing insecurity in the past 12 months among adults,Housing Insecurity,HOUSINSECU,14.6,12.9,16.4,%,Crude prevalence,19726,25550,38.6344621,-75.6235719
2023,19973,19973,ZCTA,Sussex,BRFSS,Health-Related Social Needs,Lack of reliable transportation in the past 12 months among adults,Transportation Barriers,LACKTRPT,10.0,8.9,11.1,%,Crude prevalence,19726,25550,38.6344621,-75.6235719
2023,19973,19973,ZCTA,Sussex,BRFSS,Health-Related Social Needs,Lack of social and emotional support among adults,Lack of Social/Emotional Support,EMOTIONSPT,23.1,20.3,26.2,%,Crude prevalence,19726,25550,38.6344621,-75.6235719
2023,19973,19973,ZCTA,Sussex,BRFSS,Health-Related Social Needs,Loneliness among adults,Loneliness,LONELINESS,32.6,29.1,36.4,%,Crude prevalence,19726,25550,38.6344621,-75.6235719
2023,19973,19973,ZCTA,Sussex,BRFSS,Health-Related Social Needs,Received food stamps in the past 12 months among adults,Food Stamps,FOODSTAMP,17.9,15.7,20.4,%,Crude prevalence,19726,25550,38.6344621,-75.6235719
2023,19973,19973,ZCTA,Sussex,BRFSS,Health-Related Social Needs,Utility services shut-off threat in the past 12 months among adults,Utility Services Threat,SHUTUTILITY,10.0,8.8,11.3,%,Crude prevalence,19726,25550,38.6344621,-75.6235719
2023,19973,19973,ZCTA,Sussex,BRFSS,Prevention,Cholesterol screening among adults,Cholesterol Screening,CHOLSCREEN,86.4,84.6,88.0,%,Crude prevalence,19726,25550,38.6344621,-75.6235719
2022,19973,19973,ZCTA,Sussex,BRFSS,Prevention,Colorectal cancer screening among adults aged 45–75 years,Colorectal Cancer Screening,COLON_SCREEN,65.8,61.8,70.1,%,Crude prevalence,19726,25550,38.6344621,-75.6235719
2023,19973,19973,ZCTA,Sussex,BRFSS,Prevention,Current lack of health insurance among adults aged 18-64 years,Health Insurance,ACCESS2,12.3,10.7,14.1,%,Crude prevalence,19726,25550,38.6344621,-75.6235719
2022,19973,19973,ZCTA,Sussex,BRFSS,Prevention,Mammography use among women aged 50-74 years,Mammography,MAMMOUSE,77.5,72.1,82.8,%,Crude prevalence,19726,25550,38.6344621,-75.6235719
2023,19973,19973,ZCTA,Sussex,BRFSS,Prevention,Taking medicine to control high blood pressure among adults with high blood pressure,High Blood Pressure Medication,BPMED,80.7,78.2,82.9,%,Crude prevalence,19726,25550,38.6344621,-75.6235719
2022,19973,19973,ZCTA,Sussex,BRFSS,Prevention,Visited dentist or dental clinic in the past year among adults,Dental Visit,DENTAL,55.6,52.1,59.3,%,Crude prevalence,19726,25550,38.6344621,-75.6235719
2023,19973,19973,ZCTA,Sussex,BRFSS,Prevention,Visits to doctor for routine checkup within the past year among adults,Annual Checkup,CHECKUP,81.5,78.4,84.2,%,Crude prevalence,19726,25550,38.6344621,-75.6235719
2023,19975,19975,ZCTA,Sussex,BRFSS,Disability,Any disability among adults,Any Disability,DISABILITY,29.7,26.3,33.4,%,Crude prevalence,9182,10476,38.4683272,-75.1668798
2023,19975,19975,ZCTA,Sussex,BRFSS,Disability,Cognitive disability among adults,Cognitive Disability,COGNITION,10.1,8.9,11.4,%,Crude prevalence,9182,10476,38.4683272,-75.1668798
2023,19975,19975,ZCTA,Sussex,BRFSS,Disability,Hearing disability among adults,Hearing Disability,HEARING,9.1,8.1,10.2,%,Crude prevalence,9182,10476,38.4683272,-75.1668798
2023,19975,19975,ZCTA,Sussex,BRFSS,Disability,Independent living disability among adults,Independent Living Disability,INDEPLIVE,6.9,6.1,7.7,%,Crude prevalence,9182,10476,38.4683272,-75.1668798
2023,19975,19975,ZCTA,Sussex,BRFSS,Disability,Mobility disability among adults,Mobility Disability,MOBILITY,15.3,13.5,17.3,%,Crude prevalence,9182,10476,38.4683272,-75.1668798
2023,19975,19975,ZCTA,Sussex,BRFSS,Disability,Self-care disability among adults,Self-care Disability,SELFCARE,3.5,3.1,3.8,%,Crude prevalence,9182,10476,38.4683272,-75.1668798
2023,19975,19975,ZCTA,Sussex,BRFSS,Disability,Vision disability among adults,Vision Disability,VISION,4.4,3.9,4.8,%,Crude prevalence,9182,10476,38.4683272,-75.1668798
2022,19975,19975,ZCTA,Sussex,BRFSS,Health Outcomes,All teeth lost among adults aged >=65 years,All Teeth Lost,TEETHLOST,9.3,7.8,11.3,%,Crude prevalence,9182,10476,38.4683272,-75.1668798
2023,19975,19975,ZCTA,Sussex,BRFSS,Health Outcomes,Arthritis among adults,Arthritis,ARTHRITIS,36.3,32.9,39.6,%,Crude prevalence,9182,10476,38.4683272,-75.1668798
2023,19975,19975,ZCTA,Sussex,BRFSS,Health Outcomes,Cancer (non-skin) or melanoma among adults,Cancer (non-skin) or Melanoma,CANCER,13.8,12.7,15.0,%,Crude prevalence,9182,10476,38.4683272,-75.1668798
2023,19975,19975,ZCTA,Sussex,BRFSS,Health Outcomes,Chronic obstructive pulmonary disease among adults,COPD,COPD,8.2,7.3,9.3,%,Crude prevalence,9182,10476,38.4683272,-75.1668798
2023,19975,19975,ZCTA,Sussex,BRFSS,Health Outcomes,Coronary heart disease among adults,Coronary Heart Disease,CHD,9.1,8.2,10.1,%,Crude prevalence,9182,10476,38.4683272,-75.1668798
2023,19975,19975,ZCTA,Sussex,BRFSS,Health Outcomes,Current asthma among adults,Current Asthma,CASTHMA,9.9,8.8,11.1,%,Crude prevalence,9182,10476,38.4683272,-75.1668798
2023,19975,19975,ZCTA,Sussex,BRFSS,Health Outcomes,Depression among adults,Depression,DEPRESSION,19.0,16.3,21.8,%,Crude prevalence,9182,10476,38.4683272,-75.1668798
2023,19975,19975,ZCTA,Sussex,BRFSS,Health Outcomes,Diagnosed diabetes among adults,Diabetes,DIABETES,13.6,12.0,15.4,%,Crude prevalence,9182,10476,38.4683272,-75.1668798
2023,19975,19975,ZCTA,Sussex,BRFSS,Health Outcomes,High blood pressure among adults,High Blood Pressure,BPHIGH,44.5,40.7,48.2,%,Crude prevalence,9182,10476,38.4683272,-75.1668798
2023,19975,19975,ZCTA,Sussex,BRFSS,Health Outcomes,High cholesterol among adults who have ever been screened,High Cholesterol,HIGHCHOL,51.1,47.0,55.1,%,Crude prevalence,9182,10476,38.4683272,-75.1668798
2023,19975,19975,ZCTA,Sussex,BRFSS,Health Outcomes,Obesity among adults,Obesity,OBESITY,31.3,26.0,36.9,%,Crude prevalence,9182,10476,38.4683272,-75.1668798
2023,19975,19975,ZCTA,Sussex,BRFSS,Health Outcomes,Stroke among adults,Stroke,STROKE,4.2,3.9,4.6,%,Crude prevalence,9182,10476,38.4683272,-75.1668798
2023,19975,19975,ZCTA,Sussex,BRFSS,Health Risk Behaviors,Binge drinking among adults,Binge Drinking,BINGE,12.0,10.1,14.1,%,Crude prevalence,9182,10476,38.4683272,-75.1668798
2023,19975,19975,ZCTA,Sussex,BRFSS,Health Risk Behaviors,Current cigarette smoking among adults,Current Cigarette Smoking,CSMOKING,11.6,10.0,13.4,%,Crude prevalence,9182,10476,38.4683272,-75.1668798
2023,19975,19975,ZCTA,Sussex,BRFSS,Health Risk Behaviors,No leisure-time physical activity among adults,Physical Inactivity,LPA,25.1,21.5,29.0,%,Crude prevalence,9182,10476,38.4683272,-75.1668798
2022,19975,19975,ZCTA,Sussex,BRFSS,Health Risk Behaviors,Short sleep duration among adults,Short Sleep Duration,SLEEP,29.6,25.4,34.5,%,Crude prevalence,9182,10476,38.4683272,-75.1668798
2023,19975,19975,ZCTA,Sussex,BRFSS,Health Status,Fair or poor self-rated health status among adults,General Health,GHLTH,17.3,15.2,19.6,%,Crude prevalence,9182,10476,38.4683272,-75.1668798
2023,19975,19975,ZCTA,Sussex,BRFSS,Health Status,Frequent mental distress among adults,Frequent Mental Distress,MHLTH,11.8,10.5,13.3,%,Crude prevalence,9182,10476,38.4683272,-75.1668798
2023,19975,19975,ZCTA,Sussex,BRFSS,Health Status,Frequent physical distress among adults,Frequent Physical Distress,PHLTH,13.8,12.3,15.4,%,Crude prevalence,9182,10476,38.4683272,-75.1668798
2023,19975,19975,ZCTA,Sussex,BRFSS,Health-Related Social Needs,Food insecurity in the past 12 months among adults,Food Insecurity,FOODINSECU,8.8,7.6,10.3,%,Crude prevalence,9182,10476,38.4683272,-75.1668798
2023,19975,19975,ZCTA,Sussex,BRFSS,Health-Related Social Needs,Housing insecurity in the past 12 months among adults,Housing Insecurity,HOUSINSECU,6.7,5.7,7.7,%,Crude prevalence,9182,10476,38.4683272,-75.1668798
2023,19975,19975,ZCTA,Sussex,BRFSS,Health-Related Social Needs,Lack of reliable transportation in the past 12 months among adults,Transportation Barriers,LACKTRPT,4.8,4.2,5.5,%,Crude prevalence,9182,10476,38.4683272,-75.1668798
2023,19975,19975,ZCTA,Sussex,BRFSS,Health-Related Social Needs,Lack of social and emotional support among adults,Lack of Social/Emotional Support,EMOTIONSPT,17.5,15.1,20.1,%,Crude prevalence,9182,10476,38.4683272,-75.1668798
2023,19975,19975,ZCTA,Sussex,BRFSS,Health-Related Social Needs,Loneliness among adults,Loneliness,LONELINESS,26.9,23.6,30.5,%,Crude prevalence,9182,10476,38.4683272,-75.1668798
2023,19975,19975,ZCTA,Sussex,BRFSS,Health-Related Social Needs,Received food stamps in the past 12 months among adults,Food Stamps,FOODSTAMP,6.8,5.6,8.0,%,Crude prevalence,9182,10476,38.4683272,-75.1668798
2023,19975,19975,ZCTA,Sussex,BRFSS,Health-Related Social Needs,Utility services shut-off threat in the past 12 months among adults,Utility Services Threat,SHUTUTILITY,4.3,3.7,5.0,%,Crude prevalence,9182,10476,38.4683272,-75.1668798
2023,19975,19975,ZCTA,Sussex,BRFSS,Prevention,Cholesterol screening among adults,Cholesterol Screening,CHOLSCREEN,92.2,91.1,93.2,%,Crude prevalence,9182,10476,38.4683272,-75.1668798
2022,19975,19975,ZCTA,Sussex,BRFSS,Prevention,Colorectal cancer screening among adults aged 45–75 years,Colorectal Cancer Screening,COLON_SCREEN,74.9,71.3,78.7,%,Crude prevalence,9182,10476,38.4683272,-75.1668798
2023,19975,19975,ZCTA,Sussex,BRFSS,Prevention,Current lack of health insurance among adults aged 18-64 years,Health Insurance,ACCESS2,8.0,6.8,9.4,%,Crude prevalence,9182,10476,38.4683272,-75.1668798
2022,19975,19975,ZCTA,Sussex,BRFSS,Prevention,Mammography use among women aged 50-74 years,Mammography,MAMMOUSE,80.8,75.9,85.6,%,Crude prevalence,9182,10476,38.4683272,-75.1668798
2023,19975,19975,ZCTA,Sussex,BRFSS,Prevention,Taking medicine to control high blood pressure among adults with high blood pressure,High Blood Pressure Medication,BPMED,85.4,83.0,87.5,%,Crude prevalence,9182,10476,38.4683272,-75.1668798
2022,19975,19975,ZCTA,Sussex,BRFSS,Prevention,Visited dentist or dental clinic in the past year among adults,Dental Visit,DENTAL,67.3,64.1,70.8,%,Crude prevalence,9182,10476,38.4683272,-75.1668798
2023,19975,19975,ZCTA,Sussex,BRFSS,Prevention,Visits to doctor for routine checkup within the past year among adults,Annual Checkup,CHECKUP,85.5,82.9,87.7,%,Crude prevalence,9182,10476,38.4683272,-75.1668798
2023,19977,19977,ZCTA,Sussex,BRFSS,Disability,Any disability among adults,Any Disability,DISABILITY,32.8,29.4,36.4,%,Crude prevalence,21311,27505,39.2989462,-75.5461219
2023,19977,19977,ZCTA,Sussex,BRFSS,Disability,Cognitive disability among adults,Cognitive Disability,COGNITION,13.9,12.5,15.6,%,Crude prevalence,21311,27505,39.2989462,-75.5461219
2023,19977,19977,ZCTA,Sussex,BRFSS,Disability,Hearing disability among adults,Hearing Disability,HEARING,6.2,5.6,6.9,%,Crude prevalence,21311,27505,39.2989462,-75.5461219
2023,19977,19977,ZCTA,Sussex,BRFSS,Disability,Independent living disability among adults,Independent Living Disability,INDEPLIVE,8.1,7.4,9.0,%,Crude prevalence,21311,27505,39.2989462,-75.5461219
2023,19977,19977,ZCTA,Sussex,BRFSS,Disability,Mobility disability among adults,Mobility Disability,MOBILITY,15.3,13.7,16.9,%,Crude prevalence,21311,27505,39.2989462,-75.5461219
2023,19977,19977,ZCTA,Sussex,BRFSS,Disability,Self-care disability among adults,Self-care Disability,SELFCARE,3.8,3.5,4.1,%,Crude prevalence,21311,27505,39.2989462,-75.5461219
2023,19977,19977,ZCTA,Sussex,BRFSS,Disability,Vision disability among adults,Vision Disability,VISION,5.0,4.6,5.4,%,Crude prevalence,21311,27505,39.2989462,-75.5461219
2022,19977,19977,ZCTA,Sussex,BRFSS,Health Outcomes,All teeth lost among adults aged >=65 years,All Teeth Lost,TEETHLOST,13.6,11.4,16.0,%,Crude prevalence,21311,27505,39.2989462,-75.5461219
2023,19977,19977,ZCTA,Sussex,BRFSS,Health Outcomes,Arthritis among adults,Arthritis,ARTHRITIS,28.2,25.5,30.9,%,Crude prevalence,21311,27505,39.2989462,-75.5461219
2023,19977,19977,ZCTA,Sussex,BRFSS,Health Outcomes,Cancer (non-skin) or melanoma among adults,Cancer (non-skin) or Melanoma,CANCER,8.2,7.5,8.9,%,Crude prevalence,21311,27505,39.2989462,-75.5461219
2023,19977,19977,ZCTA,Sussex,BRFSS,Health Outcomes,Chronic obstructive pulmonary disease among adults,COPD,COPD,7.0,6.2,7.7,%,Crude prevalence,21311,27505,39.2989462,-75.5461219
2023,19977,19977,ZCTA,Sussex,BRFSS,Health Outcomes,Coronary heart disease among adults,Coronary Heart Disease,CHD,6.2,5.7,6.8,%,Crude prevalence,21311,27505,39.2989462,-75.5461219
2023,19977,19977,ZCTA,Sussex,BRFSS,Health Outcomes,Current asthma among adults,Current Asthma,CASTHMA,12.1,10.8,13.5,%,Crude prevalence,21311,27505,39.2989462,-75.5461219
2023,19977,19977,ZCTA,Sussex,BRFSS,Health Outcomes,Depression among adults,Depression,DEPRESSION,21.6,18.7,24.8,%,Crude prevalence,21311,27505,39.2989462,-75.5461219
2023,19977,19977,ZCTA,Sussex,BRFSS,Health Outcomes,Diagnosed diabetes among adults,Diabetes,DIABETES,13.6,12.1,15.1,%,Crude prevalence,21311,27505,39.2989462,-75.5461219
2023,19977,19977,ZCTA,Sussex,BRFSS,Health Outcomes,High blood pressure among adults,High Blood Pressure,BPHIGH,39.1,35.7,42.6,%,Crude prevalence,21311,27505,39.2989462,-75.5461219
2023,19977,19977,ZCTA,Sussex,BRFSS,Health Outcomes,High cholesterol among adults who have ever been screened,High Cholesterol,HIGHCHOL,39.0,35.4,42.7,%,Crude prevalence,21311,27505,39.2989462,-75.5461219
2023,19977,19977,ZCTA,Sussex,BRFSS,Health Outcomes,Obesity among adults,Obesity,OBESITY,42.2,36.3,48.4,%,Crude prevalence,21311,27505,39.2989462,-75.5461219
2023,19977,19977,ZCTA,Sussex,BRFSS,Health Outcomes,Stroke among adults,Stroke,STROKE,3.6,3.4,3.9,%,Crude prevalence,21311,27505,39.2989462,-75.5461219
2023,19977,19977,ZCTA,Sussex,BRFSS,Health Risk Behaviors,Binge drinking among adults,Binge Drinking,BINGE,13.6,11.6,15.9,%,Crude prevalence,21311,27505,39.2989462,-75.5461219
2023,19977,19977,ZCTA,Sussex,BRFSS,Health Risk Behaviors,Current cigarette smoking among adults,Current Cigarette Smoking,CSMOKING,13.6,12.0,15.4,%,Crude prevalence,21311,27505,39.2989462,-75.5461219
2023,19977,19977,ZCTA,Sussex,BRFSS,Health Risk Behaviors,No leisure-time physical activity among adults,Physical Inactivity,LPA,29.8,26.0,33.9,%,Crude prevalence,21311,27505,39.2989462,-75.5461219
2022,19977,19977,ZCTA,Sussex,BRFSS,Health Risk Behaviors,Short sleep duration among adults,Short Sleep Duration,SLEEP,40.6,35.7,45.6,%,Crude prevalence,21311,27505,39.2989462,-75.5461219
2023,19977,19977,ZCTA,Sussex,BRFSS,Health Status,Fair or poor self-rated health status among adults,General Health,GHLTH,19.8,17.9,22.0,%,Crude prevalence,21311,27505,39.2989462,-75.5461219
2023,19977,19977,ZCTA,Sussex,BRFSS,Health Status,Frequent mental distress among adults,Frequent Mental Distress,MHLTH,17.1,15.4,18.9,%,Crude prevalence,21311,27505,39.2989462,-75.5461219
2023,19977,19977,ZCTA,Sussex,BRFSS,Health Status,Frequent physical distress among adults,Frequent Physical Distress,PHLTH,13.8,12.4,15.2,%,Crude prevalence,21311,27505,39.2989462,-75.5461219
2023,19977,19977,ZCTA,Sussex,BRFSS,Health-Related Social Needs,Food insecurity in the past 12 months among adults,Food Insecurity,FOODINSECU,15.0,13.4,16.8,%,Crude prevalence,21311,27505,39.2989462,-75.5461219
2023,19977,19977,ZCTA,Sussex,BRFSS,Health-Related Social Needs,Housing insecurity in the past 12 months among adults,Housing Insecurity,HOUSINSECU,13.6,12.2,15.2,%,Crude prevalence,21311,27505,39.2989462,-75.5461219
2023,19977,19977,ZCTA,Sussex,BRFSS,Health-Related Social Needs,Lack of reliable transportation in the past 12 months among adults,Transportation Barriers,LACKTRPT,8.2,7.4,9.1,%,Crude prevalence,21311,27505,39.2989462,-75.5461219
2023,19977,19977,ZCTA,Sussex,BRFSS,Health-Related Social Needs,Lack of social and emotional support among adults,Lack of Social/Emotional Support,EMOTIONSPT,23.9,21.2,26.8,%,Crude prevalence,21311,27505,39.2989462,-75.5461219
2023,19977,19977,ZCTA,Sussex,BRFSS,Health-Related Social Needs,Loneliness among adults,Loneliness,LONELINESS,34.6,31.1,38.2,%,Crude prevalence,21311,27505,39.2989462,-75.5461219
2023,19977,19977,ZCTA,Sussex,BRFSS,Health-Related Social Needs,Received food stamps in the past 12 months among adults,Food Stamps,FOODSTAMP,13.1,11.4,15.0,%,Crude prevalence,21311,27505,39.2989462,-75.5461219
2023,19977,19977,ZCTA,Sussex,BRFSS,Health-Related Social Needs,Utility services shut-off threat in the past 12 months among adults,Utility Services Threat,SHUTUTILITY,8.4,7.5,9.5,%,Crude prevalence,21311,27505,39.2989462,-75.5461219
2023,19977,19977,ZCTA,Sussex,BRFSS,Prevention,Cholesterol screening among adults,Cholesterol Screening,CHOLSCREEN,87.2,85.6,88.8,%,Crude prevalence,21311,27505,39.2989462,-75.5461219
2022,19977,19977,ZCTA,Sussex,BRFSS,Prevention,Colorectal cancer screening among adults aged 45–75 years,Colorectal Cancer Screening,COLON_SCREEN,66.3,62.3,70.2,%,Crude prevalence,21311,27505,39.2989462,-75.5461219
2023,19977,19977,ZCTA,Sussex,BRFSS,Prevention,Current lack of health insurance among adults aged 18-64 years,Health Insurance,ACCESS2,9.2,7.9,10.6,%,Crude prevalence,21311,27505,39.2989462,-75.5461219
2022,19977,19977,ZCTA,Sussex,BRFSS,Prevention,Mammography use among women aged 50-74 years,Mammography,MAMMOUSE,75.1,69.0,80.4,%,Crude prevalence,21311,27505,39.2989462,-75.5461219
2023,19977,19977,ZCTA,Sussex,BRFSS,Prevention,Taking medicine to control high blood pressure among adults with high blood pressure,High Blood Pressure Medication,BPMED,77.0,74.5,79.5,%,Crude prevalence,21311,27505,39.2989462,-75.5461219
2022,19977,19977,ZCTA,Sussex,BRFSS,Prevention,Visited dentist or dental clinic in the past year among adults,Dental Visit,DENTAL,61.7,58.2,65.0,%,Crude prevalence,21311,27505,39.2989462,-75.5461219
2023,19977,19977,ZCTA,Sussex,BRFSS,Prevention,Visits to doctor for routine checkup within the past year among adults,Annual Checkup,CHECKUP,81.7,78.8,84.3,%,Crude prevalence,21311,27505,39.2989462,-75.5461219
2023,19979,19979,ZCTA,Sussex,BRFSS,Disability,Any disability among adults,Any Disability,DISABILITY,36.5,32.0,41.0,%,Crude prevalence,581,722,39.0503674,-75.5764624
2023,19979,19979,ZCTA,Sussex,BRFSS,Disability,Cognitive disability among adults,Cognitive Disability,COGNITION,15.3,13.1,17.7,%,Crude prevalence,581,722,39.0503674,-75.5764624
2023,19979,19979,ZCTA,Sussex,BRFSS,Disability,Hearing disability among adults,Hearing Disability,HEARING,8.0,7.0,9.1,%,Crude prevalence,581,722,39.0503674,-75.5764624
2023,19979,19979,ZCTA,Sussex,BRFSS,Disability,Independent living disability among adults,Independent Living Disability,INDEPLIVE,9.2,8.0,10.6,%,Crude prevalence,581,722,39.0503674,-75.5764624
2023,19979,19979,ZCTA,Sussex,BRFSS,Disability,Mobility disability among adults,Mobility Disability,MOBILITY,17.5,15.1,20.0,%,Crude prevalence,581,722,39.0503674,-75.5764624
2023,19979,19979,ZCTA,Sussex,BRFSS,Disability,Self-care disability among adults,Self-care Disability,SELFCARE,4.2,3.6,4.8,%,Crude prevalence,581,722,39.0503674,-75.5764624
2023,19979,19979,ZCTA,Sussex,BRFSS,Disability,Vision disability among adults,Vision Disability,VISION,5.4,4.7,6.1,%,Crude prevalence,581,722,39.0503674,-75.5764624
2022,19979,19979,ZCTA,Sussex,BRFSS,Health Outcomes,All teeth lost among adults aged >=65 years,All Teeth Lost,TEETHLOST,16.3,13.5,19.4,%,Crude prevalence,581,722,39.0503674,-75.5764624
2023,19979,19979,ZCTA,Sussex,BRFSS,Health Outcomes,Arthritis among adults,Arthritis,ARTHRITIS,31.6,28.4,34.8,%,Crude prevalence,581,722,39.0503674,-75.5764624
2023,19979,19979,ZCTA,Sussex,BRFSS,Health Outcomes,Cancer (non-skin) or melanoma among adults,Cancer (non-skin) or Melanoma,CANCER,9.8,8.9,10.8,%,Crude prevalence,581,722,39.0503674,-75.5764624
2023,19979,19979,ZCTA,Sussex,BRFSS,Health Outcomes,Chronic obstructive pulmonary disease among adults,COPD,COPD,9.0,7.6,10.5,%,Crude prevalence,581,722,39.0503674,-75.5764624
2023,19979,19979,ZCTA,Sussex,BRFSS,Health Outcomes,Coronary heart disease among adults,Coronary Heart Disease,CHD,7.5,6.6,8.4,%,Crude prevalence,581,722,39.0503674,-75.5764624
2023,19979,19979,ZCTA,Sussex,BRFSS,Health Outcomes,Current asthma among adults,Current Asthma,CASTHMA,12.5,11.1,14.0,%,Crude prevalence,581,722,39.0503674,-75.5764624
2023,19979,19979,ZCTA,Sussex,BRFSS,Health Outcomes,Depression among adults,Depression,DEPRESSION,24.4,21.0,28.1,%,Crude prevalence,581,722,39.0503674,-75.5764624
2023,19979,19979,ZCTA,Sussex,BRFSS,Health Outcomes,Diagnosed diabetes among adults,Diabetes,DIABETES,14.0,12.2,15.9,%,Crude prevalence,581,722,39.0503674,-75.5764624
2023,19979,19979,ZCTA,Sussex,BRFSS,Health Outcomes,High blood pressure among adults,High Blood Pressure,BPHIGH,39.8,36.1,43.6,%,Crude prevalence,581,722,39.0503674,-75.5764624
2023,19979,19979,ZCTA,Sussex,BRFSS,Health Outcomes,High cholesterol among adults who have ever been screened,High Cholesterol,HIGHCHOL,41.3,37.5,45.3,%,Crude prevalence,581,722,39.0503674,-75.5764624
2023,19979,19979,ZCTA,Sussex,BRFSS,Health Outcomes,Obesity among adults,Obesity,OBESITY,42.7,36.4,49.6,%,Crude prevalence,581,722,39.0503674,-75.5764624
2023,19979,19979,ZCTA,Sussex,BRFSS,Health Outcomes,Stroke among adults,Stroke,STROKE,4.0,3.5,4.5,%,Crude prevalence,581,722,39.0503674,-75.5764624
2023,19979,19979,ZCTA,Sussex,BRFSS,Health Risk Behaviors,Binge drinking among adults,Binge Drinking,BINGE,13.8,11.5,16.3,%,Crude prevalence,581,722,39.0503674,-75.5764624
2023,19979,19979,ZCTA,Sussex,BRFSS,Health Risk Behaviors,Current cigarette smoking among adults,Current Cigarette Smoking,CSMOKING,15.4,12.7,18.2,%,Crude prevalence,581,722,39.0503674,-75.5764624
2023,19979,19979,ZCTA,Sussex,BRFSS,Health Risk Behaviors,No leisure-time physical activity among adults,Physical Inactivity,LPA,31.7,26.9,36.7,%,Crude prevalence,581,722,39.0503674,-75.5764624
2022,19979,19979,ZCTA,Sussex,BRFSS,Health Risk Behaviors,Short sleep duration among adults,Short Sleep Duration,SLEEP,39.3,34.1,44.6,%,Crude prevalence,581,722,39.0503674,-75.5764624
2023,19979,19979,ZCTA,Sussex,BRFSS,Health Status,Fair or poor self-rated health status among adults,General Health,GHLTH,21.7,18.6,24.9,%,Crude prevalence,581,722,39.0503674,-75.5764624
2023,19979,19979,ZCTA,Sussex,BRFSS,Health Status,Frequent mental distress among adults,Frequent Mental Distress,MHLTH,18.1,15.9,20.5,%,Crude prevalence,581,722,39.0503674,-75.5764624
2023,19979,19979,ZCTA,Sussex,BRFSS,Health Status,Frequent physical distress among adults,Frequent Physical Distress,PHLTH,15.7,13.8,17.7,%,Crude prevalence,581,722,39.0503674,-75.5764624
2023,19979,19979,ZCTA,Sussex,BRFSS,Health-Related Social Needs,Food insecurity in the past 12 months among adults,Food Insecurity,FOODINSECU,14.1,11.7,16.7,%,Crude prevalence,581,722,39.0503674,-75.5764624
2023,19979,19979,ZCTA,Sussex,BRFSS,Health-Related Social Needs,Housing insecurity in the past 12 months among adults,Housing Insecurity,HOUSINSECU,11.9,10.0,13.8,%,Crude prevalence,581,722,39.0503674,-75.5764624
2023,19979,19979,ZCTA,Sussex,BRFSS,Health-Related Social Needs,Lack of reliable transportation in the past 12 months among adults,Transportation Barriers,LACKTRPT,7.8,6.7,9.1,%,Crude prevalence,581,722,39.0503674,-75.5764624
2023,19979,19979,ZCTA,Sussex,BRFSS,Health-Related Social Needs,Lack of social and emotional support among adults,Lack of Social/Emotional Support,EMOTIONSPT,21.6,18.6,25.0,%,Crude prevalence,581,722,39.0503674,-75.5764624
2023,19979,19979,ZCTA,Sussex,BRFSS,Health-Related Social Needs,Loneliness among adults,Loneliness,LONELINESS,33.9,30.0,38.2,%,Crude prevalence,581,722,39.0503674,-75.5764624
2023,19979,19979,ZCTA,Sussex,BRFSS,Health-Related Social Needs,Received food stamps in the past 12 months among adults,Food Stamps,FOODSTAMP,13.0,10.6,15.8,%,Crude prevalence,581,722,39.0503674,-75.5764624
2023,19979,19979,ZCTA,Sussex,BRFSS,Health-Related Social Needs,Utility services shut-off threat in the past 12 months among adults,Utility Services Threat,SHUTUTILITY,7.4,6.3,8.6,%,Crude prevalence,581,722,39.0503674,-75.5764624
2023,19979,19979,ZCTA,Sussex,BRFSS,Prevention,Cholesterol screening among adults,Cholesterol Screening,CHOLSCREEN,86.1,83.6,88.1,%,Crude prevalence,581,722,39.0503674,-75.5764624
2022,19979,19979,ZCTA,Sussex,BRFSS,Prevention,Colorectal cancer screening among adults aged 45–75 years,Colorectal Cancer Screening,COLON_SCREEN,68.9,64.7,72.9,%,Crude prevalence,581,722,39.0503674,-75.5764624
2023,19979,19979,ZCTA,Sussex,BRFSS,Prevention,Current lack of health insurance among adults aged 18-64 years,Health Insurance,ACCESS2,9.5,7.4,11.9,%,Crude prevalence,581,722,39.0503674,-75.5764624
2022,19979,19979,ZCTA,Sussex,BRFSS,Prevention,Mammography use among women aged 50-74 years,Mammography,MAMMOUSE,73.6,66.8,79.5,%,Crude prevalence,581,722,39.0503674,-75.5764624
2023,19979,19979,ZCTA,Sussex,BRFSS,Prevention,Taking medicine to control high blood pressure among adults with high blood pressure,High Blood Pressure Medication,BPMED,78.0,75.2,80.6,%,Crude prevalence,581,722,39.0503674,-75.5764624
2022,19979,19979,ZCTA,Sussex,BRFSS,Prevention,Visited dentist or dental clinic in the past year among adults,Dental Visit,DENTAL,60.9,57.0,64.6,%,Crude prevalence,581,722,39.0503674,-75.5764624
2023,19979,19979,ZCTA,Sussex,BRFSS,Prevention,Visits to doctor for routine checkup within the past year among adults,Annual Checkup,CHECKUP,81.3,77.9,84.2,%,Crude prevalence,581,722,39.0503674,-75.5764624
2023,19980,19980,ZCTA,Sussex,BRFSS,Disability,Any disability among adults,Any Disability,DISABILITY,37.9,33.1,42.4,%,Crude prevalence,200,235,39.0735222,-75.5701686
2023,19980,19980,ZCTA,Sussex,BRFSS,Disability,Cognitive disability among adults,Cognitive Disability,COGNITION,15.2,13.0,17.5,%,Crude prevalence,200,235,39.0735222,-75.5701686
2023,19980,19980,ZCTA,Sussex,BRFSS,Disability,Hearing disability among adults,Hearing Disability,HEARING,8.6,7.5,9.7,%,Crude prevalence,200,235,39.0735222,-75.5701686
2023,19980,19980,ZCTA,Sussex,BRFSS,Disability,Independent living disability among adults,Independent Living Disability,INDEPLIVE,9.5,8.1,11.0,%,Crude prevalence,200,235,39.0735222,-75.5701686
2023,19980,19980,ZCTA,Sussex,BRFSS,Disability,Mobility disability among adults,Mobility Disability,MOBILITY,18.9,16.2,21.7,%,Crude prevalence,200,235,39.0735222,-75.5701686
2023,19980,19980,ZCTA,Sussex,BRFSS,Disability,Self-care disability among adults,Self-care Disability,SELFCARE,4.4,3.8,5.2,%,Crude prevalence,200,235,39.0735222,-75.5701686
2023,19980,19980,ZCTA,Sussex,BRFSS,Disability,Vision disability among adults,Vision Disability,VISION,5.6,4.8,6.5,%,Crude prevalence,200,235,39.0735222,-75.5701686
2022,19980,19980,ZCTA,Sussex,BRFSS,Health Outcomes,All teeth lost among adults aged >=65 years,All Teeth Lost,TEETHLOST,18.4,15.2,21.7,%,Crude prevalence,200,235,39.0735222,-75.5701686
2023,19980,19980,ZCTA,Sussex,BRFSS,Health Outcomes,Arthritis among adults,Arthritis,ARTHRITIS,33.9,30.6,37.3,%,Crude prevalence,200,235,39.0735222,-75.5701686
2023,19980,19980,ZCTA,Sussex,BRFSS,Health Outcomes,Cancer (non-skin) or melanoma among adults,Cancer (non-skin) or Melanoma,CANCER,10.8,9.8,11.9,%,Crude prevalence,200,235,39.0735222,-75.5701686
2023,19980,19980,ZCTA,Sussex,BRFSS,Health Outcomes,Chronic obstructive pulmonary disease among adults,COPD,COPD,9.6,8.0,11.3,%,Crude prevalence,200,235,39.0735222,-75.5701686
2023,19980,19980,ZCTA,Sussex,BRFSS,Health Outcomes,Coronary heart disease among adults,Coronary Heart Disease,CHD,8.2,7.2,9.2,%,Crude prevalence,200,235,39.0735222,-75.5701686
2023,19980,19980,ZCTA,Sussex,BRFSS,Health Outcomes,Current asthma among adults,Current Asthma,CASTHMA,12.5,11.0,14.1,%,Crude prevalence,200,235,39.0735222,-75.5701686
2023,19980,19980,ZCTA,Sussex,BRFSS,Health Outcomes,Depression among adults,Depression,DEPRESSION,23.9,20.6,27.7,%,Crude prevalence,200,235,39.0735222,-75.5701686
2023,19980,19980,ZCTA,Sussex,BRFSS,Health Outcomes,Diagnosed diabetes among adults,Diabetes,DIABETES,15.1,13.0,17.2,%,Crude prevalence,200,235,39.0735222,-75.5701686
2023,19980,19980,ZCTA,Sussex,BRFSS,Health Outcomes,High blood pressure among adults,High Blood Pressure,BPHIGH,41.9,37.9,45.8,%,Crude prevalence,200,235,39.0735222,-75.5701686
2023,19980,19980,ZCTA,Sussex,BRFSS,Health Outcomes,High cholesterol among adults who have ever been screened,High Cholesterol,HIGHCHOL,43.3,39.3,47.4,%,Crude prevalence,200,235,39.0735222,-75.5701686
2023,19980,19980,ZCTA,Sussex,BRFSS,Health Outcomes,Obesity among adults,Obesity,OBESITY,42.4,36.0,48.9,%,Crude prevalence,200,235,39.0735222,-75.5701686
2023,19980,19980,ZCTA,Sussex,BRFSS,Health Outcomes,Stroke among adults,Stroke,STROKE,4.3,3.8,4.8,%,Crude prevalence,200,235,39.0735222,-75.5701686
2023,19980,19980,ZCTA,Sussex,BRFSS,Health Risk Behaviors,Binge drinking among adults,Binge Drinking,BINGE,13.1,10.9,15.4,%,Crude prevalence,200,235,39.0735222,-75.5701686
2023,19980,19980,ZCTA,Sussex,BRFSS,Health Risk Behaviors,Current cigarette smoking among adults,Current Cigarette Smoking,CSMOKING,14.9,12.2,17.8,%,Crude prevalence,200,235,39.0735222,-75.5701686
2023,19980,19980,ZCTA,Sussex,BRFSS,Health Risk Behaviors,No leisure-time physical activity among adults,Physical Inactivity,LPA,32.6,27.3,37.5,%,Crude prevalence,200,235,39.0735222,-75.5701686
2022,19980,19980,ZCTA,Sussex,BRFSS,Health Risk Behaviors,Short sleep duration among adults,Short Sleep Duration,SLEEP,38.4,33.2,43.6,%,Crude prevalence,200,235,39.0735222,-75.5701686
2023,19980,19980,ZCTA,Sussex,BRFSS,Health Status,Fair or poor self-rated health status among adults,General Health,GHLTH,22.5,19.1,25.9,%,Crude prevalence,200,235,39.0735222,-75.5701686
2023,19980,19980,ZCTA,Sussex,BRFSS,Health Status,Frequent mental distress among adults,Frequent Mental Distress,MHLTH,17.6,15.4,19.8,%,Crude prevalence,200,235,39.0735222,-75.5701686
2023,19980,19980,ZCTA,Sussex,BRFSS,Health Status,Frequent physical distress among adults,Frequent Physical Distress,PHLTH,16.4,14.2,18.6,%,Crude prevalence,200,235,39.0735222,-75.5701686
2023,19980,19980,ZCTA,Sussex,BRFSS,Health-Related Social Needs,Food insecurity in the past 12 months among adults,Food Insecurity,FOODINSECU,13.3,10.9,16.0,%,Crude prevalence,200,235,39.0735222,-75.5701686
2023,19980,19980,ZCTA,Sussex,BRFSS,Health-Related Social Needs,Housing insecurity in the past 12 months among adults,Housing Insecurity,HOUSINSECU,11.0,9.2,13.0,%,Crude prevalence,200,235,39.0735222,-75.5701686
2023,19980,19980,ZCTA,Sussex,BRFSS,Health-Related Social Needs,Lack of reliable transportation in the past 12 months among adults,Transportation Barriers,LACKTRPT,7.5,6.4,8.9,%,Crude prevalence,200,235,39.0735222,-75.5701686
2023,19980,19980,ZCTA,Sussex,BRFSS,Health-Related Social Needs,Lack of social and emotional support among adults,Lack of Social/Emotional Support,EMOTIONSPT,21.2,18.3,24.5,%,Crude prevalence,200,235,39.0735222,-75.5701686
2023,19980,19980,ZCTA,Sussex,BRFSS,Health-Related Social Needs,Loneliness among adults,Loneliness,LONELINESS,33.4,29.7,37.5,%,Crude prevalence,200,235,39.0735222,-75.5701686
2023,19980,19980,ZCTA,Sussex,BRFSS,Health-Related Social Needs,Received food stamps in the past 12 months among adults,Food Stamps,FOODSTAMP,11.9,9.4,14.7,%,Crude prevalence,200,235,39.0735222,-75.5701686
2023,19980,19980,ZCTA,Sussex,BRFSS,Health-Related Social Needs,Utility services shut-off threat in the past 12 months among adults,Utility Services Threat,SHUTUTILITY,6.9,5.8,8.2,%,Crude prevalence,200,235,39.0735222,-75.5701686
2023,19980,19980,ZCTA,Sussex,BRFSS,Prevention,Cholesterol screening among adults,Cholesterol Screening,CHOLSCREEN,87.0,85.0,89.0,%,Crude prevalence,200,235,39.0735222,-75.5701686
2022,19980,19980,ZCTA,Sussex,BRFSS,Prevention,Colorectal cancer screening among adults aged 45–75 years,Colorectal Cancer Screening,COLON_SCREEN,68.1,63.7,72.4,%,Crude prevalence,200,235,39.0735222,-75.5701686
2023,19980,19980,ZCTA,Sussex,BRFSS,Prevention,Current lack of health insurance among adults aged 18-64 years,Health Insurance,ACCESS2,8.7,6.8,11.0,%,Crude prevalence,200,235,39.0735222,-75.5701686
2022,19980,19980,ZCTA,Sussex,BRFSS,Prevention,Mammography use among women aged 50-74 years,Mammography,MAMMOUSE,67.6,60.1,74.5,%,Crude prevalence,200,235,39.0735222,-75.5701686
2023,19980,19980,ZCTA,Sussex,BRFSS,Prevention,Taking medicine to control high blood pressure among adults with high blood pressure,High Blood Pressure Medication,BPMED,79.7,77.0,82.2,%,Crude prevalence,200,235,39.0735222,-75.5701686
2022,19980,19980,ZCTA,Sussex,BRFSS,Prevention,Visited dentist or dental clinic in the past year among adults,Dental Visit,DENTAL,58.8,54.9,62.5,%,Crude prevalence,200,235,39.0735222,-75.5701686
2023,19980,19980,ZCTA,Sussex,BRFSS,Prevention,Visits to doctor for routine checkup within the past year among adults,Annual Checkup,CHECKUP,82.5,79.3,85.4,%,Crude prevalence,200,235,39.0735222,-75.5701686
