Year,LocationID,LocationName,Geography_Type,County,DataSource,Category,Measure,Short_Question_Text,MeasureId,Data_Value,Low_Confidence_Limit,High_Confidence_Limit,Data_Value_Unit,Data_Value_Type,TotalPop18plus,TotalPopulation,Latitude,Longitude
2022,19901,19901,ZCTA,Kent,BRFSS,Health Outcomes,All teeth lost among adults aged >=65 years,All Teeth Lost,TEETHLOST,17.5,14.7,20.6,%,Crude prevalence,28448,36839,39.1815422,-75.4735201
2023,19901,19901,ZCTA,Kent,BRFSS,Health Outcomes,Arthritis among adults,Arthritis,ARTHRITIS,27.7,25.1,30.5,%,Crude prevalence,28448,36839,39.1815422,-75.4735201
2023,19901,19901,ZCTA,Kent,BRFSS,Health Outcomes,Cancer (non-skin) or melanoma among adults,Cancer (non-skin) or Melanoma,CANCER,7.5,6.9,8.2,%,Crude prevalence,28448,36839,39.1815422,-75.4735201
2023,19901,19901,ZCTA,Kent,BRFSS,Health Outcomes,Chronic obstructive pulmonary disease among adults,COPD,COPD,7.9,7.1,8.8,%,Crude prevalence,28448,36839,39.1815422,-75.4735201
2023,19901,19901,ZCTA,Kent,BRFSS,Health Outcomes,Coronary heart disease among adults,Coronary Heart Disease,CHD,6.6,6.0,7.3,%,Crude prevalence,28448,36839,39.1815422,-75.4735201
2023,19901,19901,ZCTA,Kent,BRFSS,Health Outcomes,Current asthma among adults,Current Asthma,CASTHMA,13.0,11.5,14.6,%,Crude prevalence,28448,36839,39.1815422,-75.4735201
2023,19901,19901,ZCTA,Kent,BRFSS,Health Outcomes,Depression among adults,Depression,DEPRESSION,23.0,19.9,26.7,%,Crude prevalence,28448,36839,39.1815422,-75.4735201
2023,19901,19901,ZCTA,Kent,BRFSS,Health Outcomes,Diagnosed diabetes among adults,Diabetes,DIABETES,14.5,12.8,16.2,%,Crude prevalence,28448,36839,39.1815422,-75.4735201
2023,19901,19901,ZCTA,Kent,BRFSS,Health Outcomes,High blood pressure among adults,High Blood Pressure,BPHIGH,38.7,35.3,42.3,%,Crude prevalence,28448,36839,39.1815422,-75.4735201
2023,19901,19901,ZCTA,Kent,BRFSS,Health Outcomes,High cholesterol among adults who have ever been screened,High Cholesterol,HIGHCHOL,37.7,34.1,41.5,%,Crude prevalence,28448,36839,39.1815422,-75.4735201
2023,19901,19901,ZCTA,Kent,BRFSS,Health Outcomes,Obesity among adults,Obesity,OBESITY,44.0,37.7,50.7,%,Crude prevalence,28448,36839,39.1815422,-75.4735201
2023,19901,19901,ZCTA,Kent,BRFSS,Health Outcomes,Stroke among adults,Stroke,STROKE,4.0,3.7,4.3,%,Crude prevalence,28448,36839,39.1815422,-75.4735201
2023,19902,19902,ZCTA,Kent,BRFSS,Health Outcomes,Arthritis among adults,Arthritis,ARTHRITIS,3.9,3.3,4.6,%,Crude prevalence,104,108,39.127656,-75.4669115
2023,19902,19902,ZCTA,Kent,BRFSS,Health Outcomes,Cancer (non-skin) or melanoma among adults,Cancer (non-skin) or Melanoma,CANCER,0.7,0.6,0.9,%,Crude prevalence,104,108,39.127656,-75.4669115
2023,19902,19902,ZCTA,Kent,BRFSS,Health Outcomes,Chronic obstructive pulmonary disease among adults,COPD,COPD,1.7,1.5,2.0,%,Crude prevalence,104,108,39.127656,-75.4669115
2023,19902,19902,ZCTA,Kent,BRFSS,Health Outcomes,Coronary heart disease among adults,Coronary Heart Disease,CHD,0.9,0.8,1.0,%,Crude prevalence,104,108,39.127656,-75.4669115
2023,19902,19902,ZCTA,Kent,BRFSS,Health Outcomes,Current asthma among adults,Current Asthma,CASTHMA,10.2,9.0,11.5,%,Crude prevalence,104,108,39.127656,-75.4669115
2023,19902,19902,ZCTA,Kent,BRFSS,Health Outcomes,Depression among adults,Depression,DEPRESSION,23.2,19.9,26.9,%,Crude prevalence,104,108,39.127656,-75.4669115
2023,19902,19902,ZCTA,Kent,BRFSS,Health Outcomes,Diagnosed diabetes among adults,Diabetes,DIABETES,1.7,1.5,2.0,%,Crude prevalence,104,108,39.127656,-75.4669115
2023,19902,19902,ZCTA,Kent,BRFSS,Health Outcomes,High blood pressure among adults,High Blood Pressure,BPHIGH,11.8,9.9,13.9,%,Crude prevalence,104,108,39.127656,-75.4669115
2023,19902,19902,ZCTA,Kent,BRFSS,Health Outcomes,High cholesterol among adults who have ever been screened,High Cholesterol,HIGHCHOL,14.8,12.5,17.4,%,Crude prevalence,104,108,39.127656,-75.4669115
2023,19902,19902,ZCTA,Kent,BRFSS,Health Outcomes,Obesity among adults,Obesity,OBESITY,29.1,23.7,35.1,%,Crude prevalence,104,108,39.127656,-75.4669115
2023,19902,19902,ZCTA,Kent,BRFSS,Health Outcomes,Stroke among adults,Stroke,STROKE,0.5,0.4,0.5,%,Crude prevalence,104,108,39.127656,-75.4669115
2022,19904,19904,ZCTA,Kent,BRFSS,Health Outcomes,All teeth lost among adults aged >=65 years,All Teeth Lost,TEETHLOST,18.4,15.4,21.6,%,Crude prevalence,28683,36880,39.1712793,-75.587619
2023,19904,19904,ZCTA,Kent,BRFSS,Health Outcomes,Arthritis among adults,Arthritis,ARTHRITIS,29.6,26.8,32.5,%,Crude prevalence,28683,36880,39.1712793,-75.587619
2023,19904,19904,ZCTA,Kent,BRFSS,Health Outcomes,Cancer (non-skin) or melanoma among adults,Cancer (non-skin) or Melanoma,CANCER,8.2,7.5,9.0,%,Crude prevalence,28683,36880,39.1712793,-75.587619
2023,19904,19904,ZCTA,Kent,BRFSS,Health Outcomes,Chronic obstructive pulmonary disease among adults,COPD,COPD,8.0,7.2,8.9,%,Crude prevalence,28683,36880,39.1712793,-75.587619
2023,19904,19904,ZCTA,Kent,BRFSS,Health Outcomes,Coronary heart disease among adults,Coronary Heart Disease,CHD,6.9,6.3,7.7,%,Crude prevalence,28683,36880,39.1712793,-75.587619
2023,19904,19904,ZCTA,Kent,BRFSS,Health Outcomes,Current asthma among adults,Current Asthma,CASTHMA,12.9,11.5,14.5,%,Crude prevalence,28683,36880,39.1712793,-75.587619
2023,19904,19904,ZCTA,Kent,BRFSS,Health Outcomes,Depression among adults,Depression,DEPRESSION,22.5,19.4,26.0,%,Crude prevalence,28683,36880,39.1712793,-75.587619
2023,19904,19904,ZCTA,Kent,BRFSS,Health Outcomes,Diagnosed diabetes among adults,Diabetes,DIABETES,15.1,13.5,17.0,%,Crude prevalence,28683,36880,39.1712793,-75.587619
2023,19904,19904,ZCTA,Kent,BRFSS,Health Outcomes,High blood pressure among adults,High Blood Pressure,BPHIGH,40.7,37.2,44.4,%,Crude prevalence,28683,36880,39.1712793,-75.587619
2023,19904,19904,ZCTA,Kent,BRFSS,Health Outcomes,High cholesterol among adults who have ever been screened,High Cholesterol,HIGHCHOL,39.2,35.7,43.1,%,Crude prevalence,28683,36880,39.1712793,-75.587619
2023,19904,19904,ZCTA,Kent,BRFSS,Health Outcomes,Obesity among adults,Obesity,OBESITY,44.4,38.1,50.9,%,Crude prevalence,28683,36880,39.1712793,-75.587619
2023,19904,19904,ZCTA,Kent,BRFSS,Health Outcomes,Stroke among adults,Stroke,STROKE,4.1,3.8,4.4,%,Crude prevalence,28683,36880,39.1712793,-75.587619
2022,19701,19701,ZCTA,New Castle,BRFSS,Health Outcomes,All teeth lost among adults aged >=65 years,All Teeth Lost,TEETHLOST,10.9,9.0,13.1,%,Crude prevalence,33580,42717,39.5838947,-75.6969951
2023,19701,19701,ZCTA,New Castle,BRFSS,Health Outcomes,Arthritis among adults,Arthritis,ARTHRITIS,24.7,22.1,27.3,%,Crude prevalence,33580,42717,39.5838947,-75.6969951
2023,19701,19701,ZCTA,New Castle,BRFSS,Health Outcomes,Cancer (non-skin) or melanoma among adults,Cancer (non-skin) or Melanoma,CANCER,7.5,6.8,8.1,%,Crude prevalence,33580,42717,39.5838947,-75.6969951
2023,19701,19701,ZCTA,New Castle,BRFSS,Health Outcomes,Chronic obstructive pulmonary disease among adults,COPD,COPD,5.7,5.1,6.3,%,Crude prevalence,33580,42717,39.5838947,-75.6969951
2023,19701,19701,ZCTA,New Castle,BRFSS,Health Outcomes,Coronary heart disease among adults,Coronary Heart Disease,CHD,5.4,4.8,5.9,%,Crude prevalence,33580,42717,39.5838947,-75.6969951
2023,19701,19701,ZCTA,New Castle,BRFSS,Health Outcomes,Current asthma among adults,Current Asthma,CASTHMA,10.6,9.4,11.9,%,Crude prevalence,33580,42717,39.5838947,-75.6969951
2023,19701,19701,ZCTA,New Castle,BRFSS,Health Outcomes,Depression among adults,Depression,DEPRESSION,20.8,17.9,23.8,%,Crude prevalence,33580,42717,39.5838947,-75.6969951
2023,19701,19701,ZCTA,New Castle,BRFSS,Health Outcomes,Diagnosed diabetes among adults,Diabetes,DIABETES,11.9,10.5,13.4,%,Crude prevalence,33580,42717,39.5838947,-75.6969951
2023,19701,19701,ZCTA,New Castle,BRFSS,Health Outcomes,High blood pressure among adults,High Blood Pressure,BPHIGH,34.5,31.2,37.8,%,Crude prevalence,33580,42717,39.5838947,-75.6969951
2023,19701,19701,ZCTA,New Castle,BRFSS,Health Outcomes,High cholesterol among adults who have ever been screened,High Cholesterol,HIGHCHOL,37.9,34.2,41.5,%,Crude prevalence,33580,42717,39.5838947,-75.6969951
2023,19701,19701,ZCTA,New Castle,BRFSS,Health Outcomes,Obesity among adults,Obesity,OBESITY,33.3,27.8,38.8,%,Crude prevalence,33580,42717,39.5838947,-75.6969951
2023,19701,19701,ZCTA,New Castle,BRFSS,Health Outcomes,Stroke among adults,Stroke,STROKE,3.2,2.9,3.4,%,Crude prevalence,33580,42717,39.5838947,-75.6969951
2022,19702,19702,ZCTA,New Castle,BRFSS,Health Outcomes,All teeth lost among adults aged >=65 years,All Teeth Lost,TEETHLOST,10.7,8.8,12.8,%,Crude prevalence,42790,55653,39.6181998,-75.7297243
2023,19702,19702,ZCTA,New Castle,BRFSS,Health Outcomes,Arthritis among adults,Arthritis,ARTHRITIS,22.1,19.8,24.5,%,Crude prevalence,42790,55653,39.6181998,-75.7297243
2023,19702,19702,ZCTA,New Castle,BRFSS,Health Outcomes,Cancer (non-skin) or melanoma among adults,Cancer (non-skin) or Melanoma,CANCER,6.4,5.8,7.0,%,Crude prevalence,42790,55653,39.6181998,-75.7297243
2023,19702,19702,ZCTA,New Castle,BRFSS,Health Outcomes,Chronic obstructive pulmonary disease among adults,COPD,COPD,5.2,4.7,5.8,%,Crude prevalence,42790,55653,39.6181998,-75.7297243
2023,19702,19702,ZCTA,New Castle,BRFSS,Health Outcomes,Coronary heart disease among adults,Coronary Heart Disease,CHD,4.8,4.3,5.2,%,Crude prevalence,42790,55653,39.6181998,-75.7297243
2023,19702,19702,ZCTA,New Castle,BRFSS,Health Outcomes,Current asthma among adults,Current Asthma,CASTHMA,10.5,9.4,11.8,%,Crude prevalence,42790,55653,39.6181998,-75.7297243
2023,19702,19702,ZCTA,New Castle,BRFSS,Health Outcomes,Depression among adults,Depression,DEPRESSION,20.8,17.9,23.8,%,Crude prevalence,42790,55653,39.6181998,-75.7297243
2023,19702,19702,ZCTA,New Castle,BRFSS,Health Outcomes,Diagnosed diabetes among adults,Diabetes,DIABETES,11.2,9.8,12.5,%,Crude prevalence,42790,55653,39.6181998,-75.7297243
2023,19702,19702,ZCTA,New Castle,BRFSS,Health Outcomes,High blood pressure among adults,High Blood Pressure,BPHIGH,32.2,29.0,35.5,%,Crude prevalence,42790,55653,39.6181998,-75.7297243
2023,19702,19702,ZCTA,New Castle,BRFSS,Health Outcomes,High cholesterol among adults who have ever been screened,High Cholesterol,HIGHCHOL,35.9,32.4,39.4,%,Crude prevalence,42790,55653,39.6181998,-75.7297243
2023,19702,19702,ZCTA,New Castle,BRFSS,Health Outcomes,Obesity among adults,Obesity,OBESITY,33.2,27.7,38.7,%,Crude prevalence,42790,55653,39.6181998,-75.7297243
2023,19702,19702,ZCTA,New Castle,BRFSS,Health Outcomes,Stroke among adults,Stroke,STROKE,2.9,2.7,3.1,%,Crude prevalence,42790,55653,39.6181998,-75.7297243
2022,19703,19703,ZCTA,New Castle,BRFSS,Health Outcomes,All teeth lost among adults aged >=65 years,All Teeth Lost,TEETHLOST,11.4,9.4,13.7,%,Crude prevalence,12679,16175,39.8015141,-75.4538529
2023,19703,19703,ZCTA,New Castle,BRFSS,Health Outcomes,Arthritis among adults,Arthritis,ARTHRITIS,23.5,21.0,25.9,%,Crude prevalence,12679,16175,39.8015141,-75.4538529
2023,19703,19703,ZCTA,New Castle,BRFSS,Health Outcomes,Cancer (non-skin) or melanoma among adults,Cancer (non-skin) or Melanoma,CANCER,7.2,6.6,7.9,%,Crude prevalence,12679,16175,39.8015141,-75.4538529
2023,19703,19703,ZCTA,New Castle,BRFSS,Health Outcomes,Chronic obstructive pulmonary disease among adults,COPD,COPD,5.4,4.8,6.1,%,Crude prevalence,12679,16175,39.8015141,-75.4538529
2023,19703,19703,ZCTA,New Castle,BRFSS,Health Outcomes,Coronary heart disease among adults,Coronary Heart Disease,CHD,5.1,4.6,5.7,%,Crude prevalence,12679,16175,39.8015141,-75.4538529
2023,19703,19703,ZCTA,New Castle,BRFSS,Health Outcomes,Current asthma among adults,Current Asthma,CASTHMA,10.5,9.3,11.8,%,Crude prevalence,12679,16175,39.8015141,-75.4538529
2023,19703,19703,ZCTA,New Castle,BRFSS,Health Outcomes,Depression among adults,Depression,DEPRESSION,21.1,18.0,24.1,%,Crude prevalence,12679,16175,39.8015141,-75.4538529
2023,19703,19703,ZCTA,New Castle,BRFSS,Health Outcomes,Diagnosed diabetes among adults,Diabetes,DIABETES,11.0,9.7,12.4,%,Crude prevalence,12679,16175,39.8015141,-75.4538529
2023,19703,19703,ZCTA,New Castle,BRFSS,Health Outcomes,High blood pressure among adults,High Blood Pressure,BPHIGH,33.1,29.7,36.2,%,Crude prevalence,12679,16175,39.8015141,-75.4538529
2023,19703,19703,ZCTA,New Castle,BRFSS,Health Outcomes,High cholesterol among adults who have ever been screened,High Cholesterol,HIGHCHOL,36.4,32.7,39.9,%,Crude prevalence,12679,16175,39.8015141,-75.4538529
2023,19703,19703,ZCTA,New Castle,BRFSS,Health Outcomes,Obesity among adults,Obesity,OBESITY,33.1,27.5,38.5,%,Crude prevalence,12679,16175,39.8015141,-75.4538529
2023,19703,19703,ZCTA,New Castle,BRFSS,Health Outcomes,Stroke among adults,Stroke,STROKE,3.0,2.8,3.3,%,Crude prevalence,12679,16175,39.8015141,-75.4538529
2022,19706,19706,ZCTA,New Castle,BRFSS,Health Outcomes,All teeth lost among adults aged >=65 years,All Teeth Lost,TEETHLOST,9.5,7.8,11.5,%,Crude prevalence,1528,1938,39.5749538,-75.5906758
2023,19706,19706,ZCTA,New Castle,BRFSS,Health Outcomes,Arthritis among adults,Arthritis,ARTHRITIS,27.9,25.1,30.8,%,Crude prevalence,1528,1938,39.5749538,-75.5906758
2023,19706,19706,ZCTA,New Castle,BRFSS,Health Outcomes,Cancer (non-skin) or melanoma among adults,Cancer (non-skin) or Melanoma,CANCER,9.3,8.4,10.3,%,Crude prevalence,1528,1938,39.5749538,-75.5906758
2023,19706,19706,ZCTA,New Castle,BRFSS,Health Outcomes,Chronic obstructive pulmonary disease among adults,COPD,COPD,7.2,6.1,8.3,%,Crude prevalence,1528,1938,39.5749538,-75.5906758
2023,19706,19706,ZCTA,New Castle,BRFSS,Health Outcomes,Coronary heart disease among adults,Coronary Heart Disease,CHD,6.6,5.9,7.5,%,Crude prevalence,1528,1938,39.5749538,-75.5906758
2023,19706,19706,ZCTA,New Castle,BRFSS,Health Outcomes,Current asthma among adults,Current Asthma,CASTHMA,10.7,9.5,12.1,%,Crude prevalence,1528,1938,39.5749538,-75.5906758
2023,19706,19706,ZCTA,New Castle,BRFSS,Health Outcomes,Depression among adults,Depression,DEPRESSION,23.5,20.2,26.9,%,Crude prevalence,1528,1938,39.5749538,-75.5906758
2023,19706,19706,ZCTA,New Castle,BRFSS,Health Outcomes,Diagnosed diabetes among adults,Diabetes,DIABETES,11.8,10.3,13.5,%,Crude prevalence,1528,1938,39.5749538,-75.5906758
2023,19706,19706,ZCTA,New Castle,BRFSS,Health Outcomes,High blood pressure among adults,High Blood Pressure,BPHIGH,35.5,32.1,38.9,%,Crude prevalence,1528,1938,39.5749538,-75.5906758
2023,19706,19706,ZCTA,New Castle,BRFSS,Health Outcomes,High cholesterol among adults who have ever been screened,High Cholesterol,HIGHCHOL,39.7,35.9,43.4,%,Crude prevalence,1528,1938,39.5749538,-75.5906758
2023,19706,19706,ZCTA,New Castle,BRFSS,Health Outcomes,Obesity among adults,Obesity,OBESITY,33.4,27.9,39.2,%,Crude prevalence,1528,1938,39.5749538,-75.5906758
2023,19706,19706,ZCTA,New Castle,BRFSS,Health Outcomes,Stroke among adults,Stroke,STROKE,3.5,3.1,3.9,%,Crude prevalence,1528,1938,39.5749538,-75.5906758
2022,19707,19707,ZCTA,New Castle,BRFSS,Health Outcomes,All teeth lost among adults aged >=65 years,All Teeth Lost,TEETHLOST,4.5,3.6,5.6,%,Crude prevalence,13825,17274,39.785594,-75.68364
2023,19707,19707,ZCTA,New Castle,BRFSS,Health Outcomes,Arthritis among adults,Arthritis,ARTHRITIS,27.1,24.2,30.0,%,Crude prevalence,13825,17274,39.785594,-75.68364
2023,19707,19707,ZCTA,New Castle,BRFSS,Health Outcomes,Cancer (non-skin) or melanoma among adults,Cancer (non-skin) or Melanoma,CANCER,11.5,10.5,12.5,%,Crude prevalence,13825,17274,39.785594,-75.68364
2023,19707,19707,ZCTA,New Castle,BRFSS,Health Outcomes,Chronic obstructive pulmonary disease among adults,COPD,COPD,4.7,4.1,5.4,%,Crude prevalence,13825,17274,39.785594,-75.68364
2023,19707,19707,ZCTA,New Castle,BRFSS,Health Outcomes,Coronary heart disease among adults,Coronary Heart Disease,CHD,6.0,5.4,6.7,%,Crude prevalence,13825,17274,39.785594,-75.68364
2023,19707,19707,ZCTA,New Castle,BRFSS,Health Outcomes,Current asthma among adults,Current Asthma,CASTHMA,9.0,7.9,10.0,%,Crude prevalence,13825,17274,39.785594,-75.68364
2023,19707,19707,ZCTA,New Castle,BRFSS,Health Outcomes,Depression among adults,Depression,DEPRESSION,19.0,16.3,21.8,%,Crude prevalence,13825,17274,39.785594,-75.68364
2023,19707,19707,ZCTA,New Castle,BRFSS,Health Outcomes,Diagnosed diabetes among adults,Diabetes,DIABETES,10.3,9.0,11.7,%,Crude prevalence,13825,17274,39.785594,-75.68364
2023,19707,19707,ZCTA,New Castle,BRFSS,Health Outcomes,High blood pressure among adults,High Blood Pressure,BPHIGH,33.7,30.3,37.2,%,Crude prevalence,13825,17274,39.785594,-75.68364
2023,19707,19707,ZCTA,New Castle,BRFSS,Health Outcomes,High cholesterol among adults who have ever been screened,High Cholesterol,HIGHCHOL,42.1,38.2,45.9,%,Crude prevalence,13825,17274,39.785594,-75.68364
2023,19707,19707,ZCTA,New Castle,BRFSS,Health Outcomes,Obesity among adults,Obesity,OBESITY,25.6,20.8,30.5,%,Crude prevalence,13825,17274,39.785594,-75.68364
2023,19707,19707,ZCTA,New Castle,BRFSS,Health Outcomes,Stroke among adults,Stroke,STROKE,2.9,2.6,3.2,%,Crude prevalence,13825,17274,39.785594,-75.68364
2022,19709,19709,ZCTA,New Castle,BRFSS,Health Outcomes,All teeth lost among adults aged >=65 years,All Teeth Lost,TEETHLOST,9.2,7.5,11.1,%,Crude prevalence,36764,49599,39.4943689,-75.67747
2023,19709,19709,ZCTA,New Castle,BRFSS,Health Outcomes,Arthritis among adults,Arthritis,ARTHRITIS,23.9,21.3,26.4,%,Crude prevalence,36764,49599,39.4943689,-75.67747
2023,19709,19709,ZCTA,New Castle,BRFSS,Health Outcomes,Cancer (non-skin) or melanoma among adults,Cancer (non-skin) or Melanoma,CANCER,7.9,7.3,8.7,%,Crude prevalence,36764,49599,39.4943689,-75.67747
2023,19709,19709,ZCTA,New Castle,BRFSS,Health Outcomes,Chronic obstructive pulmonary disease among adults,COPD,COPD,5.0,4.4,5.6,%,Crude prevalence,36764,49599,39.4943689,-75.67747
2023,19709,19709,ZCTA,New Castle,BRFSS,Health Outcomes,Coronary heart disease among adults,Coronary Heart Disease,CHD,5.0,4.5,5.5,%,Crude prevalence,36764,49599,39.4943689,-75.67747
2023,19709,19709,ZCTA,New Castle,BRFSS,Health Outcomes,Current asthma among adults,Current Asthma,CASTHMA,10.4,9.2,11.6,%,Crude prevalence,36764,49599,39.4943689,-75.67747
2023,19709,19709,ZCTA,New Castle,BRFSS,Health Outcomes,Depression among adults,Depression,DEPRESSION,21.2,18.2,24.2,%,Crude prevalence,36764,49599,39.4943689,-75.67747
2023,19709,19709,ZCTA,New Castle,BRFSS,Health Outcomes,Diagnosed diabetes among adults,Diabetes,DIABETES,10.4,9.1,11.8,%,Crude prevalence,36764,49599,39.4943689,-75.67747
2023,19709,19709,ZCTA,New Castle,BRFSS,Health Outcomes,High blood pressure among adults,High Blood Pressure,BPHIGH,32.4,29.1,35.7,%,Crude prevalence,36764,49599,39.4943689,-75.67747
2023,19709,19709,ZCTA,New Castle,BRFSS,Health Outcomes,High cholesterol among adults who have ever been screened,High Cholesterol,HIGHCHOL,37.2,33.5,40.8,%,Crude prevalence,36764,49599,39.4943689,-75.67747
2023,19709,19709,ZCTA,New Castle,BRFSS,Health Outcomes,Obesity among adults,Obesity,OBESITY,31.7,26.3,37.2,%,Crude prevalence,36764,49599,39.4943689,-75.67747
2023,19709,19709,ZCTA,New Castle,BRFSS,Health Outcomes,Stroke among adults,Stroke,STROKE,2.8,2.6,3.0,%,Crude prevalence,36764,49599,39.4943689,-75.67747
2022,19710,19710,ZCTA,New Castle,BRFSS,Health Outcomes,All teeth lost among adults aged >=65 years,All Teeth Lost,TEETHLOST,5.6,4.5,6.9,%,Crude prevalence,93,108,39.789573,-75.5846839
2023,19710,19710,ZCTA,New Castle,BRFSS,Health Outcomes,Arthritis among adults,Arthritis,ARTHRITIS,30.9,27.7,34.4,%,Crude prevalence,93,108,39.789573,-75.5846839
2023,19710,19710,ZCTA,New Castle,BRFSS,Health Outcomes,Cancer (non-skin) or melanoma among adults,Cancer (non-skin) or Melanoma,CANCER,13.3,12.0,14.7,%,Crude prevalence,93,108,39.789573,-75.5846839
2023,19710,19710,ZCTA,New Castle,BRFSS,Health Outcomes,Chronic obstructive pulmonary disease among adults,COPD,COPD,5.2,4.0,6.8,%,Crude prevalence,93,108,39.789573,-75.5846839
2023,19710,19710,ZCTA,New Castle,BRFSS,Health Outcomes,Coronary heart disease among adults,Coronary Heart Disease,CHD,6.0,5.0,7.1,%,Crude prevalence,93,108,39.789573,-75.5846839
2023,19710,19710,ZCTA,New Castle,BRFSS,Health Outcomes,Current asthma among adults,Current Asthma,CASTHMA,9.6,8.5,11.0,%,Crude prevalence,93,108,39.789573,-75.5846839
2023,19710,19710,ZCTA,New Castle,BRFSS,Health Outcomes,Depression among adults,Depression,DEPRESSION,20.8,17.7,24.2,%,Crude prevalence,93,108,39.789573,-75.5846839
2023,19710,19710,ZCTA,New Castle,BRFSS,Health Outcomes,Diagnosed diabetes among adults,Diabetes,DIABETES,10.5,8.9,12.5,%,Crude prevalence,93,108,39.789573,-75.5846839
2023,19710,19710,ZCTA,New Castle,BRFSS,Health Outcomes,High blood pressure among adults,High Blood Pressure,BPHIGH,35.6,31.9,39.5,%,Crude prevalence,93,108,39.789573,-75.5846839
2023,19710,19710,ZCTA,New Castle,BRFSS,Health Outcomes,High cholesterol among adults who have ever been screened,High Cholesterol,HIGHCHOL,43.7,39.8,47.6,%,Crude prevalence,93,108,39.789573,-75.5846839
2023,19710,19710,ZCTA,New Castle,BRFSS,Health Outcomes,Obesity among adults,Obesity,OBESITY,27.6,22.6,33.2,%,Crude prevalence,93,108,39.789573,-75.5846839
2023,19710,19710,ZCTA,New Castle,BRFSS,Health Outcomes,Stroke among adults,Stroke,STROKE,3.0,2.5,3.6,%,Crude prevalence,93,108,39.789573,-75.5846839
2022,19711,19711,ZCTA,New Castle,BRFSS,Health Outcomes,All teeth lost among adults aged >=65 years,All Teeth Lost,TEETHLOST,8.9,7.3,10.7,%,Crude prevalence,40581,48477,39.7137809,-75.7408261
2023,19711,19711,ZCTA,New Castle,BRFSS,Health Outcomes,Arthritis among adults,Arthritis,ARTHRITIS,23.0,20.7,25.4,%,Crude prevalence,40581,48477,39.7137809,-75.7408261
2023,19711,19711,ZCTA,New Castle,BRFSS,Health Outcomes,Cancer (non-skin) or melanoma among adults,Cancer (non-skin) or Melanoma,CANCER,8.3,7.5,9.0,%,Crude prevalence,40581,48477,39.7137809,-75.7408261
2023,19711,19711,ZCTA,New Castle,BRFSS,Health Outcomes,Chronic obstructive pulmonary disease among adults,COPD,COPD,5.5,4.9,6.1,%,Crude prevalence,40581,48477,39.7137809,-75.7408261
2023,19711,19711,ZCTA,New Castle,BRFSS,Health Outcomes,Coronary heart disease among adults,Coronary Heart Disease,CHD,5.3,4.8,5.9,%,Crude prevalence,40581,48477,39.7137809,-75.7408261
2023,19711,19711,ZCTA,New Castle,BRFSS,Health Outcomes,Current asthma among adults,Current Asthma,CASTHMA,10.3,9.2,11.5,%,Crude prevalence,40581,48477,39.7137809,-75.7408261
2023,19711,19711,ZCTA,New Castle,BRFSS,Health Outcomes,Depression among adults,Depression,DEPRESSION,23.3,20.1,26.4,%,Crude prevalence,40581,48477,39.7137809,-75.7408261
2023,19711,19711,ZCTA,New Castle,BRFSS,Health Outcomes,Diagnosed diabetes among adults,Diabetes,DIABETES,9.6,8.5,10.9,%,Crude prevalence,40581,48477,39.7137809,-75.7408261
2023,19711,19711,ZCTA,New Castle,BRFSS,Health Outcomes,High blood pressure among adults,High Blood Pressure,BPHIGH,30.4,27.3,33.4,%,Crude prevalence,40581,48477,39.7137809,-75.7408261
2023,19711,19711,ZCTA,New Castle,BRFSS,Health Outcomes,High cholesterol among adults who have ever been screened,High Cholesterol,HIGHCHOL,36.9,33.4,40.2,%,Crude prevalence,40581,48477,39.7137809,-75.7408261
2023,19711,19711,ZCTA,New Castle,BRFSS,Health Outcomes,Obesity among adults,Obesity,OBESITY,29.7,24.5,35.0,%,Crude prevalence,40581,48477,39.7137809,-75.7408261
2023,19711,19711,ZCTA,New Castle,BRFSS,Health Outcomes,Stroke among adults,Stroke,STROKE,2.8,2.6,3.0,%,Crude prevalence,40581,48477,39.7137809,-75.7408261
2022,19713,19713,ZCTA,New Castle,BRFSS,Health Outcomes,All teeth lost among adults aged >=65 years,All Teeth Lost,TEETHLOST,12.1,10.1,14.5,%,Crude prevalence,25160,31867,39.6707511,-75.7101225
2023,19713,19713,ZCTA,New Castle,BRFSS,Health Outcomes,Arthritis among adults,Arthritis,ARTHRITIS,26.1,23.5,28.7,%,Crude prevalence,25160,31867,39.6707511,-75.7101225
2023,19713,19713,ZCTA,New Castle,BRFSS,Health Outcomes,Cancer (non-skin) or melanoma among adults,Cancer (non-skin) or Melanoma,CANCER,8.2,7.5,8.9,%,Crude prevalence,25160,31867,39.6707511,-75.7101225
2023,19713,19713,ZCTA,New Castle,BRFSS,Health Outcomes,Chronic obstructive pulmonary disease among adults,COPD,COPD,6.9,6.2,7.7,%,Crude prevalence,25160,31867,39.6707511,-75.7101225
2023,19713,19713,ZCTA,New Castle,BRFSS,Health Outcomes,Coronary heart disease among adults,Coronary Heart Disease,CHD,6.4,5.7,7.0,%,Crude prevalence,25160,31867,39.6707511,-75.7101225
2023,19713,19713,ZCTA,New Castle,BRFSS,Health Outcomes,Current asthma among adults,Current Asthma,CASTHMA,10.7,9.4,11.9,%,Crude prevalence,25160,31867,39.6707511,-75.7101225
2023,19713,19713,ZCTA,New Castle,BRFSS,Health Outcomes,Depression among adults,Depression,DEPRESSION,22.1,19.0,25.2,%,Crude prevalence,25160,31867,39.6707511,-75.7101225
2023,19713,19713,ZCTA,New Castle,BRFSS,Health Outcomes,Diagnosed diabetes among adults,Diabetes,DIABETES,12.5,11.0,14.0,%,Crude prevalence,25160,31867,39.6707511,-75.7101225
2023,19713,19713,ZCTA,New Castle,BRFSS,Health Outcomes,High blood pressure among adults,High Blood Pressure,BPHIGH,35.3,31.8,38.5,%,Crude prevalence,25160,31867,39.6707511,-75.7101225
2023,19713,19713,ZCTA,New Castle,BRFSS,Health Outcomes,High cholesterol among adults who have ever been screened,High Cholesterol,HIGHCHOL,38.6,34.9,42.1,%,Crude prevalence,25160,31867,39.6707511,-75.7101225
2023,19713,19713,ZCTA,New Castle,BRFSS,Health Outcomes,Obesity among adults,Obesity,OBESITY,34.0,28.3,39.5,%,Crude prevalence,25160,31867,39.6707511,-75.7101225
2023,19713,19713,ZCTA,New Castle,BRFSS,Health Outcomes,Stroke among adults,Stroke,STROKE,3.6,3.3,3.9,%,Crude prevalence,25160,31867,39.6707511,-75.7101225
2022,19717,19717,ZCTA,New Castle,BRFSS,Health Outcomes,All teeth lost among adults aged >=65 years,All Teeth Lost,TEETHLOST,12.1,9.6,15.1,%,Crude prevalence,6185,6201,39.678689,-75.7499623
2023,19717,19717,ZCTA,New Castle,BRFSS,Health Outcomes,Arthritis among adults,Arthritis,ARTHRITIS,5.4,4.5,6.3,%,Crude prevalence,6185,6201,39.678689,-75.7499623
2023,19717,19717,ZCTA,New Castle,BRFSS,Health Outcomes,Cancer (non-skin) or melanoma among adults,Cancer (non-skin) or Melanoma,CANCER,0.8,0.7,0.9,%,Crude prevalence,6185,6201,39.678689,-75.7499623
2023,19717,19717,ZCTA,New Castle,BRFSS,Health Outcomes,Chronic obstructive pulmonary disease among adults,COPD,COPD,2.8,2.2,3.4,%,Crude prevalence,6185,6201,39.678689,-75.7499623
2023,19717,19717,ZCTA,New Castle,BRFSS,Health Outcomes,Coronary heart disease among adults,Coronary Heart Disease,CHD,1.0,0.9,1.1,%,Crude prevalence,6185,6201,39.678689,-75.7499623
2023,19717,19717,ZCTA,New Castle,BRFSS,Health Outcomes,Current asthma among adults,Current Asthma,CASTHMA,13.1,11.6,14.7,%,Crude prevalence,6185,6201,39.678689,-75.7499623
2023,19717,19717,ZCTA,New Castle,BRFSS,Health Outcomes,Depression among adults,Depression,DEPRESSION,30.8,26.8,34.8,%,Crude prevalence,6185,6201,39.678689,-75.7499623
2023,19717,19717,ZCTA,New Castle,BRFSS,Health Outcomes,Diagnosed diabetes among adults,Diabetes,DIABETES,2.1,1.8,2.4,%,Crude prevalence,6185,6201,39.678689,-75.7499623
2023,19717,19717,ZCTA,New Castle,BRFSS,Health Outcomes,High blood pressure among adults,High Blood Pressure,BPHIGH,13.6,11.5,15.9,%,Crude prevalence,6185,6201,39.678689,-75.7499623
2023,19717,19717,ZCTA,New Castle,BRFSS,Health Outcomes,High cholesterol among adults who have ever been screened,High Cholesterol,HIGHCHOL,14.4,12.2,16.7,%,Crude prevalence,6185,6201,39.678689,-75.7499623
2023,19717,19717,ZCTA,New Castle,BRFSS,Health Outcomes,Obesity among adults,Obesity,OBESITY,28.2,23.1,33.7,%,Crude prevalence,6185,6201,39.678689,-75.7499623
2023,19717,19717,ZCTA,New Castle,BRFSS,Health Outcomes,Stroke among adults,Stroke,STROKE,0.7,0.6,0.8,%,Crude prevalence,6185,6201,39.678689,-75.7499623
2022,19720,19720,ZCTA,New Castle,BRFSS,Health Outcomes,All teeth lost among adults aged >=65 years,All Teeth Lost,TEETHLOST,14.3,11.8,17.0,%,Crude prevalence,47558,61043,39.6454667,-75.6044962
2023,19720,19720,ZCTA,New Castle,BRFSS,Health Outcomes,Arthritis among adults,Arthritis,ARTHRITIS,26.0,23.3,28.6,%,Crude prevalence,47558,61043,39.6454667,-75.6044962
2023,19720,19720,ZCTA,New Castle,BRFSS,Health Outcomes,Cancer (non-skin) or melanoma among adults,Cancer (non-skin) or Melanoma,CANCER,7.0,6.4,7.6,%,Crude prevalence,47558,61043,39.6454667,-75.6044962
2023,19720,19720,ZCTA,New Castle,BRFSS,Health Outcomes,Chronic obstructive pulmonary disease among adults,COPD,COPD,6.7,6.0,7.4,%,Crude prevalence,47558,61043,39.6454667,-75.6044962
2023,19720,19720,ZCTA,New Castle,BRFSS,Health Outcomes,Coronary heart disease among adults,Coronary Heart Disease,CHD,6.1,5.5,6.7,%,Crude prevalence,47558,61043,39.6454667,-75.6044962
2023,19720,19720,ZCTA,New Castle,BRFSS,Health Outcomes,Current asthma among adults,Current Asthma,CASTHMA,11.2,10.0,12.6,%,Crude prevalence,47558,61043,39.6454667,-75.6044962
2023,19720,19720,ZCTA,New Castle,BRFSS,Health Outcomes,Depression among adults,Depression,DEPRESSION,20.9,17.9,23.8,%,Crude prevalence,47558,61043,39.6454667,-75.6044962
2023,19720,19720,ZCTA,New Castle,BRFSS,Health Outcomes,Diagnosed diabetes among adults,Diabetes,DIABETES,13.9,12.4,15.6,%,Crude prevalence,47558,61043,39.6454667,-75.6044962
2023,19720,19720,ZCTA,New Castle,BRFSS,Health Outcomes,High blood pressure among adults,High Blood Pressure,BPHIGH,37.7,34.3,41.0,%,Crude prevalence,47558,61043,39.6454667,-75.6044962
2023,19720,19720,ZCTA,New Castle,BRFSS,Health Outcomes,High cholesterol among adults who have ever been screened,High Cholesterol,HIGHCHOL,37.9,34.3,41.4,%,Crude prevalence,47558,61043,39.6454667,-75.6044962
2023,19720,19720,ZCTA,New Castle,BRFSS,Health Outcomes,Obesity among adults,Obesity,OBESITY,37.3,31.4,43.1,%,Crude prevalence,47558,61043,39.6454667,-75.6044962
2023,19720,19720,ZCTA,New Castle,BRFSS,Health Outcomes,Stroke among adults,Stroke,STROKE,3.8,3.6,4.1,%,Crude prevalence,47558,61043,39.6454667,-75.6044962
2022,19730,19730,ZCTA,New Castle,BRFSS,Health Outcomes,All teeth lost among adults aged >=65 years,All Teeth Lost,TEETHLOST,3.3,2.6,4.1,%,Crude prevalence,379,472,39.4549542,-75.6610367
2023,19730,19730,ZCTA,New Castle,BRFSS,Health Outcomes,Arthritis among adults,Arthritis,ARTHRITIS,26.3,23.5,29.3,%,Crude prevalence,379,472,39.4549542,-75.6610367
2023,19730,19730,ZCTA,New Castle,BRFSS,Health Outcomes,Cancer (non-skin) or melanoma among adults,Cancer (non-skin) or Melanoma,CANCER,10.6,9.6,11.6,%,Crude prevalence,379,472,39.4549542,-75.6610367
2023,19730,19730,ZCTA,New Castle,BRFSS,Health Outcomes,Chronic obstructive pulmonary disease among adults,COPD,COPD,5.1,4.0,6.5,%,Crude prevalence,379,472,39.4549542,-75.6610367
2023,19730,19730,ZCTA,New Castle,BRFSS,Health Outcomes,Coronary heart disease among adults,Coronary Heart Disease,CHD,5.4,4.7,6.3,%,Crude prevalence,379,472,39.4549542,-75.6610367
2023,19730,19730,ZCTA,New Castle,BRFSS,Health Outcomes,Current asthma among adults,Current Asthma,CASTHMA,9.9,8.7,11.2,%,Crude prevalence,379,472,39.4549542,-75.6610367
2023,19730,19730,ZCTA,New Castle,BRFSS,Health Outcomes,Depression among adults,Depression,DEPRESSION,21.6,18.5,24.9,%,Crude prevalence,379,472,39.4549542,-75.6610367
2023,19730,19730,ZCTA,New Castle,BRFSS,Health Outcomes,Diagnosed diabetes among adults,Diabetes,DIABETES,9.5,8.1,11.0,%,Crude prevalence,379,472,39.4549542,-75.6610367
2023,19730,19730,ZCTA,New Castle,BRFSS,Health Outcomes,High blood pressure among adults,High Blood Pressure,BPHIGH,32.1,28.7,35.7,%,Crude prevalence,379,472,39.4549542,-75.6610367
2023,19730,19730,ZCTA,New Castle,BRFSS,Health Outcomes,High cholesterol among adults who have ever been screened,High Cholesterol,HIGHCHOL,39.6,35.8,43.4,%,Crude prevalence,379,472,39.4549542,-75.6610367
2023,19730,19730,ZCTA,New Castle,BRFSS,Health Outcomes,Obesity among adults,Obesity,OBESITY,29.2,23.8,34.8,%,Crude prevalence,379,472,39.4549542,-75.6610367
2023,19730,19730,ZCTA,New Castle,BRFSS,Health Outcomes,Stroke among adults,Stroke,STROKE,2.7,2.4,3.2,%,Crude prevalence,379,472,39.4549542,-75.6610367
2022,19731,19731,ZCTA,New Castle,BRFSS,Health Outcomes,All teeth lost among adults aged >=65 years,All Teeth Lost,TEETHLOST,6.8,5.5,8.3,%,Crude prevalence,276,329,39.5094336,-75.6012906
2023,19731,19731,ZCTA,New Castle,BRFSS,Health Outcomes,Arthritis among adults,Arthritis,ARTHRITIS,27.3,24.3,30.2,%,Crude prevalence,276,329,39.5094336,-75.6012906
2023,19731,19731,ZCTA,New Castle,BRFSS,Health Outcomes,Cancer (non-skin) or melanoma among adults,Cancer (non-skin) or Melanoma,CANCER,10.5,9.5,11.5,%,Crude prevalence,276,329,39.5094336,-75.6012906
2023,19731,19731,ZCTA,New Castle,BRFSS,Health Outcomes,Chronic obstructive pulmonary disease among adults,COPD,COPD,5.9,4.8,7.1,%,Crude prevalence,276,329,39.5094336,-75.6012906
2023,19731,19731,ZCTA,New Castle,BRFSS,Health Outcomes,Coronary heart disease among adults,Coronary Heart Disease,CHD,5.7,5.0,6.5,%,Crude prevalence,276,329,39.5094336,-75.6012906
2023,19731,19731,ZCTA,New Castle,BRFSS,Health Outcomes,Current asthma among adults,Current Asthma,CASTHMA,10.1,8.9,11.4,%,Crude prevalence,276,329,39.5094336,-75.6012906
2023,19731,19731,ZCTA,New Castle,BRFSS,Health Outcomes,Depression among adults,Depression,DEPRESSION,22.5,19.3,25.7,%,Crude prevalence,276,329,39.5094336,-75.6012906
2023,19731,19731,ZCTA,New Castle,BRFSS,Health Outcomes,Diagnosed diabetes among adults,Diabetes,DIABETES,10.0,8.6,11.5,%,Crude prevalence,276,329,39.5094336,-75.6012906
2023,19731,19731,ZCTA,New Castle,BRFSS,Health Outcomes,High blood pressure among adults,High Blood Pressure,BPHIGH,32.9,29.4,36.4,%,Crude prevalence,276,329,39.5094336,-75.6012906
2023,19731,19731,ZCTA,New Castle,BRFSS,Health Outcomes,High cholesterol among adults who have ever been screened,High Cholesterol,HIGHCHOL,40.8,37.1,44.5,%,Crude prevalence,276,329,39.5094336,-75.6012906
2023,19731,19731,ZCTA,New Castle,BRFSS,Health Outcomes,Obesity among adults,Obesity,OBESITY,29.7,24.4,35.2,%,Crude prevalence,276,329,39.5094336,-75.6012906
2023,19731,19731,ZCTA,New Castle,BRFSS,Health Outcomes,Stroke among adults,Stroke,STROKE,2.9,2.5,3.3,%,Crude prevalence,276,329,39.5094336,-75.6012906
2022,19732,19732,ZCTA,New Castle,BRFSS,Health Outcomes,All teeth lost among adults aged >=65 years,All Teeth Lost,TEETHLOST,6.2,4.9,7.6,%,Crude prevalence,200,223,39.8002958,-75.5745993
2023,19732,19732,ZCTA,New Castle,BRFSS,Health Outcomes,Arthritis among adults,Arthritis,ARTHRITIS,27.3,24.2,30.4,%,Crude prevalence,200,223,39.8002958,-75.5745993
2023,19732,19732,ZCTA,New Castle,BRFSS,Health Outcomes,Cancer (non-skin) or melanoma among adults,Cancer (non-skin) or Melanoma,CANCER,12.4,11.2,13.6,%,Crude prevalence,200,223,39.8002958,-75.5745993
2023,19732,19732,ZCTA,New Castle,BRFSS,Health Outcomes,Chronic obstructive pulmonary disease among adults,COPD,COPD,4.5,3.6,5.8,%,Crude prevalence,200,223,39.8002958,-75.5745993
2023,19732,19732,ZCTA,New Castle,BRFSS,Health Outcomes,Coronary heart disease among adults,Coronary Heart Disease,CHD,6.2,5.4,7.3,%,Crude prevalence,200,223,39.8002958,-75.5745993
2023,19732,19732,ZCTA,New Castle,BRFSS,Health Outcomes,Current asthma among adults,Current Asthma,CASTHMA,9.2,8.1,10.3,%,Crude prevalence,200,223,39.8002958,-75.5745993
2023,19732,19732,ZCTA,New Castle,BRFSS,Health Outcomes,Depression among adults,Depression,DEPRESSION,20.0,17.1,22.9,%,Crude prevalence,200,223,39.8002958,-75.5745993
2023,19732,19732,ZCTA,New Castle,BRFSS,Health Outcomes,Diagnosed diabetes among adults,Diabetes,DIABETES,9.4,8.1,11.1,%,Crude prevalence,200,223,39.8002958,-75.5745993
2023,19732,19732,ZCTA,New Castle,BRFSS,Health Outcomes,High blood pressure among adults,High Blood Pressure,BPHIGH,33.6,30.0,37.2,%,Crude prevalence,200,223,39.8002958,-75.5745993
2023,19732,19732,ZCTA,New Castle,BRFSS,Health Outcomes,High cholesterol among adults who have ever been screened,High Cholesterol,HIGHCHOL,42.5,38.4,46.3,%,Crude prevalence,200,223,39.8002958,-75.5745993
2023,19732,19732,ZCTA,New Castle,BRFSS,Health Outcomes,Obesity among adults,Obesity,OBESITY,25.8,20.9,31.0,%,Crude prevalence,200,223,39.8002958,-75.5745993
2023,19732,19732,ZCTA,New Castle,BRFSS,Health Outcomes,Stroke among adults,Stroke,STROKE,2.7,2.4,3.3,%,Crude prevalence,200,223,39.8002958,-75.5745993
2022,19733,19733,ZCTA,New Castle,BRFSS,Health Outcomes,All teeth lost among adults aged >=65 years,All Teeth Lost,TEETHLOST,10.6,8.7,12.8,%,Crude prevalence,256,320,39.5590847,-75.6515225
2023,19733,19733,ZCTA,New Castle,BRFSS,Health Outcomes,Arthritis among adults,Arthritis,ARTHRITIS,30.6,27.1,33.9,%,Crude prevalence,256,320,39.5590847,-75.6515225
2023,19733,19733,ZCTA,New Castle,BRFSS,Health Outcomes,Cancer (non-skin) or melanoma among adults,Cancer (non-skin) or Melanoma,CANCER,9.5,8.6,10.6,%,Crude prevalence,256,320,39.5590847,-75.6515225
2023,19733,19733,ZCTA,New Castle,BRFSS,Health Outcomes,Chronic obstructive pulmonary disease among adults,COPD,COPD,7.6,6.1,9.3,%,Crude prevalence,256,320,39.5590847,-75.6515225
2023,19733,19733,ZCTA,New Castle,BRFSS,Health Outcomes,Coronary heart disease among adults,Coronary Heart Disease,CHD,6.1,5.3,7.0,%,Crude prevalence,256,320,39.5590847,-75.6515225
2023,19733,19733,ZCTA,New Castle,BRFSS,Health Outcomes,Current asthma among adults,Current Asthma,CASTHMA,11.6,10.2,13.0,%,Crude prevalence,256,320,39.5590847,-75.6515225
2023,19733,19733,ZCTA,New Castle,BRFSS,Health Outcomes,Depression among adults,Depression,DEPRESSION,24.8,21.4,28.4,%,Crude prevalence,256,320,39.5590847,-75.6515225
2023,19733,19733,ZCTA,New Castle,BRFSS,Health Outcomes,Diagnosed diabetes among adults,Diabetes,DIABETES,12.5,10.7,14.3,%,Crude prevalence,256,320,39.5590847,-75.6515225
2023,19733,19733,ZCTA,New Castle,BRFSS,Health Outcomes,High blood pressure among adults,High Blood Pressure,BPHIGH,35.8,32.0,39.6,%,Crude prevalence,256,320,39.5590847,-75.6515225
2023,19733,19733,ZCTA,New Castle,BRFSS,Health Outcomes,High cholesterol among adults who have ever been screened,High Cholesterol,HIGHCHOL,41.9,37.9,45.7,%,Crude prevalence,256,320,39.5590847,-75.6515225
2023,19733,19733,ZCTA,New Castle,BRFSS,Health Outcomes,Obesity among adults,Obesity,OBESITY,34.1,28.2,40.1,%,Crude prevalence,256,320,39.5590847,-75.6515225
2023,19733,19733,ZCTA,New Castle,BRFSS,Health Outcomes,Stroke among adults,Stroke,STROKE,3.5,3.0,4.0,%,Crude prevalence,256,320,39.5590847,-75.6515225
2022,19734,19734,ZCTA,New Castle,BRFSS,Health Outcomes,All teeth lost among adults aged >=65 years,All Teeth Lost,TEETHLOST,9.2,7.5,11.1,%,Crude prevalence,10550,14116,39.3816439,-75.6533217
2023,19734,19734,ZCTA,New Castle,BRFSS,Health Outcomes,Arthritis among adults,Arthritis,ARTHRITIS,24.8,22.1,27.4,%,Crude prevalence,10550,14116,39.3816439,-75.6533217
2023,19734,19734,ZCTA,New Castle,BRFSS,Health Outcomes,Cancer (non-skin) or melanoma among adults,Cancer (non-skin) or Melanoma,CANCER,8.3,7.6,9.0,%,Crude prevalence,10550,14116,39.3816439,-75.6533217
2023,19734,19734,ZCTA,New Castle,BRFSS,Health Outcomes,Chronic obstructive pulmonary disease among adults,COPD,COPD,5.6,5.0,6.3,%,Crude prevalence,10550,14116,39.3816439,-75.6533217
2023,19734,19734,ZCTA,New Castle,BRFSS,Health Outcomes,Coronary heart disease among adults,Coronary Heart Disease,CHD,5.4,4.8,6.0,%,Crude prevalence,10550,14116,39.3816439,-75.6533217
2023,19734,19734,ZCTA,New Castle,BRFSS,Health Outcomes,Current asthma among adults,Current Asthma,CASTHMA,10.5,9.3,11.8,%,Crude prevalence,10550,14116,39.3816439,-75.6533217
2023,19734,19734,ZCTA,New Castle,BRFSS,Health Outcomes,Depression among adults,Depression,DEPRESSION,22.0,18.9,25.2,%,Crude prevalence,10550,14116,39.3816439,-75.6533217
2023,19734,19734,ZCTA,New Castle,BRFSS,Health Outcomes,Diagnosed diabetes among adults,Diabetes,DIABETES,10.5,9.2,11.9,%,Crude prevalence,10550,14116,39.3816439,-75.6533217
2023,19734,19734,ZCTA,New Castle,BRFSS,Health Outcomes,High blood pressure among adults,High Blood Pressure,BPHIGH,33.0,29.7,36.3,%,Crude prevalence,10550,14116,39.3816439,-75.6533217
2023,19734,19734,ZCTA,New Castle,BRFSS,Health Outcomes,High cholesterol among adults who have ever been screened,High Cholesterol,HIGHCHOL,37.5,33.8,41.1,%,Crude prevalence,10550,14116,39.3816439,-75.6533217
2023,19734,19734,ZCTA,New Castle,BRFSS,Health Outcomes,Obesity among adults,Obesity,OBESITY,32.2,26.7,37.9,%,Crude prevalence,10550,14116,39.3816439,-75.6533217
2023,19734,19734,ZCTA,New Castle,BRFSS,Health Outcomes,Stroke among adults,Stroke,STROKE,3.0,2.7,3.2,%,Crude prevalence,10550,14116,39.3816439,-75.6533217
2022,19801,19801,ZCTA,New Castle,BRFSS,Health Outcomes,All teeth lost among adults aged >=65 years,All Teeth Lost,TEETHLOST,26.0,22.1,30.1,%,Crude prevalence,12255,16219,39.723588,-75.5412081
2023,19801,19801,ZCTA,New Castle,BRFSS,Health Outcomes,Arthritis among adults,Arthritis,ARTHRITIS,26.4,23.7,29.0,%,Crude prevalence,12255,16219,39.723588,-75.5412081
2023,19801,19801,ZCTA,New Castle,BRFSS,Health Outcomes,Cancer (non-skin) or melanoma among adults,Cancer (non-skin) or Melanoma,CANCER,5.0,4.5,5.5,%,Crude prevalence,12255,16219,39.723588,-75.5412081
2023,19801,19801,ZCTA,New Castle,BRFSS,Health Outcomes,Chronic obstructive pulmonary disease among adults,COPD,COPD,9.1,8.1,10.1,%,Crude prevalence,12255,16219,39.723588,-75.5412081
2023,19801,19801,ZCTA,New Castle,BRFSS,Health Outcomes,Coronary heart disease among adults,Coronary Heart Disease,CHD,6.9,6.3,7.6,%,Crude prevalence,12255,16219,39.723588,-75.5412081
2023,19801,19801,ZCTA,New Castle,BRFSS,Health Outcomes,Current asthma among adults,Current Asthma,CASTHMA,12.9,11.4,14.4,%,Crude prevalence,12255,16219,39.723588,-75.5412081
2023,19801,19801,ZCTA,New Castle,BRFSS,Health Outcomes,Depression among adults,Depression,DEPRESSION,22.0,18.9,25.3,%,Crude prevalence,12255,16219,39.723588,-75.5412081
2023,19801,19801,ZCTA,New Castle,BRFSS,Health Outcomes,Diagnosed diabetes among adults,Diabetes,DIABETES,17.9,16.0,19.7,%,Crude prevalence,12255,16219,39.723588,-75.5412081
2023,19801,19801,ZCTA,New Castle,BRFSS,Health Outcomes,High blood pressure among adults,High Blood Pressure,BPHIGH,42.4,38.9,45.8,%,Crude prevalence,12255,16219,39.723588,-75.5412081
2023,19801,19801,ZCTA,New Castle,BRFSS,Health Outcomes,High cholesterol among adults who have ever been screened,High Cholesterol,HIGHCHOL,36.3,32.7,39.8,%,Crude prevalence,12255,16219,39.723588,-75.5412081
2023,19801,19801,ZCTA,New Castle,BRFSS,Health Outcomes,Obesity among adults,Obesity,OBESITY,44.5,38.1,50.6,%,Crude prevalence,12255,16219,39.723588,-75.5412081
2023,19801,19801,ZCTA,New Castle,BRFSS,Health Outcomes,Stroke among adults,Stroke,STROKE,5.2,4.8,5.6,%,Crude prevalence,12255,16219,39.723588,-75.5412081
2022,19802,19802,ZCTA,New Castle,BRFSS,Health Outcomes,All teeth lost among adults aged >=65 years,All Teeth Lost,TEETHLOST,16.3,13.6,19.3,%,Crude prevalence,20206,26189,39.7550415,-75.5264624
2023,19802,19802,ZCTA,New Castle,BRFSS,Health Outcomes,Arthritis among adults,Arthritis,ARTHRITIS,27.7,24.9,30.3,%,Crude prevalence,20206,26189,39.7550415,-75.5264624
2023,19802,19802,ZCTA,New Castle,BRFSS,Health Outcomes,Cancer (non-skin) or melanoma among adults,Cancer (non-skin) or Melanoma,CANCER,6.0,5.5,6.6,%,Crude prevalence,20206,26189,39.7550415,-75.5264624
2023,19802,19802,ZCTA,New Castle,BRFSS,Health Outcomes,Chronic obstructive pulmonary disease among adults,COPD,COPD,8.0,7.1,8.8,%,Crude prevalence,20206,26189,39.7550415,-75.5264624
2023,19802,19802,ZCTA,New Castle,BRFSS,Health Outcomes,Coronary heart disease among adults,Coronary Heart Disease,CHD,6.7,6.1,7.4,%,Crude prevalence,20206,26189,39.7550415,-75.5264624
2023,19802,19802,ZCTA,New Castle,BRFSS,Health Outcomes,Current asthma among adults,Current Asthma,CASTHMA,12.4,11.0,13.8,%,Crude prevalence,20206,26189,39.7550415,-75.5264624
2023,19802,19802,ZCTA,New Castle,BRFSS,Health Outcomes,Depression among adults,Depression,DEPRESSION,20.1,17.3,23.0,%,Crude prevalence,20206,26189,39.7550415,-75.5264624
2023,19802,19802,ZCTA,New Castle,BRFSS,Health Outcomes,Diagnosed diabetes among adults,Diabetes,DIABETES,17.3,15.3,19.2,%,Crude prevalence,20206,26189,39.7550415,-75.5264624
2023,19802,19802,ZCTA,New Castle,BRFSS,Health Outcomes,High blood pressure among adults,High Blood Pressure,BPHIGH,43.9,40.3,47.2,%,Crude prevalence,20206,26189,39.7550415,-75.5264624
2023,19802,19802,ZCTA,New Castle,BRFSS,Health Outcomes,High cholesterol among adults who have ever been screened,High Cholesterol,HIGHCHOL,37.7,34.0,41.2,%,Crude prevalence,20206,26189,39.7550415,-75.5264624
2023,19802,19802,ZCTA,New Castle,BRFSS,Health Outcomes,Obesity among adults,Obesity,OBESITY,42.9,36.6,48.7,%,Crude prevalence,20206,26189,39.7550415,-75.5264624
2023,19802,19802,ZCTA,New Castle,BRFSS,Health Outcomes,Stroke among adults,Stroke,STROKE,4.9,4.5,5.3,%,Crude prevalence,20206,26189,39.7550415,-75.5264624
2022,19803,19803,ZCTA,New Castle,BRFSS,Health Outcomes,All teeth lost among adults aged >=65 years,All Teeth Lost,TEETHLOST,6.3,5.1,7.7,%,Crude prevalence,17562,21886,39.7998719,-75.5422315
2023,19803,19803,ZCTA,New Castle,BRFSS,Health Outcomes,Arthritis among adults,Arthritis,ARTHRITIS,28.5,25.5,31.4,%,Crude prevalence,17562,21886,39.7998719,-75.5422315
2023,19803,19803,ZCTA,New Castle,BRFSS,Health Outcomes,Cancer (non-skin) or melanoma among adults,Cancer (non-skin) or Melanoma,CANCER,11.8,10.7,12.8,%,Crude prevalence,17562,21886,39.7998719,-75.5422315
2023,19803,19803,ZCTA,New Castle,BRFSS,Health Outcomes,Chronic obstructive pulmonary disease among adults,COPD,COPD,5.4,4.7,6.2,%,Crude prevalence,17562,21886,39.7998719,-75.5422315
2023,19803,19803,ZCTA,New Castle,BRFSS,Health Outcomes,Coronary heart disease among adults,Coronary Heart Disease,CHD,6.3,5.7,7.0,%,Crude prevalence,17562,21886,39.7998719,-75.5422315
2023,19803,19803,ZCTA,New Castle,BRFSS,Health Outcomes,Current asthma among adults,Current Asthma,CASTHMA,9.6,8.5,10.8,%,Crude prevalence,17562,21886,39.7998719,-75.5422315
2023,19803,19803,ZCTA,New Castle,BRFSS,Health Outcomes,Depression among adults,Depression,DEPRESSION,20.8,17.9,23.8,%,Crude prevalence,17562,21886,39.7998719,-75.5422315
2023,19803,19803,ZCTA,New Castle,BRFSS,Health Outcomes,Diagnosed diabetes among adults,Diabetes,DIABETES,10.5,9.2,11.9,%,Crude prevalence,17562,21886,39.7998719,-75.5422315
2023,19803,19803,ZCTA,New Castle,BRFSS,Health Outcomes,High blood pressure among adults,High Blood Pressure,BPHIGH,34.7,31.2,38.1,%,Crude prevalence,17562,21886,39.7998719,-75.5422315
2023,19803,19803,ZCTA,New Castle,BRFSS,Health Outcomes,High cholesterol among adults who have ever been screened,High Cholesterol,HIGHCHOL,41.8,37.9,45.5,%,Crude prevalence,17562,21886,39.7998719,-75.5422315
2023,19803,19803,ZCTA,New Castle,BRFSS,Health Outcomes,Obesity among adults,Obesity,OBESITY,28.2,23.2,33.5,%,Crude prevalence,17562,21886,39.7998719,-75.5422315
2023,19803,19803,ZCTA,New Castle,BRFSS,Health Outcomes,Stroke among adults,Stroke,STROKE,3.1,2.8,3.4,%,Crude prevalence,17562,21886,39.7998719,-75.5422315
2022,19804,19804,ZCTA,New Castle,BRFSS,Health Outcomes,All teeth lost among adults aged >=65 years,All Teeth Lost,TEETHLOST,13.4,11.1,16.0,%,Crude prevalence,14502,18292,39.7187601,-75.6218662
2023,19804,19804,ZCTA,New Castle,BRFSS,Health Outcomes,Arthritis among adults,Arthritis,ARTHRITIS,26.4,23.7,29.1,%,Crude prevalence,14502,18292,39.7187601,-75.6218662
2023,19804,19804,ZCTA,New Castle,BRFSS,Health Outcomes,Cancer (non-skin) or melanoma among adults,Cancer (non-skin) or Melanoma,CANCER,8.2,7.5,9.0,%,Crude prevalence,14502,18292,39.7187601,-75.6218662
2023,19804,19804,ZCTA,New Castle,BRFSS,Health Outcomes,Chronic obstructive pulmonary disease among adults,COPD,COPD,7.2,6.3,8.0,%,Crude prevalence,14502,18292,39.7187601,-75.6218662
2023,19804,19804,ZCTA,New Castle,BRFSS,Health Outcomes,Coronary heart disease among adults,Coronary Heart Disease,CHD,6.4,5.8,7.1,%,Crude prevalence,14502,18292,39.7187601,-75.6218662
2023,19804,19804,ZCTA,New Castle,BRFSS,Health Outcomes,Current asthma among adults,Current Asthma,CASTHMA,10.6,9.4,11.9,%,Crude prevalence,14502,18292,39.7187601,-75.6218662
2023,19804,19804,ZCTA,New Castle,BRFSS,Health Outcomes,Depression among adults,Depression,DEPRESSION,22.9,19.8,26.1,%,Crude prevalence,14502,18292,39.7187601,-75.6218662
2023,19804,19804,ZCTA,New Castle,BRFSS,Health Outcomes,Diagnosed diabetes among adults,Diabetes,DIABETES,12.5,11.0,14.0,%,Crude prevalence,14502,18292,39.7187601,-75.6218662
2023,19804,19804,ZCTA,New Castle,BRFSS,Health Outcomes,High blood pressure among adults,High Blood Pressure,BPHIGH,34.9,31.5,38.3,%,Crude prevalence,14502,18292,39.7187601,-75.6218662
2023,19804,19804,ZCTA,New Castle,BRFSS,Health Outcomes,High cholesterol among adults who have ever been screened,High Cholesterol,HIGHCHOL,38.8,35.1,42.4,%,Crude prevalence,14502,18292,39.7187601,-75.6218662
2023,19804,19804,ZCTA,New Castle,BRFSS,Health Outcomes,Obesity among adults,Obesity,OBESITY,35.1,29.5,40.8,%,Crude prevalence,14502,18292,39.7187601,-75.6218662
2023,19804,19804,ZCTA,New Castle,BRFSS,Health Outcomes,Stroke among adults,Stroke,STROKE,3.6,3.3,3.9,%,Crude prevalence,14502,18292,39.7187601,-75.6218662
2022,19805,19805,ZCTA,New Castle,BRFSS,Health Outcomes,All teeth lost among adults aged >=65 years,All Teeth Lost,TEETHLOST,15.9,13.4,18.7,%,Crude prevalence,29744,39985,39.7452101,-75.593712
2023,19805,19805,ZCTA,New Castle,BRFSS,Health Outcomes,Arthritis among adults,Arthritis,ARTHRITIS,24.6,22.1,27.1,%,Crude prevalence,29744,39985,39.7452101,-75.593712
2023,19805,19805,ZCTA,New Castle,BRFSS,Health Outcomes,Cancer (non-skin) or melanoma among adults,Cancer (non-skin) or Melanoma,CANCER,6.4,5.8,6.9,%,Crude prevalence,29744,39985,39.7452101,-75.593712
2023,19805,19805,ZCTA,New Castle,BRFSS,Health Outcomes,Chronic obstructive pulmonary disease among adults,COPD,COPD,7.2,6.4,8.0,%,Crude prevalence,29744,39985,39.7452101,-75.593712
2023,19805,19805,ZCTA,New Castle,BRFSS,Health Outcomes,Coronary heart disease among adults,Coronary Heart Disease,CHD,6.2,5.6,6.8,%,Crude prevalence,29744,39985,39.7452101,-75.593712
2023,19805,19805,ZCTA,New Castle,BRFSS,Health Outcomes,Current asthma among adults,Current Asthma,CASTHMA,11.2,9.9,12.5,%,Crude prevalence,29744,39985,39.7452101,-75.593712
2023,19805,19805,ZCTA,New Castle,BRFSS,Health Outcomes,Depression among adults,Depression,DEPRESSION,22.2,19.1,25.2,%,Crude prevalence,29744,39985,39.7452101,-75.593712
2023,19805,19805,ZCTA,New Castle,BRFSS,Health Outcomes,Diagnosed diabetes among adults,Diabetes,DIABETES,14.0,12.4,15.6,%,Crude prevalence,29744,39985,39.7452101,-75.593712
2023,19805,19805,ZCTA,New Castle,BRFSS,Health Outcomes,High blood pressure among adults,High Blood Pressure,BPHIGH,36.2,32.8,39.3,%,Crude prevalence,29744,39985,39.7452101,-75.593712
2023,19805,19805,ZCTA,New Castle,BRFSS,Health Outcomes,High cholesterol among adults who have ever been screened,High Cholesterol,HIGHCHOL,36.8,33.2,40.2,%,Crude prevalence,29744,39985,39.7452101,-75.593712
2023,19805,19805,ZCTA,New Castle,BRFSS,Health Outcomes,Obesity among adults,Obesity,OBESITY,39.0,33.1,44.8,%,Crude prevalence,29744,39985,39.7452101,-75.593712
2023,19805,19805,ZCTA,New Castle,BRFSS,Health Outcomes,Stroke among adults,Stroke,STROKE,3.8,3.5,4.1,%,Crude prevalence,29744,39985,39.7452101,-75.593712
2022,19806,19806,ZCTA,New Castle,BRFSS,Health Outcomes,All teeth lost among adults aged >=65 years,All Teeth Lost,TEETHLOST,8.0,6.6,9.7,%,Crude prevalence,8977,10083,39.7625423,-75.5632982
2023,19806,19806,ZCTA,New Castle,BRFSS,Health Outcomes,Arthritis among adults,Arthritis,ARTHRITIS,26.8,24.1,29.5,%,Crude prevalence,8977,10083,39.7625423,-75.5632982
2023,19806,19806,ZCTA,New Castle,BRFSS,Health Outcomes,Cancer (non-skin) or melanoma among adults,Cancer (non-skin) or Melanoma,CANCER,10.4,9.5,11.3,%,Crude prevalence,8977,10083,39.7625423,-75.5632982
2023,19806,19806,ZCTA,New Castle,BRFSS,Health Outcomes,Chronic obstructive pulmonary disease among adults,COPD,COPD,5.5,4.8,6.3,%,Crude prevalence,8977,10083,39.7625423,-75.5632982
2023,19806,19806,ZCTA,New Castle,BRFSS,Health Outcomes,Coronary heart disease among adults,Coronary Heart Disease,CHD,6.2,5.6,6.9,%,Crude prevalence,8977,10083,39.7625423,-75.5632982
2023,19806,19806,ZCTA,New Castle,BRFSS,Health Outcomes,Current asthma among adults,Current Asthma,CASTHMA,9.9,8.7,11.1,%,Crude prevalence,8977,10083,39.7625423,-75.5632982
2023,19806,19806,ZCTA,New Castle,BRFSS,Health Outcomes,Depression among adults,Depression,DEPRESSION,21.5,18.4,24.6,%,Crude prevalence,8977,10083,39.7625423,-75.5632982
2023,19806,19806,ZCTA,New Castle,BRFSS,Health Outcomes,Diagnosed diabetes among adults,Diabetes,DIABETES,10.8,9.5,12.2,%,Crude prevalence,8977,10083,39.7625423,-75.5632982
2023,19806,19806,ZCTA,New Castle,BRFSS,Health Outcomes,High blood pressure among adults,High Blood Pressure,BPHIGH,34.1,30.8,37.3,%,Crude prevalence,8977,10083,39.7625423,-75.5632982
2023,19806,19806,ZCTA,New Castle,BRFSS,Health Outcomes,High cholesterol among adults who have ever been screened,High Cholesterol,HIGHCHOL,39.2,35.5,42.8,%,Crude prevalence,8977,10083,39.7625423,-75.5632982
2023,19806,19806,ZCTA,New Castle,BRFSS,Health Outcomes,Obesity among adults,Obesity,OBESITY,29.8,24.5,35.3,%,Crude prevalence,8977,10083,39.7625423,-75.5632982
2023,19806,19806,ZCTA,New Castle,BRFSS,Health Outcomes,Stroke among adults,Stroke,STROKE,3.3,3.0,3.6,%,Crude prevalence,8977,10083,39.7625423,-75.5632982
2022,19807,19807,ZCTA,New Castle,BRFSS,Health Outcomes,All teeth lost among adults aged >=65 years,All Teeth Lost,TEETHLOST,6.3,5.1,7.7,%,Crude prevalence,6615,8089,39.7965002,-75.6128401
2023,19807,19807,ZCTA,New Castle,BRFSS,Health Outcomes,Arthritis among adults,Arthritis,ARTHRITIS,29.6,26.6,32.4,%,Crude prevalence,6615,8089,39.7965002,-75.6128401
2023,19807,19807,ZCTA,New Castle,BRFSS,Health Outcomes,Cancer (non-skin) or melanoma among adults,Cancer (non-skin) or Melanoma,CANCER,12.8,11.7,13.9,%,Crude prevalence,6615,8089,39.7965002,-75.6128401
2023,19807,19807,ZCTA,New Castle,BRFSS,Health Outcomes,Chronic obstructive pulmonary disease among adults,COPD,COPD,5.4,4.7,6.3,%,Crude prevalence,6615,8089,39.7965002,-75.6128401
2023,19807,19807,ZCTA,New Castle,BRFSS,Health Outcomes,Coronary heart disease among adults,Coronary Heart Disease,CHD,7.0,6.2,7.7,%,Crude prevalence,6615,8089,39.7965002,-75.6128401
2023,19807,19807,ZCTA,New Castle,BRFSS,Health Outcomes,Current asthma among adults,Current Asthma,CASTHMA,9.2,8.1,10.3,%,Crude prevalence,6615,8089,39.7965002,-75.6128401
2023,19807,19807,ZCTA,New Castle,BRFSS,Health Outcomes,Depression among adults,Depression,DEPRESSION,19.6,16.8,22.6,%,Crude prevalence,6615,8089,39.7965002,-75.6128401
2023,19807,19807,ZCTA,New Castle,BRFSS,Health Outcomes,Diagnosed diabetes among adults,Diabetes,DIABETES,11.0,9.6,12.4,%,Crude prevalence,6615,8089,39.7965002,-75.6128401
2023,19807,19807,ZCTA,New Castle,BRFSS,Health Outcomes,High blood pressure among adults,High Blood Pressure,BPHIGH,36.1,32.6,39.5,%,Crude prevalence,6615,8089,39.7965002,-75.6128401
2023,19807,19807,ZCTA,New Castle,BRFSS,Health Outcomes,High cholesterol among adults who have ever been screened,High Cholesterol,HIGHCHOL,43.2,39.3,47.0,%,Crude prevalence,6615,8089,39.7965002,-75.6128401
2023,19807,19807,ZCTA,New Castle,BRFSS,Health Outcomes,Obesity among adults,Obesity,OBESITY,26.9,22.1,32.1,%,Crude prevalence,6615,8089,39.7965002,-75.6128401
2023,19807,19807,ZCTA,New Castle,BRFSS,Health Outcomes,Stroke among adults,Stroke,STROKE,3.3,2.9,3.6,%,Crude prevalence,6615,8089,39.7965002,-75.6128401
2022,19808,19808,ZCTA,New Castle,BRFSS,Health Outcomes,All teeth lost among adults aged >=65 years,All Teeth Lost,TEETHLOST,8.2,6.7,9.9,%,Crude prevalence,31618,39285,39.7376151,-75.6670572
2023,19808,19808,ZCTA,New Castle,BRFSS,Health Outcomes,Arthritis among adults,Arthritis,ARTHRITIS,26.9,24.2,29.6,%,Crude prevalence,31618,39285,39.7376151,-75.6670572
2023,19808,19808,ZCTA,New Castle,BRFSS,Health Outcomes,Cancer (non-skin) or melanoma among adults,Cancer (non-skin) or Melanoma,CANCER,9.9,9.1,10.8,%,Crude prevalence,31618,39285,39.7376151,-75.6670572
2023,19808,19808,ZCTA,New Castle,BRFSS,Health Outcomes,Chronic obstructive pulmonary disease among adults,COPD,COPD,6.0,5.3,6.7,%,Crude prevalence,31618,39285,39.7376151,-75.6670572
2023,19808,19808,ZCTA,New Castle,BRFSS,Health Outcomes,Coronary heart disease among adults,Coronary Heart Disease,CHD,6.1,5.5,6.8,%,Crude prevalence,31618,39285,39.7376151,-75.6670572
2023,19808,19808,ZCTA,New Castle,BRFSS,Health Outcomes,Current asthma among adults,Current Asthma,CASTHMA,9.9,8.8,11.1,%,Crude prevalence,31618,39285,39.7376151,-75.6670572
2023,19808,19808,ZCTA,New Castle,BRFSS,Health Outcomes,Depression among adults,Depression,DEPRESSION,21.5,18.5,24.5,%,Crude prevalence,31618,39285,39.7376151,-75.6670572
2023,19808,19808,ZCTA,New Castle,BRFSS,Health Outcomes,Diagnosed diabetes among adults,Diabetes,DIABETES,11.0,9.7,12.5,%,Crude prevalence,31618,39285,39.7376151,-75.6670572
2023,19808,19808,ZCTA,New Castle,BRFSS,Health Outcomes,High blood pressure among adults,High Blood Pressure,BPHIGH,33.8,30.4,37.1,%,Crude prevalence,31618,39285,39.7376151,-75.6670572
2023,19808,19808,ZCTA,New Castle,BRFSS,Health Outcomes,High cholesterol among adults who have ever been screened,High Cholesterol,HIGHCHOL,40.4,36.5,44.0,%,Crude prevalence,31618,39285,39.7376151,-75.6670572
2023,19808,19808,ZCTA,New Castle,BRFSS,Health Outcomes,Obesity among adults,Obesity,OBESITY,30.2,25.0,35.6,%,Crude prevalence,31618,39285,39.7376151,-75.6670572
2023,19808,19808,ZCTA,New Castle,BRFSS,Health Outcomes,Stroke among adults,Stroke,STROKE,3.2,2.9,3.4,%,Crude prevalence,31618,39285,39.7376151,-75.6670572
2022,19809,19809,ZCTA,New Castle,BRFSS,Health Outcomes,All teeth lost among adults aged >=65 years,All Teeth Lost,TEETHLOST,9.8,8.0,11.8,%,Crude prevalence,11773,14658,39.7566739,-75.5010351
2023,19809,19809,ZCTA,New Castle,BRFSS,Health Outcomes,Arthritis among adults,Arthritis,ARTHRITIS,26.6,23.9,29.4,%,Crude prevalence,11773,14658,39.7566739,-75.5010351
2023,19809,19809,ZCTA,New Castle,BRFSS,Health Outcomes,Cancer (non-skin) or melanoma among adults,Cancer (non-skin) or Melanoma,CANCER,9.0,8.2,9.8,%,Crude prevalence,11773,14658,39.7566739,-75.5010351
2023,19809,19809,ZCTA,New Castle,BRFSS,Health Outcomes,Chronic obstructive pulmonary disease among adults,COPD,COPD,6.0,5.3,6.8,%,Crude prevalence,11773,14658,39.7566739,-75.5010351
2023,19809,19809,ZCTA,New Castle,BRFSS,Health Outcomes,Coronary heart disease among adults,Coronary Heart Disease,CHD,5.9,5.3,6.5,%,Crude prevalence,11773,14658,39.7566739,-75.5010351
2023,19809,19809,ZCTA,New Castle,BRFSS,Health Outcomes,Current asthma among adults,Current Asthma,CASTHMA,10.5,9.3,11.7,%,Crude prevalence,11773,14658,39.7566739,-75.5010351
2023,19809,19809,ZCTA,New Castle,BRFSS,Health Outcomes,Depression among adults,Depression,DEPRESSION,21.9,18.9,25.0,%,Crude prevalence,11773,14658,39.7566739,-75.5010351
2023,19809,19809,ZCTA,New Castle,BRFSS,Health Outcomes,Diagnosed diabetes among adults,Diabetes,DIABETES,11.5,10.1,13.0,%,Crude prevalence,11773,14658,39.7566739,-75.5010351
2023,19809,19809,ZCTA,New Castle,BRFSS,Health Outcomes,High blood pressure among adults,High Blood Pressure,BPHIGH,35.0,31.5,38.3,%,Crude prevalence,11773,14658,39.7566739,-75.5010351
2023,19809,19809,ZCTA,New Castle,BRFSS,Health Outcomes,High cholesterol among adults who have ever been screened,High Cholesterol,HIGHCHOL,39.1,35.3,42.6,%,Crude prevalence,11773,14658,39.7566739,-75.5010351
2023,19809,19809,ZCTA,New Castle,BRFSS,Health Outcomes,Obesity among adults,Obesity,OBESITY,32.9,27.3,38.4,%,Crude prevalence,11773,14658,39.7566739,-75.5010351
2023,19809,19809,ZCTA,New Castle,BRFSS,Health Outcomes,Stroke among adults,Stroke,STROKE,3.2,3.0,3.5,%,Crude prevalence,11773,14658,39.7566739,-75.5010351
2022,19810,19810,ZCTA,New Castle,BRFSS,Health Outcomes,All teeth lost among adults aged >=65 years,All Teeth Lost,TEETHLOST,7.7,6.2,9.3,%,Crude prevalence,20500,25270,39.818682,-75.5061826
2023,19810,19810,ZCTA,New Castle,BRFSS,Health Outcomes,Arthritis among adults,Arthritis,ARTHRITIS,27.9,25.1,30.7,%,Crude prevalence,20500,25270,39.818682,-75.5061826
2023,19810,19810,ZCTA,New Castle,BRFSS,Health Outcomes,Cancer (non-skin) or melanoma among adults,Cancer (non-skin) or Melanoma,CANCER,10.8,9.9,11.8,%,Crude prevalence,20500,25270,39.818682,-75.5061826
2023,19810,19810,ZCTA,New Castle,BRFSS,Health Outcomes,Chronic obstructive pulmonary disease among adults,COPD,COPD,5.7,5.0,6.4,%,Crude prevalence,20500,25270,39.818682,-75.5061826
2023,19810,19810,ZCTA,New Castle,BRFSS,Health Outcomes,Coronary heart disease among adults,Coronary Heart Disease,CHD,6.3,5.7,6.9,%,Crude prevalence,20500,25270,39.818682,-75.5061826
2023,19810,19810,ZCTA,New Castle,BRFSS,Health Outcomes,Current asthma among adults,Current Asthma,CASTHMA,9.7,8.6,10.9,%,Crude prevalence,20500,25270,39.818682,-75.5061826
2023,19810,19810,ZCTA,New Castle,BRFSS,Health Outcomes,Depression among adults,Depression,DEPRESSION,20.5,17.7,23.5,%,Crude prevalence,20500,25270,39.818682,-75.5061826
2023,19810,19810,ZCTA,New Castle,BRFSS,Health Outcomes,Diagnosed diabetes among adults,Diabetes,DIABETES,11.1,9.7,12.5,%,Crude prevalence,20500,25270,39.818682,-75.5061826
2023,19810,19810,ZCTA,New Castle,BRFSS,Health Outcomes,High blood pressure among adults,High Blood Pressure,BPHIGH,35.0,31.6,38.4,%,Crude prevalence,20500,25270,39.818682,-75.5061826
2023,19810,19810,ZCTA,New Castle,BRFSS,Health Outcomes,High cholesterol among adults who have ever been screened,High Cholesterol,HIGHCHOL,41.3,37.5,45.0,%,Crude prevalence,20500,25270,39.818682,-75.5061826
2023,19810,19810,ZCTA,New Castle,BRFSS,Health Outcomes,Obesity among adults,Obesity,OBESITY,29.0,23.9,34.2,%,Crude prevalence,20500,25270,39.818682,-75.5061826
2023,19810,19810,ZCTA,New Castle,BRFSS,Health Outcomes,Stroke among adults,Stroke,STROKE,3.2,2.9,3.5,%,Crude prevalence,20500,25270,39.818682,-75.5061826
2022,19930,19930,ZCTA,Sussex,BRFSS,Health Outcomes,All teeth lost among adults aged >=65 years,All Teeth Lost,TEETHLOST,6.5,5.3,7.9,%,Crude prevalence,2503,2657,38.5528625,-75.069397
2023,19930,19930,ZCTA,Sussex,BRFSS,Health Outcomes,Arthritis among adults,Arthritis,ARTHRITIS,38.1,34.6,41.6,%,Crude prevalence,2503,2657,38.5528625,-75.069397
2023,19930,19930,ZCTA,Sussex,BRFSS,Health Outcomes,Cancer (non-skin) or melanoma among adults,Cancer (non-skin) or Melanoma,CANCER,17.2,15.8,18.6,%,Crude prevalence,2503,2657,38.5528625,-75.069397
2023,19930,19930,ZCTA,Sussex,BRFSS,Health Outcomes,Chronic obstructive pulmonary disease among adults,COPD,COPD,6.6,5.8,7.6,%,Crude prevalence,2503,2657,38.5528625,-75.069397
2023,19930,19930,ZCTA,Sussex,BRFSS,Health Outcomes,Coronary heart disease among adults,Coronary Heart Disease,CHD,9.2,8.3,10.2,%,Crude prevalence,2503,2657,38.5528625,-75.069397
2023,19930,19930,ZCTA,Sussex,BRFSS,Health Outcomes,Current asthma among adults,Current Asthma,CASTHMA,9.2,8.2,10.3,%,Crude prevalence,2503,2657,38.5528625,-75.069397
2023,19930,19930,ZCTA,Sussex,BRFSS,Health Outcomes,Depression among adults,Depression,DEPRESSION,17.4,14.8,20.1,%,Crude prevalence,2503,2657,38.5528625,-75.069397
2023,19930,19930,ZCTA,Sussex,BRFSS,Health Outcomes,Diagnosed diabetes among adults,Diabetes,DIABETES,12.3,10.8,14.0,%,Crude prevalence,2503,2657,38.5528625,-75.069397
2023,19930,19930,ZCTA,Sussex,BRFSS,Health Outcomes,High blood pressure among adults,High Blood Pressure,BPHIGH,45.1,41.2,49.0,%,Crude prevalence,2503,2657,38.5528625,-75.069397
2023,19930,19930,ZCTA,Sussex,BRFSS,Health Outcomes,High cholesterol among adults who have ever been screened,High Cholesterol,HIGHCHOL,53.4,49.3,57.4,%,Crude prevalence,2503,2657,38.5528625,-75.069397
2023,19930,19930,ZCTA,Sussex,BRFSS,Health Outcomes,Obesity among adults,Obesity,OBESITY,26.8,22.0,32.1,%,Crude prevalence,2503,2657,38.5528625,-75.069397
2023,19930,19930,ZCTA,Sussex,BRFSS,Health Outcomes,Stroke among adults,Stroke,STROKE,3.9,3.6,4.3,%,Crude prevalence,2503,2657,38.5528625,-75.069397
2022,19931,19931,ZCTA,Sussex,BRFSS,Health Outcomes,All teeth lost among adults aged >=65 years,All Teeth Lost,TEETHLOST,22.6,19.3,26.2,%,Crude prevalence,217,258,38.569298,-75.6104506
2023,19931,19931,ZCTA,Sussex,BRFSS,Health Outcomes,Arthritis among adults,Arthritis,ARTHRITIS,39.8,36.2,43.2,%,Crude prevalence,217,258,38.569298,-75.6104506
2023,19931,19931,ZCTA,Sussex,BRFSS,Health Outcomes,Cancer (non-skin) or melanoma among adults,Cancer (non-skin) or Melanoma,CANCER,12.4,11.2,13.6,%,Crude prevalence,217,258,38.569298,-75.6104506
2023,19931,19931,ZCTA,Sussex,BRFSS,Health Outcomes,Chronic obstructive pulmonary disease among adults,COPD,COPD,14.0,12.0,16.4,%,Crude prevalence,217,258,38.569298,-75.6104506
2023,19931,19931,ZCTA,Sussex,BRFSS,Health Outcomes,Coronary heart disease among adults,Coronary Heart Disease,CHD,12.6,11.1,14.1,%,Crude prevalence,217,258,38.569298,-75.6104506
2023,19931,19931,ZCTA,Sussex,BRFSS,Health Outcomes,Current asthma among adults,Current Asthma,CASTHMA,11.4,10.1,12.8,%,Crude prevalence,217,258,38.569298,-75.6104506
2023,19931,19931,ZCTA,Sussex,BRFSS,Health Outcomes,Depression among adults,Depression,DEPRESSION,22.8,19.5,26.1,%,Crude prevalence,217,258,38.569298,-75.6104506
2023,19931,19931,ZCTA,Sussex,BRFSS,Health Outcomes,Diagnosed diabetes among adults,Diabetes,DIABETES,18.1,15.8,20.4,%,Crude prevalence,217,258,38.569298,-75.6104506
2023,19931,19931,ZCTA,Sussex,BRFSS,Health Outcomes,High blood pressure among adults,High Blood Pressure,BPHIGH,49.3,45.3,53.1,%,Crude prevalence,217,258,38.569298,-75.6104506
2023,19931,19931,ZCTA,Sussex,BRFSS,Health Outcomes,High cholesterol among adults who have ever been screened,High Cholesterol,HIGHCHOL,50.7,46.6,54.7,%,Crude prevalence,217,258,38.569298,-75.6104506
2023,19931,19931,ZCTA,Sussex,BRFSS,Health Outcomes,Obesity among adults,Obesity,OBESITY,38.1,32.0,44.3,%,Crude prevalence,217,258,38.569298,-75.6104506
2023,19931,19931,ZCTA,Sussex,BRFSS,Health Outcomes,Stroke among adults,Stroke,STROKE,6.2,5.5,7.0,%,Crude prevalence,217,258,38.569298,-75.6104506
2022,19933,19933,ZCTA,Sussex,BRFSS,Health Outcomes,All teeth lost among adults aged >=65 years,All Teeth Lost,TEETHLOST,14.8,12.4,17.6,%,Crude prevalence,7377,9784,38.7330183,-75.603361
2023,19933,19933,ZCTA,Sussex,BRFSS,Health Outcomes,Arthritis among adults,Arthritis,ARTHRITIS,32.4,29.3,35.5,%,Crude prevalence,7377,9784,38.7330183,-75.603361
2023,19933,19933,ZCTA,Sussex,BRFSS,Health Outcomes,Cancer (non-skin) or melanoma among adults,Cancer (non-skin) or Melanoma,CANCER,9.7,8.9,10.5,%,Crude prevalence,7377,9784,38.7330183,-75.603361
2023,19933,19933,ZCTA,Sussex,BRFSS,Health Outcomes,Chronic obstructive pulmonary disease among adults,COPD,COPD,9.8,8.6,11.1,%,Crude prevalence,7377,9784,38.7330183,-75.603361
2023,19933,19933,ZCTA,Sussex,BRFSS,Health Outcomes,Coronary heart disease among adults,Coronary Heart Disease,CHD,9.0,8.1,9.9,%,Crude prevalence,7377,9784,38.7330183,-75.603361
2023,19933,19933,ZCTA,Sussex,BRFSS,Health Outcomes,Current asthma among adults,Current Asthma,CASTHMA,11.2,9.9,12.6,%,Crude prevalence,7377,9784,38.7330183,-75.603361
2023,19933,19933,ZCTA,Sussex,BRFSS,Health Outcomes,Depression among adults,Depression,DEPRESSION,21.3,18.2,24.4,%,Crude prevalence,7377,9784,38.7330183,-75.603361
2023,19933,19933,ZCTA,Sussex,BRFSS,Health Outcomes,Diagnosed diabetes among adults,Diabetes,DIABETES,15.3,13.4,17.2,%,Crude prevalence,7377,9784,38.7330183,-75.603361
2023,19933,19933,ZCTA,Sussex,BRFSS,Health Outcomes,High blood pressure among adults,High Blood Pressure,BPHIGH,43.2,39.5,46.9,%,Crude prevalence,7377,9784,38.7330183,-75.603361
2023,19933,19933,ZCTA,Sussex,BRFSS,Health Outcomes,High cholesterol among adults who have ever been screened,High Cholesterol,HIGHCHOL,46.2,42.3,50.0,%,Crude prevalence,7377,9784,38.7330183,-75.603361
2023,19933,19933,ZCTA,Sussex,BRFSS,Health Outcomes,Obesity among adults,Obesity,OBESITY,37.6,31.5,43.8,%,Crude prevalence,7377,9784,38.7330183,-75.603361
2023,19933,19933,ZCTA,Sussex,BRFSS,Health Outcomes,Stroke among adults,Stroke,STROKE,4.7,4.3,5.1,%,Crude prevalence,7377,9784,38.7330183,-75.603361
2022,19934,19934,ZCTA,Sussex,BRFSS,Health Outcomes,All teeth lost among adults aged >=65 years,All Teeth Lost,TEETHLOST,13.1,10.9,15.6,%,Crude prevalence,10977,14243,39.0847274,-75.6273547
2023,19934,19934,ZCTA,Sussex,BRFSS,Health Outcomes,Arthritis among adults,Arthritis,ARTHRITIS,29.8,26.8,33.0,%,Crude prevalence,10977,14243,39.0847274,-75.6273547
2023,19934,19934,ZCTA,Sussex,BRFSS,Health Outcomes,Cancer (non-skin) or melanoma among adults,Cancer (non-skin) or Melanoma,CANCER,9.2,8.5,10.1,%,Crude prevalence,10977,14243,39.0847274,-75.6273547
2023,19934,19934,ZCTA,Sussex,BRFSS,Health Outcomes,Chronic obstructive pulmonary disease among adults,COPD,COPD,7.4,6.5,8.3,%,Crude prevalence,10977,14243,39.0847274,-75.6273547
2023,19934,19934,ZCTA,Sussex,BRFSS,Health Outcomes,Coronary heart disease among adults,Coronary Heart Disease,CHD,6.6,6.0,7.4,%,Crude prevalence,10977,14243,39.0847274,-75.6273547
2023,19934,19934,ZCTA,Sussex,BRFSS,Health Outcomes,Current asthma among adults,Current Asthma,CASTHMA,12.2,10.9,13.7,%,Crude prevalence,10977,14243,39.0847274,-75.6273547
2023,19934,19934,ZCTA,Sussex,BRFSS,Health Outcomes,Depression among adults,Depression,DEPRESSION,22.8,19.6,26.2,%,Crude prevalence,10977,14243,39.0847274,-75.6273547
2023,19934,19934,ZCTA,Sussex,BRFSS,Health Outcomes,Diagnosed diabetes among adults,Diabetes,DIABETES,13.5,12.0,15.3,%,Crude prevalence,10977,14243,39.0847274,-75.6273547
2023,19934,19934,ZCTA,Sussex,BRFSS,Health Outcomes,High blood pressure among adults,High Blood Pressure,BPHIGH,38.7,35.0,42.5,%,Crude prevalence,10977,14243,39.0847274,-75.6273547
2023,19934,19934,ZCTA,Sussex,BRFSS,Health Outcomes,High cholesterol among adults who have ever been screened,High Cholesterol,HIGHCHOL,40.6,36.8,44.5,%,Crude prevalence,10977,14243,39.0847274,-75.6273547
2023,19934,19934,ZCTA,Sussex,BRFSS,Health Outcomes,Obesity among adults,Obesity,OBESITY,41.2,34.9,47.7,%,Crude prevalence,10977,14243,39.0847274,-75.6273547
2023,19934,19934,ZCTA,Sussex,BRFSS,Health Outcomes,Stroke among adults,Stroke,STROKE,3.6,3.3,3.9,%,Crude prevalence,10977,14243,39.0847274,-75.6273547
2022,19936,19936,ZCTA,Sussex,BRFSS,Health Outcomes,All teeth lost among adults aged >=65 years,All Teeth Lost,TEETHLOST,21.8,18.3,25.6,%,Crude prevalence,250,329,39.2186348,-75.5851142
2023,19936,19936,ZCTA,Sussex,BRFSS,Health Outcomes,Arthritis among adults,Arthritis,ARTHRITIS,33.9,30.7,37.1,%,Crude prevalence,250,329,39.2186348,-75.5851142
2023,19936,19936,ZCTA,Sussex,BRFSS,Health Outcomes,Cancer (non-skin) or melanoma among adults,Cancer (non-skin) or Melanoma,CANCER,9.0,8.1,10.0,%,Crude prevalence,250,329,39.2186348,-75.5851142
2023,19936,19936,ZCTA,Sussex,BRFSS,Health Outcomes,Chronic obstructive pulmonary disease among adults,COPD,COPD,10.6,8.8,12.3,%,Crude prevalence,250,329,39.2186348,-75.5851142
2023,19936,19936,ZCTA,Sussex,BRFSS,Health Outcomes,Coronary heart disease among adults,Coronary Heart Disease,CHD,8.7,7.5,9.8,%,Crude prevalence,250,329,39.2186348,-75.5851142
2023,19936,19936,ZCTA,Sussex,BRFSS,Health Outcomes,Current asthma among adults,Current Asthma,CASTHMA,13.4,12.0,15.1,%,Crude prevalence,250,329,39.2186348,-75.5851142
2023,19936,19936,ZCTA,Sussex,BRFSS,Health Outcomes,Depression among adults,Depression,DEPRESSION,23.6,20.4,27.1,%,Crude prevalence,250,329,39.2186348,-75.5851142
2023,19936,19936,ZCTA,Sussex,BRFSS,Health Outcomes,Diagnosed diabetes among adults,Diabetes,DIABETES,18.2,16.0,20.4,%,Crude prevalence,250,329,39.2186348,-75.5851142
2023,19936,19936,ZCTA,Sussex,BRFSS,Health Outcomes,High blood pressure among adults,High Blood Pressure,BPHIGH,44.1,40.4,47.8,%,Crude prevalence,250,329,39.2186348,-75.5851142
2023,19936,19936,ZCTA,Sussex,BRFSS,Health Outcomes,High cholesterol among adults who have ever been screened,High Cholesterol,HIGHCHOL,42.9,39.1,46.8,%,Crude prevalence,250,329,39.2186348,-75.5851142
2023,19936,19936,ZCTA,Sussex,BRFSS,Health Outcomes,Obesity among adults,Obesity,OBESITY,45.1,38.6,51.7,%,Crude prevalence,250,329,39.2186348,-75.5851142
2023,19936,19936,ZCTA,Sussex,BRFSS,Health Outcomes,Stroke among adults,Stroke,STROKE,5.0,4.4,5.7,%,Crude prevalence,250,329,39.2186348,-75.5851142
2022,19938,19938,ZCTA,Sussex,BRFSS,Health Outcomes,All teeth lost among adults aged >=65 years,All Teeth Lost,TEETHLOST,11.8,9.9,14.1,%,Crude prevalence,7555,10131,39.2564647,-75.6988217
2023,19938,19938,ZCTA,Sussex,BRFSS,Health Outcomes,Arthritis among adults,Arthritis,ARTHRITIS,28.2,25.5,31.2,%,Crude prevalence,7555,10131,39.2564647,-75.6988217
2023,19938,19938,ZCTA,Sussex,BRFSS,Health Outcomes,Cancer (non-skin) or melanoma among adults,Cancer (non-skin) or Melanoma,CANCER,8.3,7.6,9.1,%,Crude prevalence,7555,10131,39.2564647,-75.6988217
2023,19938,19938,ZCTA,Sussex,BRFSS,Health Outcomes,Chronic obstructive pulmonary disease among adults,COPD,COPD,7.5,6.5,8.5,%,Crude prevalence,7555,10131,39.2564647,-75.6988217
2023,19938,19938,ZCTA,Sussex,BRFSS,Health Outcomes,Coronary heart disease among adults,Coronary Heart Disease,CHD,6.1,5.5,6.8,%,Crude prevalence,7555,10131,39.2564647,-75.6988217
2023,19938,19938,ZCTA,Sussex,BRFSS,Health Outcomes,Current asthma among adults,Current Asthma,CASTHMA,12.3,11.0,13.8,%,Crude prevalence,7555,10131,39.2564647,-75.6988217
2023,19938,19938,ZCTA,Sussex,BRFSS,Health Outcomes,Depression among adults,Depression,DEPRESSION,24.1,21.0,27.7,%,Crude prevalence,7555,10131,39.2564647,-75.6988217
2023,19938,19938,ZCTA,Sussex,BRFSS,Health Outcomes,Diagnosed diabetes among adults,Diabetes,DIABETES,12.6,11.2,14.2,%,Crude prevalence,7555,10131,39.2564647,-75.6988217
2023,19938,19938,ZCTA,Sussex,BRFSS,Health Outcomes,High blood pressure among adults,High Blood Pressure,BPHIGH,36.9,33.5,40.5,%,Crude prevalence,7555,10131,39.2564647,-75.6988217
2023,19938,19938,ZCTA,Sussex,BRFSS,Health Outcomes,High cholesterol among adults who have ever been screened,High Cholesterol,HIGHCHOL,38.9,35.2,42.8,%,Crude prevalence,7555,10131,39.2564647,-75.6988217
2023,19938,19938,ZCTA,Sussex,BRFSS,Health Outcomes,Obesity among adults,Obesity,OBESITY,42.3,36.2,48.7,%,Crude prevalence,7555,10131,39.2564647,-75.6988217
2023,19938,19938,ZCTA,Sussex,BRFSS,Health Outcomes,Stroke among adults,Stroke,STROKE,3.4,3.1,3.7,%,Crude prevalence,7555,10131,39.2564647,-75.6988217
2022,19939,19939,ZCTA,Sussex,BRFSS,Health Outcomes,All teeth lost among adults aged >=65 years,All Teeth Lost,TEETHLOST,9.2,7.6,11.1,%,Crude prevalence,6170,7357,38.568957,-75.207538
2023,19939,19939,ZCTA,Sussex,BRFSS,Health Outcomes,Arthritis among adults,Arthritis,ARTHRITIS,35.0,31.6,38.4,%,Crude prevalence,6170,7357,38.568957,-75.207538
2023,19939,19939,ZCTA,Sussex,BRFSS,Health Outcomes,Cancer (non-skin) or melanoma among adults,Cancer (non-skin) or Melanoma,CANCER,12.5,11.4,13.7,%,Crude prevalence,6170,7357,38.568957,-75.207538
2023,19939,19939,ZCTA,Sussex,BRFSS,Health Outcomes,Chronic obstructive pulmonary disease among adults,COPD,COPD,9.1,7.7,10.5,%,Crude prevalence,6170,7357,38.568957,-75.207538
2023,19939,19939,ZCTA,Sussex,BRFSS,Health Outcomes,Coronary heart disease among adults,Coronary Heart Disease,CHD,9.3,8.2,10.5,%,Crude prevalence,6170,7357,38.568957,-75.207538
2023,19939,19939,ZCTA,Sussex,BRFSS,Health Outcomes,Current asthma among adults,Current Asthma,CASTHMA,10.5,9.2,11.7,%,Crude prevalence,6170,7357,38.568957,-75.207538
2023,19939,19939,ZCTA,Sussex,BRFSS,Health Outcomes,Depression among adults,Depression,DEPRESSION,20.7,17.7,23.8,%,Crude prevalence,6170,7357,38.568957,-75.207538
2023,19939,19939,ZCTA,Sussex,BRFSS,Health Outcomes,Diagnosed diabetes among adults,Diabetes,DIABETES,13.8,12.0,15.7,%,Crude prevalence,6170,7357,38.568957,-75.207538
2023,19939,19939,ZCTA,Sussex,BRFSS,Health Outcomes,High blood pressure among adults,High Blood Pressure,BPHIGH,43.5,39.6,47.3,%,Crude prevalence,6170,7357,38.568957,-75.207538
2023,19939,19939,ZCTA,Sussex,BRFSS,Health Outcomes,High cholesterol among adults who have ever been screened,High Cholesterol,HIGHCHOL,49.1,45.1,53.0,%,Crude prevalence,6170,7357,38.568957,-75.207538
2023,19939,19939,ZCTA,Sussex,BRFSS,Health Outcomes,Obesity among adults,Obesity,OBESITY,33.2,27.6,38.9,%,Crude prevalence,6170,7357,38.568957,-75.207538
2023,19939,19939,ZCTA,Sussex,BRFSS,Health Outcomes,Stroke among adults,Stroke,STROKE,4.4,3.9,4.9,%,Crude prevalence,6170,7357,38.568957,-75.207538
2022,19940,19940,ZCTA,Sussex,BRFSS,Health Outcomes,All teeth lost among adults aged >=65 years,All Teeth Lost,TEETHLOST,15.6,13.2,18.6,%,Crude prevalence,4898,6541,38.4775616,-75.5649307
2023,19940,19940,ZCTA,Sussex,BRFSS,Health Outcomes,Arthritis among adults,Arthritis,ARTHRITIS,29.2,26.3,32.2,%,Crude prevalence,4898,6541,38.4775616,-75.5649307
2023,19940,19940,ZCTA,Sussex,BRFSS,Health Outcomes,Cancer (non-skin) or melanoma among adults,Cancer (non-skin) or Melanoma,CANCER,8.9,8.1,9.8,%,Crude prevalence,4898,6541,38.4775616,-75.5649307
2023,19940,19940,ZCTA,Sussex,BRFSS,Health Outcomes,Chronic obstructive pulmonary disease among adults,COPD,COPD,8.4,7.4,9.6,%,Crude prevalence,4898,6541,38.4775616,-75.5649307
2023,19940,19940,ZCTA,Sussex,BRFSS,Health Outcomes,Coronary heart disease among adults,Coronary Heart Disease,CHD,7.3,6.6,8.2,%,Crude prevalence,4898,6541,38.4775616,-75.5649307
2023,19940,19940,ZCTA,Sussex,BRFSS,Health Outcomes,Current asthma among adults,Current Asthma,CASTHMA,11.2,9.9,12.5,%,Crude prevalence,4898,6541,38.4775616,-75.5649307
2023,19940,19940,ZCTA,Sussex,BRFSS,Health Outcomes,Depression among adults,Depression,DEPRESSION,22.7,19.5,26.1,%,Crude prevalence,4898,6541,38.4775616,-75.5649307
2023,19940,19940,ZCTA,Sussex,BRFSS,Health Outcomes,Diagnosed diabetes among adults,Diabetes,DIABETES,12.2,10.7,13.8,%,Crude prevalence,4898,6541,38.4775616,-75.5649307
2023,19940,19940,ZCTA,Sussex,BRFSS,Health Outcomes,High blood pressure among adults,High Blood Pressure,BPHIGH,38.4,34.8,42.0,%,Crude prevalence,4898,6541,38.4775616,-75.5649307
2023,19940,19940,ZCTA,Sussex,BRFSS,Health Outcomes,High cholesterol among adults who have ever been screened,High Cholesterol,HIGHCHOL,43.6,39.8,47.3,%,Crude prevalence,4898,6541,38.4775616,-75.5649307
2023,19940,19940,ZCTA,Sussex,BRFSS,Health Outcomes,Obesity among adults,Obesity,OBESITY,35.0,29.1,41.0,%,Crude prevalence,4898,6541,38.4775616,-75.5649307
2023,19940,19940,ZCTA,Sussex,BRFSS,Health Outcomes,Stroke among adults,Stroke,STROKE,3.8,3.5,4.2,%,Crude prevalence,4898,6541,38.4775616,-75.5649307
2022,19941,19941,ZCTA,Sussex,BRFSS,Health Outcomes,All teeth lost among adults aged >=65 years,All Teeth Lost,TEETHLOST,13.8,11.6,16.5,%,Crude prevalence,2135,2857,38.7936579,-75.4260621
2023,19941,19941,ZCTA,Sussex,BRFSS,Health Outcomes,Arthritis among adults,Arthritis,ARTHRITIS,28.6,25.7,31.3,%,Crude prevalence,2135,2857,38.7936579,-75.4260621
2023,19941,19941,ZCTA,Sussex,BRFSS,Health Outcomes,Cancer (non-skin) or melanoma among adults,Cancer (non-skin) or Melanoma,CANCER,7.4,6.8,8.2,%,Crude prevalence,2135,2857,38.7936579,-75.4260621
2023,19941,19941,ZCTA,Sussex,BRFSS,Health Outcomes,Chronic obstructive pulmonary disease among adults,COPD,COPD,8.8,7.7,9.9,%,Crude prevalence,2135,2857,38.7936579,-75.4260621
2023,19941,19941,ZCTA,Sussex,BRFSS,Health Outcomes,Coronary heart disease among adults,Coronary Heart Disease,CHD,7.4,6.7,8.2,%,Crude prevalence,2135,2857,38.7936579,-75.4260621
2023,19941,19941,ZCTA,Sussex,BRFSS,Health Outcomes,Current asthma among adults,Current Asthma,CASTHMA,11.5,10.2,12.9,%,Crude prevalence,2135,2857,38.7936579,-75.4260621
2023,19941,19941,ZCTA,Sussex,BRFSS,Health Outcomes,Depression among adults,Depression,DEPRESSION,21.8,18.7,24.9,%,Crude prevalence,2135,2857,38.7936579,-75.4260621
2023,19941,19941,ZCTA,Sussex,BRFSS,Health Outcomes,Diagnosed diabetes among adults,Diabetes,DIABETES,14.1,12.5,15.8,%,Crude prevalence,2135,2857,38.7936579,-75.4260621
2023,19941,19941,ZCTA,Sussex,BRFSS,Health Outcomes,High blood pressure among adults,High Blood Pressure,BPHIGH,40.4,36.8,43.9,%,Crude prevalence,2135,2857,38.7936579,-75.4260621
2023,19941,19941,ZCTA,Sussex,BRFSS,Health Outcomes,High cholesterol among adults who have ever been screened,High Cholesterol,HIGHCHOL,42.6,38.8,46.3,%,Crude prevalence,2135,2857,38.7936579,-75.4260621
2023,19941,19941,ZCTA,Sussex,BRFSS,Health Outcomes,Obesity among adults,Obesity,OBESITY,39.0,32.8,45.0,%,Crude prevalence,2135,2857,38.7936579,-75.4260621
2023,19941,19941,ZCTA,Sussex,BRFSS,Health Outcomes,Stroke among adults,Stroke,STROKE,4.2,3.8,4.6,%,Crude prevalence,2135,2857,38.7936579,-75.4260621
2022,19943,19943,ZCTA,Sussex,BRFSS,Health Outcomes,All teeth lost among adults aged >=65 years,All Teeth Lost,TEETHLOST,13.3,11.0,15.8,%,Crude prevalence,9765,12523,39.0044358,-75.6069858
2023,19943,19943,ZCTA,Sussex,BRFSS,Health Outcomes,Arthritis among adults,Arthritis,ARTHRITIS,30.3,27.3,33.3,%,Crude prevalence,9765,12523,39.0044358,-75.6069858
2023,19943,19943,ZCTA,Sussex,BRFSS,Health Outcomes,Cancer (non-skin) or melanoma among adults,Cancer (non-skin) or Melanoma,CANCER,9.3,8.5,10.2,%,Crude prevalence,9765,12523,39.0044358,-75.6069858
2023,19943,19943,ZCTA,Sussex,BRFSS,Health Outcomes,Chronic obstructive pulmonary disease among adults,COPD,COPD,7.9,7.0,8.8,%,Crude prevalence,9765,12523,39.0044358,-75.6069858
2023,19943,19943,ZCTA,Sussex,BRFSS,Health Outcomes,Coronary heart disease among adults,Coronary Heart Disease,CHD,6.8,6.1,7.5,%,Crude prevalence,9765,12523,39.0044358,-75.6069858
2023,19943,19943,ZCTA,Sussex,BRFSS,Health Outcomes,Current asthma among adults,Current Asthma,CASTHMA,12.4,11.0,13.9,%,Crude prevalence,9765,12523,39.0044358,-75.6069858
2023,19943,19943,ZCTA,Sussex,BRFSS,Health Outcomes,Depression among adults,Depression,DEPRESSION,23.5,20.2,27.0,%,Crude prevalence,9765,12523,39.0044358,-75.6069858
2023,19943,19943,ZCTA,Sussex,BRFSS,Health Outcomes,Diagnosed diabetes among adults,Diabetes,DIABETES,13.7,12.1,15.3,%,Crude prevalence,9765,12523,39.0044358,-75.6069858
2023,19943,19943,ZCTA,Sussex,BRFSS,Health Outcomes,High blood pressure among adults,High Blood Pressure,BPHIGH,39.0,35.4,42.7,%,Crude prevalence,9765,12523,39.0044358,-75.6069858
2023,19943,19943,ZCTA,Sussex,BRFSS,Health Outcomes,High cholesterol among adults who have ever been screened,High Cholesterol,HIGHCHOL,40.7,36.9,44.7,%,Crude prevalence,9765,12523,39.0044358,-75.6069858
2023,19943,19943,ZCTA,Sussex,BRFSS,Health Outcomes,Obesity among adults,Obesity,OBESITY,42.3,36.0,48.9,%,Crude prevalence,9765,12523,39.0044358,-75.6069858
2023,19943,19943,ZCTA,Sussex,BRFSS,Health Outcomes,Stroke among adults,Stroke,STROKE,3.7,3.4,4.0,%,Crude prevalence,9765,12523,39.0044358,-75.6069858
2022,19944,19944,ZCTA,Sussex,BRFSS,Health Outcomes,All teeth lost among adults aged >=65 years,All Teeth Lost,TEETHLOST,10.0,8.4,12.1,%,Crude prevalence,485,519,38.4778676,-75.0530825
2023,19944,19944,ZCTA,Sussex,BRFSS,Health Outcomes,Arthritis among adults,Arthritis,ARTHRITIS,38.9,35.0,42.6,%,Crude prevalence,485,519,38.4778676,-75.0530825
2023,19944,19944,ZCTA,Sussex,BRFSS,Health Outcomes,Cancer (non-skin) or melanoma among adults,Cancer (non-skin) or Melanoma,CANCER,17.2,15.7,18.8,%,Crude prevalence,485,519,38.4778676,-75.0530825
2023,19944,19944,ZCTA,Sussex,BRFSS,Health Outcomes,Chronic obstructive pulmonary disease among adults,COPD,COPD,7.9,6.2,10.0,%,Crude prevalence,485,519,38.4778676,-75.0530825
2023,19944,19944,ZCTA,Sussex,BRFSS,Health Outcomes,Coronary heart disease among adults,Coronary Heart Disease,CHD,10.2,8.7,11.8,%,Crude prevalence,485,519,38.4778676,-75.0530825
2023,19944,19944,ZCTA,Sussex,BRFSS,Health Outcomes,Current asthma among adults,Current Asthma,CASTHMA,9.5,8.3,10.7,%,Crude prevalence,485,519,38.4778676,-75.0530825
2023,19944,19944,ZCTA,Sussex,BRFSS,Health Outcomes,Depression among adults,Depression,DEPRESSION,17.8,15.2,20.6,%,Crude prevalence,485,519,38.4778676,-75.0530825
2023,19944,19944,ZCTA,Sussex,BRFSS,Health Outcomes,Diagnosed diabetes among adults,Diabetes,DIABETES,12.9,10.9,15.1,%,Crude prevalence,485,519,38.4778676,-75.0530825
2023,19944,19944,ZCTA,Sussex,BRFSS,Health Outcomes,High blood pressure among adults,High Blood Pressure,BPHIGH,45.7,41.5,49.7,%,Crude prevalence,485,519,38.4778676,-75.0530825
2023,19944,19944,ZCTA,Sussex,BRFSS,Health Outcomes,High cholesterol among adults who have ever been screened,High Cholesterol,HIGHCHOL,53.4,49.1,57.5,%,Crude prevalence,485,519,38.4778676,-75.0530825
2023,19944,19944,ZCTA,Sussex,BRFSS,Health Outcomes,Obesity among adults,Obesity,OBESITY,26.7,21.7,32.0,%,Crude prevalence,485,519,38.4778676,-75.0530825
2023,19944,19944,ZCTA,Sussex,BRFSS,Health Outcomes,Stroke among adults,Stroke,STROKE,4.4,3.7,5.2,%,Crude prevalence,485,519,38.4778676,-75.0530825
2022,19945,19945,ZCTA,Sussex,BRFSS,Health Outcomes,All teeth lost among adults aged >=65 years,All Teeth Lost,TEETHLOST,8.9,7.4,10.8,%,Crude prevalence,6693,8041,38.4978939,-75.2290333
2023,19945,19945,ZCTA,Sussex,BRFSS,Health Outcomes,Arthritis among adults,Arthritis,ARTHRITIS,31.5,28.3,34.5,%,Crude prevalence,6693,8041,38.4978939,-75.2290333
2023,19945,19945,ZCTA,Sussex,BRFSS,Health Outcomes,Cancer (non-skin) or melanoma among adults,Cancer (non-skin) or Melanoma,CANCER,11.0,10.0,12.0,%,Crude prevalence,6693,8041,38.4978939,-75.2290333
2023,19945,19945,ZCTA,Sussex,BRFSS,Health Outcomes,Chronic obstructive pulmonary disease among adults,COPD,COPD,7.4,6.4,8.4,%,Crude prevalence,6693,8041,38.4978939,-75.2290333
2023,19945,19945,ZCTA,Sussex,BRFSS,Health Outcomes,Coronary heart disease among adults,Coronary Heart Disease,CHD,7.6,6.8,8.4,%,Crude prevalence,6693,8041,38.4978939,-75.2290333
2023,19945,19945,ZCTA,Sussex,BRFSS,Health Outcomes,Current asthma among adults,Current Asthma,CASTHMA,10.4,9.2,11.6,%,Crude prevalence,6693,8041,38.4978939,-75.2290333
2023,19945,19945,ZCTA,Sussex,BRFSS,Health Outcomes,Depression among adults,Depression,DEPRESSION,20.4,17.4,23.5,%,Crude prevalence,6693,8041,38.4978939,-75.2290333
2023,19945,19945,ZCTA,Sussex,BRFSS,Health Outcomes,Diagnosed diabetes among adults,Diabetes,DIABETES,12.5,10.9,14.1,%,Crude prevalence,6693,8041,38.4978939,-75.2290333
2023,19945,19945,ZCTA,Sussex,BRFSS,Health Outcomes,High blood pressure among adults,High Blood Pressure,BPHIGH,40.0,36.2,43.6,%,Crude prevalence,6693,8041,38.4978939,-75.2290333
2023,19945,19945,ZCTA,Sussex,BRFSS,Health Outcomes,High cholesterol among adults who have ever been screened,High Cholesterol,HIGHCHOL,46.8,42.9,50.7,%,Crude prevalence,6693,8041,38.4978939,-75.2290333
2023,19945,19945,ZCTA,Sussex,BRFSS,Health Outcomes,Obesity among adults,Obesity,OBESITY,32.7,27.0,38.4,%,Crude prevalence,6693,8041,38.4978939,-75.2290333
2023,19945,19945,ZCTA,Sussex,BRFSS,Health Outcomes,Stroke among adults,Stroke,STROKE,3.7,3.4,4.1,%,Crude prevalence,6693,8041,38.4978939,-75.2290333
2022,19946,19946,ZCTA,Sussex,BRFSS,Health Outcomes,All teeth lost among adults aged >=65 years,All Teeth Lost,TEETHLOST,11.5,9.5,13.8,%,Crude prevalence,3794,4932,39.0348019,-75.4495848
2023,19946,19946,ZCTA,Sussex,BRFSS,Health Outcomes,Arthritis among adults,Arthritis,ARTHRITIS,30.3,27.3,33.4,%,Crude prevalence,3794,4932,39.0348019,-75.4495848
2023,19946,19946,ZCTA,Sussex,BRFSS,Health Outcomes,Cancer (non-skin) or melanoma among adults,Cancer (non-skin) or Melanoma,CANCER,9.1,8.3,10.0,%,Crude prevalence,3794,4932,39.0348019,-75.4495848
2023,19946,19946,ZCTA,Sussex,BRFSS,Health Outcomes,Chronic obstructive pulmonary disease among adults,COPD,COPD,8.0,7.0,9.0,%,Crude prevalence,3794,4932,39.0348019,-75.4495848
2023,19946,19946,ZCTA,Sussex,BRFSS,Health Outcomes,Coronary heart disease among adults,Coronary Heart Disease,CHD,7.0,6.3,7.7,%,Crude prevalence,3794,4932,39.0348019,-75.4495848
2023,19946,19946,ZCTA,Sussex,BRFSS,Health Outcomes,Current asthma among adults,Current Asthma,CASTHMA,12.3,10.9,13.8,%,Crude prevalence,3794,4932,39.0348019,-75.4495848
2023,19946,19946,ZCTA,Sussex,BRFSS,Health Outcomes,Depression among adults,Depression,DEPRESSION,23.1,19.8,26.7,%,Crude prevalence,3794,4932,39.0348019,-75.4495848
2023,19946,19946,ZCTA,Sussex,BRFSS,Health Outcomes,Diagnosed diabetes among adults,Diabetes,DIABETES,14.2,12.5,16.0,%,Crude prevalence,3794,4932,39.0348019,-75.4495848
2023,19946,19946,ZCTA,Sussex,BRFSS,Health Outcomes,High blood pressure among adults,High Blood Pressure,BPHIGH,39.5,35.9,43.2,%,Crude prevalence,3794,4932,39.0348019,-75.4495848
2023,19946,19946,ZCTA,Sussex,BRFSS,Health Outcomes,High cholesterol among adults who have ever been screened,High Cholesterol,HIGHCHOL,40.7,36.8,44.5,%,Crude prevalence,3794,4932,39.0348019,-75.4495848
2023,19946,19946,ZCTA,Sussex,BRFSS,Health Outcomes,Obesity among adults,Obesity,OBESITY,43.0,36.7,49.6,%,Crude prevalence,3794,4932,39.0348019,-75.4495848
2023,19946,19946,ZCTA,Sussex,BRFSS,Health Outcomes,Stroke among adults,Stroke,STROKE,3.8,3.5,4.1,%,Crude prevalence,3794,4932,39.0348019,-75.4495848
2022,19947,19947,ZCTA,Sussex,BRFSS,Health Outcomes,All teeth lost among adults aged >=65 years,All Teeth Lost,TEETHLOST,15.9,13.6,18.8,%,Crude prevalence,15895,20964,38.6702663,-75.4046629
2023,19947,19947,ZCTA,Sussex,BRFSS,Health Outcomes,Arthritis among adults,Arthritis,ARTHRITIS,27.0,24.3,29.7,%,Crude prevalence,15895,20964,38.6702663,-75.4046629
2023,19947,19947,ZCTA,Sussex,BRFSS,Health Outcomes,Cancer (non-skin) or melanoma among adults,Cancer (non-skin) or Melanoma,CANCER,7.8,7.1,8.5,%,Crude prevalence,15895,20964,38.6702663,-75.4046629
2023,19947,19947,ZCTA,Sussex,BRFSS,Health Outcomes,Chronic obstructive pulmonary disease among adults,COPD,COPD,8.6,7.7,9.5,%,Crude prevalence,15895,20964,38.6702663,-75.4046629
2023,19947,19947,ZCTA,Sussex,BRFSS,Health Outcomes,Coronary heart disease among adults,Coronary Heart Disease,CHD,7.5,6.8,8.3,%,Crude prevalence,15895,20964,38.6702663,-75.4046629
2023,19947,19947,ZCTA,Sussex,BRFSS,Health Outcomes,Current asthma among adults,Current Asthma,CASTHMA,10.7,9.4,12.0,%,Crude prevalence,15895,20964,38.6702663,-75.4046629
2023,19947,19947,ZCTA,Sussex,BRFSS,Health Outcomes,Depression among adults,Depression,DEPRESSION,21.1,18.1,24.3,%,Crude prevalence,15895,20964,38.6702663,-75.4046629
2023,19947,19947,ZCTA,Sussex,BRFSS,Health Outcomes,Diagnosed diabetes among adults,Diabetes,DIABETES,13.2,11.7,14.8,%,Crude prevalence,15895,20964,38.6702663,-75.4046629
2023,19947,19947,ZCTA,Sussex,BRFSS,Health Outcomes,High blood pressure among adults,High Blood Pressure,BPHIGH,37.9,34.5,41.4,%,Crude prevalence,15895,20964,38.6702663,-75.4046629
2023,19947,19947,ZCTA,Sussex,BRFSS,Health Outcomes,High cholesterol among adults who have ever been screened,High Cholesterol,HIGHCHOL,42.7,39.0,46.4,%,Crude prevalence,15895,20964,38.6702663,-75.4046629
2023,19947,19947,ZCTA,Sussex,BRFSS,Health Outcomes,Obesity among adults,Obesity,OBESITY,37.1,31.3,43.1,%,Crude prevalence,15895,20964,38.6702663,-75.4046629
2023,19947,19947,ZCTA,Sussex,BRFSS,Health Outcomes,Stroke among adults,Stroke,STROKE,4.0,3.7,4.3,%,Crude prevalence,15895,20964,38.6702663,-75.4046629
2022,19950,19950,ZCTA,Sussex,BRFSS,Health Outcomes,All teeth lost among adults aged >=65 years,All Teeth Lost,TEETHLOST,14.2,12.2,16.6,%,Crude prevalence,5618,7095,38.8184505,-75.5967427
2023,19950,19950,ZCTA,Sussex,BRFSS,Health Outcomes,Arthritis among adults,Arthritis,ARTHRITIS,31.9,29.1,34.6,%,Crude prevalence,5618,7095,38.8184505,-75.5967427
2023,19950,19950,ZCTA,Sussex,BRFSS,Health Outcomes,Cancer (non-skin) or melanoma among adults,Cancer (non-skin) or Melanoma,CANCER,9.8,9.0,10.5,%,Crude prevalence,5618,7095,38.8184505,-75.5967427
2023,19950,19950,ZCTA,Sussex,BRFSS,Health Outcomes,Chronic obstructive pulmonary disease among adults,COPD,COPD,10.0,8.8,11.1,%,Crude prevalence,5618,7095,38.8184505,-75.5967427
2023,19950,19950,ZCTA,Sussex,BRFSS,Health Outcomes,Coronary heart disease among adults,Coronary Heart Disease,CHD,8.6,7.8,9.3,%,Crude prevalence,5618,7095,38.8184505,-75.5967427
2023,19950,19950,ZCTA,Sussex,BRFSS,Health Outcomes,Current asthma among adults,Current Asthma,CASTHMA,11.7,10.5,12.9,%,Crude prevalence,5618,7095,38.8184505,-75.5967427
2023,19950,19950,ZCTA,Sussex,BRFSS,Health Outcomes,Depression among adults,Depression,DEPRESSION,23.3,20.4,26.3,%,Crude prevalence,5618,7095,38.8184505,-75.5967427
2023,19950,19950,ZCTA,Sussex,BRFSS,Health Outcomes,Diagnosed diabetes among adults,Diabetes,DIABETES,14.0,12.5,15.5,%,Crude prevalence,5618,7095,38.8184505,-75.5967427
2023,19950,19950,ZCTA,Sussex,BRFSS,Health Outcomes,High blood pressure among adults,High Blood Pressure,BPHIGH,40.8,37.5,44.1,%,Crude prevalence,5618,7095,38.8184505,-75.5967427
2023,19950,19950,ZCTA,Sussex,BRFSS,Health Outcomes,High cholesterol among adults who have ever been screened,High Cholesterol,HIGHCHOL,44.8,41.3,48.2,%,Crude prevalence,5618,7095,38.8184505,-75.5967427
2023,19950,19950,ZCTA,Sussex,BRFSS,Health Outcomes,Obesity among adults,Obesity,OBESITY,37.2,31.7,42.6,%,Crude prevalence,5618,7095,38.8184505,-75.5967427
2023,19950,19950,ZCTA,Sussex,BRFSS,Health Outcomes,Stroke among adults,Stroke,STROKE,4.4,4.1,4.8,%,Crude prevalence,5618,7095,38.8184505,-75.5967427
2022,19951,19951,ZCTA,Sussex,BRFSS,Health Outcomes,All teeth lost among adults aged >=65 years,All Teeth Lost,TEETHLOST,8.6,7.1,10.4,%,Crude prevalence,1625,1986,38.6852574,-75.2551535
2023,19951,19951,ZCTA,Sussex,BRFSS,Health Outcomes,Arthritis among adults,Arthritis,ARTHRITIS,34.1,30.9,37.5,%,Crude prevalence,1625,1986,38.6852574,-75.2551535
2023,19951,19951,ZCTA,Sussex,BRFSS,Health Outcomes,Cancer (non-skin) or melanoma among adults,Cancer (non-skin) or Melanoma,CANCER,12.4,11.2,13.5,%,Crude prevalence,1625,1986,38.6852574,-75.2551535
2023,19951,19951,ZCTA,Sussex,BRFSS,Health Outcomes,Chronic obstructive pulmonary disease among adults,COPD,COPD,8.2,7.1,9.4,%,Crude prevalence,1625,1986,38.6852574,-75.2551535
2023,19951,19951,ZCTA,Sussex,BRFSS,Health Outcomes,Coronary heart disease among adults,Coronary Heart Disease,CHD,8.8,7.8,9.8,%,Crude prevalence,1625,1986,38.6852574,-75.2551535
2023,19951,19951,ZCTA,Sussex,BRFSS,Health Outcomes,Current asthma among adults,Current Asthma,CASTHMA,10.2,9.0,11.4,%,Crude prevalence,1625,1986,38.6852574,-75.2551535
2023,19951,19951,ZCTA,Sussex,BRFSS,Health Outcomes,Depression among adults,Depression,DEPRESSION,19.9,17.0,23.0,%,Crude prevalence,1625,1986,38.6852574,-75.2551535
2023,19951,19951,ZCTA,Sussex,BRFSS,Health Outcomes,Diagnosed diabetes among adults,Diabetes,DIABETES,13.3,11.6,15.0,%,Crude prevalence,1625,1986,38.6852574,-75.2551535
2023,19951,19951,ZCTA,Sussex,BRFSS,Health Outcomes,High blood pressure among adults,High Blood Pressure,BPHIGH,42.8,39.0,46.6,%,Crude prevalence,1625,1986,38.6852574,-75.2551535
2023,19951,19951,ZCTA,Sussex,BRFSS,Health Outcomes,High cholesterol among adults who have ever been screened,High Cholesterol,HIGHCHOL,49.1,45.0,53.0,%,Crude prevalence,1625,1986,38.6852574,-75.2551535
2023,19951,19951,ZCTA,Sussex,BRFSS,Health Outcomes,Obesity among adults,Obesity,OBESITY,32.3,26.6,38.2,%,Crude prevalence,1625,1986,38.6852574,-75.2551535
2023,19951,19951,ZCTA,Sussex,BRFSS,Health Outcomes,Stroke among adults,Stroke,STROKE,4.1,3.7,4.5,%,Crude prevalence,1625,1986,38.6852574,-75.2551535
2022,19952,19952,ZCTA,Sussex,BRFSS,Health Outcomes,All teeth lost among adults aged >=65 years,All Teeth Lost,TEETHLOST,13.0,10.8,15.6,%,Crude prevalence,8244,10621,38.9166995,-75.6121042
2023,19952,19952,ZCTA,Sussex,BRFSS,Health Outcomes,Arthritis among adults,Arthritis,ARTHRITIS,31.2,28.2,34.4,%,Crude prevalence,8244,10621,38.9166995,-75.6121042
2023,19952,19952,ZCTA,Sussex,BRFSS,Health Outcomes,Cancer (non-skin) or melanoma among adults,Cancer (non-skin) or Melanoma,CANCER,9.5,8.6,10.4,%,Crude prevalence,8244,10621,38.9166995,-75.6121042
2023,19952,19952,ZCTA,Sussex,BRFSS,Health Outcomes,Chronic obstructive pulmonary disease among adults,COPD,COPD,8.6,7.6,9.6,%,Crude prevalence,8244,10621,38.9166995,-75.6121042
2023,19952,19952,ZCTA,Sussex,BRFSS,Health Outcomes,Coronary heart disease among adults,Coronary Heart Disease,CHD,7.1,6.4,7.9,%,Crude prevalence,8244,10621,38.9166995,-75.6121042
2023,19952,19952,ZCTA,Sussex,BRFSS,Health Outcomes,Current asthma among adults,Current Asthma,CASTHMA,12.6,11.2,14.2,%,Crude prevalence,8244,10621,38.9166995,-75.6121042
2023,19952,19952,ZCTA,Sussex,BRFSS,Health Outcomes,Depression among adults,Depression,DEPRESSION,24.3,20.9,28.0,%,Crude prevalence,8244,10621,38.9166995,-75.6121042
2023,19952,19952,ZCTA,Sussex,BRFSS,Health Outcomes,Diagnosed diabetes among adults,Diabetes,DIABETES,14.0,12.4,15.9,%,Crude prevalence,8244,10621,38.9166995,-75.6121042
2023,19952,19952,ZCTA,Sussex,BRFSS,Health Outcomes,High blood pressure among adults,High Blood Pressure,BPHIGH,39.6,36.0,43.3,%,Crude prevalence,8244,10621,38.9166995,-75.6121042
2023,19952,19952,ZCTA,Sussex,BRFSS,Health Outcomes,High cholesterol among adults who have ever been screened,High Cholesterol,HIGHCHOL,41.0,37.2,45.0,%,Crude prevalence,8244,10621,38.9166995,-75.6121042
2023,19952,19952,ZCTA,Sussex,BRFSS,Health Outcomes,Obesity among adults,Obesity,OBESITY,43.0,36.7,49.8,%,Crude prevalence,8244,10621,38.9166995,-75.6121042
2023,19952,19952,ZCTA,Sussex,BRFSS,Health Outcomes,Stroke among adults,Stroke,STROKE,3.9,3.6,4.3,%,Crude prevalence,8244,10621,38.9166995,-75.6121042
2022,19953,19953,ZCTA,Sussex,BRFSS,Health Outcomes,All teeth lost among adults aged >=65 years,All Teeth Lost,TEETHLOST,16.8,13.8,20.1,%,Crude prevalence,3387,4500,39.152487,-75.6941327
2023,19953,19953,ZCTA,Sussex,BRFSS,Health Outcomes,Arthritis among adults,Arthritis,ARTHRITIS,31.0,28.0,34.2,%,Crude prevalence,3387,4500,39.152487,-75.6941327
2023,19953,19953,ZCTA,Sussex,BRFSS,Health Outcomes,Cancer (non-skin) or melanoma among adults,Cancer (non-skin) or Melanoma,CANCER,9.1,8.2,10.1,%,Crude prevalence,3387,4500,39.152487,-75.6941327
2023,19953,19953,ZCTA,Sussex,BRFSS,Health Outcomes,Chronic obstructive pulmonary disease among adults,COPD,COPD,9.7,8.3,11.2,%,Crude prevalence,3387,4500,39.152487,-75.6941327
2023,19953,19953,ZCTA,Sussex,BRFSS,Health Outcomes,Coronary heart disease among adults,Coronary Heart Disease,CHD,7.5,6.6,8.4,%,Crude prevalence,3387,4500,39.152487,-75.6941327
2023,19953,19953,ZCTA,Sussex,BRFSS,Health Outcomes,Current asthma among adults,Current Asthma,CASTHMA,12.8,11.4,14.5,%,Crude prevalence,3387,4500,39.152487,-75.6941327
2023,19953,19953,ZCTA,Sussex,BRFSS,Health Outcomes,Depression among adults,Depression,DEPRESSION,25.5,22.1,29.4,%,Crude prevalence,3387,4500,39.152487,-75.6941327
2023,19953,19953,ZCTA,Sussex,BRFSS,Health Outcomes,Diagnosed diabetes among adults,Diabetes,DIABETES,14.0,12.3,15.9,%,Crude prevalence,3387,4500,39.152487,-75.6941327
2023,19953,19953,ZCTA,Sussex,BRFSS,Health Outcomes,High blood pressure among adults,High Blood Pressure,BPHIGH,38.8,35.3,42.6,%,Crude prevalence,3387,4500,39.152487,-75.6941327
2023,19953,19953,ZCTA,Sussex,BRFSS,Health Outcomes,High cholesterol among adults who have ever been screened,High Cholesterol,HIGHCHOL,41.3,37.5,45.3,%,Crude prevalence,3387,4500,39.152487,-75.6941327
2023,19953,19953,ZCTA,Sussex,BRFSS,Health Outcomes,Obesity among adults,Obesity,OBESITY,42.9,36.7,49.8,%,Crude prevalence,3387,4500,39.152487,-75.6941327
2023,19953,19953,ZCTA,Sussex,BRFSS,Health Outcomes,Stroke among adults,Stroke,STROKE,4.0,3.6,4.4,%,Crude prevalence,3387,4500,39.152487,-75.6941327
2022,19954,19954,ZCTA,Sussex,BRFSS,Health Outcomes,All teeth lost among adults aged >=65 years,All Teeth Lost,TEETHLOST,18.3,15.2,21.8,%,Crude prevalence,1308,1629,38.8970097,-75.5204569
2023,19954,19954,ZCTA,Sussex,BRFSS,Health Outcomes,Arthritis among adults,Arthritis,ARTHRITIS,34.4,31.1,37.8,%,Crude prevalence,1308,1629,38.8970097,-75.5204569
2023,19954,19954,ZCTA,Sussex,BRFSS,Health Outcomes,Cancer (non-skin) or melanoma among adults,Cancer (non-skin) or Melanoma,CANCER,10.4,9.4,11.5,%,Crude prevalence,1308,1629,38.8970097,-75.5204569
2023,19954,19954,ZCTA,Sussex,BRFSS,Health Outcomes,Chronic obstructive pulmonary disease among adults,COPD,COPD,10.6,9.0,12.2,%,Crude prevalence,1308,1629,38.8970097,-75.5204569
2023,19954,19954,ZCTA,Sussex,BRFSS,Health Outcomes,Coronary heart disease among adults,Coronary Heart Disease,CHD,9.0,7.9,10.2,%,Crude prevalence,1308,1629,38.8970097,-75.5204569
2023,19954,19954,ZCTA,Sussex,BRFSS,Health Outcomes,Current asthma among adults,Current Asthma,CASTHMA,12.5,11.0,14.0,%,Crude prevalence,1308,1629,38.8970097,-75.5204569
2023,19954,19954,ZCTA,Sussex,BRFSS,Health Outcomes,Depression among adults,Depression,DEPRESSION,23.7,20.3,27.4,%,Crude prevalence,1308,1629,38.8970097,-75.5204569
2023,19954,19954,ZCTA,Sussex,BRFSS,Health Outcomes,Diagnosed diabetes among adults,Diabetes,DIABETES,16.7,14.7,18.8,%,Crude prevalence,1308,1629,38.8970097,-75.5204569
2023,19954,19954,ZCTA,Sussex,BRFSS,Health Outcomes,High blood pressure among adults,High Blood Pressure,BPHIGH,43.9,40.0,47.9,%,Crude prevalence,1308,1629,38.8970097,-75.5204569
2023,19954,19954,ZCTA,Sussex,BRFSS,Health Outcomes,High cholesterol among adults who have ever been screened,High Cholesterol,HIGHCHOL,44.0,40.1,47.9,%,Crude prevalence,1308,1629,38.8970097,-75.5204569
2023,19954,19954,ZCTA,Sussex,BRFSS,Health Outcomes,Obesity among adults,Obesity,OBESITY,44.2,37.5,51.0,%,Crude prevalence,1308,1629,38.8970097,-75.5204569
2023,19954,19954,ZCTA,Sussex,BRFSS,Health Outcomes,Stroke among adults,Stroke,STROKE,4.7,4.2,5.3,%,Crude prevalence,1308,1629,38.8970097,-75.5204569
2022,19955,19955,ZCTA,Sussex,BRFSS,Health Outcomes,All teeth lost among adults aged >=65 years,All Teeth Lost,TEETHLOST,15.5,12.8,18.5,%,Crude prevalence,143,191,39.2269685,-75.664724
2023,19955,19955,ZCTA,Sussex,BRFSS,Health Outcomes,Arthritis among adults,Arthritis,ARTHRITIS,32.8,29.5,36.0,%,Crude prevalence,143,191,39.2269685,-75.664724
2023,19955,19955,ZCTA,Sussex,BRFSS,Health Outcomes,Cancer (non-skin) or melanoma among adults,Cancer (non-skin) or Melanoma,CANCER,9.7,8.7,10.7,%,Crude prevalence,143,191,39.2269685,-75.664724
2023,19955,19955,ZCTA,Sussex,BRFSS,Health Outcomes,Chronic obstructive pulmonary disease among adults,COPD,COPD,9.4,7.8,11.2,%,Crude prevalence,143,191,39.2269685,-75.664724
2023,19955,19955,ZCTA,Sussex,BRFSS,Health Outcomes,Coronary heart disease among adults,Coronary Heart Disease,CHD,7.5,6.5,8.6,%,Crude prevalence,143,191,39.2269685,-75.664724
2023,19955,19955,ZCTA,Sussex,BRFSS,Health Outcomes,Current asthma among adults,Current Asthma,CASTHMA,12.9,11.4,14.5,%,Crude prevalence,143,191,39.2269685,-75.664724
2023,19955,19955,ZCTA,Sussex,BRFSS,Health Outcomes,Depression among adults,Depression,DEPRESSION,25.1,21.5,28.9,%,Crude prevalence,143,191,39.2269685,-75.664724
2023,19955,19955,ZCTA,Sussex,BRFSS,Health Outcomes,Diagnosed diabetes among adults,Diabetes,DIABETES,14.7,12.7,16.9,%,Crude prevalence,143,191,39.2269685,-75.664724
2023,19955,19955,ZCTA,Sussex,BRFSS,Health Outcomes,High blood pressure among adults,High Blood Pressure,BPHIGH,40.6,36.8,44.5,%,Crude prevalence,143,191,39.2269685,-75.664724
2023,19955,19955,ZCTA,Sussex,BRFSS,Health Outcomes,High cholesterol among adults who have ever been screened,High Cholesterol,HIGHCHOL,42.2,38.1,46.3,%,Crude prevalence,143,191,39.2269685,-75.664724
2023,19955,19955,ZCTA,Sussex,BRFSS,Health Outcomes,Obesity among adults,Obesity,OBESITY,43.4,36.9,50.3,%,Crude prevalence,143,191,39.2269685,-75.664724
2023,19955,19955,ZCTA,Sussex,BRFSS,Health Outcomes,Stroke among adults,Stroke,STROKE,4.1,3.5,4.6,%,Crude prevalence,143,191,39.2269685,-75.664724
2022,19956,19956,ZCTA,Sussex,BRFSS,Health Outcomes,All teeth lost among adults aged >=65 years,All Teeth Lost,TEETHLOST,19.2,16.3,22.8,%,Crude prevalence,12211,16327,38.5476448,-75.5381863
2023,19956,19956,ZCTA,Sussex,BRFSS,Health Outcomes,Arthritis among adults,Arthritis,ARTHRITIS,29.8,27.0,32.8,%,Crude prevalence,12211,16327,38.5476448,-75.5381863
2023,19956,19956,ZCTA,Sussex,BRFSS,Health Outcomes,Cancer (non-skin) or melanoma among adults,Cancer (non-skin) or Melanoma,CANCER,8.6,7.9,9.4,%,Crude prevalence,12211,16327,38.5476448,-75.5381863
2023,19956,19956,ZCTA,Sussex,BRFSS,Health Outcomes,Chronic obstructive pulmonary disease among adults,COPD,COPD,9.5,8.4,10.6,%,Crude prevalence,12211,16327,38.5476448,-75.5381863
2023,19956,19956,ZCTA,Sussex,BRFSS,Health Outcomes,Coronary heart disease among adults,Coronary Heart Disease,CHD,8.0,7.2,8.8,%,Crude prevalence,12211,16327,38.5476448,-75.5381863
2023,19956,19956,ZCTA,Sussex,BRFSS,Health Outcomes,Current asthma among adults,Current Asthma,CASTHMA,11.5,10.2,12.9,%,Crude prevalence,12211,16327,38.5476448,-75.5381863
2023,19956,19956,ZCTA,Sussex,BRFSS,Health Outcomes,Depression among adults,Depression,DEPRESSION,23.0,19.8,26.4,%,Crude prevalence,12211,16327,38.5476448,-75.5381863
2023,19956,19956,ZCTA,Sussex,BRFSS,Health Outcomes,Diagnosed diabetes among adults,Diabetes,DIABETES,13.4,11.9,15.1,%,Crude prevalence,12211,16327,38.5476448,-75.5381863
2023,19956,19956,ZCTA,Sussex,BRFSS,Health Outcomes,High blood pressure among adults,High Blood Pressure,BPHIGH,39.8,36.3,43.4,%,Crude prevalence,12211,16327,38.5476448,-75.5381863
2023,19956,19956,ZCTA,Sussex,BRFSS,Health Outcomes,High cholesterol among adults who have ever been screened,High Cholesterol,HIGHCHOL,43.8,40.0,47.5,%,Crude prevalence,12211,16327,38.5476448,-75.5381863
2023,19956,19956,ZCTA,Sussex,BRFSS,Health Outcomes,Obesity among adults,Obesity,OBESITY,37.1,31.2,43.1,%,Crude prevalence,12211,16327,38.5476448,-75.5381863
2023,19956,19956,ZCTA,Sussex,BRFSS,Health Outcomes,Stroke among adults,Stroke,STROKE,4.2,3.8,4.6,%,Crude prevalence,12211,16327,38.5476448,-75.5381863
2022,19958,19958,ZCTA,Sussex,BRFSS,Health Outcomes,All teeth lost among adults aged >=65 years,All Teeth Lost,TEETHLOST,8.6,7.2,10.5,%,Crude prevalence,24522,27911,38.728714,-75.1685078
2023,19958,19958,ZCTA,Sussex,BRFSS,Health Outcomes,Arthritis among adults,Arthritis,ARTHRITIS,36.7,33.4,40.2,%,Crude prevalence,24522,27911,38.728714,-75.1685078
2023,19958,19958,ZCTA,Sussex,BRFSS,Health Outcomes,Cancer (non-skin) or melanoma among adults,Cancer (non-skin) or Melanoma,CANCER,14.3,13.1,15.5,%,Crude prevalence,24522,27911,38.728714,-75.1685078
2023,19958,19958,ZCTA,Sussex,BRFSS,Health Outcomes,Chronic obstructive pulmonary disease among adults,COPD,COPD,8.2,7.3,9.2,%,Crude prevalence,24522,27911,38.728714,-75.1685078
2023,19958,19958,ZCTA,Sussex,BRFSS,Health Outcomes,Coronary heart disease among adults,Coronary Heart Disease,CHD,9.2,8.3,10.2,%,Crude prevalence,24522,27911,38.728714,-75.1685078
2023,19958,19958,ZCTA,Sussex,BRFSS,Health Outcomes,Current asthma among adults,Current Asthma,CASTHMA,10.0,8.9,11.3,%,Crude prevalence,24522,27911,38.728714,-75.1685078
2023,19958,19958,ZCTA,Sussex,BRFSS,Health Outcomes,Depression among adults,Depression,DEPRESSION,19.3,16.5,22.3,%,Crude prevalence,24522,27911,38.728714,-75.1685078
2023,19958,19958,ZCTA,Sussex,BRFSS,Health Outcomes,Diagnosed diabetes among adults,Diabetes,DIABETES,13.4,11.9,15.2,%,Crude prevalence,24522,27911,38.728714,-75.1685078
2023,19958,19958,ZCTA,Sussex,BRFSS,Health Outcomes,High blood pressure among adults,High Blood Pressure,BPHIGH,44.3,40.5,48.2,%,Crude prevalence,24522,27911,38.728714,-75.1685078
2023,19958,19958,ZCTA,Sussex,BRFSS,Health Outcomes,High cholesterol among adults who have ever been screened,High Cholesterol,HIGHCHOL,51.2,47.0,55.2,%,Crude prevalence,24522,27911,38.728714,-75.1685078
2023,19958,19958,ZCTA,Sussex,BRFSS,Health Outcomes,Obesity among adults,Obesity,OBESITY,30.7,25.3,36.3,%,Crude prevalence,24522,27911,38.728714,-75.1685078
2023,19958,19958,ZCTA,Sussex,BRFSS,Health Outcomes,Stroke among adults,Stroke,STROKE,4.2,3.9,4.6,%,Crude prevalence,24522,27911,38.728714,-75.1685078
2022,19960,19960,ZCTA,Sussex,BRFSS,Health Outcomes,All teeth lost among adults aged >=65 years,All Teeth Lost,TEETHLOST,13.2,11.0,15.9,%,Crude prevalence,5272,7121,38.8509127,-75.4087158
2023,19960,19960,ZCTA,Sussex,BRFSS,Health Outcomes,Arthritis among adults,Arthritis,ARTHRITIS,29.2,26.2,32.0,%,Crude prevalence,5272,7121,38.8509127,-75.4087158
2023,19960,19960,ZCTA,Sussex,BRFSS,Health Outcomes,Cancer (non-skin) or melanoma among adults,Cancer (non-skin) or Melanoma,CANCER,8.3,7.6,9.1,%,Crude prevalence,5272,7121,38.8509127,-75.4087158
2023,19960,19960,ZCTA,Sussex,BRFSS,Health Outcomes,Chronic obstructive pulmonary disease among adults,COPD,COPD,8.3,7.3,9.3,%,Crude prevalence,5272,7121,38.8509127,-75.4087158
2023,19960,19960,ZCTA,Sussex,BRFSS,Health Outcomes,Coronary heart disease among adults,Coronary Heart Disease,CHD,7.4,6.6,8.2,%,Crude prevalence,5272,7121,38.8509127,-75.4087158
2023,19960,19960,ZCTA,Sussex,BRFSS,Health Outcomes,Current asthma among adults,Current Asthma,CASTHMA,11.3,10.0,12.6,%,Crude prevalence,5272,7121,38.8509127,-75.4087158
2023,19960,19960,ZCTA,Sussex,BRFSS,Health Outcomes,Depression among adults,Depression,DEPRESSION,21.3,18.2,24.5,%,Crude prevalence,5272,7121,38.8509127,-75.4087158
2023,19960,19960,ZCTA,Sussex,BRFSS,Health Outcomes,Diagnosed diabetes among adults,Diabetes,DIABETES,13.5,11.9,15.2,%,Crude prevalence,5272,7121,38.8509127,-75.4087158
2023,19960,19960,ZCTA,Sussex,BRFSS,Health Outcomes,High blood pressure among adults,High Blood Pressure,BPHIGH,40.0,36.2,43.6,%,Crude prevalence,5272,7121,38.8509127,-75.4087158
2023,19960,19960,ZCTA,Sussex,BRFSS,Health Outcomes,High cholesterol among adults who have ever been screened,High Cholesterol,HIGHCHOL,43.4,39.5,47.2,%,Crude prevalence,5272,7121,38.8509127,-75.4087158
2023,19960,19960,ZCTA,Sussex,BRFSS,Health Outcomes,Obesity among adults,Obesity,OBESITY,37.2,31.1,43.3,%,Crude prevalence,5272,7121,38.8509127,-75.4087158
2023,19960,19960,ZCTA,Sussex,BRFSS,Health Outcomes,Stroke among adults,Stroke,STROKE,4.1,3.7,4.4,%,Crude prevalence,5272,7121,38.8509127,-75.4087158
2022,19962,19962,ZCTA,Sussex,BRFSS,Health Outcomes,All teeth lost among adults aged >=65 years,All Teeth Lost,TEETHLOST,13.8,11.5,16.4,%,Crude prevalence,10232,13692,39.0688084,-75.4883882
2023,19962,19962,ZCTA,Sussex,BRFSS,Health Outcomes,Arthritis among adults,Arthritis,ARTHRITIS,28.1,25.4,31.1,%,Crude prevalence,10232,13692,39.0688084,-75.4883882
2023,19962,19962,ZCTA,Sussex,BRFSS,Health Outcomes,Cancer (non-skin) or melanoma among adults,Cancer (non-skin) or Melanoma,CANCER,8.3,7.6,9.1,%,Crude prevalence,10232,13692,39.0688084,-75.4883882
2023,19962,19962,ZCTA,Sussex,BRFSS,Health Outcomes,Chronic obstructive pulmonary disease among adults,COPD,COPD,6.9,6.1,7.8,%,Crude prevalence,10232,13692,39.0688084,-75.4883882
2023,19962,19962,ZCTA,Sussex,BRFSS,Health Outcomes,Coronary heart disease among adults,Coronary Heart Disease,CHD,6.1,5.4,6.7,%,Crude prevalence,10232,13692,39.0688084,-75.4883882
2023,19962,19962,ZCTA,Sussex,BRFSS,Health Outcomes,Current asthma among adults,Current Asthma,CASTHMA,12.4,11.0,13.9,%,Crude prevalence,10232,13692,39.0688084,-75.4883882
2023,19962,19962,ZCTA,Sussex,BRFSS,Health Outcomes,Depression among adults,Depression,DEPRESSION,22.6,19.5,26.1,%,Crude prevalence,10232,13692,39.0688084,-75.4883882
2023,19962,19962,ZCTA,Sussex,BRFSS,Health Outcomes,Diagnosed diabetes among adults,Diabetes,DIABETES,13.3,11.8,14.9,%,Crude prevalence,10232,13692,39.0688084,-75.4883882
2023,19962,19962,ZCTA,Sussex,BRFSS,Health Outcomes,High blood pressure among adults,High Blood Pressure,BPHIGH,37.8,34.3,41.4,%,Crude prevalence,10232,13692,39.0688084,-75.4883882
2023,19962,19962,ZCTA,Sussex,BRFSS,Health Outcomes,High cholesterol among adults who have ever been screened,High Cholesterol,HIGHCHOL,39.0,35.2,42.9,%,Crude prevalence,10232,13692,39.0688084,-75.4883882
2023,19962,19962,ZCTA,Sussex,BRFSS,Health Outcomes,Obesity among adults,Obesity,OBESITY,42.2,35.9,48.8,%,Crude prevalence,10232,13692,39.0688084,-75.4883882
2023,19962,19962,ZCTA,Sussex,BRFSS,Health Outcomes,Stroke among adults,Stroke,STROKE,3.5,3.2,3.7,%,Crude prevalence,10232,13692,39.0688084,-75.4883882
2022,19963,19963,ZCTA,Sussex,BRFSS,Health Outcomes,All teeth lost among adults aged >=65 years,All Teeth Lost,TEETHLOST,12.3,10.7,14.3,%,Crude prevalence,16395,20827,38.9432534,-75.362567
2023,19963,19963,ZCTA,Sussex,BRFSS,Health Outcomes,Arthritis among adults,Arthritis,ARTHRITIS,31.4,28.8,34.0,%,Crude prevalence,16395,20827,38.9432534,-75.362567
2023,19963,19963,ZCTA,Sussex,BRFSS,Health Outcomes,Cancer (non-skin) or melanoma among adults,Cancer (non-skin) or Melanoma,CANCER,9.9,9.2,10.6,%,Crude prevalence,16395,20827,38.9432534,-75.362567
2023,19963,19963,ZCTA,Sussex,BRFSS,Health Outcomes,Chronic obstructive pulmonary disease among adults,COPD,COPD,8.8,7.8,9.7,%,Crude prevalence,16395,20827,38.9432534,-75.362567
2023,19963,19963,ZCTA,Sussex,BRFSS,Health Outcomes,Coronary heart disease among adults,Coronary Heart Disease,CHD,8.0,7.3,8.6,%,Crude prevalence,16395,20827,38.9432534,-75.362567
2023,19963,19963,ZCTA,Sussex,BRFSS,Health Outcomes,Current asthma among adults,Current Asthma,CASTHMA,11.5,10.4,12.7,%,Crude prevalence,16395,20827,38.9432534,-75.362567
2023,19963,19963,ZCTA,Sussex,BRFSS,Health Outcomes,Depression among adults,Depression,DEPRESSION,22.2,19.4,25.0,%,Crude prevalence,16395,20827,38.9432534,-75.362567
2023,19963,19963,ZCTA,Sussex,BRFSS,Health Outcomes,Diagnosed diabetes among adults,Diabetes,DIABETES,14.1,12.6,15.5,%,Crude prevalence,16395,20827,38.9432534,-75.362567
2023,19963,19963,ZCTA,Sussex,BRFSS,Health Outcomes,High blood pressure among adults,High Blood Pressure,BPHIGH,40.8,37.6,43.9,%,Crude prevalence,16395,20827,38.9432534,-75.362567
2023,19963,19963,ZCTA,Sussex,BRFSS,Health Outcomes,High cholesterol among adults who have ever been screened,High Cholesterol,HIGHCHOL,43.9,40.5,47.3,%,Crude prevalence,16395,20827,38.9432534,-75.362567
2023,19963,19963,ZCTA,Sussex,BRFSS,Health Outcomes,Obesity among adults,Obesity,OBESITY,38.3,33.1,43.6,%,Crude prevalence,16395,20827,38.9432534,-75.362567
2023,19963,19963,ZCTA,Sussex,BRFSS,Health Outcomes,Stroke among adults,Stroke,STROKE,4.2,3.9,4.5,%,Crude prevalence,16395,20827,38.9432534,-75.362567
2022,19964,19964,ZCTA,Sussex,BRFSS,Health Outcomes,All teeth lost among adults aged >=65 years,All Teeth Lost,TEETHLOST,18.9,15.7,22.4,%,Crude prevalence,1034,1298,39.0960269,-75.7254632
2023,19964,19964,ZCTA,Sussex,BRFSS,Health Outcomes,Arthritis among adults,Arthritis,ARTHRITIS,32.5,29.3,35.8,%,Crude prevalence,1034,1298,39.0960269,-75.7254632
2023,19964,19964,ZCTA,Sussex,BRFSS,Health Outcomes,Cancer (non-skin) or melanoma among adults,Cancer (non-skin) or Melanoma,CANCER,9.9,9.0,10.9,%,Crude prevalence,1034,1298,39.0960269,-75.7254632
2023,19964,19964,ZCTA,Sussex,BRFSS,Health Outcomes,Chronic obstructive pulmonary disease among adults,COPD,COPD,9.9,8.5,11.4,%,Crude prevalence,1034,1298,39.0960269,-75.7254632
2023,19964,19964,ZCTA,Sussex,BRFSS,Health Outcomes,Coronary heart disease among adults,Coronary Heart Disease,CHD,7.8,6.9,8.8,%,Crude prevalence,1034,1298,39.0960269,-75.7254632
2023,19964,19964,ZCTA,Sussex,BRFSS,Health Outcomes,Current asthma among adults,Current Asthma,CASTHMA,12.8,11.3,14.4,%,Crude prevalence,1034,1298,39.0960269,-75.7254632
2023,19964,19964,ZCTA,Sussex,BRFSS,Health Outcomes,Depression among adults,Depression,DEPRESSION,25.1,21.6,28.8,%,Crude prevalence,1034,1298,39.0960269,-75.7254632
2023,19964,19964,ZCTA,Sussex,BRFSS,Health Outcomes,Diagnosed diabetes among adults,Diabetes,DIABETES,14.3,12.6,16.3,%,Crude prevalence,1034,1298,39.0960269,-75.7254632
2023,19964,19964,ZCTA,Sussex,BRFSS,Health Outcomes,High blood pressure among adults,High Blood Pressure,BPHIGH,39.8,36.1,43.7,%,Crude prevalence,1034,1298,39.0960269,-75.7254632
2023,19964,19964,ZCTA,Sussex,BRFSS,Health Outcomes,High cholesterol among adults who have ever been screened,High Cholesterol,HIGHCHOL,42.3,38.4,46.4,%,Crude prevalence,1034,1298,39.0960269,-75.7254632
2023,19964,19964,ZCTA,Sussex,BRFSS,Health Outcomes,Obesity among adults,Obesity,OBESITY,42.3,35.9,49.0,%,Crude prevalence,1034,1298,39.0960269,-75.7254632
2023,19964,19964,ZCTA,Sussex,BRFSS,Health Outcomes,Stroke among adults,Stroke,STROKE,4.2,3.7,4.7,%,Crude prevalence,1034,1298,39.0960269,-75.7254632
2022,19966,19966,ZCTA,Sussex,BRFSS,Health Outcomes,All teeth lost among adults aged >=65 years,All Teeth Lost,TEETHLOST,11.8,9.9,14.3,%,Crude prevalence,26925,32520,38.579422,-75.277196
2023,19966,19966,ZCTA,Sussex,BRFSS,Health Outcomes,Arthritis among adults,Arthritis,ARTHRITIS,34.8,31.6,37.9,%,Crude prevalence,26925,32520,38.579422,-75.277196
2023,19966,19966,ZCTA,Sussex,BRFSS,Health Outcomes,Cancer (non-skin) or melanoma among adults,Cancer (non-skin) or Melanoma,CANCER,11.9,10.9,12.9,%,Crude prevalence,26925,32520,38.579422,-75.277196
2023,19966,19966,ZCTA,Sussex,BRFSS,Health Outcomes,Chronic obstructive pulmonary disease among adults,COPD,COPD,9.4,8.3,10.4,%,Crude prevalence,26925,32520,38.579422,-75.277196
2023,19966,19966,ZCTA,Sussex,BRFSS,Health Outcomes,Coronary heart disease among adults,Coronary Heart Disease,CHD,9.1,8.3,10.0,%,Crude prevalence,26925,32520,38.579422,-75.277196
2023,19966,19966,ZCTA,Sussex,BRFSS,Health Outcomes,Current asthma among adults,Current Asthma,CASTHMA,10.8,9.6,12.1,%,Crude prevalence,26925,32520,38.579422,-75.277196
2023,19966,19966,ZCTA,Sussex,BRFSS,Health Outcomes,Depression among adults,Depression,DEPRESSION,21.0,18.0,24.1,%,Crude prevalence,26925,32520,38.579422,-75.277196
2023,19966,19966,ZCTA,Sussex,BRFSS,Health Outcomes,Diagnosed diabetes among adults,Diabetes,DIABETES,14.2,12.5,16.0,%,Crude prevalence,26925,32520,38.579422,-75.277196
2023,19966,19966,ZCTA,Sussex,BRFSS,Health Outcomes,High blood pressure among adults,High Blood Pressure,BPHIGH,43.5,39.7,47.2,%,Crude prevalence,26925,32520,38.579422,-75.277196
2023,19966,19966,ZCTA,Sussex,BRFSS,Health Outcomes,High cholesterol among adults who have ever been screened,High Cholesterol,HIGHCHOL,48.6,44.7,52.5,%,Crude prevalence,26925,32520,38.579422,-75.277196
2023,19966,19966,ZCTA,Sussex,BRFSS,Health Outcomes,Obesity among adults,Obesity,OBESITY,34.1,28.4,39.9,%,Crude prevalence,26925,32520,38.579422,-75.277196
2023,19966,19966,ZCTA,Sussex,BRFSS,Health Outcomes,Stroke among adults,Stroke,STROKE,4.5,4.2,4.9,%,Crude prevalence,26925,32520,38.579422,-75.277196
2022,19967,19967,ZCTA,Sussex,BRFSS,Health Outcomes,All teeth lost among adults aged >=65 years,All Teeth Lost,TEETHLOST,5.4,4.4,6.6,%,Crude prevalence,1664,1802,38.5397161,-75.1208459
2023,19967,19967,ZCTA,Sussex,BRFSS,Health Outcomes,Arthritis among adults,Arthritis,ARTHRITIS,39.5,35.7,43.4,%,Crude prevalence,1664,1802,38.5397161,-75.1208459
2023,19967,19967,ZCTA,Sussex,BRFSS,Health Outcomes,Cancer (non-skin) or melanoma among adults,Cancer (non-skin) or Melanoma,CANCER,14.9,13.4,16.3,%,Crude prevalence,1664,1802,38.5397161,-75.1208459
2023,19967,19967,ZCTA,Sussex,BRFSS,Health Outcomes,Chronic obstructive pulmonary disease among adults,COPD,COPD,9.2,7.4,11.0,%,Crude prevalence,1664,1802,38.5397161,-75.1208459
2023,19967,19967,ZCTA,Sussex,BRFSS,Health Outcomes,Coronary heart disease among adults,Coronary Heart Disease,CHD,9.6,8.4,10.9,%,Crude prevalence,1664,1802,38.5397161,-75.1208459
2023,19967,19967,ZCTA,Sussex,BRFSS,Health Outcomes,Current asthma among adults,Current Asthma,CASTHMA,10.3,9.0,11.6,%,Crude prevalence,1664,1802,38.5397161,-75.1208459
2023,19967,19967,ZCTA,Sussex,BRFSS,Health Outcomes,Depression among adults,Depression,DEPRESSION,19.8,16.9,22.8,%,Crude prevalence,1664,1802,38.5397161,-75.1208459
2023,19967,19967,ZCTA,Sussex,BRFSS,Health Outcomes,Diagnosed diabetes among adults,Diabetes,DIABETES,14.6,12.6,16.8,%,Crude prevalence,1664,1802,38.5397161,-75.1208459
2023,19967,19967,ZCTA,Sussex,BRFSS,Health Outcomes,High blood pressure among adults,High Blood Pressure,BPHIGH,46.9,42.7,51.1,%,Crude prevalence,1664,1802,38.5397161,-75.1208459
2023,19967,19967,ZCTA,Sussex,BRFSS,Health Outcomes,High cholesterol among adults who have ever been screened,High Cholesterol,HIGHCHOL,53.8,49.6,57.9,%,Crude prevalence,1664,1802,38.5397161,-75.1208459
2023,19967,19967,ZCTA,Sussex,BRFSS,Health Outcomes,Obesity among adults,Obesity,OBESITY,32.0,26.4,37.9,%,Crude prevalence,1664,1802,38.5397161,-75.1208459
2023,19967,19967,ZCTA,Sussex,BRFSS,Health Outcomes,Stroke among adults,Stroke,STROKE,4.4,3.8,5.1,%,Crude prevalence,1664,1802,38.5397161,-75.1208459
2022,19968,19968,ZCTA,Sussex,BRFSS,Health Outcomes,All teeth lost among adults aged >=65 years,All Teeth Lost,TEETHLOST,9.2,7.7,11.1,%,Crude prevalence,11480,13800,38.7829203,-75.2798022
2023,19968,19968,ZCTA,Sussex,BRFSS,Health Outcomes,Arthritis among adults,Arthritis,ARTHRITIS,33.9,30.6,37.2,%,Crude prevalence,11480,13800,38.7829203,-75.2798022
2023,19968,19968,ZCTA,Sussex,BRFSS,Health Outcomes,Cancer (non-skin) or melanoma among adults,Cancer (non-skin) or Melanoma,CANCER,12.1,11.0,13.2,%,Crude prevalence,11480,13800,38.7829203,-75.2798022
2023,19968,19968,ZCTA,Sussex,BRFSS,Health Outcomes,Chronic obstructive pulmonary disease among adults,COPD,COPD,8.3,7.2,9.4,%,Crude prevalence,11480,13800,38.7829203,-75.2798022
2023,19968,19968,ZCTA,Sussex,BRFSS,Health Outcomes,Coronary heart disease among adults,Coronary Heart Disease,CHD,8.5,7.6,9.4,%,Crude prevalence,11480,13800,38.7829203,-75.2798022
2023,19968,19968,ZCTA,Sussex,BRFSS,Health Outcomes,Current asthma among adults,Current Asthma,CASTHMA,10.4,9.2,11.7,%,Crude prevalence,11480,13800,38.7829203,-75.2798022
2023,19968,19968,ZCTA,Sussex,BRFSS,Health Outcomes,Depression among adults,Depression,DEPRESSION,20.6,17.5,23.7,%,Crude prevalence,11480,13800,38.7829203,-75.2798022
2023,19968,19968,ZCTA,Sussex,BRFSS,Health Outcomes,Diagnosed diabetes among adults,Diabetes,DIABETES,13.2,11.5,15.0,%,Crude prevalence,11480,13800,38.7829203,-75.2798022
2023,19968,19968,ZCTA,Sussex,BRFSS,Health Outcomes,High blood pressure among adults,High Blood Pressure,BPHIGH,42.1,38.3,45.9,%,Crude prevalence,11480,13800,38.7829203,-75.2798022
2023,19968,19968,ZCTA,Sussex,BRFSS,Health Outcomes,High cholesterol among adults who have ever been screened,High Cholesterol,HIGHCHOL,48.4,44.4,52.3,%,Crude prevalence,11480,13800,38.7829203,-75.2798022
2023,19968,19968,ZCTA,Sussex,BRFSS,Health Outcomes,Obesity among adults,Obesity,OBESITY,32.7,27.0,38.5,%,Crude prevalence,11480,13800,38.7829203,-75.2798022
2023,19968,19968,ZCTA,Sussex,BRFSS,Health Outcomes,Stroke among adults,Stroke,STROKE,4.1,3.7,4.4,%,Crude prevalence,11480,13800,38.7829203,-75.2798022
2022,19970,19970,ZCTA,Sussex,BRFSS,Health Outcomes,All teeth lost among adults aged >=65 years,All Teeth Lost,TEETHLOST,8.5,7.0,10.3,%,Crude prevalence,7701,8591,38.5549727,-75.0994048
2023,19970,19970,ZCTA,Sussex,BRFSS,Health Outcomes,Arthritis among adults,Arthritis,ARTHRITIS,39.7,36.2,43.3,%,Crude prevalence,7701,8591,38.5549727,-75.0994048
2023,19970,19970,ZCTA,Sussex,BRFSS,Health Outcomes,Cancer (non-skin) or melanoma among adults,Cancer (non-skin) or Melanoma,CANCER,15.5,14.1,16.9,%,Crude prevalence,7701,8591,38.5549727,-75.0994048
2023,19970,19970,ZCTA,Sussex,BRFSS,Health Outcomes,Chronic obstructive pulmonary disease among adults,COPD,COPD,9.4,8.0,10.8,%,Crude prevalence,7701,8591,38.5549727,-75.0994048
2023,19970,19970,ZCTA,Sussex,BRFSS,Health Outcomes,Coronary heart disease among adults,Coronary Heart Disease,CHD,10.4,9.3,11.6,%,Crude prevalence,7701,8591,38.5549727,-75.0994048
2023,19970,19970,ZCTA,Sussex,BRFSS,Health Outcomes,Current asthma among adults,Current Asthma,CASTHMA,10.0,8.9,11.2,%,Crude prevalence,7701,8591,38.5549727,-75.0994048
2023,19970,19970,ZCTA,Sussex,BRFSS,Health Outcomes,Depression among adults,Depression,DEPRESSION,19.4,16.6,22.3,%,Crude prevalence,7701,8591,38.5549727,-75.0994048
2023,19970,19970,ZCTA,Sussex,BRFSS,Health Outcomes,Diagnosed diabetes among adults,Diabetes,DIABETES,14.8,12.9,16.7,%,Crude prevalence,7701,8591,38.5549727,-75.0994048
2023,19970,19970,ZCTA,Sussex,BRFSS,Health Outcomes,High blood pressure among adults,High Blood Pressure,BPHIGH,47.4,43.4,51.3,%,Crude prevalence,7701,8591,38.5549727,-75.0994048
2023,19970,19970,ZCTA,Sussex,BRFSS,Health Outcomes,High cholesterol among adults who have ever been screened,High Cholesterol,HIGHCHOL,53.5,49.3,57.5,%,Crude prevalence,7701,8591,38.5549727,-75.0994048
2023,19970,19970,ZCTA,Sussex,BRFSS,Health Outcomes,Obesity among adults,Obesity,OBESITY,31.2,25.8,36.8,%,Crude prevalence,7701,8591,38.5549727,-75.0994048
2023,19970,19970,ZCTA,Sussex,BRFSS,Health Outcomes,Stroke among adults,Stroke,STROKE,4.7,4.2,5.2,%,Crude prevalence,7701,8591,38.5549727,-75.0994048
2022,19971,19971,ZCTA,Sussex,BRFSS,Health Outcomes,All teeth lost among adults aged >=65 years,All Teeth Lost,TEETHLOST,7.3,6.0,8.8,%,Crude prevalence,12899,14348,38.6945036,-75.0996997
2023,19971,19971,ZCTA,Sussex,BRFSS,Health Outcomes,Arthritis among adults,Arthritis,ARTHRITIS,34.0,30.7,37.3,%,Crude prevalence,12899,14348,38.6945036,-75.0996997
2023,19971,19971,ZCTA,Sussex,BRFSS,Health Outcomes,Cancer (non-skin) or melanoma among adults,Cancer (non-skin) or Melanoma,CANCER,13.9,12.7,15.1,%,Crude prevalence,12899,14348,38.6945036,-75.0996997
2023,19971,19971,ZCTA,Sussex,BRFSS,Health Outcomes,Chronic obstructive pulmonary disease among adults,COPD,COPD,6.7,5.8,7.6,%,Crude prevalence,12899,14348,38.6945036,-75.0996997
2023,19971,19971,ZCTA,Sussex,BRFSS,Health Outcomes,Coronary heart disease among adults,Coronary Heart Disease,CHD,8.1,7.2,9.0,%,Crude prevalence,12899,14348,38.6945036,-75.0996997
2023,19971,19971,ZCTA,Sussex,BRFSS,Health Outcomes,Current asthma among adults,Current Asthma,CASTHMA,9.6,8.5,10.8,%,Crude prevalence,12899,14348,38.6945036,-75.0996997
2023,19971,19971,ZCTA,Sussex,BRFSS,Health Outcomes,Depression among adults,Depression,DEPRESSION,18.7,15.9,21.6,%,Crude prevalence,12899,14348,38.6945036,-75.0996997
2023,19971,19971,ZCTA,Sussex,BRFSS,Health Outcomes,Diagnosed diabetes among adults,Diabetes,DIABETES,11.9,10.3,13.4,%,Crude prevalence,12899,14348,38.6945036,-75.0996997
2023,19971,19971,ZCTA,Sussex,BRFSS,Health Outcomes,High blood pressure among adults,High Blood Pressure,BPHIGH,41.7,37.8,45.4,%,Crude prevalence,12899,14348,38.6945036,-75.0996997
2023,19971,19971,ZCTA,Sussex,BRFSS,Health Outcomes,High cholesterol among adults who have ever been screened,High Cholesterol,HIGHCHOL,49.9,45.7,53.9,%,Crude prevalence,12899,14348,38.6945036,-75.0996997
2023,19971,19971,ZCTA,Sussex,BRFSS,Health Outcomes,Obesity among adults,Obesity,OBESITY,29.3,24.1,34.7,%,Crude prevalence,12899,14348,38.6945036,-75.0996997
2023,19971,19971,ZCTA,Sussex,BRFSS,Health Outcomes,Stroke among adults,Stroke,STROKE,3.6,3.3,4.0,%,Crude prevalence,12899,14348,38.6945036,-75.0996997
2022,19973,19973,ZCTA,Sussex,BRFSS,Health Outcomes,All teeth lost among adults aged >=65 years,All Teeth Lost,TEETHLOST,17.2,14.6,20.3,%,Crude prevalence,19726,25550,38.6344621,-75.6235719
2023,19973,19973,ZCTA,Sussex,BRFSS,Health Outcomes,Arthritis among adults,Arthritis,ARTHRITIS,31.6,28.7,34.5,%,Crude prevalence,19726,25550,38.6344621,-75.6235719
2023,19973,19973,ZCTA,Sussex,BRFSS,Health Outcomes,Cancer (non-skin) or melanoma among adults,Cancer (non-skin) or Melanoma,CANCER,9.1,8.3,9.8,%,Crude prevalence,19726,25550,38.6344621,-75.6235719
2023,19973,19973,ZCTA,Sussex,BRFSS,Health Outcomes,Chronic obstructive pulmonary disease among adults,COPD,COPD,9.9,8.9,11.0,%,Crude prevalence,19726,25550,38.6344621,-75.6235719
2023,19973,19973,ZCTA,Sussex,BRFSS,Health Outcomes,Coronary heart disease among adults,Coronary Heart Disease,CHD,8.7,7.9,9.6,%,Crude prevalence,19726,25550,38.6344621,-75.6235719
2023,19973,19973,ZCTA,Sussex,BRFSS,Health Outcomes,Current asthma among adults,Current Asthma,CASTHMA,11.5,10.3,12.9,%,Crude prevalence,19726,25550,38.6344621,-75.6235719
2023,19973,19973,ZCTA,Sussex,BRFSS,Health Outcomes,Depression among adults,Depression,DEPRESSION,21.8,18.8,24.9,%,Crude prevalence,19726,25550,38.6344621,-75.6235719
2023,19973,19973,ZCTA,Sussex,BRFSS,Health Outcomes,Diagnosed diabetes among adults,Diabetes,DIABETES,15.0,13.3,16.8,%,Crude prevalence,19726,25550,38.6344621,-75.6235719
2023,19973,19973,ZCTA,Sussex,BRFSS,Health Outcomes,High blood pressure among adults,High Blood Pressure,BPHIGH,42.6,39.0,46.1,%,Crude prevalence,19726,25550,38.6344621,-75.6235719
2023,19973,19973,ZCTA,Sussex,BRFSS,Health Outcomes,High cholesterol among adults who have ever been screened,High Cholesterol,HIGHCHOL,45.0,41.2,48.7,%,Crude prevalence,19726,25550,38.6344621,-75.6235719
2023,19973,19973,ZCTA,Sussex,BRFSS,Health Outcomes,Obesity among adults,Obesity,OBESITY,37.8,31.9,43.7,%,Crude prevalence,19726,25550,38.6344621,-75.6235719
2023,19973,19973,ZCTA,Sussex,BRFSS,Health Outcomes,Stroke among adults,Stroke,STROKE,4.7,4.4,5.1,%,Crude prevalence,19726,25550,38.6344621,-75.6235719
2022,19975,19975,ZCTA,Sussex,BRFSS,Health Outcomes,All teeth lost among adults aged >=65 years,All Teeth Lost,TEETHLOST,9.3,7.8,11.3,%,Crude prevalence,9182,10476,38.4683272,-75.1668798
2023,19975,19975,ZCTA,Sussex,BRFSS,Health Outcomes,Arthritis among adults,Arthritis,ARTHRITIS,36.3,32.9,39.6,%,Crude prevalence,9182,10476,38.4683272,-75.1668798
2023,19975,19975,ZCTA,Sussex,BRFSS,Health Outcomes,Cancer (non-skin) or melanoma among adults,Cancer (non-skin) or Melanoma,CANCER,13.8,12.7,15.0,%,Crude prevalence,9182,10476,38.4683272,-75.1668798
2023,19975,19975,ZCTA,Sussex,BRFSS,Health Outcomes,Chronic obstructive pulmonary disease among adults,COPD,COPD,8.2,7.3,9.3,%,Crude prevalence,9182,10476,38.4683272,-75.1668798
2023,19975,19975,ZCTA,Sussex,BRFSS,Health Outcomes,Coronary heart disease among adults,Coronary Heart Disease,CHD,9.1,8.2,10.1,%,Crude prevalence,9182,10476,38.4683272,-75.1668798
2023,19975,19975,ZCTA,Sussex,BRFSS,Health Outcomes,Current asthma among adults,Current Asthma,CASTHMA,9.9,8.8,11.1,%,Crude prevalence,9182,10476,38.4683272,-75.1668798
2023,19975,19975,ZCTA,Sussex,BRFSS,Health Outcomes,Depression among adults,Depression,DEPRESSION,19.0,16.3,21.8,%,Crude prevalence,9182,10476,38.4683272,-75.1668798
2023,19975,19975,ZCTA,Sussex,BRFSS,Health Outcomes,Diagnosed diabetes among adults,Diabetes,DIABETES,13.6,12.0,15.4,%,Crude prevalence,9182,10476,38.4683272,-75.1668798
2023,19975,19975,ZCTA,Sussex,BRFSS,Health Outcomes,High blood pressure among adults,High Blood Pressure,BPHIGH,44.5,40.7,48.2,%,Crude prevalence,9182,10476,38.4683272,-75.1668798
2023,19975,19975,ZCTA,Sussex,BRFSS,Health Outcomes,High cholesterol among adults who have ever been screened,High Cholesterol,HIGHCHOL,51.1,47.0,55.1,%,Crude prevalence,9182,10476,38.4683272,-75.1668798
2023,19975,19975,ZCTA,Sussex,BRFSS,Health Outcomes,Obesity among adults,Obesity,OBESITY,31.3,26.0,36.9,%,Crude prevalence,9182,10476,38.4683272,-75.1668798
2023,19975,19975,ZCTA,Sussex,BRFSS,Health Outcomes,Stroke among adults,Stroke,STROKE,4.2,3.9,4.6,%,Crude prevalence,9182,10476,38.4683272,-75.1668798
2022,19977,19977,ZCTA,Sussex,BRFSS,Health Outcomes,All teeth lost among adults aged >=65 years,All Teeth Lost,TEETHLOST,13.6,11.4,16.0,%,Crude prevalence,21311,27505,39.2989462,-75.5461219
2023,19977,19977,ZCTA,Sussex,BRFSS,Health Outcomes,Arthritis among adults,Arthritis,ARTHRITIS,28.2,25.5,30.9,%,Crude prevalence,21311,27505,39.2989462,-75.5461219
2023,19977,19977,ZCTA,Sussex,BRFSS,Health Outcomes,Cancer (non-skin) or melanoma among adults,Cancer (non-skin) or Melanoma,CANCER,8.2,7.5,8.9,%,Crude prevalence,21311,27505,39.2989462,-75.5461219
2023,19977,19977,ZCTA,Sussex,BRFSS,Health Outcomes,Chronic obstructive pulmonary disease among adults,COPD,COPD,7.0,6.2,7.7,%,Crude prevalence,21311,27505,39.2989462,-75.5461219
2023,19977,19977,ZCTA,Sussex,BRFSS,Health Outcomes,Coronary heart disease among adults,Coronary Heart Disease,CHD,6.2,5.7,6.8,%,Crude prevalence,21311,27505,39.2989462,-75.5461219
2023,19977,19977,ZCTA,Sussex,BRFSS,Health Outcomes,Current asthma among adults,Current Asthma,CASTHMA,12.1,10.8,13.5,%,Crude prevalence,21311,27505,39.2989462,-75.5461219
2023,19977,19977,ZCTA,Sussex,BRFSS,Health Outcomes,Depression among adults,Depression,DEPRESSION,21.6,18.7,24.8,%,Crude prevalence,21311,27505,39.2989462,-75.5461219
2023,19977,19977,ZCTA,Sussex,BRFSS,Health Outcomes,Diagnosed diabetes among adults,Diabetes,DIABETES,13.6,12.1,15.1,%,Crude prevalence,21311,27505,39.2989462,-75.5461219
2023,19977,19977,ZCTA,Sussex,BRFSS,Health Outcomes,High blood pressure among adults,High Blood Pressure,BPHIGH,39.1,35.7,42.6,%,Crude prevalence,21311,27505,39.2989462,-75.5461219
2023,19977,19977,ZCTA,Sussex,BRFSS,Health Outcomes,High cholesterol among adults who have ever been screened,High Cholesterol,HIGHCHOL,39.0,35.4,42.7,%,Crude prevalence,21311,27505,39.2989462,-75.5461219
2023,19977,19977,ZCTA,Sussex,BRFSS,Health Outcomes,Obesity among adults,Obesity,OBESITY,42.2,36.3,48.4,%,Crude prevalence,21311,27505,39.2989462,-75.5461219
2023,19977,19977,ZCTA,Sussex,BRFSS,Health Outcomes,Stroke among adults,Stroke,STROKE,3.6,3.4,3.9,%,Crude prevalence,21311,27505,39.2989462,-75.5461219
2022,19979,19979,ZCTA,Sussex,BRFSS,Health Outcomes,All teeth lost among adults aged >=65 years,All Teeth Lost,TEETHLOST,16.3,13.5,19.4,%,Crude prevalence,581,722,39.0503674,-75.5764624
2023,19979,19979,ZCTA,Sussex,BRFSS,Health Outcomes,Arthritis among adults,Arthritis,ARTHRITIS,31.6,28.4,34.8,%,Crude prevalence,581,722,39.0503674,-75.5764624
2023,19979,19979,ZCTA,Sussex,BRFSS,Health Outcomes,Cancer (non-skin) or melanoma among adults,Cancer (non-skin) or Melanoma,CANCER,9.8,8.9,10.8,%,Crude prevalence,581,722,39.0503674,-75.5764624
2023,19979,19979,ZCTA,Sussex,BRFSS,Health Outcomes,Chronic obstructive pulmonary disease among adults,COPD,COPD,9.0,7.6,10.5,%,Crude prevalence,581,722,39.0503674,-75.5764624
2023,19979,19979,ZCTA,Sussex,BRFSS,Health Outcomes,Coronary heart disease among adults,Coronary Heart Disease,CHD,7.5,6.6,8.4,%,Crude prevalence,581,722,39.0503674,-75.5764624
2023,19979,19979,ZCTA,Sussex,BRFSS,Health Outcomes,Current asthma among adults,Current Asthma,CASTHMA,12.5,11.1,14.0,%,Crude prevalence,581,722,39.0503674,-75.5764624
2023,19979,19979,ZCTA,Sussex,BRFSS,Health Outcomes,Depression among adults,Depression,DEPRESSION,24.4,21.0,28.1,%,Crude prevalence,581,722,39.0503674,-75.5764624
2023,19979,19979,ZCTA,Sussex,BRFSS,Health Outcomes,Diagnosed diabetes among adults,Diabetes,DIABETES,14.0,12.2,15.9,%,Crude prevalence,581,722,39.0503674,-75.5764624
2023,19979,19979,ZCTA,Sussex,BRFSS,Health Outcomes,High blood pressure among adults,High Blood Pressure,BPHIGH,39.8,36.1,43.6,%,Crude prevalence,581,722,39.0503674,-75.5764624
2023,19979,19979,ZCTA,Sussex,BRFSS,Health Outcomes,High cholesterol among adults who have ever been screened,High Cholesterol,HIGHCHOL,41.3,37.5,45.3,%,Crude prevalence,581,722,39.0503674,-75.5764624
2023,19979,19979,ZCTA,Sussex,BRFSS,Health Outcomes,Obesity among adults,Obesity,OBESITY,42.7,36.4,49.6,%,Crude prevalence,581,722,39.0503674,-75.5764624
2023,19979,19979,ZCTA,Sussex,BRFSS,Health Outcomes,Stroke among adults,Stroke,STROKE,4.0,3.5,4.5,%,Crude prevalence,581,722,39.0503674,-75.5764624
2022,19980,19980,ZCTA,Sussex,BRFSS,Health Outcomes,All teeth lost among adults aged >=65 years,All Teeth Lost,TEETHLOST,18.4,15.2,21.7,%,Crude prevalence,200,235,39.0735222,-75.5701686
2023,19980,19980,ZCTA,Sussex,BRFSS,Health Outcomes,Arthritis among adults,Arthritis,ARTHRITIS,33.9,30.6,37.3,%,Crude prevalence,200,235,39.0735222,-75.5701686
2023,19980,19980,ZCTA,Sussex,BRFSS,Health Outcomes,Cancer (non-skin) or melanoma among adults,Cancer (non-skin) or Melanoma,CANCER,10.8,9.8,11.9,%,Crude prevalence,200,235,39.0735222,-75.5701686
2023,19980,19980,ZCTA,Sussex,BRFSS,Health Outcomes,Chronic obstructive pulmonary disease among adults,COPD,COPD,9.6,8.0,11.3,%,Crude prevalence,200,235,39.0735222,-75.5701686
2023,19980,19980,ZCTA,Sussex,BRFSS,Health Outcomes,Coronary heart disease among adults,Coronary Heart Disease,CHD,8.2,7.2,9.2,%,Crude prevalence,200,235,39.0735222,-75.5701686
2023,19980,19980,ZCTA,Sussex,BRFSS,Health Outcomes,Current asthma among adults,Current Asthma,CASTHMA,12.5,11.0,14.1,%,Crude prevalence,200,235,39.0735222,-75.5701686
2023,19980,19980,ZCTA,Sussex,BRFSS,Health Outcomes,Depression among adults,Depression,DEPRESSION,23.9,20.6,27.7,%,Crude prevalence,200,235,39.0735222,-75.5701686
2023,19980,19980,ZCTA,Sussex,BRFSS,Health Outcomes,Diagnosed diabetes among adults,Diabetes,DIABETES,15.1,13.0,17.2,%,Crude prevalence,200,235,39.0735222,-75.5701686
2023,19980,19980,ZCTA,Sussex,BRFSS,Health Outcomes,High blood pressure among adults,High Blood Pressure,BPHIGH,41.9,37.9,45.8,%,Crude prevalence,200,235,39.0735222,-75.5701686
2023,19980,19980,ZCTA,Sussex,BRFSS,Health Outcomes,High cholesterol among adults who have ever been screened,High Cholesterol,HIGHCHOL,43.3,39.3,47.4,%,Crude prevalence,200,235,39.0735222,-75.5701686
2023,19980,19980,ZCTA,Sussex,BRFSS,Health Outcomes,Obesity among adults,Obesity,OBESITY,42.4,36.0,48.9,%,Crude prevalence,200,235,39.0735222,-75.5701686
2023,19980,19980,ZCTA,Sussex,BRFSS,Health Outcomes,Stroke among adults,Stroke,STROKE,4.3,3.8,4.8,%,Crude prevalence,200,235,39.0735222,-75.5701686
