year,locationname,datasource,category,measure,data_value_unit,data_value_type,data_value,low_confidence_limit,high_confidence_limit,totalpop18plus,totalpopulation,geolocation,locationid,categoryid,measureid,datavaluetypeid,short_question_text
2022,19701,BRFSS,Prevention,Current lack of health insurance among adults aged 18-64 years,%,Crude prevalence,7.7,6.7,8.9,33580,42717,"{'type': 'Point', 'coordinates': [-75.6969951, 39.5838947]}",19701,PREVENT,ACCESS2,CrdPrv,Health Insurance
2022,19701,BRFSS,Health Outcomes,Arthritis among adults,%,Crude prevalence,24.9,22.3,27.7,33580,42717,"{'type': 'Point', 'coordinates': [-75.6969951, 39.5838947]}",19701,HLTHOUT,ARTHRITIS,CrdPrv,Arthritis
2022,19701,BRFSS,Health Risk Behaviors,Binge drinking among adults,%,Crude prevalence,15.8,13.4,18.6,33580,42717,"{'type': 'Point', 'coordinates': [-75.6969951, 39.5838947]}",19701,RISKBEH,BINGE,CrdPrv,Binge Drinking
2021,19701,BRFSS,Health Outcomes,High blood pressure among adults,%,Crude prevalence,33.8,30.3,37.6,33580,42717,"{'type': 'Point', 'coordinates': [-75.6969951, 39.5838947]}",19701,HLTHOUT,BPHIGH,CrdPrv,High Blood Pressure
2021,19701,BRFSS,Prevention,Taking medicine to control high blood pressure among adults with high blood pressure,%,Crude prevalence,77.1,74.0,80.1,33580,42717,"{'type': 'Point', 'coordinates': [-75.6969951, 39.5838947]}",19701,PREVENT,BPMED,CrdPrv,High Blood Pressure Medication
2022,19701,BRFSS,Health Outcomes,Cancer (non-skin) or melanoma among adults,%,Crude prevalence,7.1,6.5,7.8,33580,42717,"{'type': 'Point', 'coordinates': [-75.6969951, 39.5838947]}",19701,HLTHOUT,CANCER,CrdPrv,Cancer (non-skin) or Melanoma
2022,19701,BRFSS,Health Outcomes,Current asthma among adults,%,Crude prevalence,10.8,9.7,12.2,33580,42717,"{'type': 'Point', 'coordinates': [-75.6969951, 39.5838947]}",19701,HLTHOUT,CASTHMA,CrdPrv,Current Asthma
2022,19701,BRFSS,Health Outcomes,Coronary heart disease among adults,%,Crude prevalence,5.6,5.1,6.2,33580,42717,"{'type': 'Point', 'coordinates': [-75.6969951, 39.5838947]}",19701,HLTHOUT,CHD,CrdPrv,Coronary Heart Disease
2022,19701,BRFSS,Prevention,Visits to doctor for routine checkup within the past year among adults,%,Crude prevalence,77.2,73.7,80.6,33580,42717,"{'type': 'Point', 'coordinates': [-75.6969951, 39.5838947]}",19701,PREVENT,CHECKUP,CrdPrv,Annual Checkup
2021,19701,BRFSS,Prevention,Cholesterol screening among adults,%,Crude prevalence,88.9,86.8,90.9,33580,42717,"{'type': 'Point', 'coordinates': [-75.6969951, 39.5838947]}",19701,PREVENT,CHOLSCREEN,CrdPrv,Cholesterol Screening
2022,19701,BRFSS,Disability,Cognitive disability among adults,%,Crude prevalence,12.4,11.1,13.9,33580,42717,"{'type': 'Point', 'coordinates': [-75.6969951, 39.5838947]}",19701,DISABLT,COGNITION,CrdPrv,Cognitive Disability
2022,19701,BRFSS,Prevention,Colorectal cancer screening among adults aged 45–75 years,%,Crude prevalence,65.7,61.4,69.9,33580,42717,"{'type': 'Point', 'coordinates': [-75.6969951, 39.5838947]}",19701,PREVENT,COLON_SCREEN,CrdPrv,Colorectal Cancer Screening
2022,19701,BRFSS,Health Outcomes,Chronic obstructive pulmonary disease among adults,%,Crude prevalence,6.2,5.5,6.9,33580,42717,"{'type': 'Point', 'coordinates': [-75.6969951, 39.5838947]}",19701,HLTHOUT,COPD,CrdPrv,COPD
2022,19701,BRFSS,Health Risk Behaviors,Current cigarette smoking among adults,%,Crude prevalence,14.5,12.7,16.4,33580,42717,"{'type': 'Point', 'coordinates': [-75.6969951, 39.5838947]}",19701,RISKBEH,CSMOKING,CrdPrv,Current Cigarette Smoking
2022,19701,BRFSS,Prevention,Visited dentist or dental clinic in the past year among adults,%,Crude prevalence,63.9,60.4,67.4,33580,42717,"{'type': 'Point', 'coordinates': [-75.6969951, 39.5838947]}",19701,PREVENT,DENTAL,CrdPrv,Dental Visit
2022,19701,BRFSS,Health Outcomes,Depression among adults,%,Crude prevalence,19.7,17.0,22.8,33580,42717,"{'type': 'Point', 'coordinates': [-75.6969951, 39.5838947]}",19701,HLTHOUT,DEPRESSION,CrdPrv,Depression
2022,19701,BRFSS,Health Outcomes,Diagnosed diabetes among adults,%,Crude prevalence,13.0,11.5,14.7,33580,42717,"{'type': 'Point', 'coordinates': [-75.6969951, 39.5838947]}",19701,HLTHOUT,DIABETES,CrdPrv,Diabetes
2022,19701,BRFSS,Disability,Any disability among adults,%,Crude prevalence,26.0,23.1,29.2,33580,42717,"{'type': 'Point', 'coordinates': [-75.6969951, 39.5838947]}",19701,DISABLT,DISABILITY,CrdPrv,Any Disability
2022,19701,BRFSS,Health-Related Social Needs,Lack of social and emotional support among adults,%,Crude prevalence,24.5,21.6,27.6,33580,42717,"{'type': 'Point', 'coordinates': [-75.6969951, 39.5838947]}",19701,SOCLNEED,EMOTIONSPT,CrdPrv,Lack of Social/Emotional Support
2022,19701,BRFSS,Health-Related Social Needs,Food insecurity in the past 12 months among adults,%,Crude prevalence,13.4,12.1,14.8,33580,42717,"{'type': 'Point', 'coordinates': [-75.6969951, 39.5838947]}",19701,SOCLNEED,FOODINSECU,CrdPrv,Food Insecurity
2022,19701,BRFSS,Health-Related Social Needs,Received food stamps in the past 12 months among adults,%,Crude prevalence,10.9,9.6,12.4,33580,42717,"{'type': 'Point', 'coordinates': [-75.6969951, 39.5838947]}",19701,SOCLNEED,FOODSTAMP,CrdPrv,Food Stamps
2022,19701,BRFSS,Health Status,Fair or poor self-rated health status among adults,%,Crude prevalence,16.2,14.5,18.0,33580,42717,"{'type': 'Point', 'coordinates': [-75.6969951, 39.5838947]}",19701,HLTHSTAT,GHLTH,CrdPrv,General Health
2022,19701,BRFSS,Disability,Hearing disability among adults,%,Crude prevalence,5.4,4.8,6.1,33580,42717,"{'type': 'Point', 'coordinates': [-75.6969951, 39.5838947]}",19701,DISABLT,HEARING,CrdPrv,Hearing Disability
2021,19701,BRFSS,Health Outcomes,High cholesterol among adults who have ever been screened,%,Crude prevalence,35.0,31.2,38.7,33580,42717,"{'type': 'Point', 'coordinates': [-75.6969951, 39.5838947]}",19701,HLTHOUT,HIGHCHOL,CrdPrv,High Cholesterol
2022,19701,BRFSS,Health-Related Social Needs,Housing insecurity in the past 12 months among adults,%,Crude prevalence,13.1,11.8,14.5,33580,42717,"{'type': 'Point', 'coordinates': [-75.6969951, 39.5838947]}",19701,SOCLNEED,HOUSINSECU,CrdPrv,Housing Insecurity
2022,19701,BRFSS,Disability,Independent living disability among adults,%,Crude prevalence,7.0,6.3,7.8,33580,42717,"{'type': 'Point', 'coordinates': [-75.6969951, 39.5838947]}",19701,DISABLT,INDEPLIVE,CrdPrv,Independent Living Disability
2022,19701,BRFSS,Health-Related Social Needs,Feeling socially isolated among adults,%,Crude prevalence,30.7,27.1,34.5,33580,42717,"{'type': 'Point', 'coordinates': [-75.6969951, 39.5838947]}",19701,SOCLNEED,ISOLATION,CrdPrv,Social Isolation
2022,19701,BRFSS,Health-Related Social Needs,Lack of reliable transportation in the past 12 months among adults,%,Crude prevalence,8.1,7.3,8.8,33580,42717,"{'type': 'Point', 'coordinates': [-75.6969951, 39.5838947]}",19701,SOCLNEED,LACKTRPT,CrdPrv,Transportation Barriers
2022,19701,BRFSS,Health Risk Behaviors,No leisure-time physical activity among adults,%,Crude prevalence,22.6,19.5,26.0,33580,42717,"{'type': 'Point', 'coordinates': [-75.6969951, 39.5838947]}",19701,RISKBEH,LPA,CrdPrv,Physical Inactivity
2022,19701,BRFSS,Prevention,Mammography use among women aged 50-74 years,%,Crude prevalence,79.4,74.0,84.4,33580,42717,"{'type': 'Point', 'coordinates': [-75.6969951, 39.5838947]}",19701,PREVENT,MAMMOUSE,CrdPrv,Mammography
2022,19701,BRFSS,Health Status,Frequent mental distress among adults,%,Crude prevalence,14.9,13.5,16.6,33580,42717,"{'type': 'Point', 'coordinates': [-75.6969951, 39.5838947]}",19701,HLTHSTAT,MHLTH,CrdPrv,Frequent Mental Distress
2022,19701,BRFSS,Disability,Mobility disability among adults,%,Crude prevalence,12.2,10.9,13.7,33580,42717,"{'type': 'Point', 'coordinates': [-75.6969951, 39.5838947]}",19701,DISABLT,MOBILITY,CrdPrv,Mobility Disability
2022,19701,BRFSS,Health Outcomes,Obesity among adults,%,Crude prevalence,37.4,32.0,43.3,33580,42717,"{'type': 'Point', 'coordinates': [-75.6969951, 39.5838947]}",19701,HLTHOUT,OBESITY,CrdPrv,Obesity
2022,19701,BRFSS,Health Status,Frequent physical distress among adults,%,Crude prevalence,11.1,10.0,12.4,33580,42717,"{'type': 'Point', 'coordinates': [-75.6969951, 39.5838947]}",19701,HLTHSTAT,PHLTH,CrdPrv,Frequent Physical Distress
2022,19701,BRFSS,Disability,Self-care disability among adults,%,Crude prevalence,3.3,3.1,3.6,33580,42717,"{'type': 'Point', 'coordinates': [-75.6969951, 39.5838947]}",19701,DISABLT,SELFCARE,CrdPrv,Self-care Disability
2022,19701,BRFSS,Health-Related Social Needs,Utility services shut-off threat in the past 12 months among adults,%,Crude prevalence,8.1,7.2,9.2,33580,42717,"{'type': 'Point', 'coordinates': [-75.6969951, 39.5838947]}",19701,SOCLNEED,SHUTUTILITY,CrdPrv,Utility Services Threat
2022,19701,BRFSS,Health Risk Behaviors,Short sleep duration among adults,%,Crude prevalence,36.5,31.7,41.7,33580,42717,"{'type': 'Point', 'coordinates': [-75.6969951, 39.5838947]}",19701,RISKBEH,SLEEP,CrdPrv,Short Sleep Duration
2022,19701,BRFSS,Health Outcomes,Stroke among adults,%,Crude prevalence,3.3,3.1,3.6,33580,42717,"{'type': 'Point', 'coordinates': [-75.6969951, 39.5838947]}",19701,HLTHOUT,STROKE,CrdPrv,Stroke
2022,19701,BRFSS,Health Outcomes,All teeth lost among adults aged >=65 years,%,Crude prevalence,10.9,9.0,13.1,33580,42717,"{'type': 'Point', 'coordinates': [-75.6969951, 39.5838947]}",19701,HLTHOUT,TEETHLOST,CrdPrv,All Teeth Lost
2022,19701,BRFSS,Disability,Vision disability among adults,%,Crude prevalence,4.7,4.3,5.1,33580,42717,"{'type': 'Point', 'coordinates': [-75.6969951, 39.5838947]}",19701,DISABLT,VISION,CrdPrv,Vision Disability
2022,19702,BRFSS,Prevention,Current lack of health insurance among adults aged 18-64 years,%,Crude prevalence,8.7,7.6,10.0,42790,55653,"{'type': 'Point', 'coordinates': [-75.7297243, 39.6181998]}",19702,PREVENT,ACCESS2,CrdPrv,Health Insurance
2022,19702,BRFSS,Health Outcomes,Arthritis among adults,%,Crude prevalence,22.2,19.8,24.8,42790,55653,"{'type': 'Point', 'coordinates': [-75.7297243, 39.6181998]}",19702,HLTHOUT,ARTHRITIS,CrdPrv,Arthritis
2022,19702,BRFSS,Health Risk Behaviors,Binge drinking among adults,%,Crude prevalence,16.4,13.9,19.2,42790,55653,"{'type': 'Point', 'coordinates': [-75.7297243, 39.6181998]}",19702,RISKBEH,BINGE,CrdPrv,Binge Drinking
2021,19702,BRFSS,Health Outcomes,High blood pressure among adults,%,Crude prevalence,31.3,27.9,34.9,42790,55653,"{'type': 'Point', 'coordinates': [-75.7297243, 39.6181998]}",19702,HLTHOUT,BPHIGH,CrdPrv,High Blood Pressure
2021,19702,BRFSS,Prevention,Taking medicine to control high blood pressure among adults with high blood pressure,%,Crude prevalence,74.5,71.3,77.6,42790,55653,"{'type': 'Point', 'coordinates': [-75.7297243, 39.6181998]}",19702,PREVENT,BPMED,CrdPrv,High Blood Pressure Medication
2022,19702,BRFSS,Health Outcomes,Cancer (non-skin) or melanoma among adults,%,Crude prevalence,6.1,5.6,6.7,42790,55653,"{'type': 'Point', 'coordinates': [-75.7297243, 39.6181998]}",19702,HLTHOUT,CANCER,CrdPrv,Cancer (non-skin) or Melanoma
2022,19702,BRFSS,Health Outcomes,Current asthma among adults,%,Crude prevalence,10.8,9.6,12.1,42790,55653,"{'type': 'Point', 'coordinates': [-75.7297243, 39.6181998]}",19702,HLTHOUT,CASTHMA,CrdPrv,Current Asthma
2022,19702,BRFSS,Health Outcomes,Coronary heart disease among adults,%,Crude prevalence,4.9,4.4,5.4,42790,55653,"{'type': 'Point', 'coordinates': [-75.7297243, 39.6181998]}",19702,HLTHOUT,CHD,CrdPrv,Coronary Heart Disease
2022,19702,BRFSS,Prevention,Visits to doctor for routine checkup within the past year among adults,%,Crude prevalence,76.1,72.5,79.5,42790,55653,"{'type': 'Point', 'coordinates': [-75.7297243, 39.6181998]}",19702,PREVENT,CHECKUP,CrdPrv,Annual Checkup
2021,19702,BRFSS,Prevention,Cholesterol screening among adults,%,Crude prevalence,87.9,85.6,90.0,42790,55653,"{'type': 'Point', 'coordinates': [-75.7297243, 39.6181998]}",19702,PREVENT,CHOLSCREEN,CrdPrv,Cholesterol Screening
2022,19702,BRFSS,Disability,Cognitive disability among adults,%,Crude prevalence,12.5,11.2,14.0,42790,55653,"{'type': 'Point', 'coordinates': [-75.7297243, 39.6181998]}",19702,DISABLT,COGNITION,CrdPrv,Cognitive Disability
2022,19702,BRFSS,Prevention,Colorectal cancer screening among adults aged 45–75 years,%,Crude prevalence,65.2,61.1,69.4,42790,55653,"{'type': 'Point', 'coordinates': [-75.7297243, 39.6181998]}",19702,PREVENT,COLON_SCREEN,CrdPrv,Colorectal Cancer Screening
2022,19702,BRFSS,Health Outcomes,Chronic obstructive pulmonary disease among adults,%,Crude prevalence,5.5,4.9,6.1,42790,55653,"{'type': 'Point', 'coordinates': [-75.7297243, 39.6181998]}",19702,HLTHOUT,COPD,CrdPrv,COPD
2022,19702,BRFSS,Health Risk Behaviors,Current cigarette smoking among adults,%,Crude prevalence,14.0,12.4,15.9,42790,55653,"{'type': 'Point', 'coordinates': [-75.7297243, 39.6181998]}",19702,RISKBEH,CSMOKING,CrdPrv,Current Cigarette Smoking
2022,19702,BRFSS,Prevention,Visited dentist or dental clinic in the past year among adults,%,Crude prevalence,63.2,59.6,66.6,42790,55653,"{'type': 'Point', 'coordinates': [-75.7297243, 39.6181998]}",19702,PREVENT,DENTAL,CrdPrv,Dental Visit
2022,19702,BRFSS,Health Outcomes,Depression among adults,%,Crude prevalence,19.7,17.0,22.7,42790,55653,"{'type': 'Point', 'coordinates': [-75.7297243, 39.6181998]}",19702,HLTHOUT,DEPRESSION,CrdPrv,Depression
2022,19702,BRFSS,Health Outcomes,Diagnosed diabetes among adults,%,Crude prevalence,12.0,10.6,13.5,42790,55653,"{'type': 'Point', 'coordinates': [-75.7297243, 39.6181998]}",19702,HLTHOUT,DIABETES,CrdPrv,Diabetes
2022,19702,BRFSS,Disability,Any disability among adults,%,Crude prevalence,24.9,22.1,28.1,42790,55653,"{'type': 'Point', 'coordinates': [-75.7297243, 39.6181998]}",19702,DISABLT,DISABILITY,CrdPrv,Any Disability
2022,19702,BRFSS,Health-Related Social Needs,Lack of social and emotional support among adults,%,Crude prevalence,25.6,22.6,28.7,42790,55653,"{'type': 'Point', 'coordinates': [-75.7297243, 39.6181998]}",19702,SOCLNEED,EMOTIONSPT,CrdPrv,Lack of Social/Emotional Support
2022,19702,BRFSS,Health-Related Social Needs,Food insecurity in the past 12 months among adults,%,Crude prevalence,14.9,13.5,16.4,42790,55653,"{'type': 'Point', 'coordinates': [-75.7297243, 39.6181998]}",19702,SOCLNEED,FOODINSECU,CrdPrv,Food Insecurity
2022,19703,BRFSS,Health Outcomes,Current asthma among adults,%,Crude prevalence,10.7,9.6,12.1,12679,16175,"{'type': 'Point', 'coordinates': [-75.4538529, 39.8015141]}",19703,HLTHOUT,CASTHMA,CrdPrv,Current Asthma
2022,19702,BRFSS,Health-Related Social Needs,Received food stamps in the past 12 months among adults,%,Crude prevalence,12.5,11.1,14.1,42790,55653,"{'type': 'Point', 'coordinates': [-75.7297243, 39.6181998]}",19702,SOCLNEED,FOODSTAMP,CrdPrv,Food Stamps
2022,19702,BRFSS,Health Status,Fair or poor self-rated health status among adults,%,Crude prevalence,15.6,14.0,17.4,42790,55653,"{'type': 'Point', 'coordinates': [-75.7297243, 39.6181998]}",19702,HLTHSTAT,GHLTH,CrdPrv,General Health
2022,19702,BRFSS,Disability,Hearing disability among adults,%,Crude prevalence,4.8,4.3,5.4,42790,55653,"{'type': 'Point', 'coordinates': [-75.7297243, 39.6181998]}",19702,DISABLT,HEARING,CrdPrv,Hearing Disability
2021,19702,BRFSS,Health Outcomes,High cholesterol among adults who have ever been screened,%,Crude prevalence,32.8,29.2,36.5,42790,55653,"{'type': 'Point', 'coordinates': [-75.7297243, 39.6181998]}",19702,HLTHOUT,HIGHCHOL,CrdPrv,High Cholesterol
2022,19702,BRFSS,Health-Related Social Needs,Housing insecurity in the past 12 months among adults,%,Crude prevalence,14.5,13.1,16.0,42790,55653,"{'type': 'Point', 'coordinates': [-75.7297243, 39.6181998]}",19702,SOCLNEED,HOUSINSECU,CrdPrv,Housing Insecurity
2022,19702,BRFSS,Disability,Independent living disability among adults,%,Crude prevalence,6.8,6.2,7.5,42790,55653,"{'type': 'Point', 'coordinates': [-75.7297243, 39.6181998]}",19702,DISABLT,INDEPLIVE,CrdPrv,Independent Living Disability
2022,19702,BRFSS,Health-Related Social Needs,Feeling socially isolated among adults,%,Crude prevalence,31.7,28.1,35.6,42790,55653,"{'type': 'Point', 'coordinates': [-75.7297243, 39.6181998]}",19702,SOCLNEED,ISOLATION,CrdPrv,Social Isolation
2022,19702,BRFSS,Health-Related Social Needs,Lack of reliable transportation in the past 12 months among adults,%,Crude prevalence,8.9,8.1,9.7,42790,55653,"{'type': 'Point', 'coordinates': [-75.7297243, 39.6181998]}",19702,SOCLNEED,LACKTRPT,CrdPrv,Transportation Barriers
2022,19702,BRFSS,Health Risk Behaviors,No leisure-time physical activity among adults,%,Crude prevalence,21.8,18.8,25.1,42790,55653,"{'type': 'Point', 'coordinates': [-75.7297243, 39.6181998]}",19702,RISKBEH,LPA,CrdPrv,Physical Inactivity
2022,19702,BRFSS,Prevention,Mammography use among women aged 50-74 years,%,Crude prevalence,78.2,72.6,83.4,42790,55653,"{'type': 'Point', 'coordinates': [-75.7297243, 39.6181998]}",19702,PREVENT,MAMMOUSE,CrdPrv,Mammography
2022,19702,BRFSS,Health Status,Frequent mental distress among adults,%,Crude prevalence,15.2,13.7,16.9,42790,55653,"{'type': 'Point', 'coordinates': [-75.7297243, 39.6181998]}",19702,HLTHSTAT,MHLTH,CrdPrv,Frequent Mental Distress
2022,19702,BRFSS,Disability,Mobility disability among adults,%,Crude prevalence,11.0,9.8,12.3,42790,55653,"{'type': 'Point', 'coordinates': [-75.7297243, 39.6181998]}",19702,DISABLT,MOBILITY,CrdPrv,Mobility Disability
2022,19702,BRFSS,Health Outcomes,Obesity among adults,%,Crude prevalence,37.0,31.5,42.7,42790,55653,"{'type': 'Point', 'coordinates': [-75.7297243, 39.6181998]}",19702,HLTHOUT,OBESITY,CrdPrv,Obesity
2022,19702,BRFSS,Health Status,Frequent physical distress among adults,%,Crude prevalence,10.6,9.5,11.8,42790,55653,"{'type': 'Point', 'coordinates': [-75.7297243, 39.6181998]}",19702,HLTHSTAT,PHLTH,CrdPrv,Frequent Physical Distress
2022,19702,BRFSS,Disability,Self-care disability among adults,%,Crude prevalence,3.2,2.9,3.5,42790,55653,"{'type': 'Point', 'coordinates': [-75.7297243, 39.6181998]}",19702,DISABLT,SELFCARE,CrdPrv,Self-care Disability
2022,19702,BRFSS,Health-Related Social Needs,Utility services shut-off threat in the past 12 months among adults,%,Crude prevalence,9.0,8.0,10.1,42790,55653,"{'type': 'Point', 'coordinates': [-75.7297243, 39.6181998]}",19702,SOCLNEED,SHUTUTILITY,CrdPrv,Utility Services Threat
2022,19702,BRFSS,Health Risk Behaviors,Short sleep duration among adults,%,Crude prevalence,37.2,32.3,42.4,42790,55653,"{'type': 'Point', 'coordinates': [-75.7297243, 39.6181998]}",19702,RISKBEH,SLEEP,CrdPrv,Short Sleep Duration
2022,19702,BRFSS,Health Outcomes,Stroke among adults,%,Crude prevalence,3.0,2.8,3.2,42790,55653,"{'type': 'Point', 'coordinates': [-75.7297243, 39.6181998]}",19702,HLTHOUT,STROKE,CrdPrv,Stroke
2022,19702,BRFSS,Health Outcomes,All teeth lost among adults aged >=65 years,%,Crude prevalence,10.7,8.8,12.8,42790,55653,"{'type': 'Point', 'coordinates': [-75.7297243, 39.6181998]}",19702,HLTHOUT,TEETHLOST,CrdPrv,All Teeth Lost
2022,19702,BRFSS,Disability,Vision disability among adults,%,Crude prevalence,4.6,4.2,5.0,42790,55653,"{'type': 'Point', 'coordinates': [-75.7297243, 39.6181998]}",19702,DISABLT,VISION,CrdPrv,Vision Disability
2022,19703,BRFSS,Prevention,Current lack of health insurance among adults aged 18-64 years,%,Crude prevalence,8.6,7.4,9.9,12679,16175,"{'type': 'Point', 'coordinates': [-75.4538529, 39.8015141]}",19703,PREVENT,ACCESS2,CrdPrv,Health Insurance
2022,19703,BRFSS,Health Outcomes,Arthritis among adults,%,Crude prevalence,23.7,21.3,26.4,12679,16175,"{'type': 'Point', 'coordinates': [-75.4538529, 39.8015141]}",19703,HLTHOUT,ARTHRITIS,CrdPrv,Arthritis
2022,19703,BRFSS,Health Risk Behaviors,Binge drinking among adults,%,Crude prevalence,16.2,13.7,19.0,12679,16175,"{'type': 'Point', 'coordinates': [-75.4538529, 39.8015141]}",19703,RISKBEH,BINGE,CrdPrv,Binge Drinking
2021,19703,BRFSS,Health Outcomes,High blood pressure among adults,%,Crude prevalence,32.6,29.1,36.3,12679,16175,"{'type': 'Point', 'coordinates': [-75.4538529, 39.8015141]}",19703,HLTHOUT,BPHIGH,CrdPrv,High Blood Pressure
2021,19703,BRFSS,Prevention,Taking medicine to control high blood pressure among adults with high blood pressure,%,Crude prevalence,75.6,72.4,78.5,12679,16175,"{'type': 'Point', 'coordinates': [-75.4538529, 39.8015141]}",19703,PREVENT,BPMED,CrdPrv,High Blood Pressure Medication
2022,19703,BRFSS,Health Outcomes,Cancer (non-skin) or melanoma among adults,%,Crude prevalence,6.9,6.3,7.6,12679,16175,"{'type': 'Point', 'coordinates': [-75.4538529, 39.8015141]}",19703,HLTHOUT,CANCER,CrdPrv,Cancer (non-skin) or Melanoma
2022,19703,BRFSS,Health Outcomes,Coronary heart disease among adults,%,Crude prevalence,5.4,4.9,6.0,12679,16175,"{'type': 'Point', 'coordinates': [-75.4538529, 39.8015141]}",19703,HLTHOUT,CHD,CrdPrv,Coronary Heart Disease
2022,19703,BRFSS,Prevention,Visits to doctor for routine checkup within the past year among adults,%,Crude prevalence,76.4,72.8,79.8,12679,16175,"{'type': 'Point', 'coordinates': [-75.4538529, 39.8015141]}",19703,PREVENT,CHECKUP,CrdPrv,Annual Checkup
2021,19703,BRFSS,Prevention,Cholesterol screening among adults,%,Crude prevalence,87.9,85.6,90.0,12679,16175,"{'type': 'Point', 'coordinates': [-75.4538529, 39.8015141]}",19703,PREVENT,CHOLSCREEN,CrdPrv,Cholesterol Screening
2022,19703,BRFSS,Disability,Cognitive disability among adults,%,Crude prevalence,12.6,11.3,14.1,12679,16175,"{'type': 'Point', 'coordinates': [-75.4538529, 39.8015141]}",19703,DISABLT,COGNITION,CrdPrv,Cognitive Disability
2022,19703,BRFSS,Prevention,Colorectal cancer screening among adults aged 45–75 years,%,Crude prevalence,65.6,61.3,69.8,12679,16175,"{'type': 'Point', 'coordinates': [-75.4538529, 39.8015141]}",19703,PREVENT,COLON_SCREEN,CrdPrv,Colorectal Cancer Screening
2022,19703,BRFSS,Health Outcomes,Chronic obstructive pulmonary disease among adults,%,Crude prevalence,5.8,5.2,6.5,12679,16175,"{'type': 'Point', 'coordinates': [-75.4538529, 39.8015141]}",19703,HLTHOUT,COPD,CrdPrv,COPD
2022,19703,BRFSS,Health Risk Behaviors,Current cigarette smoking among adults,%,Crude prevalence,14.5,12.8,16.4,12679,16175,"{'type': 'Point', 'coordinates': [-75.4538529, 39.8015141]}",19703,RISKBEH,CSMOKING,CrdPrv,Current Cigarette Smoking
2022,19703,BRFSS,Prevention,Visited dentist or dental clinic in the past year among adults,%,Crude prevalence,62.9,59.3,66.4,12679,16175,"{'type': 'Point', 'coordinates': [-75.4538529, 39.8015141]}",19703,PREVENT,DENTAL,CrdPrv,Dental Visit
2022,19703,BRFSS,Health Outcomes,Depression among adults,%,Crude prevalence,19.8,17.1,22.9,12679,16175,"{'type': 'Point', 'coordinates': [-75.4538529, 39.8015141]}",19703,HLTHOUT,DEPRESSION,CrdPrv,Depression
2022,19703,BRFSS,Health Outcomes,Diagnosed diabetes among adults,%,Crude prevalence,12.0,10.6,13.6,12679,16175,"{'type': 'Point', 'coordinates': [-75.4538529, 39.8015141]}",19703,HLTHOUT,DIABETES,CrdPrv,Diabetes
2022,19703,BRFSS,Disability,Any disability among adults,%,Crude prevalence,26.1,23.1,29.3,12679,16175,"{'type': 'Point', 'coordinates': [-75.4538529, 39.8015141]}",19703,DISABLT,DISABILITY,CrdPrv,Any Disability
2022,19703,BRFSS,Health-Related Social Needs,Lack of social and emotional support among adults,%,Crude prevalence,25.1,22.1,28.3,12679,16175,"{'type': 'Point', 'coordinates': [-75.4538529, 39.8015141]}",19703,SOCLNEED,EMOTIONSPT,CrdPrv,Lack of Social/Emotional Support
2022,19703,BRFSS,Health-Related Social Needs,Food insecurity in the past 12 months among adults,%,Crude prevalence,14.5,13.1,16.0,12679,16175,"{'type': 'Point', 'coordinates': [-75.4538529, 39.8015141]}",19703,SOCLNEED,FOODINSECU,CrdPrv,Food Insecurity
2022,19703,BRFSS,Health-Related Social Needs,Received food stamps in the past 12 months among adults,%,Crude prevalence,12.1,10.6,13.6,12679,16175,"{'type': 'Point', 'coordinates': [-75.4538529, 39.8015141]}",19703,SOCLNEED,FOODSTAMP,CrdPrv,Food Stamps
2022,19703,BRFSS,Health Status,Fair or poor self-rated health status among adults,%,Crude prevalence,15.8,14.2,17.7,12679,16175,"{'type': 'Point', 'coordinates': [-75.4538529, 39.8015141]}",19703,HLTHSTAT,GHLTH,CrdPrv,General Health
2022,19703,BRFSS,Disability,Hearing disability among adults,%,Crude prevalence,5.4,4.8,6.1,12679,16175,"{'type': 'Point', 'coordinates': [-75.4538529, 39.8015141]}",19703,DISABLT,HEARING,CrdPrv,Hearing Disability
2021,19703,BRFSS,Health Outcomes,High cholesterol among adults who have ever been screened,%,Crude prevalence,33.4,29.9,37.2,12679,16175,"{'type': 'Point', 'coordinates': [-75.4538529, 39.8015141]}",19703,HLTHOUT,HIGHCHOL,CrdPrv,High Cholesterol
2022,19703,BRFSS,Health-Related Social Needs,Housing insecurity in the past 12 months among adults,%,Crude prevalence,14.3,12.9,15.7,12679,16175,"{'type': 'Point', 'coordinates': [-75.4538529, 39.8015141]}",19703,SOCLNEED,HOUSINSECU,CrdPrv,Housing Insecurity
2022,19703,BRFSS,Disability,Independent living disability among adults,%,Crude prevalence,7.0,6.3,7.7,12679,16175,"{'type': 'Point', 'coordinates': [-75.4538529, 39.8015141]}",19703,DISABLT,INDEPLIVE,CrdPrv,Independent Living Disability
2022,19703,BRFSS,Health-Related Social Needs,Feeling socially isolated among adults,%,Crude prevalence,31.4,27.8,35.3,12679,16175,"{'type': 'Point', 'coordinates': [-75.4538529, 39.8015141]}",19703,SOCLNEED,ISOLATION,CrdPrv,Social Isolation
2022,19703,BRFSS,Health-Related Social Needs,Lack of reliable transportation in the past 12 months among adults,%,Crude prevalence,8.7,7.9,9.5,12679,16175,"{'type': 'Point', 'coordinates': [-75.4538529, 39.8015141]}",19703,SOCLNEED,LACKTRPT,CrdPrv,Transportation Barriers
2022,19703,BRFSS,Health Risk Behaviors,No leisure-time physical activity among adults,%,Crude prevalence,22.3,19.2,25.7,12679,16175,"{'type': 'Point', 'coordinates': [-75.4538529, 39.8015141]}",19703,RISKBEH,LPA,CrdPrv,Physical Inactivity
2022,19703,BRFSS,Prevention,Mammography use among women aged 50-74 years,%,Crude prevalence,78.8,73.1,83.8,12679,16175,"{'type': 'Point', 'coordinates': [-75.4538529, 39.8015141]}",19703,PREVENT,MAMMOUSE,CrdPrv,Mammography
2022,19703,BRFSS,Health Status,Frequent mental distress among adults,%,Crude prevalence,15.2,13.7,16.9,12679,16175,"{'type': 'Point', 'coordinates': [-75.4538529, 39.8015141]}",19703,HLTHSTAT,MHLTH,CrdPrv,Frequent Mental Distress
2022,19703,BRFSS,Disability,Mobility disability among adults,%,Crude prevalence,11.6,10.3,13.0,12679,16175,"{'type': 'Point', 'coordinates': [-75.4538529, 39.8015141]}",19703,DISABLT,MOBILITY,CrdPrv,Mobility Disability
2022,19703,BRFSS,Health Outcomes,Obesity among adults,%,Crude prevalence,37.3,31.8,43.1,12679,16175,"{'type': 'Point', 'coordinates': [-75.4538529, 39.8015141]}",19703,HLTHOUT,OBESITY,CrdPrv,Obesity
2022,19703,BRFSS,Health Status,Frequent physical distress among adults,%,Crude prevalence,10.8,9.7,12.1,12679,16175,"{'type': 'Point', 'coordinates': [-75.4538529, 39.8015141]}",19703,HLTHSTAT,PHLTH,CrdPrv,Frequent Physical Distress
2022,19703,BRFSS,Disability,Self-care disability among adults,%,Crude prevalence,3.2,3.0,3.5,12679,16175,"{'type': 'Point', 'coordinates': [-75.4538529, 39.8015141]}",19703,DISABLT,SELFCARE,CrdPrv,Self-care Disability
2022,19703,BRFSS,Health-Related Social Needs,Utility services shut-off threat in the past 12 months among adults,%,Crude prevalence,8.8,7.8,9.9,12679,16175,"{'type': 'Point', 'coordinates': [-75.4538529, 39.8015141]}",19703,SOCLNEED,SHUTUTILITY,CrdPrv,Utility Services Threat
2022,19703,BRFSS,Health Risk Behaviors,Short sleep duration among adults,%,Crude prevalence,36.7,31.9,42.0,12679,16175,"{'type': 'Point', 'coordinates': [-75.4538529, 39.8015141]}",19703,RISKBEH,SLEEP,CrdPrv,Short Sleep Duration
2022,19703,BRFSS,Health Outcomes,Stroke among adults,%,Crude prevalence,3.2,2.9,3.4,12679,16175,"{'type': 'Point', 'coordinates': [-75.4538529, 39.8015141]}",19703,HLTHOUT,STROKE,CrdPrv,Stroke
2022,19703,BRFSS,Health Outcomes,All teeth lost among adults aged >=65 years,%,Crude prevalence,11.4,9.4,13.7,12679,16175,"{'type': 'Point', 'coordinates': [-75.4538529, 39.8015141]}",19703,HLTHOUT,TEETHLOST,CrdPrv,All Teeth Lost
2022,19703,BRFSS,Disability,Vision disability among adults,%,Crude prevalence,4.6,4.2,5.0,12679,16175,"{'type': 'Point', 'coordinates': [-75.4538529, 39.8015141]}",19703,DISABLT,VISION,CrdPrv,Vision Disability
2022,19706,BRFSS,Prevention,Current lack of health insurance among adults aged 18-64 years,%,Crude prevalence,8.0,6.6,9.9,1528,1938,"{'type': 'Point', 'coordinates': [-75.5906758, 39.5749538]}",19706,PREVENT,ACCESS2,CrdPrv,Health Insurance
2022,19706,BRFSS,Health Outcomes,Arthritis among adults,%,Crude prevalence,27.8,24.9,30.7,1528,1938,"{'type': 'Point', 'coordinates': [-75.5906758, 39.5749538]}",19706,HLTHOUT,ARTHRITIS,CrdPrv,Arthritis
2022,19706,BRFSS,Health Risk Behaviors,Binge drinking among adults,%,Crude prevalence,16.9,14.3,19.7,1528,1938,"{'type': 'Point', 'coordinates': [-75.5906758, 39.5749538]}",19706,RISKBEH,BINGE,CrdPrv,Binge Drinking
2021,19706,BRFSS,Health Outcomes,High blood pressure among adults,%,Crude prevalence,34.3,30.6,38.0,1528,1938,"{'type': 'Point', 'coordinates': [-75.5906758, 39.5749538]}",19706,HLTHOUT,BPHIGH,CrdPrv,High Blood Pressure
2021,19706,BRFSS,Prevention,Taking medicine to control high blood pressure among adults with high blood pressure,%,Crude prevalence,77.4,74.3,80.3,1528,1938,"{'type': 'Point', 'coordinates': [-75.5906758, 39.5749538]}",19706,PREVENT,BPMED,CrdPrv,High Blood Pressure Medication
2022,19706,BRFSS,Health Outcomes,Cancer (non-skin) or melanoma among adults,%,Crude prevalence,9.0,8.2,10.0,1528,1938,"{'type': 'Point', 'coordinates': [-75.5906758, 39.5749538]}",19706,HLTHOUT,CANCER,CrdPrv,Cancer (non-skin) or Melanoma
2022,19706,BRFSS,Health Outcomes,Current asthma among adults,%,Crude prevalence,11.0,9.7,12.3,1528,1938,"{'type': 'Point', 'coordinates': [-75.5906758, 39.5749538]}",19706,HLTHOUT,CASTHMA,CrdPrv,Current Asthma
2022,19706,BRFSS,Health Outcomes,Coronary heart disease among adults,%,Crude prevalence,6.7,6.0,7.5,1528,1938,"{'type': 'Point', 'coordinates': [-75.5906758, 39.5749538]}",19706,HLTHOUT,CHD,CrdPrv,Coronary Heart Disease
2022,19706,BRFSS,Prevention,Visits to doctor for routine checkup within the past year among adults,%,Crude prevalence,76.6,73.0,80.0,1528,1938,"{'type': 'Point', 'coordinates': [-75.5906758, 39.5749538]}",19706,PREVENT,CHECKUP,CrdPrv,Annual Checkup
2021,19706,BRFSS,Prevention,Cholesterol screening among adults,%,Crude prevalence,88.1,85.9,90.2,1528,1938,"{'type': 'Point', 'coordinates': [-75.5906758, 39.5749538]}",19706,PREVENT,CHOLSCREEN,CrdPrv,Cholesterol Screening
2022,19706,BRFSS,Disability,Cognitive disability among adults,%,Crude prevalence,13.3,11.9,14.8,1528,1938,"{'type': 'Point', 'coordinates': [-75.5906758, 39.5749538]}",19706,DISABLT,COGNITION,CrdPrv,Cognitive Disability
2022,19706,BRFSS,Prevention,Colorectal cancer screening among adults aged 45–75 years,%,Crude prevalence,68.4,64.2,72.4,1528,1938,"{'type': 'Point', 'coordinates': [-75.5906758, 39.5749538]}",19706,PREVENT,COLON_SCREEN,CrdPrv,Colorectal Cancer Screening
2022,19706,BRFSS,Health Outcomes,Chronic obstructive pulmonary disease among adults,%,Crude prevalence,7.4,6.6,8.2,1528,1938,"{'type': 'Point', 'coordinates': [-75.5906758, 39.5749538]}",19706,HLTHOUT,COPD,CrdPrv,COPD
2022,19706,BRFSS,Health Risk Behaviors,Current cigarette smoking among adults,%,Crude prevalence,15.6,13.7,17.5,1528,1938,"{'type': 'Point', 'coordinates': [-75.5906758, 39.5749538]}",19706,RISKBEH,CSMOKING,CrdPrv,Current Cigarette Smoking
2022,19706,BRFSS,Prevention,Visited dentist or dental clinic in the past year among adults,%,Crude prevalence,64.1,60.4,67.6,1528,1938,"{'type': 'Point', 'coordinates': [-75.5906758, 39.5749538]}",19706,PREVENT,DENTAL,CrdPrv,Dental Visit
2022,19706,BRFSS,Health Outcomes,Depression among adults,%,Crude prevalence,22.3,19.2,25.5,1528,1938,"{'type': 'Point', 'coordinates': [-75.5906758, 39.5749538]}",19706,HLTHOUT,DEPRESSION,CrdPrv,Depression
2022,19706,BRFSS,Health Outcomes,Diagnosed diabetes among adults,%,Crude prevalence,12.5,11.0,14.1,1528,1938,"{'type': 'Point', 'coordinates': [-75.5906758, 39.5749538]}",19706,HLTHOUT,DIABETES,CrdPrv,Diabetes
2022,19706,BRFSS,Disability,Any disability among adults,%,Crude prevalence,28.2,25.0,31.5,1528,1938,"{'type': 'Point', 'coordinates': [-75.5906758, 39.5749538]}",19706,DISABLT,DISABILITY,CrdPrv,Any Disability
2022,19706,BRFSS,Health-Related Social Needs,Lack of social and emotional support among adults,%,Crude prevalence,22.6,19.7,25.6,1528,1938,"{'type': 'Point', 'coordinates': [-75.5906758, 39.5749538]}",19706,SOCLNEED,EMOTIONSPT,CrdPrv,Lack of Social/Emotional Support
2022,19706,BRFSS,Health-Related Social Needs,Food insecurity in the past 12 months among adults,%,Crude prevalence,12.0,10.7,13.3,1528,1938,"{'type': 'Point', 'coordinates': [-75.5906758, 39.5749538]}",19706,SOCLNEED,FOODINSECU,CrdPrv,Food Insecurity
2022,19706,BRFSS,Health-Related Social Needs,Received food stamps in the past 12 months among adults,%,Crude prevalence,10.1,8.8,11.5,1528,1938,"{'type': 'Point', 'coordinates': [-75.5906758, 39.5749538]}",19706,SOCLNEED,FOODSTAMP,CrdPrv,Food Stamps
2022,19706,BRFSS,Health Status,Fair or poor self-rated health status among adults,%,Crude prevalence,16.4,14.6,18.2,1528,1938,"{'type': 'Point', 'coordinates': [-75.5906758, 39.5749538]}",19706,HLTHSTAT,GHLTH,CrdPrv,General Health
2022,19706,BRFSS,Disability,Hearing disability among adults,%,Crude prevalence,6.9,6.1,7.7,1528,1938,"{'type': 'Point', 'coordinates': [-75.5906758, 39.5749538]}",19706,DISABLT,HEARING,CrdPrv,Hearing Disability
2021,19706,BRFSS,Health Outcomes,High cholesterol among adults who have ever been screened,%,Crude prevalence,36.8,33.0,40.6,1528,1938,"{'type': 'Point', 'coordinates': [-75.5906758, 39.5749538]}",19706,HLTHOUT,HIGHCHOL,CrdPrv,High Cholesterol
2022,19706,BRFSS,Health-Related Social Needs,Housing insecurity in the past 12 months among adults,%,Crude prevalence,11.6,10.3,12.8,1528,1938,"{'type': 'Point', 'coordinates': [-75.5906758, 39.5749538]}",19706,SOCLNEED,HOUSINSECU,CrdPrv,Housing Insecurity
2022,19706,BRFSS,Disability,Independent living disability among adults,%,Crude prevalence,7.5,6.8,8.3,1528,1938,"{'type': 'Point', 'coordinates': [-75.5906758, 39.5749538]}",19706,DISABLT,INDEPLIVE,CrdPrv,Independent Living Disability
2022,19706,BRFSS,Health-Related Social Needs,Feeling socially isolated among adults,%,Crude prevalence,30.4,26.7,34.2,1528,1938,"{'type': 'Point', 'coordinates': [-75.5906758, 39.5749538]}",19706,SOCLNEED,ISOLATION,CrdPrv,Social Isolation
2022,19706,BRFSS,Health-Related Social Needs,Lack of reliable transportation in the past 12 months among adults,%,Crude prevalence,7.7,7.0,8.4,1528,1938,"{'type': 'Point', 'coordinates': [-75.5906758, 39.5749538]}",19706,SOCLNEED,LACKTRPT,CrdPrv,Transportation Barriers
2022,19706,BRFSS,Health Risk Behaviors,No leisure-time physical activity among adults,%,Crude prevalence,22.1,19.0,25.5,1528,1938,"{'type': 'Point', 'coordinates': [-75.5906758, 39.5749538]}",19706,RISKBEH,LPA,CrdPrv,Physical Inactivity
2022,19706,BRFSS,Prevention,Mammography use among women aged 50-74 years,%,Crude prevalence,75.0,68.4,80.8,1528,1938,"{'type': 'Point', 'coordinates': [-75.5906758, 39.5749538]}",19706,PREVENT,MAMMOUSE,CrdPrv,Mammography
2022,19706,BRFSS,Health Status,Frequent mental distress among adults,%,Crude prevalence,15.8,14.2,17.4,1528,1938,"{'type': 'Point', 'coordinates': [-75.5906758, 39.5749538]}",19706,HLTHSTAT,MHLTH,CrdPrv,Frequent Mental Distress
2022,19706,BRFSS,Disability,Mobility disability among adults,%,Crude prevalence,13.0,11.5,14.5,1528,1938,"{'type': 'Point', 'coordinates': [-75.5906758, 39.5749538]}",19706,DISABLT,MOBILITY,CrdPrv,Mobility Disability
2022,19706,BRFSS,Health Outcomes,Obesity among adults,%,Crude prevalence,37.4,31.8,43.4,1528,1938,"{'type': 'Point', 'coordinates': [-75.5906758, 39.5749538]}",19706,HLTHOUT,OBESITY,CrdPrv,Obesity
2022,19706,BRFSS,Health Status,Frequent physical distress among adults,%,Crude prevalence,12.1,10.7,13.4,1528,1938,"{'type': 'Point', 'coordinates': [-75.5906758, 39.5749538]}",19706,HLTHSTAT,PHLTH,CrdPrv,Frequent Physical Distress
2022,19706,BRFSS,Disability,Self-care disability among adults,%,Crude prevalence,3.4,3.1,3.7,1528,1938,"{'type': 'Point', 'coordinates': [-75.5906758, 39.5749538]}",19706,DISABLT,SELFCARE,CrdPrv,Self-care Disability
2022,19706,BRFSS,Health-Related Social Needs,Utility services shut-off threat in the past 12 months among adults,%,Crude prevalence,7.4,6.5,8.3,1528,1938,"{'type': 'Point', 'coordinates': [-75.5906758, 39.5749538]}",19706,SOCLNEED,SHUTUTILITY,CrdPrv,Utility Services Threat
2022,19706,BRFSS,Health Risk Behaviors,Short sleep duration among adults,%,Crude prevalence,34.3,29.5,39.4,1528,1938,"{'type': 'Point', 'coordinates': [-75.5906758, 39.5749538]}",19706,RISKBEH,SLEEP,CrdPrv,Short Sleep Duration
2022,19706,BRFSS,Health Outcomes,Stroke among adults,%,Crude prevalence,3.5,3.2,3.9,1528,1938,"{'type': 'Point', 'coordinates': [-75.5906758, 39.5749538]}",19706,HLTHOUT,STROKE,CrdPrv,Stroke
2022,19706,BRFSS,Health Outcomes,All teeth lost among adults aged >=65 years,%,Crude prevalence,9.5,7.8,11.5,1528,1938,"{'type': 'Point', 'coordinates': [-75.5906758, 39.5749538]}",19706,HLTHOUT,TEETHLOST,CrdPrv,All Teeth Lost
2022,19706,BRFSS,Disability,Vision disability among adults,%,Crude prevalence,4.5,4.1,5.0,1528,1938,"{'type': 'Point', 'coordinates': [-75.5906758, 39.5749538]}",19706,DISABLT,VISION,CrdPrv,Vision Disability
2022,19707,BRFSS,Prevention,Current lack of health insurance among adults aged 18-64 years,%,Crude prevalence,4.3,3.6,5.0,13825,17274,"{'type': 'Point', 'coordinates': [-75.68364, 39.785594]}",19707,PREVENT,ACCESS2,CrdPrv,Health Insurance
2022,19707,BRFSS,Health Outcomes,Arthritis among adults,%,Crude prevalence,26.8,23.9,29.8,13825,17274,"{'type': 'Point', 'coordinates': [-75.68364, 39.785594]}",19707,HLTHOUT,ARTHRITIS,CrdPrv,Arthritis
2022,19707,BRFSS,Health Risk Behaviors,Binge drinking among adults,%,Crude prevalence,15.1,12.8,17.7,13825,17274,"{'type': 'Point', 'coordinates': [-75.68364, 39.785594]}",19707,RISKBEH,BINGE,CrdPrv,Binge Drinking
2021,19707,BRFSS,Health Outcomes,High blood pressure among adults,%,Crude prevalence,33.3,29.6,37.0,13825,17274,"{'type': 'Point', 'coordinates': [-75.68364, 39.785594]}",19707,HLTHOUT,BPHIGH,CrdPrv,High Blood Pressure
2021,19707,BRFSS,Prevention,Taking medicine to control high blood pressure among adults with high blood pressure,%,Crude prevalence,80.7,77.5,83.5,13825,17274,"{'type': 'Point', 'coordinates': [-75.68364, 39.785594]}",19707,PREVENT,BPMED,CrdPrv,High Blood Pressure Medication
2022,19707,BRFSS,Health Outcomes,Cancer (non-skin) or melanoma among adults,%,Crude prevalence,10.9,9.9,12.0,13825,17274,"{'type': 'Point', 'coordinates': [-75.68364, 39.785594]}",19707,HLTHOUT,CANCER,CrdPrv,Cancer (non-skin) or Melanoma
2022,19707,BRFSS,Health Outcomes,Current asthma among adults,%,Crude prevalence,8.9,7.9,10.1,13825,17274,"{'type': 'Point', 'coordinates': [-75.68364, 39.785594]}",19707,HLTHOUT,CASTHMA,CrdPrv,Current Asthma
2022,19707,BRFSS,Health Outcomes,Coronary heart disease among adults,%,Crude prevalence,6.5,5.8,7.2,13825,17274,"{'type': 'Point', 'coordinates': [-75.68364, 39.785594]}",19707,HLTHOUT,CHD,CrdPrv,Coronary Heart Disease
2022,19707,BRFSS,Prevention,Visits to doctor for routine checkup within the past year among adults,%,Crude prevalence,79.7,76.4,82.7,13825,17274,"{'type': 'Point', 'coordinates': [-75.68364, 39.785594]}",19707,PREVENT,CHECKUP,CrdPrv,Annual Checkup
2021,19707,BRFSS,Prevention,Cholesterol screening among adults,%,Crude prevalence,92.4,90.9,93.8,13825,17274,"{'type': 'Point', 'coordinates': [-75.68364, 39.785594]}",19707,PREVENT,CHOLSCREEN,CrdPrv,Cholesterol Screening
2022,19707,BRFSS,Disability,Cognitive disability among adults,%,Crude prevalence,8.0,7.1,9.0,13825,17274,"{'type': 'Point', 'coordinates': [-75.68364, 39.785594]}",19707,DISABLT,COGNITION,CrdPrv,Cognitive Disability
2022,19707,BRFSS,Prevention,Colorectal cancer screening among adults aged 45–75 years,%,Crude prevalence,70.9,67.1,74.6,13825,17274,"{'type': 'Point', 'coordinates': [-75.68364, 39.785594]}",19707,PREVENT,COLON_SCREEN,CrdPrv,Colorectal Cancer Screening
2022,19707,BRFSS,Health Outcomes,Chronic obstructive pulmonary disease among adults,%,Crude prevalence,5.0,4.4,5.6,13825,17274,"{'type': 'Point', 'coordinates': [-75.68364, 39.785594]}",19707,HLTHOUT,COPD,CrdPrv,COPD
2022,19707,BRFSS,Health Risk Behaviors,Current cigarette smoking among adults,%,Crude prevalence,8.4,7.3,9.5,13825,17274,"{'type': 'Point', 'coordinates': [-75.68364, 39.785594]}",19707,RISKBEH,CSMOKING,CrdPrv,Current Cigarette Smoking
2022,19707,BRFSS,Prevention,Visited dentist or dental clinic in the past year among adults,%,Crude prevalence,75.5,72.5,78.2,13825,17274,"{'type': 'Point', 'coordinates': [-75.68364, 39.785594]}",19707,PREVENT,DENTAL,CrdPrv,Dental Visit
2022,19707,BRFSS,Health Outcomes,Depression among adults,%,Crude prevalence,17.6,15.1,20.4,13825,17274,"{'type': 'Point', 'coordinates': [-75.68364, 39.785594]}",19707,HLTHOUT,DEPRESSION,CrdPrv,Depression
2022,19707,BRFSS,Health Outcomes,Diagnosed diabetes among adults,%,Crude prevalence,11.4,10.0,13.0,13825,17274,"{'type': 'Point', 'coordinates': [-75.68364, 39.785594]}",19707,HLTHOUT,DIABETES,CrdPrv,Diabetes
2022,19707,BRFSS,Disability,Any disability among adults,%,Crude prevalence,21.5,18.9,24.3,13825,17274,"{'type': 'Point', 'coordinates': [-75.68364, 39.785594]}",19707,DISABLT,DISABILITY,CrdPrv,Any Disability
2022,19707,BRFSS,Health-Related Social Needs,Lack of social and emotional support among adults,%,Crude prevalence,19.1,16.7,21.7,13825,17274,"{'type': 'Point', 'coordinates': [-75.68364, 39.785594]}",19707,SOCLNEED,EMOTIONSPT,CrdPrv,Lack of Social/Emotional Support
2022,19707,BRFSS,Health-Related Social Needs,Food insecurity in the past 12 months among adults,%,Crude prevalence,5.7,5.0,6.3,13825,17274,"{'type': 'Point', 'coordinates': [-75.68364, 39.785594]}",19707,SOCLNEED,FOODINSECU,CrdPrv,Food Insecurity
2022,19707,BRFSS,Health-Related Social Needs,Received food stamps in the past 12 months among adults,%,Crude prevalence,3.7,3.2,4.3,13825,17274,"{'type': 'Point', 'coordinates': [-75.68364, 39.785594]}",19707,SOCLNEED,FOODSTAMP,CrdPrv,Food Stamps
2022,19707,BRFSS,Health Status,Fair or poor self-rated health status among adults,%,Crude prevalence,11.0,9.8,12.4,13825,17274,"{'type': 'Point', 'coordinates': [-75.68364, 39.785594]}",19707,HLTHSTAT,GHLTH,CrdPrv,General Health
2022,19707,BRFSS,Disability,Hearing disability among adults,%,Crude prevalence,6.6,5.9,7.4,13825,17274,"{'type': 'Point', 'coordinates': [-75.68364, 39.785594]}",19707,DISABLT,HEARING,CrdPrv,Hearing Disability
2021,19707,BRFSS,Health Outcomes,High cholesterol among adults who have ever been screened,%,Crude prevalence,38.9,34.8,43.0,13825,17274,"{'type': 'Point', 'coordinates': [-75.68364, 39.785594]}",19707,HLTHOUT,HIGHCHOL,CrdPrv,High Cholesterol
2022,19707,BRFSS,Health-Related Social Needs,Housing insecurity in the past 12 months among adults,%,Crude prevalence,5.5,4.9,6.1,13825,17274,"{'type': 'Point', 'coordinates': [-75.68364, 39.785594]}",19707,SOCLNEED,HOUSINSECU,CrdPrv,Housing Insecurity
2022,19707,BRFSS,Disability,Independent living disability among adults,%,Crude prevalence,4.6,4.1,5.1,13825,17274,"{'type': 'Point', 'coordinates': [-75.68364, 39.785594]}",19707,DISABLT,INDEPLIVE,CrdPrv,Independent Living Disability
2022,19707,BRFSS,Health-Related Social Needs,Feeling socially isolated among adults,%,Crude prevalence,26.6,23.3,30.1,13825,17274,"{'type': 'Point', 'coordinates': [-75.68364, 39.785594]}",19707,SOCLNEED,ISOLATION,CrdPrv,Social Isolation
2022,19707,BRFSS,Health-Related Social Needs,Lack of reliable transportation in the past 12 months among adults,%,Crude prevalence,4.0,3.7,4.5,13825,17274,"{'type': 'Point', 'coordinates': [-75.68364, 39.785594]}",19707,SOCLNEED,LACKTRPT,CrdPrv,Transportation Barriers
2022,19707,BRFSS,Health Risk Behaviors,No leisure-time physical activity among adults,%,Crude prevalence,16.7,14.2,19.4,13825,17274,"{'type': 'Point', 'coordinates': [-75.68364, 39.785594]}",19707,RISKBEH,LPA,CrdPrv,Physical Inactivity
2022,19707,BRFSS,Prevention,Mammography use among women aged 50-74 years,%,Crude prevalence,80.3,74.9,85.1,13825,17274,"{'type': 'Point', 'coordinates': [-75.68364, 39.785594]}",19707,PREVENT,MAMMOUSE,CrdPrv,Mammography
2022,19707,BRFSS,Health Status,Frequent mental distress among adults,%,Crude prevalence,10.5,9.4,11.7,13825,17274,"{'type': 'Point', 'coordinates': [-75.68364, 39.785594]}",19707,HLTHSTAT,MHLTH,CrdPrv,Frequent Mental Distress
2022,19707,BRFSS,Disability,Mobility disability among adults,%,Crude prevalence,9.8,8.6,11.1,13825,17274,"{'type': 'Point', 'coordinates': [-75.68364, 39.785594]}",19707,DISABLT,MOBILITY,CrdPrv,Mobility Disability
2022,19707,BRFSS,Health Outcomes,Obesity among adults,%,Crude prevalence,28.9,24.1,34.2,13825,17274,"{'type': 'Point', 'coordinates': [-75.68364, 39.785594]}",19707,HLTHOUT,OBESITY,CrdPrv,Obesity
2022,19707,BRFSS,Health Status,Frequent physical distress among adults,%,Crude prevalence,8.8,7.8,9.9,13825,17274,"{'type': 'Point', 'coordinates': [-75.68364, 39.785594]}",19707,HLTHSTAT,PHLTH,CrdPrv,Frequent Physical Distress
2022,19707,BRFSS,Disability,Self-care disability among adults,%,Crude prevalence,2.1,1.9,2.3,13825,17274,"{'type': 'Point', 'coordinates': [-75.68364, 39.785594]}",19707,DISABLT,SELFCARE,CrdPrv,Self-care Disability
2022,19707,BRFSS,Health-Related Social Needs,Utility services shut-off threat in the past 12 months among adults,%,Crude prevalence,3.4,3.0,3.9,13825,17274,"{'type': 'Point', 'coordinates': [-75.68364, 39.785594]}",19707,SOCLNEED,SHUTUTILITY,CrdPrv,Utility Services Threat
2022,19707,BRFSS,Health Risk Behaviors,Short sleep duration among adults,%,Crude prevalence,28.6,24.4,33.3,13825,17274,"{'type': 'Point', 'coordinates': [-75.68364, 39.785594]}",19707,RISKBEH,SLEEP,CrdPrv,Short Sleep Duration
2022,19707,BRFSS,Health Outcomes,Stroke among adults,%,Crude prevalence,3.0,2.7,3.2,13825,17274,"{'type': 'Point', 'coordinates': [-75.68364, 39.785594]}",19707,HLTHOUT,STROKE,CrdPrv,Stroke
2022,19707,BRFSS,Health Outcomes,All teeth lost among adults aged >=65 years,%,Crude prevalence,4.5,3.6,5.6,13825,17274,"{'type': 'Point', 'coordinates': [-75.68364, 39.785594]}",19707,HLTHOUT,TEETHLOST,CrdPrv,All Teeth Lost
2022,19707,BRFSS,Disability,Vision disability among adults,%,Crude prevalence,3.0,2.8,3.3,13825,17274,"{'type': 'Point', 'coordinates': [-75.68364, 39.785594]}",19707,DISABLT,VISION,CrdPrv,Vision Disability
2022,19709,BRFSS,Prevention,Current lack of health insurance among adults aged 18-64 years,%,Crude prevalence,6.5,5.6,7.5,36764,49599,"{'type': 'Point', 'coordinates': [-75.67747, 39.4943689]}",19709,PREVENT,ACCESS2,CrdPrv,Health Insurance
2022,19709,BRFSS,Health Outcomes,Arthritis among adults,%,Crude prevalence,24.0,21.4,26.8,36764,49599,"{'type': 'Point', 'coordinates': [-75.67747, 39.4943689]}",19709,HLTHOUT,ARTHRITIS,CrdPrv,Arthritis
2022,19709,BRFSS,Health Risk Behaviors,Binge drinking among adults,%,Crude prevalence,17.0,14.5,20.0,36764,49599,"{'type': 'Point', 'coordinates': [-75.67747, 39.4943689]}",19709,RISKBEH,BINGE,CrdPrv,Binge Drinking
2021,19709,BRFSS,Health Outcomes,High blood pressure among adults,%,Crude prevalence,31.7,28.2,35.4,36764,49599,"{'type': 'Point', 'coordinates': [-75.67747, 39.4943689]}",19709,HLTHOUT,BPHIGH,CrdPrv,High Blood Pressure
2021,19709,BRFSS,Prevention,Taking medicine to control high blood pressure among adults with high blood pressure,%,Crude prevalence,76.0,72.7,79.1,36764,49599,"{'type': 'Point', 'coordinates': [-75.67747, 39.4943689]}",19709,PREVENT,BPMED,CrdPrv,High Blood Pressure Medication
2022,19709,BRFSS,Health Outcomes,Cancer (non-skin) or melanoma among adults,%,Crude prevalence,7.6,6.9,8.3,36764,49599,"{'type': 'Point', 'coordinates': [-75.67747, 39.4943689]}",19709,HLTHOUT,CANCER,CrdPrv,Cancer (non-skin) or Melanoma
2022,19709,BRFSS,Health Outcomes,Current asthma among adults,%,Crude prevalence,10.7,9.5,12.0,36764,49599,"{'type': 'Point', 'coordinates': [-75.67747, 39.4943689]}",19709,HLTHOUT,CASTHMA,CrdPrv,Current Asthma
2022,19709,BRFSS,Health Outcomes,Coronary heart disease among adults,%,Crude prevalence,5.3,4.8,5.9,36764,49599,"{'type': 'Point', 'coordinates': [-75.67747, 39.4943689]}",19709,HLTHOUT,CHD,CrdPrv,Coronary Heart Disease
2022,19709,BRFSS,Prevention,Visits to doctor for routine checkup within the past year among adults,%,Crude prevalence,77.0,73.5,80.3,36764,49599,"{'type': 'Point', 'coordinates': [-75.67747, 39.4943689]}",19709,PREVENT,CHECKUP,CrdPrv,Annual Checkup
2021,19709,BRFSS,Prevention,Cholesterol screening among adults,%,Crude prevalence,89.5,87.4,91.3,36764,49599,"{'type': 'Point', 'coordinates': [-75.67747, 39.4943689]}",19709,PREVENT,CHOLSCREEN,CrdPrv,Cholesterol Screening
2022,19709,BRFSS,Disability,Cognitive disability among adults,%,Crude prevalence,11.5,10.3,12.9,36764,49599,"{'type': 'Point', 'coordinates': [-75.67747, 39.4943689]}",19709,DISABLT,COGNITION,CrdPrv,Cognitive Disability
2022,19709,BRFSS,Prevention,Colorectal cancer screening among adults aged 45–75 years,%,Crude prevalence,66.0,61.9,70.0,36764,49599,"{'type': 'Point', 'coordinates': [-75.67747, 39.4943689]}",19709,PREVENT,COLON_SCREEN,CrdPrv,Colorectal Cancer Screening
2022,19709,BRFSS,Health Outcomes,Chronic obstructive pulmonary disease among adults,%,Crude prevalence,5.5,4.9,6.2,36764,49599,"{'type': 'Point', 'coordinates': [-75.67747, 39.4943689]}",19709,HLTHOUT,COPD,CrdPrv,COPD
2022,19709,BRFSS,Health Risk Behaviors,Current cigarette smoking among adults,%,Crude prevalence,12.8,11.2,14.5,36764,49599,"{'type': 'Point', 'coordinates': [-75.67747, 39.4943689]}",19709,RISKBEH,CSMOKING,CrdPrv,Current Cigarette Smoking
2022,19709,BRFSS,Prevention,Visited dentist or dental clinic in the past year among adults,%,Crude prevalence,67.8,64.4,71.1,36764,49599,"{'type': 'Point', 'coordinates': [-75.67747, 39.4943689]}",19709,PREVENT,DENTAL,CrdPrv,Dental Visit
2022,19709,BRFSS,Health Outcomes,Depression among adults,%,Crude prevalence,20.3,17.5,23.4,36764,49599,"{'type': 'Point', 'coordinates': [-75.67747, 39.4943689]}",19709,HLTHOUT,DEPRESSION,CrdPrv,Depression
2022,19709,BRFSS,Health Outcomes,Diagnosed diabetes among adults,%,Crude prevalence,11.5,10.1,13.0,36764,49599,"{'type': 'Point', 'coordinates': [-75.67747, 39.4943689]}",19709,HLTHOUT,DIABETES,CrdPrv,Diabetes
2022,19709,BRFSS,Disability,Any disability among adults,%,Crude prevalence,23.9,21.2,27.0,36764,49599,"{'type': 'Point', 'coordinates': [-75.67747, 39.4943689]}",19709,DISABLT,DISABILITY,CrdPrv,Any Disability
2022,19709,BRFSS,Health-Related Social Needs,Lack of social and emotional support among adults,%,Crude prevalence,22.3,19.5,25.1,36764,49599,"{'type': 'Point', 'coordinates': [-75.67747, 39.4943689]}",19709,SOCLNEED,EMOTIONSPT,CrdPrv,Lack of Social/Emotional Support
2022,19709,BRFSS,Health-Related Social Needs,Food insecurity in the past 12 months among adults,%,Crude prevalence,10.6,9.5,11.8,36764,49599,"{'type': 'Point', 'coordinates': [-75.67747, 39.4943689]}",19709,SOCLNEED,FOODINSECU,CrdPrv,Food Insecurity
2022,19709,BRFSS,Health-Related Social Needs,Received food stamps in the past 12 months among adults,%,Crude prevalence,8.4,7.4,9.6,36764,49599,"{'type': 'Point', 'coordinates': [-75.67747, 39.4943689]}",19709,SOCLNEED,FOODSTAMP,CrdPrv,Food Stamps
2022,19709,BRFSS,Health Status,Fair or poor self-rated health status among adults,%,Crude prevalence,14.0,12.5,15.7,36764,49599,"{'type': 'Point', 'coordinates': [-75.67747, 39.4943689]}",19709,HLTHSTAT,GHLTH,CrdPrv,General Health
2022,19709,BRFSS,Disability,Hearing disability among adults,%,Crude prevalence,5.3,4.7,5.9,36764,49599,"{'type': 'Point', 'coordinates': [-75.67747, 39.4943689]}",19709,DISABLT,HEARING,CrdPrv,Hearing Disability
2021,19709,BRFSS,Health Outcomes,High cholesterol among adults who have ever been screened,%,Crude prevalence,34.3,30.6,38.1,36764,49599,"{'type': 'Point', 'coordinates': [-75.67747, 39.4943689]}",19709,HLTHOUT,HIGHCHOL,CrdPrv,High Cholesterol
2022,19709,BRFSS,Health-Related Social Needs,Housing insecurity in the past 12 months among adults,%,Crude prevalence,11.1,10.0,12.3,36764,49599,"{'type': 'Point', 'coordinates': [-75.67747, 39.4943689]}",19709,SOCLNEED,HOUSINSECU,CrdPrv,Housing Insecurity
2022,19709,BRFSS,Disability,Independent living disability among adults,%,Crude prevalence,6.2,5.6,6.9,36764,49599,"{'type': 'Point', 'coordinates': [-75.67747, 39.4943689]}",19709,DISABLT,INDEPLIVE,CrdPrv,Independent Living Disability
2022,19709,BRFSS,Health-Related Social Needs,Feeling socially isolated among adults,%,Crude prevalence,29.8,26.2,33.5,36764,49599,"{'type': 'Point', 'coordinates': [-75.67747, 39.4943689]}",19709,SOCLNEED,ISOLATION,CrdPrv,Social Isolation
2022,19709,BRFSS,Health-Related Social Needs,Lack of reliable transportation in the past 12 months among adults,%,Crude prevalence,6.8,6.2,7.5,36764,49599,"{'type': 'Point', 'coordinates': [-75.67747, 39.4943689]}",19709,SOCLNEED,LACKTRPT,CrdPrv,Transportation Barriers
2022,19709,BRFSS,Health Risk Behaviors,No leisure-time physical activity among adults,%,Crude prevalence,19.6,16.8,22.7,36764,49599,"{'type': 'Point', 'coordinates': [-75.67747, 39.4943689]}",19709,RISKBEH,LPA,CrdPrv,Physical Inactivity
2022,19709,BRFSS,Prevention,Mammography use among women aged 50-74 years,%,Crude prevalence,78.9,73.3,83.9,36764,49599,"{'type': 'Point', 'coordinates': [-75.67747, 39.4943689]}",19709,PREVENT,MAMMOUSE,CrdPrv,Mammography
2022,19709,BRFSS,Health Status,Frequent mental distress among adults,%,Crude prevalence,14.4,13.0,16.0,36764,49599,"{'type': 'Point', 'coordinates': [-75.67747, 39.4943689]}",19709,HLTHSTAT,MHLTH,CrdPrv,Frequent Mental Distress
2022,19709,BRFSS,Disability,Mobility disability among adults,%,Crude prevalence,10.6,9.4,11.9,36764,49599,"{'type': 'Point', 'coordinates': [-75.67747, 39.4943689]}",19709,DISABLT,MOBILITY,CrdPrv,Mobility Disability
2022,19709,BRFSS,Health Outcomes,Obesity among adults,%,Crude prevalence,36.1,30.6,41.9,36764,49599,"{'type': 'Point', 'coordinates': [-75.67747, 39.4943689]}",19709,HLTHOUT,OBESITY,CrdPrv,Obesity
2022,19709,BRFSS,Health Status,Frequent physical distress among adults,%,Crude prevalence,10.2,9.1,11.4,36764,49599,"{'type': 'Point', 'coordinates': [-75.67747, 39.4943689]}",19709,HLTHSTAT,PHLTH,CrdPrv,Frequent Physical Distress
2022,19709,BRFSS,Disability,Self-care disability among adults,%,Crude prevalence,2.8,2.6,3.1,36764,49599,"{'type': 'Point', 'coordinates': [-75.67747, 39.4943689]}",19709,DISABLT,SELFCARE,CrdPrv,Self-care Disability
2022,19709,BRFSS,Health-Related Social Needs,Utility services shut-off threat in the past 12 months among adults,%,Crude prevalence,7.0,6.2,7.9,36764,49599,"{'type': 'Point', 'coordinates': [-75.67747, 39.4943689]}",19709,SOCLNEED,SHUTUTILITY,CrdPrv,Utility Services Threat
2022,19709,BRFSS,Health Risk Behaviors,Short sleep duration among adults,%,Crude prevalence,34.7,29.9,39.8,36764,49599,"{'type': 'Point', 'coordinates': [-75.67747, 39.4943689]}",19709,RISKBEH,SLEEP,CrdPrv,Short Sleep Duration
2022,19709,BRFSS,Health Outcomes,Stroke among adults,%,Crude prevalence,2.9,2.7,3.2,36764,49599,"{'type': 'Point', 'coordinates': [-75.67747, 39.4943689]}",19709,HLTHOUT,STROKE,CrdPrv,Stroke
2022,19709,BRFSS,Health Outcomes,All teeth lost among adults aged >=65 years,%,Crude prevalence,9.2,7.5,11.1,36764,49599,"{'type': 'Point', 'coordinates': [-75.67747, 39.4943689]}",19709,HLTHOUT,TEETHLOST,CrdPrv,All Teeth Lost
2022,19709,BRFSS,Disability,Vision disability among adults,%,Crude prevalence,4.0,3.6,4.3,36764,49599,"{'type': 'Point', 'coordinates': [-75.67747, 39.4943689]}",19709,DISABLT,VISION,CrdPrv,Vision Disability
2022,19710,BRFSS,Prevention,Current lack of health insurance among adults aged 18-64 years,%,Crude prevalence,3.7,2.5,5.7,93,108,"{'type': 'Point', 'coordinates': [-75.5846839, 39.789573]}",19710,PREVENT,ACCESS2,CrdPrv,Health Insurance
2022,19710,BRFSS,Health Outcomes,Arthritis among adults,%,Crude prevalence,31.5,28.3,34.8,93,108,"{'type': 'Point', 'coordinates': [-75.5846839, 39.789573]}",19710,HLTHOUT,ARTHRITIS,CrdPrv,Arthritis
2022,19710,BRFSS,Health Risk Behaviors,Binge drinking among adults,%,Crude prevalence,15.0,12.7,17.5,93,108,"{'type': 'Point', 'coordinates': [-75.5846839, 39.789573]}",19710,RISKBEH,BINGE,CrdPrv,Binge Drinking
2021,19710,BRFSS,Health Outcomes,High blood pressure among adults,%,Crude prevalence,35.6,31.8,39.5,93,108,"{'type': 'Point', 'coordinates': [-75.5846839, 39.789573]}",19710,HLTHOUT,BPHIGH,CrdPrv,High Blood Pressure
2021,19710,BRFSS,Prevention,Taking medicine to control high blood pressure among adults with high blood pressure,%,Crude prevalence,82.0,78.8,84.7,93,108,"{'type': 'Point', 'coordinates': [-75.5846839, 39.789573]}",19710,PREVENT,BPMED,CrdPrv,High Blood Pressure Medication
2022,19710,BRFSS,Health Outcomes,Cancer (non-skin) or melanoma among adults,%,Crude prevalence,12.4,11.2,13.7,93,108,"{'type': 'Point', 'coordinates': [-75.5846839, 39.789573]}",19710,HLTHOUT,CANCER,CrdPrv,Cancer (non-skin) or Melanoma
2022,19710,BRFSS,Health Outcomes,Current asthma among adults,%,Crude prevalence,10.0,8.9,11.3,93,108,"{'type': 'Point', 'coordinates': [-75.5846839, 39.789573]}",19710,HLTHOUT,CASTHMA,CrdPrv,Current Asthma
2022,19710,BRFSS,Health Outcomes,Coronary heart disease among adults,%,Crude prevalence,7.0,6.2,7.9,93,108,"{'type': 'Point', 'coordinates': [-75.5846839, 39.789573]}",19710,HLTHOUT,CHD,CrdPrv,Coronary Heart Disease
2022,19710,BRFSS,Prevention,Visits to doctor for routine checkup within the past year among adults,%,Crude prevalence,80.8,77.6,83.7,93,108,"{'type': 'Point', 'coordinates': [-75.5846839, 39.789573]}",19710,PREVENT,CHECKUP,CrdPrv,Annual Checkup
2021,19710,BRFSS,Prevention,Cholesterol screening among adults,%,Crude prevalence,92.8,91.4,94.1,93,108,"{'type': 'Point', 'coordinates': [-75.5846839, 39.789573]}",19710,PREVENT,CHOLSCREEN,CrdPrv,Cholesterol Screening
2022,19710,BRFSS,Disability,Cognitive disability among adults,%,Crude prevalence,9.0,8.0,10.1,93,108,"{'type': 'Point', 'coordinates': [-75.5846839, 39.789573]}",19710,DISABLT,COGNITION,CrdPrv,Cognitive Disability
2022,19710,BRFSS,Prevention,Colorectal cancer screening among adults aged 45–75 years,%,Crude prevalence,70.4,66.7,74.0,93,108,"{'type': 'Point', 'coordinates': [-75.5846839, 39.789573]}",19710,PREVENT,COLON_SCREEN,CrdPrv,Colorectal Cancer Screening
2022,19710,BRFSS,Health Outcomes,Chronic obstructive pulmonary disease among adults,%,Crude prevalence,6.4,5.6,7.2,93,108,"{'type': 'Point', 'coordinates': [-75.5846839, 39.789573]}",19710,HLTHOUT,COPD,CrdPrv,COPD
2022,19710,BRFSS,Health Risk Behaviors,Current cigarette smoking among adults,%,Crude prevalence,9.7,8.5,11.1,93,108,"{'type': 'Point', 'coordinates': [-75.5846839, 39.789573]}",19710,RISKBEH,CSMOKING,CrdPrv,Current Cigarette Smoking
2022,19710,BRFSS,Prevention,Visited dentist or dental clinic in the past year among adults,%,Crude prevalence,75.0,71.9,77.8,93,108,"{'type': 'Point', 'coordinates': [-75.5846839, 39.789573]}",19710,PREVENT,DENTAL,CrdPrv,Dental Visit
2022,19710,BRFSS,Health Outcomes,Depression among adults,%,Crude prevalence,20.0,17.2,23.1,93,108,"{'type': 'Point', 'coordinates': [-75.5846839, 39.789573]}",19710,HLTHOUT,DEPRESSION,CrdPrv,Depression
2022,19710,BRFSS,Health Outcomes,Diagnosed diabetes among adults,%,Crude prevalence,12.2,10.6,13.9,93,108,"{'type': 'Point', 'coordinates': [-75.5846839, 39.789573]}",19710,HLTHOUT,DIABETES,CrdPrv,Diabetes
2022,19710,BRFSS,Disability,Any disability among adults,%,Crude prevalence,24.0,21.2,27.0,93,108,"{'type': 'Point', 'coordinates': [-75.5846839, 39.789573]}",19710,DISABLT,DISABILITY,CrdPrv,Any Disability
2022,19710,BRFSS,Health-Related Social Needs,Lack of social and emotional support among adults,%,Crude prevalence,17.8,15.5,20.2,93,108,"{'type': 'Point', 'coordinates': [-75.5846839, 39.789573]}",19710,SOCLNEED,EMOTIONSPT,CrdPrv,Lack of Social/Emotional Support
2022,19710,BRFSS,Health-Related Social Needs,Food insecurity in the past 12 months among adults,%,Crude prevalence,6.4,5.7,7.2,93,108,"{'type': 'Point', 'coordinates': [-75.5846839, 39.789573]}",19710,SOCLNEED,FOODINSECU,CrdPrv,Food Insecurity
2022,19710,BRFSS,Health-Related Social Needs,Received food stamps in the past 12 months among adults,%,Crude prevalence,4.6,3.9,5.3,93,108,"{'type': 'Point', 'coordinates': [-75.5846839, 39.789573]}",19710,SOCLNEED,FOODSTAMP,CrdPrv,Food Stamps
2022,19710,BRFSS,Health Status,Fair or poor self-rated health status among adults,%,Crude prevalence,12.3,10.9,13.8,93,108,"{'type': 'Point', 'coordinates': [-75.5846839, 39.789573]}",19710,HLTHSTAT,GHLTH,CrdPrv,General Health
2022,19710,BRFSS,Disability,Hearing disability among adults,%,Crude prevalence,6.9,6.1,7.8,93,108,"{'type': 'Point', 'coordinates': [-75.5846839, 39.789573]}",19710,DISABLT,HEARING,CrdPrv,Hearing Disability
2021,19710,BRFSS,Health Outcomes,High cholesterol among adults who have ever been screened,%,Crude prevalence,40.6,36.4,44.7,93,108,"{'type': 'Point', 'coordinates': [-75.5846839, 39.789573]}",19710,HLTHOUT,HIGHCHOL,CrdPrv,High Cholesterol
2022,19710,BRFSS,Health-Related Social Needs,Housing insecurity in the past 12 months among adults,%,Crude prevalence,5.9,5.2,6.6,93,108,"{'type': 'Point', 'coordinates': [-75.5846839, 39.789573]}",19710,SOCLNEED,HOUSINSECU,CrdPrv,Housing Insecurity
2022,19710,BRFSS,Disability,Independent living disability among adults,%,Crude prevalence,5.5,4.9,6.1,93,108,"{'type': 'Point', 'coordinates': [-75.5846839, 39.789573]}",19710,DISABLT,INDEPLIVE,CrdPrv,Independent Living Disability
2022,19710,BRFSS,Health-Related Social Needs,Feeling socially isolated among adults,%,Crude prevalence,26.5,23.1,30.1,93,108,"{'type': 'Point', 'coordinates': [-75.5846839, 39.789573]}",19710,SOCLNEED,ISOLATION,CrdPrv,Social Isolation
2022,19710,BRFSS,Health-Related Social Needs,Lack of reliable transportation in the past 12 months among adults,%,Crude prevalence,4.1,3.7,4.6,93,108,"{'type': 'Point', 'coordinates': [-75.5846839, 39.789573]}",19710,SOCLNEED,LACKTRPT,CrdPrv,Transportation Barriers
2022,19710,BRFSS,Health Risk Behaviors,No leisure-time physical activity among adults,%,Crude prevalence,17.8,15.1,20.7,93,108,"{'type': 'Point', 'coordinates': [-75.5846839, 39.789573]}",19710,RISKBEH,LPA,CrdPrv,Physical Inactivity
2022,19710,BRFSS,Prevention,Mammography use among women aged 50-74 years,%,Crude prevalence,80.6,75.1,85.4,93,108,"{'type': 'Point', 'coordinates': [-75.5846839, 39.789573]}",19710,PREVENT,MAMMOUSE,CrdPrv,Mammography
2022,19710,BRFSS,Health Status,Frequent mental distress among adults,%,Crude prevalence,11.6,10.4,12.9,93,108,"{'type': 'Point', 'coordinates': [-75.5846839, 39.789573]}",19710,HLTHSTAT,MHLTH,CrdPrv,Frequent Mental Distress
2022,19710,BRFSS,Disability,Mobility disability among adults,%,Crude prevalence,11.5,10.2,13.0,93,108,"{'type': 'Point', 'coordinates': [-75.5846839, 39.789573]}",19710,DISABLT,MOBILITY,CrdPrv,Mobility Disability
2022,19710,BRFSS,Health Outcomes,Obesity among adults,%,Crude prevalence,32.4,27.0,38.1,93,108,"{'type': 'Point', 'coordinates': [-75.5846839, 39.789573]}",19710,HLTHOUT,OBESITY,CrdPrv,Obesity
2022,19710,BRFSS,Health Status,Frequent physical distress among adults,%,Crude prevalence,10.1,9.0,11.3,93,108,"{'type': 'Point', 'coordinates': [-75.5846839, 39.789573]}",19710,HLTHSTAT,PHLTH,CrdPrv,Frequent Physical Distress
2022,19710,BRFSS,Disability,Self-care disability among adults,%,Crude prevalence,2.4,2.2,2.6,93,108,"{'type': 'Point', 'coordinates': [-75.5846839, 39.789573]}",19710,DISABLT,SELFCARE,CrdPrv,Self-care Disability
2022,19710,BRFSS,Health-Related Social Needs,Utility services shut-off threat in the past 12 months among adults,%,Crude prevalence,3.9,3.4,4.5,93,108,"{'type': 'Point', 'coordinates': [-75.5846839, 39.789573]}",19710,SOCLNEED,SHUTUTILITY,CrdPrv,Utility Services Threat
2022,19710,BRFSS,Health Risk Behaviors,Short sleep duration among adults,%,Crude prevalence,28.5,24.1,33.2,93,108,"{'type': 'Point', 'coordinates': [-75.5846839, 39.789573]}",19710,RISKBEH,SLEEP,CrdPrv,Short Sleep Duration
2022,19710,BRFSS,Health Outcomes,Stroke among adults,%,Crude prevalence,3.4,3.0,3.8,93,108,"{'type': 'Point', 'coordinates': [-75.5846839, 39.789573]}",19710,HLTHOUT,STROKE,CrdPrv,Stroke
2022,19710,BRFSS,Health Outcomes,All teeth lost among adults aged >=65 years,%,Crude prevalence,5.6,4.5,6.9,93,108,"{'type': 'Point', 'coordinates': [-75.5846839, 39.789573]}",19710,HLTHOUT,TEETHLOST,CrdPrv,All Teeth Lost
2022,19710,BRFSS,Disability,Vision disability among adults,%,Crude prevalence,3.3,3.0,3.6,93,108,"{'type': 'Point', 'coordinates': [-75.5846839, 39.789573]}",19710,DISABLT,VISION,CrdPrv,Vision Disability
2022,19711,BRFSS,Prevention,Current lack of health insurance among adults aged 18-64 years,%,Crude prevalence,7.5,6.4,8.7,40581,48477,"{'type': 'Point', 'coordinates': [-75.7408261, 39.7137809]}",19711,PREVENT,ACCESS2,CrdPrv,Health Insurance
2022,19711,BRFSS,Health Outcomes,Arthritis among adults,%,Crude prevalence,23.2,20.8,25.7,40581,48477,"{'type': 'Point', 'coordinates': [-75.7408261, 39.7137809]}",19711,HLTHOUT,ARTHRITIS,CrdPrv,Arthritis
2022,19711,BRFSS,Health Risk Behaviors,Binge drinking among adults,%,Crude prevalence,16.8,14.3,19.7,40581,48477,"{'type': 'Point', 'coordinates': [-75.7408261, 39.7137809]}",19711,RISKBEH,BINGE,CrdPrv,Binge Drinking
2021,19711,BRFSS,Health Outcomes,High blood pressure among adults,%,Crude prevalence,29.7,26.4,33.1,40581,48477,"{'type': 'Point', 'coordinates': [-75.7408261, 39.7137809]}",19711,HLTHOUT,BPHIGH,CrdPrv,High Blood Pressure
2021,19711,BRFSS,Prevention,Taking medicine to control high blood pressure among adults with high blood pressure,%,Crude prevalence,75.3,72.3,78.0,40581,48477,"{'type': 'Point', 'coordinates': [-75.7408261, 39.7137809]}",19711,PREVENT,BPMED,CrdPrv,High Blood Pressure Medication
2022,19711,BRFSS,Health Outcomes,Cancer (non-skin) or melanoma among adults,%,Crude prevalence,7.8,7.1,8.6,40581,48477,"{'type': 'Point', 'coordinates': [-75.7408261, 39.7137809]}",19711,HLTHOUT,CANCER,CrdPrv,Cancer (non-skin) or Melanoma
2022,19711,BRFSS,Health Outcomes,Current asthma among adults,%,Crude prevalence,10.7,9.5,12.0,40581,48477,"{'type': 'Point', 'coordinates': [-75.7408261, 39.7137809]}",19711,HLTHOUT,CASTHMA,CrdPrv,Current Asthma
2022,19711,BRFSS,Health Outcomes,Coronary heart disease among adults,%,Crude prevalence,5.6,5.1,6.2,40581,48477,"{'type': 'Point', 'coordinates': [-75.7408261, 39.7137809]}",19711,HLTHOUT,CHD,CrdPrv,Coronary Heart Disease
2022,19711,BRFSS,Prevention,Visits to doctor for routine checkup within the past year among adults,%,Crude prevalence,76.1,72.4,79.5,40581,48477,"{'type': 'Point', 'coordinates': [-75.7408261, 39.7137809]}",19711,PREVENT,CHECKUP,CrdPrv,Annual Checkup
2021,19711,BRFSS,Prevention,Cholesterol screening among adults,%,Crude prevalence,85.5,82.8,87.8,40581,48477,"{'type': 'Point', 'coordinates': [-75.7408261, 39.7137809]}",19711,PREVENT,CHOLSCREEN,CrdPrv,Cholesterol Screening
2022,19711,BRFSS,Disability,Cognitive disability among adults,%,Crude prevalence,13.2,11.9,14.7,40581,48477,"{'type': 'Point', 'coordinates': [-75.7408261, 39.7137809]}",19711,DISABLT,COGNITION,CrdPrv,Cognitive Disability
2022,19711,BRFSS,Prevention,Colorectal cancer screening among adults aged 45–75 years,%,Crude prevalence,68.7,64.6,72.7,40581,48477,"{'type': 'Point', 'coordinates': [-75.7408261, 39.7137809]}",19711,PREVENT,COLON_SCREEN,CrdPrv,Colorectal Cancer Screening
2022,19711,BRFSS,Health Outcomes,Chronic obstructive pulmonary disease among adults,%,Crude prevalence,5.8,5.2,6.5,40581,48477,"{'type': 'Point', 'coordinates': [-75.7408261, 39.7137809]}",19711,HLTHOUT,COPD,CrdPrv,COPD
2022,19711,BRFSS,Health Risk Behaviors,Current cigarette smoking among adults,%,Crude prevalence,12.0,10.6,13.7,40581,48477,"{'type': 'Point', 'coordinates': [-75.7408261, 39.7137809]}",19711,RISKBEH,CSMOKING,CrdPrv,Current Cigarette Smoking
2022,19711,BRFSS,Prevention,Visited dentist or dental clinic in the past year among adults,%,Crude prevalence,65.6,62.2,69.0,40581,48477,"{'type': 'Point', 'coordinates': [-75.7408261, 39.7137809]}",19711,PREVENT,DENTAL,CrdPrv,Dental Visit
2022,19711,BRFSS,Health Outcomes,Depression among adults,%,Crude prevalence,22.0,19.1,25.3,40581,48477,"{'type': 'Point', 'coordinates': [-75.7408261, 39.7137809]}",19711,HLTHOUT,DEPRESSION,CrdPrv,Depression
2022,19711,BRFSS,Health Outcomes,Diagnosed diabetes among adults,%,Crude prevalence,10.5,9.2,11.9,40581,48477,"{'type': 'Point', 'coordinates': [-75.7408261, 39.7137809]}",19711,HLTHOUT,DIABETES,CrdPrv,Diabetes
2022,19711,BRFSS,Disability,Any disability among adults,%,Crude prevalence,26.2,23.2,29.4,40581,48477,"{'type': 'Point', 'coordinates': [-75.7408261, 39.7137809]}",19711,DISABLT,DISABILITY,CrdPrv,Any Disability
2022,19711,BRFSS,Health-Related Social Needs,Lack of social and emotional support among adults,%,Crude prevalence,21.7,19.0,24.5,40581,48477,"{'type': 'Point', 'coordinates': [-75.7408261, 39.7137809]}",19711,SOCLNEED,EMOTIONSPT,CrdPrv,Lack of Social/Emotional Support
2022,19711,BRFSS,Health-Related Social Needs,Food insecurity in the past 12 months among adults,%,Crude prevalence,12.0,10.8,13.2,40581,48477,"{'type': 'Point', 'coordinates': [-75.7408261, 39.7137809]}",19711,SOCLNEED,FOODINSECU,CrdPrv,Food Insecurity
2022,19711,BRFSS,Health-Related Social Needs,Received food stamps in the past 12 months among adults,%,Crude prevalence,10.5,9.3,11.8,40581,48477,"{'type': 'Point', 'coordinates': [-75.7408261, 39.7137809]}",19711,SOCLNEED,FOODSTAMP,CrdPrv,Food Stamps
2022,19713,BRFSS,Disability,Self-care disability among adults,%,Crude prevalence,3.9,3.6,4.2,25160,31867,"{'type': 'Point', 'coordinates': [-75.7101225, 39.6707511]}",19713,DISABLT,SELFCARE,CrdPrv,Self-care Disability
2022,19711,BRFSS,Health Status,Fair or poor self-rated health status among adults,%,Crude prevalence,14.6,13.0,16.3,40581,48477,"{'type': 'Point', 'coordinates': [-75.7408261, 39.7137809]}",19711,HLTHSTAT,GHLTH,CrdPrv,General Health
2022,19711,BRFSS,Disability,Hearing disability among adults,%,Crude prevalence,6.0,5.4,6.7,40581,48477,"{'type': 'Point', 'coordinates': [-75.7408261, 39.7137809]}",19711,DISABLT,HEARING,CrdPrv,Hearing Disability
2021,19711,BRFSS,Health Outcomes,High cholesterol among adults who have ever been screened,%,Crude prevalence,33.9,30.4,37.4,40581,48477,"{'type': 'Point', 'coordinates': [-75.7408261, 39.7137809]}",19711,HLTHOUT,HIGHCHOL,CrdPrv,High Cholesterol
2022,19711,BRFSS,Health-Related Social Needs,Housing insecurity in the past 12 months among adults,%,Crude prevalence,10.4,9.4,11.6,40581,48477,"{'type': 'Point', 'coordinates': [-75.7408261, 39.7137809]}",19711,SOCLNEED,HOUSINSECU,CrdPrv,Housing Insecurity
2022,19711,BRFSS,Disability,Independent living disability among adults,%,Crude prevalence,7.2,6.5,8.0,40581,48477,"{'type': 'Point', 'coordinates': [-75.7408261, 39.7137809]}",19711,DISABLT,INDEPLIVE,CrdPrv,Independent Living Disability
2022,19711,BRFSS,Health-Related Social Needs,Feeling socially isolated among adults,%,Crude prevalence,30.9,27.3,34.7,40581,48477,"{'type': 'Point', 'coordinates': [-75.7408261, 39.7137809]}",19711,SOCLNEED,ISOLATION,CrdPrv,Social Isolation
2022,19711,BRFSS,Health-Related Social Needs,Lack of reliable transportation in the past 12 months among adults,%,Crude prevalence,8.1,7.3,8.8,40581,48477,"{'type': 'Point', 'coordinates': [-75.7408261, 39.7137809]}",19711,SOCLNEED,LACKTRPT,CrdPrv,Transportation Barriers
2022,19711,BRFSS,Health Risk Behaviors,No leisure-time physical activity among adults,%,Crude prevalence,20.2,17.4,23.4,40581,48477,"{'type': 'Point', 'coordinates': [-75.7408261, 39.7137809]}",19711,RISKBEH,LPA,CrdPrv,Physical Inactivity
2022,19711,BRFSS,Prevention,Mammography use among women aged 50-74 years,%,Crude prevalence,78.0,72.2,83.2,40581,48477,"{'type': 'Point', 'coordinates': [-75.7408261, 39.7137809]}",19711,PREVENT,MAMMOUSE,CrdPrv,Mammography
2022,19711,BRFSS,Health Status,Frequent mental distress among adults,%,Crude prevalence,15.9,14.4,17.6,40581,48477,"{'type': 'Point', 'coordinates': [-75.7408261, 39.7137809]}",19711,HLTHSTAT,MHLTH,CrdPrv,Frequent Mental Distress
2022,19711,BRFSS,Disability,Mobility disability among adults,%,Crude prevalence,10.6,9.4,11.8,40581,48477,"{'type': 'Point', 'coordinates': [-75.7408261, 39.7137809]}",19711,DISABLT,MOBILITY,CrdPrv,Mobility Disability
2022,19711,BRFSS,Health Outcomes,Obesity among adults,%,Crude prevalence,33.4,28.2,39.0,40581,48477,"{'type': 'Point', 'coordinates': [-75.7408261, 39.7137809]}",19711,HLTHOUT,OBESITY,CrdPrv,Obesity
2022,19711,BRFSS,Health Status,Frequent physical distress among adults,%,Crude prevalence,10.5,9.4,11.8,40581,48477,"{'type': 'Point', 'coordinates': [-75.7408261, 39.7137809]}",19711,HLTHSTAT,PHLTH,CrdPrv,Frequent Physical Distress
2022,19711,BRFSS,Disability,Self-care disability among adults,%,Crude prevalence,2.9,2.7,3.1,40581,48477,"{'type': 'Point', 'coordinates': [-75.7408261, 39.7137809]}",19711,DISABLT,SELFCARE,CrdPrv,Self-care Disability
2022,19711,BRFSS,Health-Related Social Needs,Utility services shut-off threat in the past 12 months among adults,%,Crude prevalence,6.7,5.9,7.5,40581,48477,"{'type': 'Point', 'coordinates': [-75.7408261, 39.7137809]}",19711,SOCLNEED,SHUTUTILITY,CrdPrv,Utility Services Threat
2022,19711,BRFSS,Health Risk Behaviors,Short sleep duration among adults,%,Crude prevalence,32.7,28.1,37.7,40581,48477,"{'type': 'Point', 'coordinates': [-75.7408261, 39.7137809]}",19711,RISKBEH,SLEEP,CrdPrv,Short Sleep Duration
2022,19711,BRFSS,Health Outcomes,Stroke among adults,%,Crude prevalence,2.9,2.7,3.1,40581,48477,"{'type': 'Point', 'coordinates': [-75.7408261, 39.7137809]}",19711,HLTHOUT,STROKE,CrdPrv,Stroke
2022,19711,BRFSS,Health Outcomes,All teeth lost among adults aged >=65 years,%,Crude prevalence,8.9,7.3,10.7,40581,48477,"{'type': 'Point', 'coordinates': [-75.7408261, 39.7137809]}",19711,HLTHOUT,TEETHLOST,CrdPrv,All Teeth Lost
2022,19711,BRFSS,Disability,Vision disability among adults,%,Crude prevalence,4.3,3.9,4.7,40581,48477,"{'type': 'Point', 'coordinates': [-75.7408261, 39.7137809]}",19711,DISABLT,VISION,CrdPrv,Vision Disability
2022,19713,BRFSS,Prevention,Current lack of health insurance among adults aged 18-64 years,%,Crude prevalence,10.3,8.9,11.8,25160,31867,"{'type': 'Point', 'coordinates': [-75.7101225, 39.6707511]}",19713,PREVENT,ACCESS2,CrdPrv,Health Insurance
2022,19713,BRFSS,Health Outcomes,Arthritis among adults,%,Crude prevalence,26.4,23.8,29.2,25160,31867,"{'type': 'Point', 'coordinates': [-75.7101225, 39.6707511]}",19713,HLTHOUT,ARTHRITIS,CrdPrv,Arthritis
2022,19713,BRFSS,Health Risk Behaviors,Binge drinking among adults,%,Crude prevalence,15.8,13.4,18.5,25160,31867,"{'type': 'Point', 'coordinates': [-75.7101225, 39.6707511]}",19713,RISKBEH,BINGE,CrdPrv,Binge Drinking
2021,19713,BRFSS,Health Outcomes,High blood pressure among adults,%,Crude prevalence,34.3,30.7,37.9,25160,31867,"{'type': 'Point', 'coordinates': [-75.7101225, 39.6707511]}",19713,HLTHOUT,BPHIGH,CrdPrv,High Blood Pressure
2021,19713,BRFSS,Prevention,Taking medicine to control high blood pressure among adults with high blood pressure,%,Crude prevalence,77.1,74.1,79.9,25160,31867,"{'type': 'Point', 'coordinates': [-75.7101225, 39.6707511]}",19713,PREVENT,BPMED,CrdPrv,High Blood Pressure Medication
2022,19713,BRFSS,Health Outcomes,Cancer (non-skin) or melanoma among adults,%,Crude prevalence,7.9,7.2,8.6,25160,31867,"{'type': 'Point', 'coordinates': [-75.7101225, 39.6707511]}",19713,HLTHOUT,CANCER,CrdPrv,Cancer (non-skin) or Melanoma
2022,19713,BRFSS,Health Outcomes,Current asthma among adults,%,Crude prevalence,11.0,9.8,12.4,25160,31867,"{'type': 'Point', 'coordinates': [-75.7101225, 39.6707511]}",19713,HLTHOUT,CASTHMA,CrdPrv,Current Asthma
2022,19713,BRFSS,Health Outcomes,Coronary heart disease among adults,%,Crude prevalence,6.5,5.9,7.2,25160,31867,"{'type': 'Point', 'coordinates': [-75.7101225, 39.6707511]}",19713,HLTHOUT,CHD,CrdPrv,Coronary Heart Disease
2022,19713,BRFSS,Prevention,Visits to doctor for routine checkup within the past year among adults,%,Crude prevalence,76.5,72.9,79.8,25160,31867,"{'type': 'Point', 'coordinates': [-75.7101225, 39.6707511]}",19713,PREVENT,CHECKUP,CrdPrv,Annual Checkup
2021,19713,BRFSS,Prevention,Cholesterol screening among adults,%,Crude prevalence,87.5,85.2,89.6,25160,31867,"{'type': 'Point', 'coordinates': [-75.7101225, 39.6707511]}",19713,PREVENT,CHOLSCREEN,CrdPrv,Cholesterol Screening
2022,19713,BRFSS,Disability,Cognitive disability among adults,%,Crude prevalence,14.0,12.6,15.6,25160,31867,"{'type': 'Point', 'coordinates': [-75.7101225, 39.6707511]}",19713,DISABLT,COGNITION,CrdPrv,Cognitive Disability
2022,19713,BRFSS,Prevention,Colorectal cancer screening among adults aged 45–75 years,%,Crude prevalence,64.7,60.5,68.9,25160,31867,"{'type': 'Point', 'coordinates': [-75.7101225, 39.6707511]}",19713,PREVENT,COLON_SCREEN,CrdPrv,Colorectal Cancer Screening
2022,19713,BRFSS,Health Outcomes,Chronic obstructive pulmonary disease among adults,%,Crude prevalence,7.2,6.5,8.0,25160,31867,"{'type': 'Point', 'coordinates': [-75.7101225, 39.6707511]}",19713,HLTHOUT,COPD,CrdPrv,COPD
2022,19713,BRFSS,Health Risk Behaviors,Current cigarette smoking among adults,%,Crude prevalence,15.7,13.9,17.7,25160,31867,"{'type': 'Point', 'coordinates': [-75.7101225, 39.6707511]}",19713,RISKBEH,CSMOKING,CrdPrv,Current Cigarette Smoking
2022,19713,BRFSS,Prevention,Visited dentist or dental clinic in the past year among adults,%,Crude prevalence,60.5,56.8,64.1,25160,31867,"{'type': 'Point', 'coordinates': [-75.7101225, 39.6707511]}",19713,PREVENT,DENTAL,CrdPrv,Dental Visit
2022,19713,BRFSS,Health Outcomes,Depression among adults,%,Crude prevalence,21.1,18.2,24.2,25160,31867,"{'type': 'Point', 'coordinates': [-75.7101225, 39.6707511]}",19713,HLTHOUT,DEPRESSION,CrdPrv,Depression
2022,19713,BRFSS,Health Outcomes,Diagnosed diabetes among adults,%,Crude prevalence,13.4,11.8,15.0,25160,31867,"{'type': 'Point', 'coordinates': [-75.7101225, 39.6707511]}",19713,HLTHOUT,DIABETES,CrdPrv,Diabetes
2022,19713,BRFSS,Disability,Any disability among adults,%,Crude prevalence,29.6,26.4,33.0,25160,31867,"{'type': 'Point', 'coordinates': [-75.7101225, 39.6707511]}",19713,DISABLT,DISABILITY,CrdPrv,Any Disability
2022,19713,BRFSS,Health-Related Social Needs,Lack of social and emotional support among adults,%,Crude prevalence,24.2,21.4,27.3,25160,31867,"{'type': 'Point', 'coordinates': [-75.7101225, 39.6707511]}",19713,SOCLNEED,EMOTIONSPT,CrdPrv,Lack of Social/Emotional Support
2022,19713,BRFSS,Health-Related Social Needs,Food insecurity in the past 12 months among adults,%,Crude prevalence,15.3,13.8,16.9,25160,31867,"{'type': 'Point', 'coordinates': [-75.7101225, 39.6707511]}",19713,SOCLNEED,FOODINSECU,CrdPrv,Food Insecurity
2022,19713,BRFSS,Health-Related Social Needs,Received food stamps in the past 12 months among adults,%,Crude prevalence,13.5,11.9,15.1,25160,31867,"{'type': 'Point', 'coordinates': [-75.7101225, 39.6707511]}",19713,SOCLNEED,FOODSTAMP,CrdPrv,Food Stamps
2022,19713,BRFSS,Health Status,Fair or poor self-rated health status among adults,%,Crude prevalence,18.3,16.5,20.4,25160,31867,"{'type': 'Point', 'coordinates': [-75.7101225, 39.6707511]}",19713,HLTHSTAT,GHLTH,CrdPrv,General Health
2022,19713,BRFSS,Disability,Hearing disability among adults,%,Crude prevalence,6.7,6.0,7.5,25160,31867,"{'type': 'Point', 'coordinates': [-75.7101225, 39.6707511]}",19713,DISABLT,HEARING,CrdPrv,Hearing Disability
2021,19713,BRFSS,Health Outcomes,High cholesterol among adults who have ever been screened,%,Crude prevalence,35.4,31.7,39.2,25160,31867,"{'type': 'Point', 'coordinates': [-75.7101225, 39.6707511]}",19713,HLTHOUT,HIGHCHOL,CrdPrv,High Cholesterol
2022,19713,BRFSS,Health-Related Social Needs,Housing insecurity in the past 12 months among adults,%,Crude prevalence,13.9,12.6,15.4,25160,31867,"{'type': 'Point', 'coordinates': [-75.7101225, 39.6707511]}",19713,SOCLNEED,HOUSINSECU,CrdPrv,Housing Insecurity
2022,19713,BRFSS,Disability,Independent living disability among adults,%,Crude prevalence,8.2,7.4,9.0,25160,31867,"{'type': 'Point', 'coordinates': [-75.7101225, 39.6707511]}",19713,DISABLT,INDEPLIVE,CrdPrv,Independent Living Disability
2022,19713,BRFSS,Health-Related Social Needs,Feeling socially isolated among adults,%,Crude prevalence,31.1,27.5,34.9,25160,31867,"{'type': 'Point', 'coordinates': [-75.7101225, 39.6707511]}",19713,SOCLNEED,ISOLATION,CrdPrv,Social Isolation
2022,19713,BRFSS,Health-Related Social Needs,Lack of reliable transportation in the past 12 months among adults,%,Crude prevalence,9.1,8.2,9.9,25160,31867,"{'type': 'Point', 'coordinates': [-75.7101225, 39.6707511]}",19713,SOCLNEED,LACKTRPT,CrdPrv,Transportation Barriers
2022,19713,BRFSS,Health Risk Behaviors,No leisure-time physical activity among adults,%,Crude prevalence,24.7,21.4,28.3,25160,31867,"{'type': 'Point', 'coordinates': [-75.7101225, 39.6707511]}",19713,RISKBEH,LPA,CrdPrv,Physical Inactivity
2022,19713,BRFSS,Prevention,Mammography use among women aged 50-74 years,%,Crude prevalence,77.2,71.3,82.5,25160,31867,"{'type': 'Point', 'coordinates': [-75.7101225, 39.6707511]}",19713,PREVENT,MAMMOUSE,CrdPrv,Mammography
2022,19713,BRFSS,Health Status,Frequent mental distress among adults,%,Crude prevalence,15.9,14.3,17.6,25160,31867,"{'type': 'Point', 'coordinates': [-75.7101225, 39.6707511]}",19713,HLTHSTAT,MHLTH,CrdPrv,Frequent Mental Distress
2022,19713,BRFSS,Disability,Mobility disability among adults,%,Crude prevalence,13.9,12.4,15.5,25160,31867,"{'type': 'Point', 'coordinates': [-75.7101225, 39.6707511]}",19713,DISABLT,MOBILITY,CrdPrv,Mobility Disability
2022,19713,BRFSS,Health Outcomes,Obesity among adults,%,Crude prevalence,38.0,32.5,43.9,25160,31867,"{'type': 'Point', 'coordinates': [-75.7101225, 39.6707511]}",19713,HLTHOUT,OBESITY,CrdPrv,Obesity
2022,19713,BRFSS,Health Status,Frequent physical distress among adults,%,Crude prevalence,12.5,11.2,13.9,25160,31867,"{'type': 'Point', 'coordinates': [-75.7101225, 39.6707511]}",19713,HLTHSTAT,PHLTH,CrdPrv,Frequent Physical Distress
2022,19713,BRFSS,Health-Related Social Needs,Utility services shut-off threat in the past 12 months among adults,%,Crude prevalence,8.7,7.7,9.8,25160,31867,"{'type': 'Point', 'coordinates': [-75.7101225, 39.6707511]}",19713,SOCLNEED,SHUTUTILITY,CrdPrv,Utility Services Threat
2022,19713,BRFSS,Health Risk Behaviors,Short sleep duration among adults,%,Crude prevalence,36.1,31.3,41.2,25160,31867,"{'type': 'Point', 'coordinates': [-75.7101225, 39.6707511]}",19713,RISKBEH,SLEEP,CrdPrv,Short Sleep Duration
2022,19713,BRFSS,Health Outcomes,Stroke among adults,%,Crude prevalence,3.7,3.4,4.0,25160,31867,"{'type': 'Point', 'coordinates': [-75.7101225, 39.6707511]}",19713,HLTHOUT,STROKE,CrdPrv,Stroke
2022,19713,BRFSS,Health Outcomes,All teeth lost among adults aged >=65 years,%,Crude prevalence,12.1,10.1,14.5,25160,31867,"{'type': 'Point', 'coordinates': [-75.7101225, 39.6707511]}",19713,HLTHOUT,TEETHLOST,CrdPrv,All Teeth Lost
2022,19713,BRFSS,Disability,Vision disability among adults,%,Crude prevalence,5.4,5.0,5.9,25160,31867,"{'type': 'Point', 'coordinates': [-75.7101225, 39.6707511]}",19713,DISABLT,VISION,CrdPrv,Vision Disability
2022,19717,BRFSS,Prevention,Current lack of health insurance among adults aged 18-64 years,%,Crude prevalence,10.5,8.2,13.3,6185,6201,"{'type': 'Point', 'coordinates': [-75.7499623, 39.678689]}",19717,PREVENT,ACCESS2,CrdPrv,Health Insurance
2022,19717,BRFSS,Health Outcomes,Arthritis among adults,%,Crude prevalence,5.4,4.6,6.3,6185,6201,"{'type': 'Point', 'coordinates': [-75.7499623, 39.678689]}",19717,HLTHOUT,ARTHRITIS,CrdPrv,Arthritis
2022,19717,BRFSS,Health Risk Behaviors,Binge drinking among adults,%,Crude prevalence,19.3,16.3,22.6,6185,6201,"{'type': 'Point', 'coordinates': [-75.7499623, 39.678689]}",19717,RISKBEH,BINGE,CrdPrv,Binge Drinking
2021,19717,BRFSS,Health Outcomes,High blood pressure among adults,%,Crude prevalence,12.9,10.8,15.3,6185,6201,"{'type': 'Point', 'coordinates': [-75.7499623, 39.678689]}",19717,HLTHOUT,BPHIGH,CrdPrv,High Blood Pressure
2021,19717,BRFSS,Prevention,Taking medicine to control high blood pressure among adults with high blood pressure,%,Crude prevalence,25.9,21.3,31.0,6185,6201,"{'type': 'Point', 'coordinates': [-75.7499623, 39.678689]}",19717,PREVENT,BPMED,CrdPrv,High Blood Pressure Medication
2022,19717,BRFSS,Health Outcomes,Cancer (non-skin) or melanoma among adults,%,Crude prevalence,0.8,0.7,0.9,6185,6201,"{'type': 'Point', 'coordinates': [-75.7499623, 39.678689]}",19717,HLTHOUT,CANCER,CrdPrv,Cancer (non-skin) or Melanoma
2022,19717,BRFSS,Health Outcomes,Current asthma among adults,%,Crude prevalence,13.7,12.2,15.3,6185,6201,"{'type': 'Point', 'coordinates': [-75.7499623, 39.678689]}",19717,HLTHOUT,CASTHMA,CrdPrv,Current Asthma
2022,19717,BRFSS,Health Outcomes,Coronary heart disease among adults,%,Crude prevalence,1.0,0.9,1.1,6185,6201,"{'type': 'Point', 'coordinates': [-75.7499623, 39.678689]}",19717,HLTHOUT,CHD,CrdPrv,Coronary Heart Disease
2022,19717,BRFSS,Prevention,Visits to doctor for routine checkup within the past year among adults,%,Crude prevalence,69.7,65.2,73.9,6185,6201,"{'type': 'Point', 'coordinates': [-75.7499623, 39.678689]}",19717,PREVENT,CHECKUP,CrdPrv,Annual Checkup
2021,19717,BRFSS,Prevention,Cholesterol screening among adults,%,Crude prevalence,62.5,57.3,67.5,6185,6201,"{'type': 'Point', 'coordinates': [-75.7499623, 39.678689]}",19717,PREVENT,CHOLSCREEN,CrdPrv,Cholesterol Screening
2022,19717,BRFSS,Disability,Cognitive disability among adults,%,Crude prevalence,26.2,23.7,28.7,6185,6201,"{'type': 'Point', 'coordinates': [-75.7499623, 39.678689]}",19717,DISABLT,COGNITION,CrdPrv,Cognitive Disability
2022,19717,BRFSS,Prevention,Colorectal cancer screening among adults aged 45–75 years,%,Crude prevalence,60.3,55.1,65.4,6185,6201,"{'type': 'Point', 'coordinates': [-75.7499623, 39.678689]}",19717,PREVENT,COLON_SCREEN,CrdPrv,Colorectal Cancer Screening
2022,19717,BRFSS,Health Outcomes,Chronic obstructive pulmonary disease among adults,%,Crude prevalence,3.0,2.7,3.4,6185,6201,"{'type': 'Point', 'coordinates': [-75.7499623, 39.678689]}",19717,HLTHOUT,COPD,CrdPrv,COPD
2022,19717,BRFSS,Health Risk Behaviors,Current cigarette smoking among adults,%,Crude prevalence,11.6,10.1,13.3,6185,6201,"{'type': 'Point', 'coordinates': [-75.7499623, 39.678689]}",19717,RISKBEH,CSMOKING,CrdPrv,Current Cigarette Smoking
2022,19717,BRFSS,Prevention,Visited dentist or dental clinic in the past year among adults,%,Crude prevalence,51.5,47.7,55.1,6185,6201,"{'type': 'Point', 'coordinates': [-75.7499623, 39.678689]}",19717,PREVENT,DENTAL,CrdPrv,Dental Visit
2022,19717,BRFSS,Health Outcomes,Depression among adults,%,Crude prevalence,29.5,25.7,33.4,6185,6201,"{'type': 'Point', 'coordinates': [-75.7499623, 39.678689]}",19717,HLTHOUT,DEPRESSION,CrdPrv,Depression
2022,19717,BRFSS,Health Outcomes,Diagnosed diabetes among adults,%,Crude prevalence,2.5,2.1,2.9,6185,6201,"{'type': 'Point', 'coordinates': [-75.7499623, 39.678689]}",19717,HLTHOUT,DIABETES,CrdPrv,Diabetes
2022,19717,BRFSS,Disability,Any disability among adults,%,Crude prevalence,33.7,30.1,37.4,6185,6201,"{'type': 'Point', 'coordinates': [-75.7499623, 39.678689]}",19717,DISABLT,DISABILITY,CrdPrv,Any Disability
2022,19717,BRFSS,Health-Related Social Needs,Lack of social and emotional support among adults,%,Crude prevalence,27.3,24.1,30.7,6185,6201,"{'type': 'Point', 'coordinates': [-75.7499623, 39.678689]}",19717,SOCLNEED,EMOTIONSPT,CrdPrv,Lack of Social/Emotional Support
2022,19717,BRFSS,Health-Related Social Needs,Food insecurity in the past 12 months among adults,%,Crude prevalence,23.4,21.2,25.6,6185,6201,"{'type': 'Point', 'coordinates': [-75.7499623, 39.678689]}",19717,SOCLNEED,FOODINSECU,CrdPrv,Food Insecurity
2022,19717,BRFSS,Health-Related Social Needs,Received food stamps in the past 12 months among adults,%,Crude prevalence,21.6,19.3,24.1,6185,6201,"{'type': 'Point', 'coordinates': [-75.7499623, 39.678689]}",19717,SOCLNEED,FOODSTAMP,CrdPrv,Food Stamps
2022,19717,BRFSS,Health Status,Fair or poor self-rated health status among adults,%,Crude prevalence,17.1,15.3,19.1,6185,6201,"{'type': 'Point', 'coordinates': [-75.7499623, 39.678689]}",19717,HLTHSTAT,GHLTH,CrdPrv,General Health
2022,19717,BRFSS,Disability,Hearing disability among adults,%,Crude prevalence,2.8,2.4,3.1,6185,6201,"{'type': 'Point', 'coordinates': [-75.7499623, 39.678689]}",19717,DISABLT,HEARING,CrdPrv,Hearing Disability
2021,19717,BRFSS,Health Outcomes,High cholesterol among adults who have ever been screened,%,Crude prevalence,12.6,10.5,15.0,6185,6201,"{'type': 'Point', 'coordinates': [-75.7499623, 39.678689]}",19717,HLTHOUT,HIGHCHOL,CrdPrv,High Cholesterol
2022,19717,BRFSS,Health-Related Social Needs,Housing insecurity in the past 12 months among adults,%,Crude prevalence,17.7,15.8,19.6,6185,6201,"{'type': 'Point', 'coordinates': [-75.7499623, 39.678689]}",19717,SOCLNEED,HOUSINSECU,CrdPrv,Housing Insecurity
2022,19717,BRFSS,Disability,Independent living disability among adults,%,Crude prevalence,13.0,11.8,14.3,6185,6201,"{'type': 'Point', 'coordinates': [-75.7499623, 39.678689]}",19717,DISABLT,INDEPLIVE,CrdPrv,Independent Living Disability
2022,19717,BRFSS,Health-Related Social Needs,Feeling socially isolated among adults,%,Crude prevalence,42.8,38.5,47.4,6185,6201,"{'type': 'Point', 'coordinates': [-75.7499623, 39.678689]}",19717,SOCLNEED,ISOLATION,CrdPrv,Social Isolation
2022,19717,BRFSS,Health-Related Social Needs,Lack of reliable transportation in the past 12 months among adults,%,Crude prevalence,18.1,16.4,19.7,6185,6201,"{'type': 'Point', 'coordinates': [-75.7499623, 39.678689]}",19717,SOCLNEED,LACKTRPT,CrdPrv,Transportation Barriers
2022,19717,BRFSS,Health Risk Behaviors,No leisure-time physical activity among adults,%,Crude prevalence,22.8,19.6,26.2,6185,6201,"{'type': 'Point', 'coordinates': [-75.7499623, 39.678689]}",19717,RISKBEH,LPA,CrdPrv,Physical Inactivity
2022,19717,BRFSS,Prevention,Mammography use among women aged 50-74 years,%,Crude prevalence,71.4,64.4,77.8,6185,6201,"{'type': 'Point', 'coordinates': [-75.7499623, 39.678689]}",19717,PREVENT,MAMMOUSE,CrdPrv,Mammography
2022,19717,BRFSS,Health Status,Frequent mental distress among adults,%,Crude prevalence,29.1,26.5,31.7,6185,6201,"{'type': 'Point', 'coordinates': [-75.7499623, 39.678689]}",19717,HLTHSTAT,MHLTH,CrdPrv,Frequent Mental Distress
2022,19717,BRFSS,Disability,Mobility disability among adults,%,Crude prevalence,4.7,4.1,5.4,6185,6201,"{'type': 'Point', 'coordinates': [-75.7499623, 39.678689]}",19717,DISABLT,MOBILITY,CrdPrv,Mobility Disability
2022,19717,BRFSS,Health Outcomes,Obesity among adults,%,Crude prevalence,32.1,27.0,37.7,6185,6201,"{'type': 'Point', 'coordinates': [-75.7499623, 39.678689]}",19717,HLTHOUT,OBESITY,CrdPrv,Obesity
2022,19717,BRFSS,Health Status,Frequent physical distress among adults,%,Crude prevalence,9.4,8.4,10.5,6185,6201,"{'type': 'Point', 'coordinates': [-75.7499623, 39.678689]}",19717,HLTHSTAT,PHLTH,CrdPrv,Frequent Physical Distress
2022,19717,BRFSS,Disability,Self-care disability among adults,%,Crude prevalence,2.6,2.3,2.9,6185,6201,"{'type': 'Point', 'coordinates': [-75.7499623, 39.678689]}",19717,DISABLT,SELFCARE,CrdPrv,Self-care Disability
2022,19717,BRFSS,Health-Related Social Needs,Utility services shut-off threat in the past 12 months among adults,%,Crude prevalence,11.6,10.1,13.1,6185,6201,"{'type': 'Point', 'coordinates': [-75.7499623, 39.678689]}",19717,SOCLNEED,SHUTUTILITY,CrdPrv,Utility Services Threat
2022,19717,BRFSS,Health Risk Behaviors,Short sleep duration among adults,%,Crude prevalence,37.7,32.6,42.9,6185,6201,"{'type': 'Point', 'coordinates': [-75.7499623, 39.678689]}",19717,RISKBEH,SLEEP,CrdPrv,Short Sleep Duration
2022,19717,BRFSS,Health Outcomes,Stroke among adults,%,Crude prevalence,0.8,0.7,0.9,6185,6201,"{'type': 'Point', 'coordinates': [-75.7499623, 39.678689]}",19717,HLTHOUT,STROKE,CrdPrv,Stroke
2022,19717,BRFSS,Health Outcomes,All teeth lost among adults aged >=65 years,%,Crude prevalence,12.1,9.6,15.1,6185,6201,"{'type': 'Point', 'coordinates': [-75.7499623, 39.678689]}",19717,HLTHOUT,TEETHLOST,CrdPrv,All Teeth Lost
2022,19717,BRFSS,Disability,Vision disability among adults,%,Crude prevalence,6.4,5.8,7.0,6185,6201,"{'type': 'Point', 'coordinates': [-75.7499623, 39.678689]}",19717,DISABLT,VISION,CrdPrv,Vision Disability
2022,19720,BRFSS,Prevention,Current lack of health insurance among adults aged 18-64 years,%,Crude prevalence,11.0,9.6,12.5,47558,61043,"{'type': 'Point', 'coordinates': [-75.6044962, 39.6454667]}",19720,PREVENT,ACCESS2,CrdPrv,Health Insurance
2022,19720,BRFSS,Health Outcomes,Arthritis among adults,%,Crude prevalence,26.3,23.7,29.2,47558,61043,"{'type': 'Point', 'coordinates': [-75.6044962, 39.6454667]}",19720,HLTHOUT,ARTHRITIS,CrdPrv,Arthritis
2022,19720,BRFSS,Health Risk Behaviors,Binge drinking among adults,%,Crude prevalence,15.1,12.8,17.8,47558,61043,"{'type': 'Point', 'coordinates': [-75.6044962, 39.6454667]}",19720,RISKBEH,BINGE,CrdPrv,Binge Drinking
2021,19720,BRFSS,Health Outcomes,High blood pressure among adults,%,Crude prevalence,37.0,33.3,40.8,47558,61043,"{'type': 'Point', 'coordinates': [-75.6044962, 39.6454667]}",19720,HLTHOUT,BPHIGH,CrdPrv,High Blood Pressure
2021,19720,BRFSS,Prevention,Taking medicine to control high blood pressure among adults with high blood pressure,%,Crude prevalence,77.7,74.7,80.4,47558,61043,"{'type': 'Point', 'coordinates': [-75.6044962, 39.6454667]}",19720,PREVENT,BPMED,CrdPrv,High Blood Pressure Medication
2022,19720,BRFSS,Health Outcomes,Cancer (non-skin) or melanoma among adults,%,Crude prevalence,6.7,6.1,7.3,47558,61043,"{'type': 'Point', 'coordinates': [-75.6044962, 39.6454667]}",19720,HLTHOUT,CANCER,CrdPrv,Cancer (non-skin) or Melanoma
2022,19720,BRFSS,Health Outcomes,Current asthma among adults,%,Crude prevalence,11.6,10.3,13.0,47558,61043,"{'type': 'Point', 'coordinates': [-75.6044962, 39.6454667]}",19720,HLTHOUT,CASTHMA,CrdPrv,Current Asthma
2022,19720,BRFSS,Health Outcomes,Coronary heart disease among adults,%,Crude prevalence,6.3,5.7,6.9,47558,61043,"{'type': 'Point', 'coordinates': [-75.6044962, 39.6454667]}",19720,HLTHOUT,CHD,CrdPrv,Coronary Heart Disease
2022,19720,BRFSS,Prevention,Visits to doctor for routine checkup within the past year among adults,%,Crude prevalence,77.6,74.1,80.9,47558,61043,"{'type': 'Point', 'coordinates': [-75.6044962, 39.6454667]}",19720,PREVENT,CHECKUP,CrdPrv,Annual Checkup
2021,19720,BRFSS,Prevention,Cholesterol screening among adults,%,Crude prevalence,87.9,85.5,89.9,47558,61043,"{'type': 'Point', 'coordinates': [-75.6044962, 39.6454667]}",19720,PREVENT,CHOLSCREEN,CrdPrv,Cholesterol Screening
2022,19720,BRFSS,Disability,Cognitive disability among adults,%,Crude prevalence,14.5,13.1,16.2,47558,61043,"{'type': 'Point', 'coordinates': [-75.6044962, 39.6454667]}",19720,DISABLT,COGNITION,CrdPrv,Cognitive Disability
2022,19720,BRFSS,Prevention,Colorectal cancer screening among adults aged 45–75 years,%,Crude prevalence,64.0,59.8,68.4,47558,61043,"{'type': 'Point', 'coordinates': [-75.6044962, 39.6454667]}",19720,PREVENT,COLON_SCREEN,CrdPrv,Colorectal Cancer Screening
2022,19720,BRFSS,Health Outcomes,Chronic obstructive pulmonary disease among adults,%,Crude prevalence,7.2,6.5,8.0,47558,61043,"{'type': 'Point', 'coordinates': [-75.6044962, 39.6454667]}",19720,HLTHOUT,COPD,CrdPrv,COPD
2022,19720,BRFSS,Health Risk Behaviors,Current cigarette smoking among adults,%,Crude prevalence,16.9,14.9,19.0,47558,61043,"{'type': 'Point', 'coordinates': [-75.6044962, 39.6454667]}",19720,RISKBEH,CSMOKING,CrdPrv,Current Cigarette Smoking
2022,19720,BRFSS,Prevention,Visited dentist or dental clinic in the past year among adults,%,Crude prevalence,58.4,54.6,62.0,47558,61043,"{'type': 'Point', 'coordinates': [-75.6044962, 39.6454667]}",19720,PREVENT,DENTAL,CrdPrv,Dental Visit
2022,19720,BRFSS,Health Outcomes,Depression among adults,%,Crude prevalence,20.0,17.2,23.0,47558,61043,"{'type': 'Point', 'coordinates': [-75.6044962, 39.6454667]}",19720,HLTHOUT,DEPRESSION,CrdPrv,Depression
2022,19720,BRFSS,Health Outcomes,Diagnosed diabetes among adults,%,Crude prevalence,15.0,13.3,16.8,47558,61043,"{'type': 'Point', 'coordinates': [-75.6044962, 39.6454667]}",19720,HLTHOUT,DIABETES,CrdPrv,Diabetes
2022,19720,BRFSS,Disability,Any disability among adults,%,Crude prevalence,30.4,27.2,34.0,47558,61043,"{'type': 'Point', 'coordinates': [-75.6044962, 39.6454667]}",19720,DISABLT,DISABILITY,CrdPrv,Any Disability
2022,19720,BRFSS,Health-Related Social Needs,Lack of social and emotional support among adults,%,Crude prevalence,27.4,24.2,30.7,47558,61043,"{'type': 'Point', 'coordinates': [-75.6044962, 39.6454667]}",19720,SOCLNEED,EMOTIONSPT,CrdPrv,Lack of Social/Emotional Support
2022,19720,BRFSS,Health-Related Social Needs,Food insecurity in the past 12 months among adults,%,Crude prevalence,19.5,17.7,21.4,47558,61043,"{'type': 'Point', 'coordinates': [-75.6044962, 39.6454667]}",19720,SOCLNEED,FOODINSECU,CrdPrv,Food Insecurity
2022,19720,BRFSS,Health-Related Social Needs,Received food stamps in the past 12 months among adults,%,Crude prevalence,17.1,15.2,19.1,47558,61043,"{'type': 'Point', 'coordinates': [-75.6044962, 39.6454667]}",19720,SOCLNEED,FOODSTAMP,CrdPrv,Food Stamps
2022,19720,BRFSS,Health Status,Fair or poor self-rated health status among adults,%,Crude prevalence,20.1,18.1,22.2,47558,61043,"{'type': 'Point', 'coordinates': [-75.6044962, 39.6454667]}",19720,HLTHSTAT,GHLTH,CrdPrv,General Health
2022,19720,BRFSS,Disability,Hearing disability among adults,%,Crude prevalence,6.0,5.3,6.7,47558,61043,"{'type': 'Point', 'coordinates': [-75.6044962, 39.6454667]}",19720,DISABLT,HEARING,CrdPrv,Hearing Disability
2021,19720,BRFSS,Health Outcomes,High cholesterol among adults who have ever been screened,%,Crude prevalence,35.0,31.4,38.8,47558,61043,"{'type': 'Point', 'coordinates': [-75.6044962, 39.6454667]}",19720,HLTHOUT,HIGHCHOL,CrdPrv,High Cholesterol
2022,19720,BRFSS,Health-Related Social Needs,Housing insecurity in the past 12 months among adults,%,Crude prevalence,18.1,16.5,19.9,47558,61043,"{'type': 'Point', 'coordinates': [-75.6044962, 39.6454667]}",19720,SOCLNEED,HOUSINSECU,CrdPrv,Housing Insecurity
2022,19720,BRFSS,Disability,Independent living disability among adults,%,Crude prevalence,8.7,7.9,9.6,47558,61043,"{'type': 'Point', 'coordinates': [-75.6044962, 39.6454667]}",19720,DISABLT,INDEPLIVE,CrdPrv,Independent Living Disability
2022,19720,BRFSS,Health-Related Social Needs,Feeling socially isolated among adults,%,Crude prevalence,32.5,28.8,36.4,47558,61043,"{'type': 'Point', 'coordinates': [-75.6044962, 39.6454667]}",19720,SOCLNEED,ISOLATION,CrdPrv,Social Isolation
2022,19720,BRFSS,Health-Related Social Needs,Lack of reliable transportation in the past 12 months among adults,%,Crude prevalence,10.9,10.0,12.0,47558,61043,"{'type': 'Point', 'coordinates': [-75.6044962, 39.6454667]}",19720,SOCLNEED,LACKTRPT,CrdPrv,Transportation Barriers
2022,19720,BRFSS,Health Risk Behaviors,No leisure-time physical activity among adults,%,Crude prevalence,26.6,23.1,30.4,47558,61043,"{'type': 'Point', 'coordinates': [-75.6044962, 39.6454667]}",19720,RISKBEH,LPA,CrdPrv,Physical Inactivity
2022,19720,BRFSS,Prevention,Mammography use among women aged 50-74 years,%,Crude prevalence,78.4,72.7,83.5,47558,61043,"{'type': 'Point', 'coordinates': [-75.6044962, 39.6454667]}",19720,PREVENT,MAMMOUSE,CrdPrv,Mammography
2022,19720,BRFSS,Health Status,Frequent mental distress among adults,%,Crude prevalence,16.4,14.8,18.1,47558,61043,"{'type': 'Point', 'coordinates': [-75.6044962, 39.6454667]}",19720,HLTHSTAT,MHLTH,CrdPrv,Frequent Mental Distress
2022,19720,BRFSS,Disability,Mobility disability among adults,%,Crude prevalence,14.9,13.4,16.7,47558,61043,"{'type': 'Point', 'coordinates': [-75.6044962, 39.6454667]}",19720,DISABLT,MOBILITY,CrdPrv,Mobility Disability
2022,19720,BRFSS,Health Outcomes,Obesity among adults,%,Crude prevalence,41.7,35.9,47.8,47558,61043,"{'type': 'Point', 'coordinates': [-75.6044962, 39.6454667]}",19720,HLTHOUT,OBESITY,CrdPrv,Obesity
2022,19720,BRFSS,Health Status,Frequent physical distress among adults,%,Crude prevalence,12.8,11.5,14.3,47558,61043,"{'type': 'Point', 'coordinates': [-75.6044962, 39.6454667]}",19720,HLTHSTAT,PHLTH,CrdPrv,Frequent Physical Distress
2022,19720,BRFSS,Disability,Self-care disability among adults,%,Crude prevalence,4.4,4.1,4.8,47558,61043,"{'type': 'Point', 'coordinates': [-75.6044962, 39.6454667]}",19720,DISABLT,SELFCARE,CrdPrv,Self-care Disability
2022,19720,BRFSS,Health-Related Social Needs,Utility services shut-off threat in the past 12 months among adults,%,Crude prevalence,11.4,10.1,12.7,47558,61043,"{'type': 'Point', 'coordinates': [-75.6044962, 39.6454667]}",19720,SOCLNEED,SHUTUTILITY,CrdPrv,Utility Services Threat
2022,19720,BRFSS,Health Risk Behaviors,Short sleep duration among adults,%,Crude prevalence,39.2,34.2,44.5,47558,61043,"{'type': 'Point', 'coordinates': [-75.6044962, 39.6454667]}",19720,RISKBEH,SLEEP,CrdPrv,Short Sleep Duration
2022,19720,BRFSS,Health Outcomes,Stroke among adults,%,Crude prevalence,4.0,3.7,4.3,47558,61043,"{'type': 'Point', 'coordinates': [-75.6044962, 39.6454667]}",19720,HLTHOUT,STROKE,CrdPrv,Stroke
2022,19720,BRFSS,Health Outcomes,All teeth lost among adults aged >=65 years,%,Crude prevalence,14.3,11.8,17.0,47558,61043,"{'type': 'Point', 'coordinates': [-75.6044962, 39.6454667]}",19720,HLTHOUT,TEETHLOST,CrdPrv,All Teeth Lost
2022,19720,BRFSS,Disability,Vision disability among adults,%,Crude prevalence,6.1,5.6,6.7,47558,61043,"{'type': 'Point', 'coordinates': [-75.6044962, 39.6454667]}",19720,DISABLT,VISION,CrdPrv,Vision Disability
2022,19730,BRFSS,Prevention,Current lack of health insurance among adults aged 18-64 years,%,Crude prevalence,6.2,4.9,7.9,379,472,"{'type': 'Point', 'coordinates': [-75.6610367, 39.4549542]}",19730,PREVENT,ACCESS2,CrdPrv,Health Insurance
2022,19730,BRFSS,Health Outcomes,Arthritis among adults,%,Crude prevalence,26.3,23.6,29.2,379,472,"{'type': 'Point', 'coordinates': [-75.6610367, 39.4549542]}",19730,HLTHOUT,ARTHRITIS,CrdPrv,Arthritis
2022,19730,BRFSS,Health Risk Behaviors,Binge drinking among adults,%,Crude prevalence,17.7,15.1,20.7,379,472,"{'type': 'Point', 'coordinates': [-75.6610367, 39.4549542]}",19730,RISKBEH,BINGE,CrdPrv,Binge Drinking
2021,19730,BRFSS,Health Outcomes,High blood pressure among adults,%,Crude prevalence,31.6,28.0,35.3,379,472,"{'type': 'Point', 'coordinates': [-75.6610367, 39.4549542]}",19730,HLTHOUT,BPHIGH,CrdPrv,High Blood Pressure
2021,19730,BRFSS,Prevention,Taking medicine to control high blood pressure among adults with high blood pressure,%,Crude prevalence,77.7,74.4,80.7,379,472,"{'type': 'Point', 'coordinates': [-75.6610367, 39.4549542]}",19730,PREVENT,BPMED,CrdPrv,High Blood Pressure Medication
2022,19730,BRFSS,Health Outcomes,Cancer (non-skin) or melanoma among adults,%,Crude prevalence,10.1,9.1,11.0,379,472,"{'type': 'Point', 'coordinates': [-75.6610367, 39.4549542]}",19730,HLTHOUT,CANCER,CrdPrv,Cancer (non-skin) or Melanoma
2022,19730,BRFSS,Health Outcomes,Current asthma among adults,%,Crude prevalence,10.0,8.9,11.2,379,472,"{'type': 'Point', 'coordinates': [-75.6610367, 39.4549542]}",19730,HLTHOUT,CASTHMA,CrdPrv,Current Asthma
2022,19730,BRFSS,Health Outcomes,Coronary heart disease among adults,%,Crude prevalence,5.9,5.3,6.5,379,472,"{'type': 'Point', 'coordinates': [-75.6610367, 39.4549542]}",19730,HLTHOUT,CHD,CrdPrv,Coronary Heart Disease
2022,19730,BRFSS,Prevention,Visits to doctor for routine checkup within the past year among adults,%,Crude prevalence,77.8,74.4,81.1,379,472,"{'type': 'Point', 'coordinates': [-75.6610367, 39.4549542]}",19730,PREVENT,CHECKUP,CrdPrv,Annual Checkup
2021,19730,BRFSS,Prevention,Cholesterol screening among adults,%,Crude prevalence,91.1,89.2,92.7,379,472,"{'type': 'Point', 'coordinates': [-75.6610367, 39.4549542]}",19730,PREVENT,CHOLSCREEN,CrdPrv,Cholesterol Screening
2022,19730,BRFSS,Disability,Cognitive disability among adults,%,Crude prevalence,9.7,8.6,10.8,379,472,"{'type': 'Point', 'coordinates': [-75.6610367, 39.4549542]}",19730,DISABLT,COGNITION,CrdPrv,Cognitive Disability
2022,19730,BRFSS,Prevention,Colorectal cancer screening among adults aged 45–75 years,%,Crude prevalence,72.7,68.9,76.3,379,472,"{'type': 'Point', 'coordinates': [-75.6610367, 39.4549542]}",19730,PREVENT,COLON_SCREEN,CrdPrv,Colorectal Cancer Screening
2022,19730,BRFSS,Health Outcomes,Chronic obstructive pulmonary disease among adults,%,Crude prevalence,5.5,4.9,6.1,379,472,"{'type': 'Point', 'coordinates': [-75.6610367, 39.4549542]}",19730,HLTHOUT,COPD,CrdPrv,COPD
2022,19730,BRFSS,Health Risk Behaviors,Current cigarette smoking among adults,%,Crude prevalence,10.7,9.3,12.1,379,472,"{'type': 'Point', 'coordinates': [-75.6610367, 39.4549542]}",19730,RISKBEH,CSMOKING,CrdPrv,Current Cigarette Smoking
2022,19730,BRFSS,Prevention,Visited dentist or dental clinic in the past year among adults,%,Crude prevalence,73.1,70.0,76.1,379,472,"{'type': 'Point', 'coordinates': [-75.6610367, 39.4549542]}",19730,PREVENT,DENTAL,CrdPrv,Dental Visit
2022,19730,BRFSS,Health Outcomes,Depression among adults,%,Crude prevalence,20.4,17.6,23.5,379,472,"{'type': 'Point', 'coordinates': [-75.6610367, 39.4549542]}",19730,HLTHOUT,DEPRESSION,CrdPrv,Depression
2022,19730,BRFSS,Health Outcomes,Diagnosed diabetes among adults,%,Crude prevalence,10.7,9.4,12.1,379,472,"{'type': 'Point', 'coordinates': [-75.6610367, 39.4549542]}",19730,HLTHOUT,DIABETES,CrdPrv,Diabetes
2022,19730,BRFSS,Disability,Any disability among adults,%,Crude prevalence,22.2,19.5,25.1,379,472,"{'type': 'Point', 'coordinates': [-75.6610367, 39.4549542]}",19730,DISABLT,DISABILITY,CrdPrv,Any Disability
2022,19730,BRFSS,Health-Related Social Needs,Lack of social and emotional support among adults,%,Crude prevalence,19.9,17.3,22.6,379,472,"{'type': 'Point', 'coordinates': [-75.6610367, 39.4549542]}",19730,SOCLNEED,EMOTIONSPT,CrdPrv,Lack of Social/Emotional Support
2022,19730,BRFSS,Health-Related Social Needs,Food insecurity in the past 12 months among adults,%,Crude prevalence,7.8,7.0,8.7,379,472,"{'type': 'Point', 'coordinates': [-75.6610367, 39.4549542]}",19730,SOCLNEED,FOODINSECU,CrdPrv,Food Insecurity
2022,19730,BRFSS,Health-Related Social Needs,Received food stamps in the past 12 months among adults,%,Crude prevalence,5.7,4.9,6.6,379,472,"{'type': 'Point', 'coordinates': [-75.6610367, 39.4549542]}",19730,SOCLNEED,FOODSTAMP,CrdPrv,Food Stamps
2022,19730,BRFSS,Health Status,Fair or poor self-rated health status among adults,%,Crude prevalence,11.7,10.4,13.1,379,472,"{'type': 'Point', 'coordinates': [-75.6610367, 39.4549542]}",19730,HLTHSTAT,GHLTH,CrdPrv,General Health
2022,19730,BRFSS,Disability,Hearing disability among adults,%,Crude prevalence,5.9,5.2,6.6,379,472,"{'type': 'Point', 'coordinates': [-75.6610367, 39.4549542]}",19730,DISABLT,HEARING,CrdPrv,Hearing Disability
2021,19730,BRFSS,Health Outcomes,High cholesterol among adults who have ever been screened,%,Crude prevalence,36.5,32.7,40.4,379,472,"{'type': 'Point', 'coordinates': [-75.6610367, 39.4549542]}",19730,HLTHOUT,HIGHCHOL,CrdPrv,High Cholesterol
2022,19730,BRFSS,Health-Related Social Needs,Housing insecurity in the past 12 months among adults,%,Crude prevalence,8.3,7.4,9.3,379,472,"{'type': 'Point', 'coordinates': [-75.6610367, 39.4549542]}",19730,SOCLNEED,HOUSINSECU,CrdPrv,Housing Insecurity
2022,19730,BRFSS,Disability,Independent living disability among adults,%,Crude prevalence,5.1,4.6,5.6,379,472,"{'type': 'Point', 'coordinates': [-75.6610367, 39.4549542]}",19730,DISABLT,INDEPLIVE,CrdPrv,Independent Living Disability
2022,19730,BRFSS,Health-Related Social Needs,Feeling socially isolated among adults,%,Crude prevalence,28.6,25.1,32.3,379,472,"{'type': 'Point', 'coordinates': [-75.6610367, 39.4549542]}",19730,SOCLNEED,ISOLATION,CrdPrv,Social Isolation
2022,19730,BRFSS,Health-Related Social Needs,Lack of reliable transportation in the past 12 months among adults,%,Crude prevalence,5.2,4.8,5.8,379,472,"{'type': 'Point', 'coordinates': [-75.6610367, 39.4549542]}",19730,SOCLNEED,LACKTRPT,CrdPrv,Transportation Barriers
2022,19730,BRFSS,Health Risk Behaviors,No leisure-time physical activity among adults,%,Crude prevalence,16.9,14.4,19.6,379,472,"{'type': 'Point', 'coordinates': [-75.6610367, 39.4549542]}",19730,RISKBEH,LPA,CrdPrv,Physical Inactivity
2022,19730,BRFSS,Prevention,Mammography use among women aged 50-74 years,%,Crude prevalence,77.8,71.9,83.1,379,472,"{'type': 'Point', 'coordinates': [-75.6610367, 39.4549542]}",19730,PREVENT,MAMMOUSE,CrdPrv,Mammography
2022,19730,BRFSS,Health Status,Frequent mental distress among adults,%,Crude prevalence,12.8,11.5,14.2,379,472,"{'type': 'Point', 'coordinates': [-75.6610367, 39.4549542]}",19730,HLTHSTAT,MHLTH,CrdPrv,Frequent Mental Distress
2022,19730,BRFSS,Disability,Mobility disability among adults,%,Crude prevalence,9.7,8.5,10.8,379,472,"{'type': 'Point', 'coordinates': [-75.6610367, 39.4549542]}",19730,DISABLT,MOBILITY,CrdPrv,Mobility Disability
2022,19730,BRFSS,Health Outcomes,Obesity among adults,%,Crude prevalence,33.8,28.4,39.5,379,472,"{'type': 'Point', 'coordinates': [-75.6610367, 39.4549542]}",19730,HLTHOUT,OBESITY,CrdPrv,Obesity
2022,19730,BRFSS,Health Status,Frequent physical distress among adults,%,Crude prevalence,9.4,8.3,10.5,379,472,"{'type': 'Point', 'coordinates': [-75.6610367, 39.4549542]}",19730,HLTHSTAT,PHLTH,CrdPrv,Frequent Physical Distress
2022,19730,BRFSS,Disability,Self-care disability among adults,%,Crude prevalence,2.2,2.0,2.4,379,472,"{'type': 'Point', 'coordinates': [-75.6610367, 39.4549542]}",19730,DISABLT,SELFCARE,CrdPrv,Self-care Disability
2022,19730,BRFSS,Health-Related Social Needs,Utility services shut-off threat in the past 12 months among adults,%,Crude prevalence,5.1,4.5,5.8,379,472,"{'type': 'Point', 'coordinates': [-75.6610367, 39.4549542]}",19730,SOCLNEED,SHUTUTILITY,CrdPrv,Utility Services Threat
2022,19730,BRFSS,Health Risk Behaviors,Short sleep duration among adults,%,Crude prevalence,30.7,26.3,35.6,379,472,"{'type': 'Point', 'coordinates': [-75.6610367, 39.4549542]}",19730,RISKBEH,SLEEP,CrdPrv,Short Sleep Duration
2022,19730,BRFSS,Health Outcomes,Stroke among adults,%,Crude prevalence,2.8,2.6,3.1,379,472,"{'type': 'Point', 'coordinates': [-75.6610367, 39.4549542]}",19730,HLTHOUT,STROKE,CrdPrv,Stroke
2022,19730,BRFSS,Health Outcomes,All teeth lost among adults aged >=65 years,%,Crude prevalence,3.3,2.6,4.1,379,472,"{'type': 'Point', 'coordinates': [-75.6610367, 39.4549542]}",19730,HLTHOUT,TEETHLOST,CrdPrv,All Teeth Lost
2022,19730,BRFSS,Disability,Vision disability among adults,%,Crude prevalence,3.1,2.8,3.4,379,472,"{'type': 'Point', 'coordinates': [-75.6610367, 39.4549542]}",19730,DISABLT,VISION,CrdPrv,Vision Disability
2022,19731,BRFSS,Prevention,Current lack of health insurance among adults aged 18-64 years,%,Crude prevalence,6.4,5.0,8.1,276,329,"{'type': 'Point', 'coordinates': [-75.6012906, 39.5094336]}",19731,PREVENT,ACCESS2,CrdPrv,Health Insurance
2022,19731,BRFSS,Health Outcomes,Arthritis among adults,%,Crude prevalence,27.8,24.9,30.8,276,329,"{'type': 'Point', 'coordinates': [-75.6012906, 39.5094336]}",19731,HLTHOUT,ARTHRITIS,CrdPrv,Arthritis
2022,19731,BRFSS,Health Risk Behaviors,Binge drinking among adults,%,Crude prevalence,18.1,15.4,21.2,276,329,"{'type': 'Point', 'coordinates': [-75.6012906, 39.5094336]}",19731,RISKBEH,BINGE,CrdPrv,Binge Drinking
2021,19731,BRFSS,Health Outcomes,High blood pressure among adults,%,Crude prevalence,31.4,27.8,35.1,276,329,"{'type': 'Point', 'coordinates': [-75.6012906, 39.5094336]}",19731,HLTHOUT,BPHIGH,CrdPrv,High Blood Pressure
2021,19731,BRFSS,Prevention,Taking medicine to control high blood pressure among adults with high blood pressure,%,Crude prevalence,77.3,73.9,80.3,276,329,"{'type': 'Point', 'coordinates': [-75.6012906, 39.5094336]}",19731,PREVENT,BPMED,CrdPrv,High Blood Pressure Medication
2022,19731,BRFSS,Health Outcomes,Cancer (non-skin) or melanoma among adults,%,Crude prevalence,10.0,9.0,11.0,276,329,"{'type': 'Point', 'coordinates': [-75.6012906, 39.5094336]}",19731,HLTHOUT,CANCER,CrdPrv,Cancer (non-skin) or Melanoma
2022,19731,BRFSS,Health Outcomes,Current asthma among adults,%,Crude prevalence,10.4,9.3,11.8,276,329,"{'type': 'Point', 'coordinates': [-75.6012906, 39.5094336]}",19731,HLTHOUT,CASTHMA,CrdPrv,Current Asthma
2022,19731,BRFSS,Health Outcomes,Coronary heart disease among adults,%,Crude prevalence,6.5,5.8,7.2,276,329,"{'type': 'Point', 'coordinates': [-75.6012906, 39.5094336]}",19731,HLTHOUT,CHD,CrdPrv,Coronary Heart Disease
2022,19731,BRFSS,Prevention,Visits to doctor for routine checkup within the past year among adults,%,Crude prevalence,76.9,73.4,80.3,276,329,"{'type': 'Point', 'coordinates': [-75.6012906, 39.5094336]}",19731,PREVENT,CHECKUP,CrdPrv,Annual Checkup
2021,19731,BRFSS,Prevention,Cholesterol screening among adults,%,Crude prevalence,91.2,89.4,92.8,276,329,"{'type': 'Point', 'coordinates': [-75.6012906, 39.5094336]}",19731,PREVENT,CHOLSCREEN,CrdPrv,Cholesterol Screening
2022,19731,BRFSS,Disability,Cognitive disability among adults,%,Crude prevalence,10.6,9.5,11.9,276,329,"{'type': 'Point', 'coordinates': [-75.6012906, 39.5094336]}",19731,DISABLT,COGNITION,CrdPrv,Cognitive Disability
2022,19731,BRFSS,Prevention,Colorectal cancer screening among adults aged 45–75 years,%,Crude prevalence,73.6,69.6,77.3,276,329,"{'type': 'Point', 'coordinates': [-75.6012906, 39.5094336]}",19731,PREVENT,COLON_SCREEN,CrdPrv,Colorectal Cancer Screening
2022,19731,BRFSS,Health Outcomes,Chronic obstructive pulmonary disease among adults,%,Crude prevalence,6.9,6.2,7.8,276,329,"{'type': 'Point', 'coordinates': [-75.6012906, 39.5094336]}",19731,HLTHOUT,COPD,CrdPrv,COPD
2022,19731,BRFSS,Health Risk Behaviors,Current cigarette smoking among adults,%,Crude prevalence,12.7,11.2,14.5,276,329,"{'type': 'Point', 'coordinates': [-75.6012906, 39.5094336]}",19731,RISKBEH,CSMOKING,CrdPrv,Current Cigarette Smoking
2022,19731,BRFSS,Prevention,Visited dentist or dental clinic in the past year among adults,%,Crude prevalence,70.8,67.5,74.0,276,329,"{'type': 'Point', 'coordinates': [-75.6012906, 39.5094336]}",19731,PREVENT,DENTAL,CrdPrv,Dental Visit
2022,19731,BRFSS,Health Outcomes,Depression among adults,%,Crude prevalence,21.6,18.6,24.9,276,329,"{'type': 'Point', 'coordinates': [-75.6012906, 39.5094336]}",19731,HLTHOUT,DEPRESSION,CrdPrv,Depression
2022,19731,BRFSS,Health Outcomes,Diagnosed diabetes among adults,%,Crude prevalence,11.6,10.1,13.1,276,329,"{'type': 'Point', 'coordinates': [-75.6012906, 39.5094336]}",19731,HLTHOUT,DIABETES,CrdPrv,Diabetes
2022,19731,BRFSS,Disability,Any disability among adults,%,Crude prevalence,24.2,21.4,27.4,276,329,"{'type': 'Point', 'coordinates': [-75.6012906, 39.5094336]}",19731,DISABLT,DISABILITY,CrdPrv,Any Disability
2022,19731,BRFSS,Health-Related Social Needs,Lack of social and emotional support among adults,%,Crude prevalence,20.6,17.9,23.4,276,329,"{'type': 'Point', 'coordinates': [-75.6012906, 39.5094336]}",19731,SOCLNEED,EMOTIONSPT,CrdPrv,Lack of Social/Emotional Support
2022,19731,BRFSS,Health-Related Social Needs,Food insecurity in the past 12 months among adults,%,Crude prevalence,7.9,7.0,8.9,276,329,"{'type': 'Point', 'coordinates': [-75.6012906, 39.5094336]}",19731,SOCLNEED,FOODINSECU,CrdPrv,Food Insecurity
2022,19731,BRFSS,Health-Related Social Needs,Received food stamps in the past 12 months among adults,%,Crude prevalence,5.6,4.8,6.5,276,329,"{'type': 'Point', 'coordinates': [-75.6012906, 39.5094336]}",19731,SOCLNEED,FOODSTAMP,CrdPrv,Food Stamps
2022,19731,BRFSS,Health Status,Fair or poor self-rated health status among adults,%,Crude prevalence,13.4,11.9,15.0,276,329,"{'type': 'Point', 'coordinates': [-75.6012906, 39.5094336]}",19731,HLTHSTAT,GHLTH,CrdPrv,General Health
2022,19731,BRFSS,Disability,Hearing disability among adults,%,Crude prevalence,6.4,5.6,7.1,276,329,"{'type': 'Point', 'coordinates': [-75.6012906, 39.5094336]}",19731,DISABLT,HEARING,CrdPrv,Hearing Disability
2021,19731,BRFSS,Health Outcomes,High cholesterol among adults who have ever been screened,%,Crude prevalence,37.3,33.4,41.3,276,329,"{'type': 'Point', 'coordinates': [-75.6012906, 39.5094336]}",19731,HLTHOUT,HIGHCHOL,CrdPrv,High Cholesterol
2022,19731,BRFSS,Health-Related Social Needs,Housing insecurity in the past 12 months among adults,%,Crude prevalence,8.2,7.3,9.2,276,329,"{'type': 'Point', 'coordinates': [-75.6012906, 39.5094336]}",19731,SOCLNEED,HOUSINSECU,CrdPrv,Housing Insecurity
2022,19731,BRFSS,Disability,Independent living disability among adults,%,Crude prevalence,5.7,5.2,6.3,276,329,"{'type': 'Point', 'coordinates': [-75.6012906, 39.5094336]}",19731,DISABLT,INDEPLIVE,CrdPrv,Independent Living Disability
2022,19731,BRFSS,Health-Related Social Needs,Feeling socially isolated among adults,%,Crude prevalence,29.0,25.5,32.7,276,329,"{'type': 'Point', 'coordinates': [-75.6012906, 39.5094336]}",19731,SOCLNEED,ISOLATION,CrdPrv,Social Isolation
2022,19731,BRFSS,Health-Related Social Needs,Lack of reliable transportation in the past 12 months among adults,%,Crude prevalence,5.6,5.1,6.2,276,329,"{'type': 'Point', 'coordinates': [-75.6012906, 39.5094336]}",19731,SOCLNEED,LACKTRPT,CrdPrv,Transportation Barriers
2022,19731,BRFSS,Health Risk Behaviors,No leisure-time physical activity among adults,%,Crude prevalence,18.2,15.5,21.2,276,329,"{'type': 'Point', 'coordinates': [-75.6012906, 39.5094336]}",19731,RISKBEH,LPA,CrdPrv,Physical Inactivity
2022,19731,BRFSS,Prevention,Mammography use among women aged 50-74 years,%,Crude prevalence,79.4,73.7,84.3,276,329,"{'type': 'Point', 'coordinates': [-75.6012906, 39.5094336]}",19731,PREVENT,MAMMOUSE,CrdPrv,Mammography
2022,19731,BRFSS,Health Status,Frequent mental distress among adults,%,Crude prevalence,13.6,12.2,15.1,276,329,"{'type': 'Point', 'coordinates': [-75.6012906, 39.5094336]}",19731,HLTHSTAT,MHLTH,CrdPrv,Frequent Mental Distress
2022,19731,BRFSS,Disability,Mobility disability among adults,%,Crude prevalence,11.1,9.8,12.5,276,329,"{'type': 'Point', 'coordinates': [-75.6012906, 39.5094336]}",19731,DISABLT,MOBILITY,CrdPrv,Mobility Disability
2022,19731,BRFSS,Health Outcomes,Obesity among adults,%,Crude prevalence,34.3,28.9,40.2,276,329,"{'type': 'Point', 'coordinates': [-75.6012906, 39.5094336]}",19731,HLTHOUT,OBESITY,CrdPrv,Obesity
2022,19731,BRFSS,Health Status,Frequent physical distress among adults,%,Crude prevalence,10.7,9.6,12.0,276,329,"{'type': 'Point', 'coordinates': [-75.6012906, 39.5094336]}",19731,HLTHSTAT,PHLTH,CrdPrv,Frequent Physical Distress
2022,19731,BRFSS,Disability,Self-care disability among adults,%,Crude prevalence,2.6,2.4,2.8,276,329,"{'type': 'Point', 'coordinates': [-75.6012906, 39.5094336]}",19731,DISABLT,SELFCARE,CrdPrv,Self-care Disability
2022,19732,BRFSS,Disability,Hearing disability among adults,%,Crude prevalence,6.8,6.0,7.6,200,223,"{'type': 'Point', 'coordinates': [-75.5745993, 39.8002958]}",19732,DISABLT,HEARING,CrdPrv,Hearing Disability
2022,19731,BRFSS,Health-Related Social Needs,Utility services shut-off threat in the past 12 months among adults,%,Crude prevalence,5.0,4.4,5.6,276,329,"{'type': 'Point', 'coordinates': [-75.6012906, 39.5094336]}",19731,SOCLNEED,SHUTUTILITY,CrdPrv,Utility Services Threat
2022,19731,BRFSS,Health Risk Behaviors,Short sleep duration among adults,%,Crude prevalence,31.7,27.2,36.7,276,329,"{'type': 'Point', 'coordinates': [-75.6012906, 39.5094336]}",19731,RISKBEH,SLEEP,CrdPrv,Short Sleep Duration
2022,19731,BRFSS,Health Outcomes,Stroke among adults,%,Crude prevalence,3.1,2.9,3.4,276,329,"{'type': 'Point', 'coordinates': [-75.6012906, 39.5094336]}",19731,HLTHOUT,STROKE,CrdPrv,Stroke
2022,19731,BRFSS,Health Outcomes,All teeth lost among adults aged >=65 years,%,Crude prevalence,6.8,5.5,8.3,276,329,"{'type': 'Point', 'coordinates': [-75.6012906, 39.5094336]}",19731,HLTHOUT,TEETHLOST,CrdPrv,All Teeth Lost
2022,19731,BRFSS,Disability,Vision disability among adults,%,Crude prevalence,3.5,3.2,3.8,276,329,"{'type': 'Point', 'coordinates': [-75.6012906, 39.5094336]}",19731,DISABLT,VISION,CrdPrv,Vision Disability
2022,19732,BRFSS,Prevention,Current lack of health insurance among adults aged 18-64 years,%,Crude prevalence,3.3,2.4,4.6,200,223,"{'type': 'Point', 'coordinates': [-75.5745993, 39.8002958]}",19732,PREVENT,ACCESS2,CrdPrv,Health Insurance
2022,19732,BRFSS,Health Outcomes,Arthritis among adults,%,Crude prevalence,27.3,24.3,30.4,200,223,"{'type': 'Point', 'coordinates': [-75.5745993, 39.8002958]}",19732,HLTHOUT,ARTHRITIS,CrdPrv,Arthritis
2022,19732,BRFSS,Health Risk Behaviors,Binge drinking among adults,%,Crude prevalence,16.1,13.6,18.8,200,223,"{'type': 'Point', 'coordinates': [-75.5745993, 39.8002958]}",19732,RISKBEH,BINGE,CrdPrv,Binge Drinking
2021,19732,BRFSS,Health Outcomes,High blood pressure among adults,%,Crude prevalence,33.2,29.3,37.1,200,223,"{'type': 'Point', 'coordinates': [-75.5745993, 39.8002958]}",19732,HLTHOUT,BPHIGH,CrdPrv,High Blood Pressure
2021,19732,BRFSS,Prevention,Taking medicine to control high blood pressure among adults with high blood pressure,%,Crude prevalence,80.1,76.6,83.0,200,223,"{'type': 'Point', 'coordinates': [-75.5745993, 39.8002958]}",19732,PREVENT,BPMED,CrdPrv,High Blood Pressure Medication
2022,19732,BRFSS,Health Outcomes,Cancer (non-skin) or melanoma among adults,%,Crude prevalence,11.7,10.6,12.9,200,223,"{'type': 'Point', 'coordinates': [-75.5745993, 39.8002958]}",19732,HLTHOUT,CANCER,CrdPrv,Cancer (non-skin) or Melanoma
2022,19732,BRFSS,Health Outcomes,Current asthma among adults,%,Crude prevalence,9.3,8.2,10.4,200,223,"{'type': 'Point', 'coordinates': [-75.5745993, 39.8002958]}",19732,HLTHOUT,CASTHMA,CrdPrv,Current Asthma
2022,19732,BRFSS,Health Outcomes,Coronary heart disease among adults,%,Crude prevalence,6.7,5.9,7.5,200,223,"{'type': 'Point', 'coordinates': [-75.5745993, 39.8002958]}",19732,HLTHOUT,CHD,CrdPrv,Coronary Heart Disease
2022,19732,BRFSS,Prevention,Visits to doctor for routine checkup within the past year among adults,%,Crude prevalence,79.4,76.1,82.5,200,223,"{'type': 'Point', 'coordinates': [-75.5745993, 39.8002958]}",19732,PREVENT,CHECKUP,CrdPrv,Annual Checkup
2021,19732,BRFSS,Prevention,Cholesterol screening among adults,%,Crude prevalence,92.6,91.1,94.0,200,223,"{'type': 'Point', 'coordinates': [-75.5745993, 39.8002958]}",19732,PREVENT,CHOLSCREEN,CrdPrv,Cholesterol Screening
2022,19732,BRFSS,Disability,Cognitive disability among adults,%,Crude prevalence,8.1,7.1,9.1,200,223,"{'type': 'Point', 'coordinates': [-75.5745993, 39.8002958]}",19732,DISABLT,COGNITION,CrdPrv,Cognitive Disability
2022,19732,BRFSS,Prevention,Colorectal cancer screening among adults aged 45–75 years,%,Crude prevalence,78.1,74.4,81.6,200,223,"{'type': 'Point', 'coordinates': [-75.5745993, 39.8002958]}",19732,PREVENT,COLON_SCREEN,CrdPrv,Colorectal Cancer Screening
2022,19732,BRFSS,Health Outcomes,Chronic obstructive pulmonary disease among adults,%,Crude prevalence,5.1,4.4,5.7,200,223,"{'type': 'Point', 'coordinates': [-75.5745993, 39.8002958]}",19732,HLTHOUT,COPD,CrdPrv,COPD
2022,19732,BRFSS,Health Risk Behaviors,Current cigarette smoking among adults,%,Crude prevalence,8.7,7.5,9.9,200,223,"{'type': 'Point', 'coordinates': [-75.5745993, 39.8002958]}",19732,RISKBEH,CSMOKING,CrdPrv,Current Cigarette Smoking
2022,19732,BRFSS,Prevention,Visited dentist or dental clinic in the past year among adults,%,Crude prevalence,76.6,73.7,79.4,200,223,"{'type': 'Point', 'coordinates': [-75.5745993, 39.8002958]}",19732,PREVENT,DENTAL,CrdPrv,Dental Visit
2022,19732,BRFSS,Health Outcomes,Depression among adults,%,Crude prevalence,18.9,16.2,21.8,200,223,"{'type': 'Point', 'coordinates': [-75.5745993, 39.8002958]}",19732,HLTHOUT,DEPRESSION,CrdPrv,Depression
2022,19732,BRFSS,Health Outcomes,Diagnosed diabetes among adults,%,Crude prevalence,10.7,9.2,12.2,200,223,"{'type': 'Point', 'coordinates': [-75.5745993, 39.8002958]}",19732,HLTHOUT,DIABETES,CrdPrv,Diabetes
2022,19732,BRFSS,Disability,Any disability among adults,%,Crude prevalence,20.9,18.2,23.7,200,223,"{'type': 'Point', 'coordinates': [-75.5745993, 39.8002958]}",19732,DISABLT,DISABILITY,CrdPrv,Any Disability
2022,19732,BRFSS,Health-Related Social Needs,Lack of social and emotional support among adults,%,Crude prevalence,17.5,15.1,19.9,200,223,"{'type': 'Point', 'coordinates': [-75.5745993, 39.8002958]}",19732,SOCLNEED,EMOTIONSPT,CrdPrv,Lack of Social/Emotional Support
2022,19732,BRFSS,Health-Related Social Needs,Food insecurity in the past 12 months among adults,%,Crude prevalence,5.3,4.7,6.0,200,223,"{'type': 'Point', 'coordinates': [-75.5745993, 39.8002958]}",19732,SOCLNEED,FOODINSECU,CrdPrv,Food Insecurity
2022,19732,BRFSS,Health-Related Social Needs,Received food stamps in the past 12 months among adults,%,Crude prevalence,3.8,3.3,4.4,200,223,"{'type': 'Point', 'coordinates': [-75.5745993, 39.8002958]}",19732,SOCLNEED,FOODSTAMP,CrdPrv,Food Stamps
2022,19732,BRFSS,Health Status,Fair or poor self-rated health status among adults,%,Crude prevalence,10.4,9.2,11.8,200,223,"{'type': 'Point', 'coordinates': [-75.5745993, 39.8002958]}",19732,HLTHSTAT,GHLTH,CrdPrv,General Health
2021,19732,BRFSS,Health Outcomes,High cholesterol among adults who have ever been screened,%,Crude prevalence,39.3,35.2,43.4,200,223,"{'type': 'Point', 'coordinates': [-75.5745993, 39.8002958]}",19732,HLTHOUT,HIGHCHOL,CrdPrv,High Cholesterol
2022,19732,BRFSS,Health-Related Social Needs,Housing insecurity in the past 12 months among adults,%,Crude prevalence,5.2,4.6,5.9,200,223,"{'type': 'Point', 'coordinates': [-75.5745993, 39.8002958]}",19732,SOCLNEED,HOUSINSECU,CrdPrv,Housing Insecurity
2022,19732,BRFSS,Disability,Independent living disability among adults,%,Crude prevalence,4.5,4.0,5.0,200,223,"{'type': 'Point', 'coordinates': [-75.5745993, 39.8002958]}",19732,DISABLT,INDEPLIVE,CrdPrv,Independent Living Disability
2022,19732,BRFSS,Health-Related Social Needs,Feeling socially isolated among adults,%,Crude prevalence,26.3,23.0,29.8,200,223,"{'type': 'Point', 'coordinates': [-75.5745993, 39.8002958]}",19732,SOCLNEED,ISOLATION,CrdPrv,Social Isolation
2022,19732,BRFSS,Health-Related Social Needs,Lack of reliable transportation in the past 12 months among adults,%,Crude prevalence,4.1,3.7,4.5,200,223,"{'type': 'Point', 'coordinates': [-75.5745993, 39.8002958]}",19732,SOCLNEED,LACKTRPT,CrdPrv,Transportation Barriers
2022,19732,BRFSS,Health Risk Behaviors,No leisure-time physical activity among adults,%,Crude prevalence,14.8,12.5,17.3,200,223,"{'type': 'Point', 'coordinates': [-75.5745993, 39.8002958]}",19732,RISKBEH,LPA,CrdPrv,Physical Inactivity
2022,19732,BRFSS,Prevention,Mammography use among women aged 50-74 years,%,Crude prevalence,80.7,75.1,85.3,200,223,"{'type': 'Point', 'coordinates': [-75.5745993, 39.8002958]}",19732,PREVENT,MAMMOUSE,CrdPrv,Mammography
2022,19732,BRFSS,Health Status,Frequent mental distress among adults,%,Crude prevalence,10.8,9.7,12.1,200,223,"{'type': 'Point', 'coordinates': [-75.5745993, 39.8002958]}",19732,HLTHSTAT,MHLTH,CrdPrv,Frequent Mental Distress
2022,19732,BRFSS,Disability,Mobility disability among adults,%,Crude prevalence,9.2,8.1,10.4,200,223,"{'type': 'Point', 'coordinates': [-75.5745993, 39.8002958]}",19732,DISABLT,MOBILITY,CrdPrv,Mobility Disability
2022,19732,BRFSS,Health Outcomes,Obesity among adults,%,Crude prevalence,30.0,25.0,35.4,200,223,"{'type': 'Point', 'coordinates': [-75.5745993, 39.8002958]}",19732,HLTHOUT,OBESITY,CrdPrv,Obesity
2022,19732,BRFSS,Health Status,Frequent physical distress among adults,%,Crude prevalence,8.9,7.8,9.9,200,223,"{'type': 'Point', 'coordinates': [-75.5745993, 39.8002958]}",19732,HLTHSTAT,PHLTH,CrdPrv,Frequent Physical Distress
2022,19732,BRFSS,Disability,Self-care disability among adults,%,Crude prevalence,2.1,1.9,2.3,200,223,"{'type': 'Point', 'coordinates': [-75.5745993, 39.8002958]}",19732,DISABLT,SELFCARE,CrdPrv,Self-care Disability
2022,19732,BRFSS,Health-Related Social Needs,Utility services shut-off threat in the past 12 months among adults,%,Crude prevalence,3.4,2.9,3.8,200,223,"{'type': 'Point', 'coordinates': [-75.5745993, 39.8002958]}",19732,SOCLNEED,SHUTUTILITY,CrdPrv,Utility Services Threat
2022,19732,BRFSS,Health Risk Behaviors,Short sleep duration among adults,%,Crude prevalence,27.8,23.6,32.4,200,223,"{'type': 'Point', 'coordinates': [-75.5745993, 39.8002958]}",19732,RISKBEH,SLEEP,CrdPrv,Short Sleep Duration
2022,19732,BRFSS,Health Outcomes,Stroke among adults,%,Crude prevalence,2.9,2.6,3.2,200,223,"{'type': 'Point', 'coordinates': [-75.5745993, 39.8002958]}",19732,HLTHOUT,STROKE,CrdPrv,Stroke
2022,19732,BRFSS,Health Outcomes,All teeth lost among adults aged >=65 years,%,Crude prevalence,6.2,4.9,7.6,200,223,"{'type': 'Point', 'coordinates': [-75.5745993, 39.8002958]}",19732,HLTHOUT,TEETHLOST,CrdPrv,All Teeth Lost
2022,19732,BRFSS,Disability,Vision disability among adults,%,Crude prevalence,2.8,2.5,3.0,200,223,"{'type': 'Point', 'coordinates': [-75.5745993, 39.8002958]}",19732,DISABLT,VISION,CrdPrv,Vision Disability
2022,19733,BRFSS,Prevention,Current lack of health insurance among adults aged 18-64 years,%,Crude prevalence,6.9,5.3,8.7,256,320,"{'type': 'Point', 'coordinates': [-75.6515225, 39.5590847]}",19733,PREVENT,ACCESS2,CrdPrv,Health Insurance
2022,19733,BRFSS,Health Outcomes,Arthritis among adults,%,Crude prevalence,32.0,28.6,35.3,256,320,"{'type': 'Point', 'coordinates': [-75.6515225, 39.5590847]}",19733,HLTHOUT,ARTHRITIS,CrdPrv,Arthritis
2022,19733,BRFSS,Health Risk Behaviors,Binge drinking among adults,%,Crude prevalence,15.3,12.8,17.9,256,320,"{'type': 'Point', 'coordinates': [-75.6515225, 39.5590847]}",19733,RISKBEH,BINGE,CrdPrv,Binge Drinking
2021,19733,BRFSS,Health Outcomes,High blood pressure among adults,%,Crude prevalence,36.5,32.4,40.4,256,320,"{'type': 'Point', 'coordinates': [-75.6515225, 39.5590847]}",19733,HLTHOUT,BPHIGH,CrdPrv,High Blood Pressure
2021,19733,BRFSS,Prevention,Taking medicine to control high blood pressure among adults with high blood pressure,%,Crude prevalence,79.7,76.3,82.7,256,320,"{'type': 'Point', 'coordinates': [-75.6515225, 39.5590847]}",19733,PREVENT,BPMED,CrdPrv,High Blood Pressure Medication
2022,19733,BRFSS,Health Outcomes,Cancer (non-skin) or melanoma among adults,%,Crude prevalence,8.8,7.9,9.8,256,320,"{'type': 'Point', 'coordinates': [-75.6515225, 39.5590847]}",19733,HLTHOUT,CANCER,CrdPrv,Cancer (non-skin) or Melanoma
2022,19733,BRFSS,Health Outcomes,Current asthma among adults,%,Crude prevalence,12.5,11.0,14.0,256,320,"{'type': 'Point', 'coordinates': [-75.6515225, 39.5590847]}",19733,HLTHOUT,CASTHMA,CrdPrv,Current Asthma
2022,19733,BRFSS,Health Outcomes,Coronary heart disease among adults,%,Crude prevalence,6.9,6.2,7.8,256,320,"{'type': 'Point', 'coordinates': [-75.6515225, 39.5590847]}",19733,HLTHOUT,CHD,CrdPrv,Coronary Heart Disease
2022,19733,BRFSS,Prevention,Visits to doctor for routine checkup within the past year among adults,%,Crude prevalence,77.7,74.0,80.9,256,320,"{'type': 'Point', 'coordinates': [-75.6515225, 39.5590847]}",19733,PREVENT,CHECKUP,CrdPrv,Annual Checkup
2021,19733,BRFSS,Prevention,Cholesterol screening among adults,%,Crude prevalence,89.2,87.1,91.0,256,320,"{'type': 'Point', 'coordinates': [-75.6515225, 39.5590847]}",19733,PREVENT,CHOLSCREEN,CrdPrv,Cholesterol Screening
2022,19733,BRFSS,Disability,Cognitive disability among adults,%,Crude prevalence,15.5,13.8,17.2,256,320,"{'type': 'Point', 'coordinates': [-75.6515225, 39.5590847]}",19733,DISABLT,COGNITION,CrdPrv,Cognitive Disability
2022,19733,BRFSS,Prevention,Colorectal cancer screening among adults aged 45–75 years,%,Crude prevalence,62.6,57.9,67.2,256,320,"{'type': 'Point', 'coordinates': [-75.6515225, 39.5590847]}",19733,PREVENT,COLON_SCREEN,CrdPrv,Colorectal Cancer Screening
2022,19733,BRFSS,Health Outcomes,Chronic obstructive pulmonary disease among adults,%,Crude prevalence,9.9,8.8,11.0,256,320,"{'type': 'Point', 'coordinates': [-75.6515225, 39.5590847]}",19733,HLTHOUT,COPD,CrdPrv,COPD
2022,19733,BRFSS,Health Risk Behaviors,Current cigarette smoking among adults,%,Crude prevalence,19.1,16.8,21.6,256,320,"{'type': 'Point', 'coordinates': [-75.6515225, 39.5590847]}",19733,RISKBEH,CSMOKING,CrdPrv,Current Cigarette Smoking
2022,19733,BRFSS,Prevention,Visited dentist or dental clinic in the past year among adults,%,Crude prevalence,61.0,57.1,64.7,256,320,"{'type': 'Point', 'coordinates': [-75.6515225, 39.5590847]}",19733,PREVENT,DENTAL,CrdPrv,Dental Visit
2022,19733,BRFSS,Health Outcomes,Depression among adults,%,Crude prevalence,24.6,21.3,28.2,256,320,"{'type': 'Point', 'coordinates': [-75.6515225, 39.5590847]}",19733,HLTHOUT,DEPRESSION,CrdPrv,Depression
2022,19733,BRFSS,Health Outcomes,Diagnosed diabetes among adults,%,Crude prevalence,14.5,12.7,16.5,256,320,"{'type': 'Point', 'coordinates': [-75.6515225, 39.5590847]}",19733,HLTHOUT,DIABETES,CrdPrv,Diabetes
2022,19733,BRFSS,Disability,Any disability among adults,%,Crude prevalence,32.1,28.5,35.8,256,320,"{'type': 'Point', 'coordinates': [-75.6515225, 39.5590847]}",19733,DISABLT,DISABILITY,CrdPrv,Any Disability
2022,19733,BRFSS,Health-Related Social Needs,Lack of social and emotional support among adults,%,Crude prevalence,20.4,17.8,23.2,256,320,"{'type': 'Point', 'coordinates': [-75.6515225, 39.5590847]}",19733,SOCLNEED,EMOTIONSPT,CrdPrv,Lack of Social/Emotional Support
2022,19733,BRFSS,Health-Related Social Needs,Food insecurity in the past 12 months among adults,%,Crude prevalence,10.7,9.6,12.0,256,320,"{'type': 'Point', 'coordinates': [-75.6515225, 39.5590847]}",19733,SOCLNEED,FOODINSECU,CrdPrv,Food Insecurity
2022,19733,BRFSS,Health-Related Social Needs,Received food stamps in the past 12 months among adults,%,Crude prevalence,9.2,8.0,10.5,256,320,"{'type': 'Point', 'coordinates': [-75.6515225, 39.5590847]}",19733,SOCLNEED,FOODSTAMP,CrdPrv,Food Stamps
2022,19733,BRFSS,Health Status,Fair or poor self-rated health status among adults,%,Crude prevalence,20.3,18.2,22.6,256,320,"{'type': 'Point', 'coordinates': [-75.6515225, 39.5590847]}",19733,HLTHSTAT,GHLTH,CrdPrv,General Health
2022,19733,BRFSS,Disability,Hearing disability among adults,%,Crude prevalence,7.0,6.2,7.9,256,320,"{'type': 'Point', 'coordinates': [-75.6515225, 39.5590847]}",19733,DISABLT,HEARING,CrdPrv,Hearing Disability
2021,19733,BRFSS,Health Outcomes,High cholesterol among adults who have ever been screened,%,Crude prevalence,39.2,35.2,43.2,256,320,"{'type': 'Point', 'coordinates': [-75.6515225, 39.5590847]}",19733,HLTHOUT,HIGHCHOL,CrdPrv,High Cholesterol
2022,19733,BRFSS,Health-Related Social Needs,Housing insecurity in the past 12 months among adults,%,Crude prevalence,10.3,9.2,11.5,256,320,"{'type': 'Point', 'coordinates': [-75.6515225, 39.5590847]}",19733,SOCLNEED,HOUSINSECU,CrdPrv,Housing Insecurity
2022,19733,BRFSS,Disability,Independent living disability among adults,%,Crude prevalence,9.4,8.5,10.4,256,320,"{'type': 'Point', 'coordinates': [-75.6515225, 39.5590847]}",19733,DISABLT,INDEPLIVE,CrdPrv,Independent Living Disability
2022,19733,BRFSS,Health-Related Social Needs,Feeling socially isolated among adults,%,Crude prevalence,29.0,25.4,32.8,256,320,"{'type': 'Point', 'coordinates': [-75.6515225, 39.5590847]}",19733,SOCLNEED,ISOLATION,CrdPrv,Social Isolation
2022,19733,BRFSS,Health-Related Social Needs,Lack of reliable transportation in the past 12 months among adults,%,Crude prevalence,6.8,6.2,7.5,256,320,"{'type': 'Point', 'coordinates': [-75.6515225, 39.5590847]}",19733,SOCLNEED,LACKTRPT,CrdPrv,Transportation Barriers
2022,19733,BRFSS,Health Risk Behaviors,No leisure-time physical activity among adults,%,Crude prevalence,27.3,23.6,31.2,256,320,"{'type': 'Point', 'coordinates': [-75.6515225, 39.5590847]}",19733,RISKBEH,LPA,CrdPrv,Physical Inactivity
2022,19733,BRFSS,Prevention,Mammography use among women aged 50-74 years,%,Crude prevalence,73.7,67.0,79.6,256,320,"{'type': 'Point', 'coordinates': [-75.6515225, 39.5590847]}",19733,PREVENT,MAMMOUSE,CrdPrv,Mammography
2022,19733,BRFSS,Health Status,Frequent mental distress among adults,%,Crude prevalence,17.5,15.7,19.4,256,320,"{'type': 'Point', 'coordinates': [-75.6515225, 39.5590847]}",19733,HLTHSTAT,MHLTH,CrdPrv,Frequent Mental Distress
2022,19733,BRFSS,Disability,Mobility disability among adults,%,Crude prevalence,16.8,14.9,18.8,256,320,"{'type': 'Point', 'coordinates': [-75.6515225, 39.5590847]}",19733,DISABLT,MOBILITY,CrdPrv,Mobility Disability
2022,19733,BRFSS,Health Outcomes,Obesity among adults,%,Crude prevalence,39.6,33.8,45.6,256,320,"{'type': 'Point', 'coordinates': [-75.6515225, 39.5590847]}",19733,HLTHOUT,OBESITY,CrdPrv,Obesity
2022,19733,BRFSS,Health Status,Frequent physical distress among adults,%,Crude prevalence,15.1,13.4,16.8,256,320,"{'type': 'Point', 'coordinates': [-75.6515225, 39.5590847]}",19733,HLTHSTAT,PHLTH,CrdPrv,Frequent Physical Distress
2022,19733,BRFSS,Disability,Self-care disability among adults,%,Crude prevalence,4.6,4.1,5.0,256,320,"{'type': 'Point', 'coordinates': [-75.6515225, 39.5590847]}",19733,DISABLT,SELFCARE,CrdPrv,Self-care Disability
2022,19733,BRFSS,Health-Related Social Needs,Utility services shut-off threat in the past 12 months among adults,%,Crude prevalence,6.6,5.8,7.5,256,320,"{'type': 'Point', 'coordinates': [-75.6515225, 39.5590847]}",19733,SOCLNEED,SHUTUTILITY,CrdPrv,Utility Services Threat
2022,19733,BRFSS,Health Risk Behaviors,Short sleep duration among adults,%,Crude prevalence,36.0,31.0,41.2,256,320,"{'type': 'Point', 'coordinates': [-75.6515225, 39.5590847]}",19733,RISKBEH,SLEEP,CrdPrv,Short Sleep Duration
2022,19733,BRFSS,Health Outcomes,Stroke among adults,%,Crude prevalence,4.1,3.7,4.5,256,320,"{'type': 'Point', 'coordinates': [-75.6515225, 39.5590847]}",19733,HLTHOUT,STROKE,CrdPrv,Stroke
2022,19733,BRFSS,Health Outcomes,All teeth lost among adults aged >=65 years,%,Crude prevalence,10.6,8.7,12.8,256,320,"{'type': 'Point', 'coordinates': [-75.6515225, 39.5590847]}",19733,HLTHOUT,TEETHLOST,CrdPrv,All Teeth Lost
2022,19733,BRFSS,Disability,Vision disability among adults,%,Crude prevalence,5.7,5.2,6.3,256,320,"{'type': 'Point', 'coordinates': [-75.6515225, 39.5590847]}",19733,DISABLT,VISION,CrdPrv,Vision Disability
2022,19734,BRFSS,Prevention,Current lack of health insurance among adults aged 18-64 years,%,Crude prevalence,6.9,5.8,8.1,10550,14116,"{'type': 'Point', 'coordinates': [-75.6533217, 39.3816439]}",19734,PREVENT,ACCESS2,CrdPrv,Health Insurance
2022,19734,BRFSS,Health Outcomes,Arthritis among adults,%,Crude prevalence,24.9,22.3,27.8,10550,14116,"{'type': 'Point', 'coordinates': [-75.6533217, 39.3816439]}",19734,HLTHOUT,ARTHRITIS,CrdPrv,Arthritis
2022,19734,BRFSS,Health Risk Behaviors,Binge drinking among adults,%,Crude prevalence,17.6,15.0,20.6,10550,14116,"{'type': 'Point', 'coordinates': [-75.6533217, 39.3816439]}",19734,RISKBEH,BINGE,CrdPrv,Binge Drinking
2021,19734,BRFSS,Health Outcomes,High blood pressure among adults,%,Crude prevalence,32.7,29.1,36.3,10550,14116,"{'type': 'Point', 'coordinates': [-75.6533217, 39.3816439]}",19734,HLTHOUT,BPHIGH,CrdPrv,High Blood Pressure
2021,19734,BRFSS,Prevention,Taking medicine to control high blood pressure among adults with high blood pressure,%,Crude prevalence,76.1,72.9,79.2,10550,14116,"{'type': 'Point', 'coordinates': [-75.6533217, 39.3816439]}",19734,PREVENT,BPMED,CrdPrv,High Blood Pressure Medication
2022,19734,BRFSS,Health Outcomes,Cancer (non-skin) or melanoma among adults,%,Crude prevalence,7.9,7.2,8.6,10550,14116,"{'type': 'Point', 'coordinates': [-75.6533217, 39.3816439]}",19734,HLTHOUT,CANCER,CrdPrv,Cancer (non-skin) or Melanoma
2022,19734,BRFSS,Health Outcomes,Current asthma among adults,%,Crude prevalence,10.7,9.5,12.0,10550,14116,"{'type': 'Point', 'coordinates': [-75.6533217, 39.3816439]}",19734,HLTHOUT,CASTHMA,CrdPrv,Current Asthma
2022,19734,BRFSS,Health Outcomes,Coronary heart disease among adults,%,Crude prevalence,5.7,5.1,6.3,10550,14116,"{'type': 'Point', 'coordinates': [-75.6533217, 39.3816439]}",19734,HLTHOUT,CHD,CrdPrv,Coronary Heart Disease
2022,19734,BRFSS,Prevention,Visits to doctor for routine checkup within the past year among adults,%,Crude prevalence,76.7,73.1,80.1,10550,14116,"{'type': 'Point', 'coordinates': [-75.6533217, 39.3816439]}",19734,PREVENT,CHECKUP,CrdPrv,Annual Checkup
2021,19734,BRFSS,Prevention,Cholesterol screening among adults,%,Crude prevalence,89.0,86.8,90.9,10550,14116,"{'type': 'Point', 'coordinates': [-75.6533217, 39.3816439]}",19734,PREVENT,CHOLSCREEN,CrdPrv,Cholesterol Screening
2022,19734,BRFSS,Disability,Cognitive disability among adults,%,Crude prevalence,12.0,10.7,13.4,10550,14116,"{'type': 'Point', 'coordinates': [-75.6533217, 39.3816439]}",19734,DISABLT,COGNITION,CrdPrv,Cognitive Disability
2022,19734,BRFSS,Prevention,Colorectal cancer screening among adults aged 45–75 years,%,Crude prevalence,66.1,61.9,70.3,10550,14116,"{'type': 'Point', 'coordinates': [-75.6533217, 39.3816439]}",19734,PREVENT,COLON_SCREEN,CrdPrv,Colorectal Cancer Screening
2022,19734,BRFSS,Health Outcomes,Chronic obstructive pulmonary disease among adults,%,Crude prevalence,6.1,5.5,6.8,10550,14116,"{'type': 'Point', 'coordinates': [-75.6533217, 39.3816439]}",19734,HLTHOUT,COPD,CrdPrv,COPD
2022,19734,BRFSS,Health Risk Behaviors,Current cigarette smoking among adults,%,Crude prevalence,14.1,12.4,16.0,10550,14116,"{'type': 'Point', 'coordinates': [-75.6533217, 39.3816439]}",19734,RISKBEH,CSMOKING,CrdPrv,Current Cigarette Smoking
2022,19734,BRFSS,Prevention,Visited dentist or dental clinic in the past year among adults,%,Crude prevalence,66.8,63.3,70.2,10550,14116,"{'type': 'Point', 'coordinates': [-75.6533217, 39.3816439]}",19734,PREVENT,DENTAL,CrdPrv,Dental Visit
2022,19734,BRFSS,Health Outcomes,Depression among adults,%,Crude prevalence,20.9,18.1,24.1,10550,14116,"{'type': 'Point', 'coordinates': [-75.6533217, 39.3816439]}",19734,HLTHOUT,DEPRESSION,CrdPrv,Depression
2022,19734,BRFSS,Health Outcomes,Diagnosed diabetes among adults,%,Crude prevalence,11.6,10.2,13.1,10550,14116,"{'type': 'Point', 'coordinates': [-75.6533217, 39.3816439]}",19734,HLTHOUT,DIABETES,CrdPrv,Diabetes
2022,19734,BRFSS,Disability,Any disability among adults,%,Crude prevalence,25.0,22.1,28.2,10550,14116,"{'type': 'Point', 'coordinates': [-75.6533217, 39.3816439]}",19734,DISABLT,DISABILITY,CrdPrv,Any Disability
2022,19734,BRFSS,Health-Related Social Needs,Lack of social and emotional support among adults,%,Crude prevalence,23.0,20.2,26.0,10550,14116,"{'type': 'Point', 'coordinates': [-75.6533217, 39.3816439]}",19734,SOCLNEED,EMOTIONSPT,CrdPrv,Lack of Social/Emotional Support
2022,19734,BRFSS,Health-Related Social Needs,Food insecurity in the past 12 months among adults,%,Crude prevalence,11.2,10.0,12.4,10550,14116,"{'type': 'Point', 'coordinates': [-75.6533217, 39.3816439]}",19734,SOCLNEED,FOODINSECU,CrdPrv,Food Insecurity
2022,19734,BRFSS,Health-Related Social Needs,Received food stamps in the past 12 months among adults,%,Crude prevalence,8.8,7.6,10.0,10550,14116,"{'type': 'Point', 'coordinates': [-75.6533217, 39.3816439]}",19734,SOCLNEED,FOODSTAMP,CrdPrv,Food Stamps
2022,19734,BRFSS,Health Status,Fair or poor self-rated health status among adults,%,Crude prevalence,14.5,13.0,16.2,10550,14116,"{'type': 'Point', 'coordinates': [-75.6533217, 39.3816439]}",19734,HLTHSTAT,GHLTH,CrdPrv,General Health
2022,19734,BRFSS,Disability,Hearing disability among adults,%,Crude prevalence,5.7,5.1,6.4,10550,14116,"{'type': 'Point', 'coordinates': [-75.6533217, 39.3816439]}",19734,DISABLT,HEARING,CrdPrv,Hearing Disability
2021,19734,BRFSS,Health Outcomes,High cholesterol among adults who have ever been screened,%,Crude prevalence,34.7,31.0,38.5,10550,14116,"{'type': 'Point', 'coordinates': [-75.6533217, 39.3816439]}",19734,HLTHOUT,HIGHCHOL,CrdPrv,High Cholesterol
2022,19734,BRFSS,Health-Related Social Needs,Housing insecurity in the past 12 months among adults,%,Crude prevalence,11.4,10.2,12.6,10550,14116,"{'type': 'Point', 'coordinates': [-75.6533217, 39.3816439]}",19734,SOCLNEED,HOUSINSECU,CrdPrv,Housing Insecurity
2022,19734,BRFSS,Disability,Independent living disability among adults,%,Crude prevalence,6.5,5.9,7.2,10550,14116,"{'type': 'Point', 'coordinates': [-75.6533217, 39.3816439]}",19734,DISABLT,INDEPLIVE,CrdPrv,Independent Living Disability
2022,19734,BRFSS,Health-Related Social Needs,Feeling socially isolated among adults,%,Crude prevalence,30.4,26.9,34.3,10550,14116,"{'type': 'Point', 'coordinates': [-75.6533217, 39.3816439]}",19734,SOCLNEED,ISOLATION,CrdPrv,Social Isolation
2022,19734,BRFSS,Health-Related Social Needs,Lack of reliable transportation in the past 12 months among adults,%,Crude prevalence,7.2,6.5,7.9,10550,14116,"{'type': 'Point', 'coordinates': [-75.6533217, 39.3816439]}",19734,SOCLNEED,LACKTRPT,CrdPrv,Transportation Barriers
2022,19734,BRFSS,Health Risk Behaviors,No leisure-time physical activity among adults,%,Crude prevalence,20.3,17.4,23.5,10550,14116,"{'type': 'Point', 'coordinates': [-75.6533217, 39.3816439]}",19734,RISKBEH,LPA,CrdPrv,Physical Inactivity
2022,19734,BRFSS,Prevention,Mammography use among women aged 50-74 years,%,Crude prevalence,78.6,73.0,83.7,10550,14116,"{'type': 'Point', 'coordinates': [-75.6533217, 39.3816439]}",19734,PREVENT,MAMMOUSE,CrdPrv,Mammography
2022,19734,BRFSS,Health Status,Frequent mental distress among adults,%,Crude prevalence,15.0,13.5,16.6,10550,14116,"{'type': 'Point', 'coordinates': [-75.6533217, 39.3816439]}",19734,HLTHSTAT,MHLTH,CrdPrv,Frequent Mental Distress
2022,19734,BRFSS,Disability,Mobility disability among adults,%,Crude prevalence,11.2,9.9,12.5,10550,14116,"{'type': 'Point', 'coordinates': [-75.6533217, 39.3816439]}",19734,DISABLT,MOBILITY,CrdPrv,Mobility Disability
2022,19734,BRFSS,Health Outcomes,Obesity among adults,%,Crude prevalence,37.0,31.5,42.9,10550,14116,"{'type': 'Point', 'coordinates': [-75.6533217, 39.3816439]}",19734,HLTHOUT,OBESITY,CrdPrv,Obesity
2022,19734,BRFSS,Health Status,Frequent physical distress among adults,%,Crude prevalence,10.7,9.5,11.9,10550,14116,"{'type': 'Point', 'coordinates': [-75.6533217, 39.3816439]}",19734,HLTHSTAT,PHLTH,CrdPrv,Frequent Physical Distress
2022,19734,BRFSS,Disability,Self-care disability among adults,%,Crude prevalence,3.0,2.7,3.2,10550,14116,"{'type': 'Point', 'coordinates': [-75.6533217, 39.3816439]}",19734,DISABLT,SELFCARE,CrdPrv,Self-care Disability
2022,19734,BRFSS,Health-Related Social Needs,Utility services shut-off threat in the past 12 months among adults,%,Crude prevalence,7.1,6.3,8.0,10550,14116,"{'type': 'Point', 'coordinates': [-75.6533217, 39.3816439]}",19734,SOCLNEED,SHUTUTILITY,CrdPrv,Utility Services Threat
2022,19734,BRFSS,Health Risk Behaviors,Short sleep duration among adults,%,Crude prevalence,34.9,30.2,40.0,10550,14116,"{'type': 'Point', 'coordinates': [-75.6533217, 39.3816439]}",19734,RISKBEH,SLEEP,CrdPrv,Short Sleep Duration
2022,19734,BRFSS,Health Outcomes,Stroke among adults,%,Crude prevalence,3.1,2.9,3.3,10550,14116,"{'type': 'Point', 'coordinates': [-75.6533217, 39.3816439]}",19734,HLTHOUT,STROKE,CrdPrv,Stroke
2022,19734,BRFSS,Health Outcomes,All teeth lost among adults aged >=65 years,%,Crude prevalence,9.2,7.5,11.1,10550,14116,"{'type': 'Point', 'coordinates': [-75.6533217, 39.3816439]}",19734,HLTHOUT,TEETHLOST,CrdPrv,All Teeth Lost
2022,19734,BRFSS,Disability,Vision disability among adults,%,Crude prevalence,4.0,3.7,4.4,10550,14116,"{'type': 'Point', 'coordinates': [-75.6533217, 39.3816439]}",19734,DISABLT,VISION,CrdPrv,Vision Disability
2022,19801,BRFSS,Prevention,Current lack of health insurance among adults aged 18-64 years,%,Crude prevalence,12.8,11.0,14.7,12255,16219,"{'type': 'Point', 'coordinates': [-75.5412081, 39.723588]}",19801,PREVENT,ACCESS2,CrdPrv,Health Insurance
2022,19801,BRFSS,Health Outcomes,Arthritis among adults,%,Crude prevalence,26.8,24.2,29.6,12255,16219,"{'type': 'Point', 'coordinates': [-75.5412081, 39.723588]}",19801,HLTHOUT,ARTHRITIS,CrdPrv,Arthritis
2022,19801,BRFSS,Health Risk Behaviors,Binge drinking among adults,%,Crude prevalence,13.3,11.2,15.7,12255,16219,"{'type': 'Point', 'coordinates': [-75.5412081, 39.723588]}",19801,RISKBEH,BINGE,CrdPrv,Binge Drinking
2021,19801,BRFSS,Health Outcomes,High blood pressure among adults,%,Crude prevalence,41.7,38.0,45.5,12255,16219,"{'type': 'Point', 'coordinates': [-75.5412081, 39.723588]}",19801,HLTHOUT,BPHIGH,CrdPrv,High Blood Pressure
2021,19801,BRFSS,Prevention,Taking medicine to control high blood pressure among adults with high blood pressure,%,Crude prevalence,77.1,74.3,79.7,12255,16219,"{'type': 'Point', 'coordinates': [-75.5412081, 39.723588]}",19801,PREVENT,BPMED,CrdPrv,High Blood Pressure Medication
2022,19801,BRFSS,Health Outcomes,Cancer (non-skin) or melanoma among adults,%,Crude prevalence,4.8,4.3,5.3,12255,16219,"{'type': 'Point', 'coordinates': [-75.5412081, 39.723588]}",19801,HLTHOUT,CANCER,CrdPrv,Cancer (non-skin) or Melanoma
2022,19801,BRFSS,Health Outcomes,Current asthma among adults,%,Crude prevalence,13.4,11.9,15.0,12255,16219,"{'type': 'Point', 'coordinates': [-75.5412081, 39.723588]}",19801,HLTHOUT,CASTHMA,CrdPrv,Current Asthma
2022,19801,BRFSS,Health Outcomes,Coronary heart disease among adults,%,Crude prevalence,6.5,5.9,7.1,12255,16219,"{'type': 'Point', 'coordinates': [-75.5412081, 39.723588]}",19801,HLTHOUT,CHD,CrdPrv,Coronary Heart Disease
2022,19801,BRFSS,Prevention,Visits to doctor for routine checkup within the past year among adults,%,Crude prevalence,78.1,74.7,81.4,12255,16219,"{'type': 'Point', 'coordinates': [-75.5412081, 39.723588]}",19801,PREVENT,CHECKUP,CrdPrv,Annual Checkup
2021,19801,BRFSS,Prevention,Cholesterol screening among adults,%,Crude prevalence,84.2,81.3,86.8,12255,16219,"{'type': 'Point', 'coordinates': [-75.5412081, 39.723588]}",19801,PREVENT,CHOLSCREEN,CrdPrv,Cholesterol Screening
2022,19801,BRFSS,Disability,Cognitive disability among adults,%,Crude prevalence,19.0,17.1,21.0,12255,16219,"{'type': 'Point', 'coordinates': [-75.5412081, 39.723588]}",19801,DISABLT,COGNITION,CrdPrv,Cognitive Disability
2022,19801,BRFSS,Prevention,Colorectal cancer screening among adults aged 45–75 years,%,Crude prevalence,60.2,55.7,64.6,12255,16219,"{'type': 'Point', 'coordinates': [-75.5412081, 39.723588]}",19801,PREVENT,COLON_SCREEN,CrdPrv,Colorectal Cancer Screening
2022,19801,BRFSS,Health Outcomes,Chronic obstructive pulmonary disease among adults,%,Crude prevalence,8.9,8.0,9.9,12255,16219,"{'type': 'Point', 'coordinates': [-75.5412081, 39.723588]}",19801,HLTHOUT,COPD,CrdPrv,COPD
2022,19801,BRFSS,Health Risk Behaviors,Current cigarette smoking among adults,%,Crude prevalence,23.0,20.5,25.6,12255,16219,"{'type': 'Point', 'coordinates': [-75.5412081, 39.723588]}",19801,RISKBEH,CSMOKING,CrdPrv,Current Cigarette Smoking
2022,19801,BRFSS,Prevention,Visited dentist or dental clinic in the past year among adults,%,Crude prevalence,46.1,42.3,49.9,12255,16219,"{'type': 'Point', 'coordinates': [-75.5412081, 39.723588]}",19801,PREVENT,DENTAL,CrdPrv,Dental Visit
2022,19801,BRFSS,Health Outcomes,Depression among adults,%,Crude prevalence,21.0,18.1,24.1,12255,16219,"{'type': 'Point', 'coordinates': [-75.5412081, 39.723588]}",19801,HLTHOUT,DEPRESSION,CrdPrv,Depression
2022,19801,BRFSS,Health Outcomes,Diagnosed diabetes among adults,%,Crude prevalence,18.0,16.1,20.0,12255,16219,"{'type': 'Point', 'coordinates': [-75.5412081, 39.723588]}",19801,HLTHOUT,DIABETES,CrdPrv,Diabetes
2022,19801,BRFSS,Disability,Any disability among adults,%,Crude prevalence,37.0,33.3,40.7,12255,16219,"{'type': 'Point', 'coordinates': [-75.5412081, 39.723588]}",19801,DISABLT,DISABILITY,CrdPrv,Any Disability
2022,19801,BRFSS,Health-Related Social Needs,Lack of social and emotional support among adults,%,Crude prevalence,30.7,27.3,34.2,12255,16219,"{'type': 'Point', 'coordinates': [-75.5412081, 39.723588]}",19801,SOCLNEED,EMOTIONSPT,CrdPrv,Lack of Social/Emotional Support
2022,19801,BRFSS,Health-Related Social Needs,Food insecurity in the past 12 months among adults,%,Crude prevalence,32.9,30.4,35.4,12255,16219,"{'type': 'Point', 'coordinates': [-75.5412081, 39.723588]}",19801,SOCLNEED,FOODINSECU,CrdPrv,Food Insecurity
2022,19801,BRFSS,Health-Related Social Needs,Received food stamps in the past 12 months among adults,%,Crude prevalence,35.5,32.7,38.5,12255,16219,"{'type': 'Point', 'coordinates': [-75.5412081, 39.723588]}",19801,SOCLNEED,FOODSTAMP,CrdPrv,Food Stamps
2022,19801,BRFSS,Health Status,Fair or poor self-rated health status among adults,%,Crude prevalence,27.5,25.0,30.0,12255,16219,"{'type': 'Point', 'coordinates': [-75.5412081, 39.723588]}",19801,HLTHSTAT,GHLTH,CrdPrv,General Health
2022,19801,BRFSS,Disability,Hearing disability among adults,%,Crude prevalence,5.8,5.1,6.4,12255,16219,"{'type': 'Point', 'coordinates': [-75.5412081, 39.723588]}",19801,DISABLT,HEARING,CrdPrv,Hearing Disability
2021,19801,BRFSS,Health Outcomes,High cholesterol among adults who have ever been screened,%,Crude prevalence,33.5,30.0,37.2,12255,16219,"{'type': 'Point', 'coordinates': [-75.5412081, 39.723588]}",19801,HLTHOUT,HIGHCHOL,CrdPrv,High Cholesterol
2022,19801,BRFSS,Health-Related Social Needs,Housing insecurity in the past 12 months among adults,%,Crude prevalence,28.0,25.7,30.3,12255,16219,"{'type': 'Point', 'coordinates': [-75.5412081, 39.723588]}",19801,SOCLNEED,HOUSINSECU,CrdPrv,Housing Insecurity
2022,19801,BRFSS,Disability,Independent living disability among adults,%,Crude prevalence,12.8,11.6,14.0,12255,16219,"{'type': 'Point', 'coordinates': [-75.5412081, 39.723588]}",19801,DISABLT,INDEPLIVE,CrdPrv,Independent Living Disability
2022,19801,BRFSS,Health-Related Social Needs,Feeling socially isolated among adults,%,Crude prevalence,34.6,30.7,38.5,12255,16219,"{'type': 'Point', 'coordinates': [-75.5412081, 39.723588]}",19801,SOCLNEED,ISOLATION,CrdPrv,Social Isolation
2022,19801,BRFSS,Health-Related Social Needs,Lack of reliable transportation in the past 12 months among adults,%,Crude prevalence,17.5,16.1,18.9,12255,16219,"{'type': 'Point', 'coordinates': [-75.5412081, 39.723588]}",19801,SOCLNEED,LACKTRPT,CrdPrv,Transportation Barriers
2022,19801,BRFSS,Health Risk Behaviors,No leisure-time physical activity among adults,%,Crude prevalence,33.6,29.6,37.7,12255,16219,"{'type': 'Point', 'coordinates': [-75.5412081, 39.723588]}",19801,RISKBEH,LPA,CrdPrv,Physical Inactivity
2022,19801,BRFSS,Prevention,Mammography use among women aged 50-74 years,%,Crude prevalence,76.4,70.4,82.0,12255,16219,"{'type': 'Point', 'coordinates': [-75.5412081, 39.723588]}",19801,PREVENT,MAMMOUSE,CrdPrv,Mammography
2022,19801,BRFSS,Health Status,Frequent mental distress among adults,%,Crude prevalence,20.0,18.1,22.0,12255,16219,"{'type': 'Point', 'coordinates': [-75.5412081, 39.723588]}",19801,HLTHSTAT,MHLTH,CrdPrv,Frequent Mental Distress
2022,19801,BRFSS,Disability,Mobility disability among adults,%,Crude prevalence,19.6,17.7,21.5,12255,16219,"{'type': 'Point', 'coordinates': [-75.5412081, 39.723588]}",19801,DISABLT,MOBILITY,CrdPrv,Mobility Disability
2022,19801,BRFSS,Health Outcomes,Obesity among adults,%,Crude prevalence,48.5,42.5,54.6,12255,16219,"{'type': 'Point', 'coordinates': [-75.5412081, 39.723588]}",19801,HLTHOUT,OBESITY,CrdPrv,Obesity
2022,19801,BRFSS,Health Status,Frequent physical distress among adults,%,Crude prevalence,15.8,14.2,17.6,12255,16219,"{'type': 'Point', 'coordinates': [-75.5412081, 39.723588]}",19801,HLTHSTAT,PHLTH,CrdPrv,Frequent Physical Distress
2022,19801,BRFSS,Disability,Self-care disability among adults,%,Crude prevalence,7.4,6.8,8.0,12255,16219,"{'type': 'Point', 'coordinates': [-75.5412081, 39.723588]}",19801,DISABLT,SELFCARE,CrdPrv,Self-care Disability
2022,19803,BRFSS,Disability,Self-care disability among adults,%,Crude prevalence,2.5,2.3,2.8,17562,21886,"{'type': 'Point', 'coordinates': [-75.5422315, 39.7998719]}",19803,DISABLT,SELFCARE,CrdPrv,Self-care Disability
2022,19801,BRFSS,Health-Related Social Needs,Utility services shut-off threat in the past 12 months among adults,%,Crude prevalence,19.4,17.4,21.4,12255,16219,"{'type': 'Point', 'coordinates': [-75.5412081, 39.723588]}",19801,SOCLNEED,SHUTUTILITY,CrdPrv,Utility Services Threat
2022,19801,BRFSS,Health Risk Behaviors,Short sleep duration among adults,%,Crude prevalence,45.4,40.1,50.8,12255,16219,"{'type': 'Point', 'coordinates': [-75.5412081, 39.723588]}",19801,RISKBEH,SLEEP,CrdPrv,Short Sleep Duration
2022,19801,BRFSS,Health Outcomes,Stroke among adults,%,Crude prevalence,5.3,4.9,5.6,12255,16219,"{'type': 'Point', 'coordinates': [-75.5412081, 39.723588]}",19801,HLTHOUT,STROKE,CrdPrv,Stroke
2022,19801,BRFSS,Health Outcomes,All teeth lost among adults aged >=65 years,%,Crude prevalence,26.0,22.1,30.1,12255,16219,"{'type': 'Point', 'coordinates': [-75.5412081, 39.723588]}",19801,HLTHOUT,TEETHLOST,CrdPrv,All Teeth Lost
2022,19801,BRFSS,Disability,Vision disability among adults,%,Crude prevalence,9.4,8.6,10.2,12255,16219,"{'type': 'Point', 'coordinates': [-75.5412081, 39.723588]}",19801,DISABLT,VISION,CrdPrv,Vision Disability
2022,19802,BRFSS,Prevention,Current lack of health insurance among adults aged 18-64 years,%,Crude prevalence,11.3,9.6,13.0,20206,26189,"{'type': 'Point', 'coordinates': [-75.5264624, 39.7550415]}",19802,PREVENT,ACCESS2,CrdPrv,Health Insurance
2022,19802,BRFSS,Health Outcomes,Arthritis among adults,%,Crude prevalence,27.6,24.9,30.5,20206,26189,"{'type': 'Point', 'coordinates': [-75.5264624, 39.7550415]}",19802,HLTHOUT,ARTHRITIS,CrdPrv,Arthritis
2022,19802,BRFSS,Health Risk Behaviors,Binge drinking among adults,%,Crude prevalence,13.2,11.1,15.5,20206,26189,"{'type': 'Point', 'coordinates': [-75.5264624, 39.7550415]}",19802,RISKBEH,BINGE,CrdPrv,Binge Drinking
2021,19802,BRFSS,Health Outcomes,High blood pressure among adults,%,Crude prevalence,43.0,39.1,46.9,20206,26189,"{'type': 'Point', 'coordinates': [-75.5264624, 39.7550415]}",19802,HLTHOUT,BPHIGH,CrdPrv,High Blood Pressure
2021,19802,BRFSS,Prevention,Taking medicine to control high blood pressure among adults with high blood pressure,%,Crude prevalence,78.9,76.0,81.4,20206,26189,"{'type': 'Point', 'coordinates': [-75.5264624, 39.7550415]}",19802,PREVENT,BPMED,CrdPrv,High Blood Pressure Medication
2022,19802,BRFSS,Health Outcomes,Cancer (non-skin) or melanoma among adults,%,Crude prevalence,5.8,5.3,6.4,20206,26189,"{'type': 'Point', 'coordinates': [-75.5264624, 39.7550415]}",19802,HLTHOUT,CANCER,CrdPrv,Cancer (non-skin) or Melanoma
2022,19802,BRFSS,Health Outcomes,Current asthma among adults,%,Crude prevalence,12.5,11.2,14.0,20206,26189,"{'type': 'Point', 'coordinates': [-75.5264624, 39.7550415]}",19802,HLTHOUT,CASTHMA,CrdPrv,Current Asthma
2022,19802,BRFSS,Health Outcomes,Coronary heart disease among adults,%,Crude prevalence,6.4,5.8,7.1,20206,26189,"{'type': 'Point', 'coordinates': [-75.5264624, 39.7550415]}",19802,HLTHOUT,CHD,CrdPrv,Coronary Heart Disease
2022,19802,BRFSS,Prevention,Visits to doctor for routine checkup within the past year among adults,%,Crude prevalence,79.9,76.6,82.9,20206,26189,"{'type': 'Point', 'coordinates': [-75.5264624, 39.7550415]}",19802,PREVENT,CHECKUP,CrdPrv,Annual Checkup
2021,19802,BRFSS,Prevention,Cholesterol screening among adults,%,Crude prevalence,86.7,84.2,88.8,20206,26189,"{'type': 'Point', 'coordinates': [-75.5264624, 39.7550415]}",19802,PREVENT,CHOLSCREEN,CrdPrv,Cholesterol Screening
2022,19802,BRFSS,Disability,Cognitive disability among adults,%,Crude prevalence,15.8,14.3,17.6,20206,26189,"{'type': 'Point', 'coordinates': [-75.5264624, 39.7550415]}",19802,DISABLT,COGNITION,CrdPrv,Cognitive Disability
2022,19802,BRFSS,Prevention,Colorectal cancer screening among adults aged 45–75 years,%,Crude prevalence,63.5,59.2,67.8,20206,26189,"{'type': 'Point', 'coordinates': [-75.5264624, 39.7550415]}",19802,PREVENT,COLON_SCREEN,CrdPrv,Colorectal Cancer Screening
2022,19802,BRFSS,Health Outcomes,Chronic obstructive pulmonary disease among adults,%,Crude prevalence,7.7,7.0,8.6,20206,26189,"{'type': 'Point', 'coordinates': [-75.5264624, 39.7550415]}",19802,HLTHOUT,COPD,CrdPrv,COPD
2022,19802,BRFSS,Health Risk Behaviors,Current cigarette smoking among adults,%,Crude prevalence,18.9,16.8,21.1,20206,26189,"{'type': 'Point', 'coordinates': [-75.5264624, 39.7550415]}",19802,RISKBEH,CSMOKING,CrdPrv,Current Cigarette Smoking
2022,19802,BRFSS,Prevention,Visited dentist or dental clinic in the past year among adults,%,Crude prevalence,53.5,49.9,57.2,20206,26189,"{'type': 'Point', 'coordinates': [-75.5264624, 39.7550415]}",19802,PREVENT,DENTAL,CrdPrv,Dental Visit
2022,19802,BRFSS,Health Outcomes,Depression among adults,%,Crude prevalence,18.8,16.2,21.7,20206,26189,"{'type': 'Point', 'coordinates': [-75.5264624, 39.7550415]}",19802,HLTHOUT,DEPRESSION,CrdPrv,Depression
2022,19802,BRFSS,Health Outcomes,Diagnosed diabetes among adults,%,Crude prevalence,17.4,15.5,19.4,20206,26189,"{'type': 'Point', 'coordinates': [-75.5264624, 39.7550415]}",19802,HLTHOUT,DIABETES,CrdPrv,Diabetes
2022,19802,BRFSS,Disability,Any disability among adults,%,Crude prevalence,33.3,29.9,36.9,20206,26189,"{'type': 'Point', 'coordinates': [-75.5264624, 39.7550415]}",19802,DISABLT,DISABILITY,CrdPrv,Any Disability
2022,19802,BRFSS,Health-Related Social Needs,Lack of social and emotional support among adults,%,Crude prevalence,29.6,26.3,33.0,20206,26189,"{'type': 'Point', 'coordinates': [-75.5264624, 39.7550415]}",19802,SOCLNEED,EMOTIONSPT,CrdPrv,Lack of Social/Emotional Support
2022,19802,BRFSS,Health-Related Social Needs,Food insecurity in the past 12 months among adults,%,Crude prevalence,27.0,24.9,29.3,20206,26189,"{'type': 'Point', 'coordinates': [-75.5264624, 39.7550415]}",19802,SOCLNEED,FOODINSECU,CrdPrv,Food Insecurity
2022,19802,BRFSS,Health-Related Social Needs,Received food stamps in the past 12 months among adults,%,Crude prevalence,27.4,25.0,30.0,20206,26189,"{'type': 'Point', 'coordinates': [-75.5264624, 39.7550415]}",19802,SOCLNEED,FOODSTAMP,CrdPrv,Food Stamps
2022,19802,BRFSS,Health Status,Fair or poor self-rated health status among adults,%,Crude prevalence,23.6,21.4,25.9,20206,26189,"{'type': 'Point', 'coordinates': [-75.5264624, 39.7550415]}",19802,HLTHSTAT,GHLTH,CrdPrv,General Health
2022,19802,BRFSS,Disability,Hearing disability among adults,%,Crude prevalence,5.6,5.0,6.2,20206,26189,"{'type': 'Point', 'coordinates': [-75.5264624, 39.7550415]}",19802,DISABLT,HEARING,CrdPrv,Hearing Disability
2021,19802,BRFSS,Health Outcomes,High cholesterol among adults who have ever been screened,%,Crude prevalence,34.9,31.2,38.6,20206,26189,"{'type': 'Point', 'coordinates': [-75.5264624, 39.7550415]}",19802,HLTHOUT,HIGHCHOL,CrdPrv,High Cholesterol
2022,19802,BRFSS,Health-Related Social Needs,Housing insecurity in the past 12 months among adults,%,Crude prevalence,23.8,21.8,25.9,20206,26189,"{'type': 'Point', 'coordinates': [-75.5264624, 39.7550415]}",19802,SOCLNEED,HOUSINSECU,CrdPrv,Housing Insecurity
2022,19802,BRFSS,Disability,Independent living disability among adults,%,Crude prevalence,10.6,9.6,11.6,20206,26189,"{'type': 'Point', 'coordinates': [-75.5264624, 39.7550415]}",19802,DISABLT,INDEPLIVE,CrdPrv,Independent Living Disability
2022,19802,BRFSS,Health-Related Social Needs,Feeling socially isolated among adults,%,Crude prevalence,33.1,29.4,37.1,20206,26189,"{'type': 'Point', 'coordinates': [-75.5264624, 39.7550415]}",19802,SOCLNEED,ISOLATION,CrdPrv,Social Isolation
2022,19802,BRFSS,Health-Related Social Needs,Lack of reliable transportation in the past 12 months among adults,%,Crude prevalence,14.6,13.5,15.9,20206,26189,"{'type': 'Point', 'coordinates': [-75.5264624, 39.7550415]}",19802,SOCLNEED,LACKTRPT,CrdPrv,Transportation Barriers
2022,19802,BRFSS,Health Risk Behaviors,No leisure-time physical activity among adults,%,Crude prevalence,29.2,25.6,33.1,20206,26189,"{'type': 'Point', 'coordinates': [-75.5264624, 39.7550415]}",19802,RISKBEH,LPA,CrdPrv,Physical Inactivity
2022,19802,BRFSS,Prevention,Mammography use among women aged 50-74 years,%,Crude prevalence,79.6,74.2,84.5,20206,26189,"{'type': 'Point', 'coordinates': [-75.5264624, 39.7550415]}",19802,PREVENT,MAMMOUSE,CrdPrv,Mammography
2022,19802,BRFSS,Health Status,Frequent mental distress among adults,%,Crude prevalence,17.2,15.6,19.0,20206,26189,"{'type': 'Point', 'coordinates': [-75.5264624, 39.7550415]}",19802,HLTHSTAT,MHLTH,CrdPrv,Frequent Mental Distress
2022,19802,BRFSS,Disability,Mobility disability among adults,%,Crude prevalence,17.6,15.8,19.4,20206,26189,"{'type': 'Point', 'coordinates': [-75.5264624, 39.7550415]}",19802,DISABLT,MOBILITY,CrdPrv,Mobility Disability
2022,19802,BRFSS,Health Outcomes,Obesity among adults,%,Crude prevalence,46.3,40.3,52.4,20206,26189,"{'type': 'Point', 'coordinates': [-75.5264624, 39.7550415]}",19802,HLTHOUT,OBESITY,CrdPrv,Obesity
2022,19802,BRFSS,Health Status,Frequent physical distress among adults,%,Crude prevalence,13.9,12.5,15.4,20206,26189,"{'type': 'Point', 'coordinates': [-75.5264624, 39.7550415]}",19802,HLTHSTAT,PHLTH,CrdPrv,Frequent Physical Distress
2022,19802,BRFSS,Disability,Self-care disability among adults,%,Crude prevalence,6.0,5.5,6.5,20206,26189,"{'type': 'Point', 'coordinates': [-75.5264624, 39.7550415]}",19802,DISABLT,SELFCARE,CrdPrv,Self-care Disability
2022,19802,BRFSS,Health-Related Social Needs,Utility services shut-off threat in the past 12 months among adults,%,Crude prevalence,16.2,14.5,18.0,20206,26189,"{'type': 'Point', 'coordinates': [-75.5264624, 39.7550415]}",19802,SOCLNEED,SHUTUTILITY,CrdPrv,Utility Services Threat
2022,19802,BRFSS,Health Risk Behaviors,Short sleep duration among adults,%,Crude prevalence,43.1,37.9,48.5,20206,26189,"{'type': 'Point', 'coordinates': [-75.5264624, 39.7550415]}",19802,RISKBEH,SLEEP,CrdPrv,Short Sleep Duration
2022,19802,BRFSS,Health Outcomes,Stroke among adults,%,Crude prevalence,4.9,4.6,5.3,20206,26189,"{'type': 'Point', 'coordinates': [-75.5264624, 39.7550415]}",19802,HLTHOUT,STROKE,CrdPrv,Stroke
2022,19802,BRFSS,Health Outcomes,All teeth lost among adults aged >=65 years,%,Crude prevalence,16.3,13.6,19.3,20206,26189,"{'type': 'Point', 'coordinates': [-75.5264624, 39.7550415]}",19802,HLTHOUT,TEETHLOST,CrdPrv,All Teeth Lost
2022,19802,BRFSS,Disability,Vision disability among adults,%,Crude prevalence,7.8,7.1,8.5,20206,26189,"{'type': 'Point', 'coordinates': [-75.5264624, 39.7550415]}",19802,DISABLT,VISION,CrdPrv,Vision Disability
2022,19803,BRFSS,Prevention,Current lack of health insurance among adults aged 18-64 years,%,Crude prevalence,4.9,4.1,5.8,17562,21886,"{'type': 'Point', 'coordinates': [-75.5422315, 39.7998719]}",19803,PREVENT,ACCESS2,CrdPrv,Health Insurance
2022,19803,BRFSS,Health Outcomes,Arthritis among adults,%,Crude prevalence,28.6,25.8,31.7,17562,21886,"{'type': 'Point', 'coordinates': [-75.5422315, 39.7998719]}",19803,HLTHOUT,ARTHRITIS,CrdPrv,Arthritis
2022,19803,BRFSS,Health Risk Behaviors,Binge drinking among adults,%,Crude prevalence,15.7,13.3,18.4,17562,21886,"{'type': 'Point', 'coordinates': [-75.5422315, 39.7998719]}",19803,RISKBEH,BINGE,CrdPrv,Binge Drinking
2021,19803,BRFSS,Health Outcomes,High blood pressure among adults,%,Crude prevalence,34.4,30.7,38.2,17562,21886,"{'type': 'Point', 'coordinates': [-75.5422315, 39.7998719]}",19803,HLTHOUT,BPHIGH,CrdPrv,High Blood Pressure
2021,19803,BRFSS,Prevention,Taking medicine to control high blood pressure among adults with high blood pressure,%,Crude prevalence,80.5,77.4,83.2,17562,21886,"{'type': 'Point', 'coordinates': [-75.5422315, 39.7998719]}",19803,PREVENT,BPMED,CrdPrv,High Blood Pressure Medication
2022,19803,BRFSS,Health Outcomes,Cancer (non-skin) or melanoma among adults,%,Crude prevalence,11.1,10.1,12.1,17562,21886,"{'type': 'Point', 'coordinates': [-75.5422315, 39.7998719]}",19803,HLTHOUT,CANCER,CrdPrv,Cancer (non-skin) or Melanoma
2022,19803,BRFSS,Health Outcomes,Current asthma among adults,%,Crude prevalence,9.8,8.7,11.0,17562,21886,"{'type': 'Point', 'coordinates': [-75.5422315, 39.7998719]}",19803,HLTHOUT,CASTHMA,CrdPrv,Current Asthma
2022,19803,BRFSS,Health Outcomes,Coronary heart disease among adults,%,Crude prevalence,7.0,6.3,7.7,17562,21886,"{'type': 'Point', 'coordinates': [-75.5422315, 39.7998719]}",19803,HLTHOUT,CHD,CrdPrv,Coronary Heart Disease
2022,19803,BRFSS,Prevention,Visits to doctor for routine checkup within the past year among adults,%,Crude prevalence,79.3,76.0,82.4,17562,21886,"{'type': 'Point', 'coordinates': [-75.5422315, 39.7998719]}",19803,PREVENT,CHECKUP,CrdPrv,Annual Checkup
2021,19803,BRFSS,Prevention,Cholesterol screening among adults,%,Crude prevalence,92.0,90.3,93.4,17562,21886,"{'type': 'Point', 'coordinates': [-75.5422315, 39.7998719]}",19803,PREVENT,CHOLSCREEN,CrdPrv,Cholesterol Screening
2022,19803,BRFSS,Disability,Cognitive disability among adults,%,Crude prevalence,9.4,8.4,10.6,17562,21886,"{'type': 'Point', 'coordinates': [-75.5422315, 39.7998719]}",19803,DISABLT,COGNITION,CrdPrv,Cognitive Disability
2022,19803,BRFSS,Prevention,Colorectal cancer screening among adults aged 45–75 years,%,Crude prevalence,71.1,67.1,74.9,17562,21886,"{'type': 'Point', 'coordinates': [-75.5422315, 39.7998719]}",19803,PREVENT,COLON_SCREEN,CrdPrv,Colorectal Cancer Screening
2022,19803,BRFSS,Health Outcomes,Chronic obstructive pulmonary disease among adults,%,Crude prevalence,6.1,5.5,6.8,17562,21886,"{'type': 'Point', 'coordinates': [-75.5422315, 39.7998719]}",19803,HLTHOUT,COPD,CrdPrv,COPD
2022,19803,BRFSS,Health Risk Behaviors,Current cigarette smoking among adults,%,Crude prevalence,10.4,9.1,11.9,17562,21886,"{'type': 'Point', 'coordinates': [-75.5422315, 39.7998719]}",19803,RISKBEH,CSMOKING,CrdPrv,Current Cigarette Smoking
2022,19803,BRFSS,Prevention,Visited dentist or dental clinic in the past year among adults,%,Crude prevalence,72.9,69.7,75.8,17562,21886,"{'type': 'Point', 'coordinates': [-75.5422315, 39.7998719]}",19803,PREVENT,DENTAL,CrdPrv,Dental Visit
2022,19803,BRFSS,Health Outcomes,Depression among adults,%,Crude prevalence,19.6,16.9,22.6,17562,21886,"{'type': 'Point', 'coordinates': [-75.5422315, 39.7998719]}",19803,HLTHOUT,DEPRESSION,CrdPrv,Depression
2022,19803,BRFSS,Health Outcomes,Diagnosed diabetes among adults,%,Crude prevalence,11.8,10.4,13.4,17562,21886,"{'type': 'Point', 'coordinates': [-75.5422315, 39.7998719]}",19803,HLTHOUT,DIABETES,CrdPrv,Diabetes
2022,19803,BRFSS,Disability,Any disability among adults,%,Crude prevalence,24.0,21.3,27.0,17562,21886,"{'type': 'Point', 'coordinates': [-75.5422315, 39.7998719]}",19803,DISABLT,DISABILITY,CrdPrv,Any Disability
2022,19803,BRFSS,Health-Related Social Needs,Lack of social and emotional support among adults,%,Crude prevalence,18.2,15.9,20.8,17562,21886,"{'type': 'Point', 'coordinates': [-75.5422315, 39.7998719]}",19803,SOCLNEED,EMOTIONSPT,CrdPrv,Lack of Social/Emotional Support
2022,19803,BRFSS,Health-Related Social Needs,Food insecurity in the past 12 months among adults,%,Crude prevalence,6.5,5.7,7.2,17562,21886,"{'type': 'Point', 'coordinates': [-75.5422315, 39.7998719]}",19803,SOCLNEED,FOODINSECU,CrdPrv,Food Insecurity
2022,19803,BRFSS,Health-Related Social Needs,Received food stamps in the past 12 months among adults,%,Crude prevalence,4.8,4.1,5.5,17562,21886,"{'type': 'Point', 'coordinates': [-75.5422315, 39.7998719]}",19803,SOCLNEED,FOODSTAMP,CrdPrv,Food Stamps
2022,19803,BRFSS,Health Status,Fair or poor self-rated health status among adults,%,Crude prevalence,12.7,11.4,14.3,17562,21886,"{'type': 'Point', 'coordinates': [-75.5422315, 39.7998719]}",19803,HLTHSTAT,GHLTH,CrdPrv,General Health
2022,19803,BRFSS,Disability,Hearing disability among adults,%,Crude prevalence,7.1,6.3,7.9,17562,21886,"{'type': 'Point', 'coordinates': [-75.5422315, 39.7998719]}",19803,DISABLT,HEARING,CrdPrv,Hearing Disability
2021,19803,BRFSS,Health Outcomes,High cholesterol among adults who have ever been screened,%,Crude prevalence,38.7,34.6,42.8,17562,21886,"{'type': 'Point', 'coordinates': [-75.5422315, 39.7998719]}",19803,HLTHOUT,HIGHCHOL,CrdPrv,High Cholesterol
2022,19803,BRFSS,Health-Related Social Needs,Housing insecurity in the past 12 months among adults,%,Crude prevalence,6.6,5.9,7.4,17562,21886,"{'type': 'Point', 'coordinates': [-75.5422315, 39.7998719]}",19803,SOCLNEED,HOUSINSECU,CrdPrv,Housing Insecurity
2022,19803,BRFSS,Disability,Independent living disability among adults,%,Crude prevalence,5.6,5.1,6.2,17562,21886,"{'type': 'Point', 'coordinates': [-75.5422315, 39.7998719]}",19803,DISABLT,INDEPLIVE,CrdPrv,Independent Living Disability
2022,19803,BRFSS,Health-Related Social Needs,Feeling socially isolated among adults,%,Crude prevalence,26.7,23.3,30.2,17562,21886,"{'type': 'Point', 'coordinates': [-75.5422315, 39.7998719]}",19803,SOCLNEED,ISOLATION,CrdPrv,Social Isolation
2022,19803,BRFSS,Health-Related Social Needs,Lack of reliable transportation in the past 12 months among adults,%,Crude prevalence,4.6,4.1,5.0,17562,21886,"{'type': 'Point', 'coordinates': [-75.5422315, 39.7998719]}",19803,SOCLNEED,LACKTRPT,CrdPrv,Transportation Barriers
2022,19803,BRFSS,Health Risk Behaviors,No leisure-time physical activity among adults,%,Crude prevalence,18.2,15.6,21.1,17562,21886,"{'type': 'Point', 'coordinates': [-75.5422315, 39.7998719]}",19803,RISKBEH,LPA,CrdPrv,Physical Inactivity
2022,19803,BRFSS,Prevention,Mammography use among women aged 50-74 years,%,Crude prevalence,80.0,74.6,84.9,17562,21886,"{'type': 'Point', 'coordinates': [-75.5422315, 39.7998719]}",19803,PREVENT,MAMMOUSE,CrdPrv,Mammography
2022,19803,BRFSS,Health Status,Frequent mental distress among adults,%,Crude prevalence,12.0,10.7,13.3,17562,21886,"{'type': 'Point', 'coordinates': [-75.5422315, 39.7998719]}",19803,HLTHSTAT,MHLTH,CrdPrv,Frequent Mental Distress
2022,19803,BRFSS,Disability,Mobility disability among adults,%,Crude prevalence,11.4,10.1,12.8,17562,21886,"{'type': 'Point', 'coordinates': [-75.5422315, 39.7998719]}",19803,DISABLT,MOBILITY,CrdPrv,Mobility Disability
2022,19803,BRFSS,Health Outcomes,Obesity among adults,%,Crude prevalence,32.3,27.2,37.9,17562,21886,"{'type': 'Point', 'coordinates': [-75.5422315, 39.7998719]}",19803,HLTHOUT,OBESITY,CrdPrv,Obesity
2022,19803,BRFSS,Health Status,Frequent physical distress among adults,%,Crude prevalence,10.1,9.0,11.3,17562,21886,"{'type': 'Point', 'coordinates': [-75.5422315, 39.7998719]}",19803,HLTHSTAT,PHLTH,CrdPrv,Frequent Physical Distress
2022,19803,BRFSS,Health-Related Social Needs,Utility services shut-off threat in the past 12 months among adults,%,Crude prevalence,4.3,3.7,4.8,17562,21886,"{'type': 'Point', 'coordinates': [-75.5422315, 39.7998719]}",19803,SOCLNEED,SHUTUTILITY,CrdPrv,Utility Services Threat
2022,19803,BRFSS,Health Risk Behaviors,Short sleep duration among adults,%,Crude prevalence,29.6,25.3,34.3,17562,21886,"{'type': 'Point', 'coordinates': [-75.5422315, 39.7998719]}",19803,RISKBEH,SLEEP,CrdPrv,Short Sleep Duration
2022,19803,BRFSS,Health Outcomes,Stroke among adults,%,Crude prevalence,3.3,3.1,3.6,17562,21886,"{'type': 'Point', 'coordinates': [-75.5422315, 39.7998719]}",19803,HLTHOUT,STROKE,CrdPrv,Stroke
2022,19803,BRFSS,Health Outcomes,All teeth lost among adults aged >=65 years,%,Crude prevalence,6.3,5.1,7.7,17562,21886,"{'type': 'Point', 'coordinates': [-75.5422315, 39.7998719]}",19803,HLTHOUT,TEETHLOST,CrdPrv,All Teeth Lost
2022,19803,BRFSS,Disability,Vision disability among adults,%,Crude prevalence,3.5,3.2,3.8,17562,21886,"{'type': 'Point', 'coordinates': [-75.5422315, 39.7998719]}",19803,DISABLT,VISION,CrdPrv,Vision Disability
2022,19804,BRFSS,Prevention,Current lack of health insurance among adults aged 18-64 years,%,Crude prevalence,11.6,10.1,13.2,14502,18292,"{'type': 'Point', 'coordinates': [-75.6218662, 39.7187601]}",19804,PREVENT,ACCESS2,CrdPrv,Health Insurance
2022,19804,BRFSS,Health Outcomes,Arthritis among adults,%,Crude prevalence,26.7,24.0,29.6,14502,18292,"{'type': 'Point', 'coordinates': [-75.6218662, 39.7187601]}",19804,HLTHOUT,ARTHRITIS,CrdPrv,Arthritis
2022,19804,BRFSS,Health Risk Behaviors,Binge drinking among adults,%,Crude prevalence,16.6,14.1,19.4,14502,18292,"{'type': 'Point', 'coordinates': [-75.6218662, 39.7187601]}",19804,RISKBEH,BINGE,CrdPrv,Binge Drinking
2021,19804,BRFSS,Health Outcomes,High blood pressure among adults,%,Crude prevalence,34.3,30.7,38.1,14502,18292,"{'type': 'Point', 'coordinates': [-75.6218662, 39.7187601]}",19804,HLTHOUT,BPHIGH,CrdPrv,High Blood Pressure
2021,19804,BRFSS,Prevention,Taking medicine to control high blood pressure among adults with high blood pressure,%,Crude prevalence,76.5,73.3,79.4,14502,18292,"{'type': 'Point', 'coordinates': [-75.6218662, 39.7187601]}",19804,PREVENT,BPMED,CrdPrv,High Blood Pressure Medication
2022,19804,BRFSS,Health Outcomes,Cancer (non-skin) or melanoma among adults,%,Crude prevalence,7.9,7.2,8.7,14502,18292,"{'type': 'Point', 'coordinates': [-75.6218662, 39.7187601]}",19804,HLTHOUT,CANCER,CrdPrv,Cancer (non-skin) or Melanoma
2022,19804,BRFSS,Health Outcomes,Current asthma among adults,%,Crude prevalence,11.2,10.0,12.6,14502,18292,"{'type': 'Point', 'coordinates': [-75.6218662, 39.7187601]}",19804,HLTHOUT,CASTHMA,CrdPrv,Current Asthma
2022,19804,BRFSS,Health Outcomes,Coronary heart disease among adults,%,Crude prevalence,6.7,6.0,7.4,14502,18292,"{'type': 'Point', 'coordinates': [-75.6218662, 39.7187601]}",19804,HLTHOUT,CHD,CrdPrv,Coronary Heart Disease
2022,19804,BRFSS,Prevention,Visits to doctor for routine checkup within the past year among adults,%,Crude prevalence,75.4,71.7,78.9,14502,18292,"{'type': 'Point', 'coordinates': [-75.6218662, 39.7187601]}",19804,PREVENT,CHECKUP,CrdPrv,Annual Checkup
2021,19804,BRFSS,Prevention,Cholesterol screening among adults,%,Crude prevalence,87.0,84.5,89.2,14502,18292,"{'type': 'Point', 'coordinates': [-75.6218662, 39.7187601]}",19804,PREVENT,CHOLSCREEN,CrdPrv,Cholesterol Screening
2022,19804,BRFSS,Disability,Cognitive disability among adults,%,Crude prevalence,15.0,13.5,16.7,14502,18292,"{'type': 'Point', 'coordinates': [-75.6218662, 39.7187601]}",19804,DISABLT,COGNITION,CrdPrv,Cognitive Disability
2022,19804,BRFSS,Prevention,Colorectal cancer screening among adults aged 45–75 years,%,Crude prevalence,63.0,58.7,67.3,14502,18292,"{'type': 'Point', 'coordinates': [-75.6218662, 39.7187601]}",19804,PREVENT,COLON_SCREEN,CrdPrv,Colorectal Cancer Screening
2022,19804,BRFSS,Health Outcomes,Chronic obstructive pulmonary disease among adults,%,Crude prevalence,7.6,6.8,8.5,14502,18292,"{'type': 'Point', 'coordinates': [-75.6218662, 39.7187601]}",19804,HLTHOUT,COPD,CrdPrv,COPD
2022,19804,BRFSS,Health Risk Behaviors,Current cigarette smoking among adults,%,Crude prevalence,17.1,15.2,19.3,14502,18292,"{'type': 'Point', 'coordinates': [-75.6218662, 39.7187601]}",19804,RISKBEH,CSMOKING,CrdPrv,Current Cigarette Smoking
2022,19804,BRFSS,Prevention,Visited dentist or dental clinic in the past year among adults,%,Crude prevalence,59.6,55.9,63.2,14502,18292,"{'type': 'Point', 'coordinates': [-75.6218662, 39.7187601]}",19804,PREVENT,DENTAL,CrdPrv,Dental Visit
2022,19804,BRFSS,Health Outcomes,Depression among adults,%,Crude prevalence,22.2,19.2,25.5,14502,18292,"{'type': 'Point', 'coordinates': [-75.6218662, 39.7187601]}",19804,HLTHOUT,DEPRESSION,CrdPrv,Depression
2022,19804,BRFSS,Health Outcomes,Diagnosed diabetes among adults,%,Crude prevalence,13.3,11.7,15.0,14502,18292,"{'type': 'Point', 'coordinates': [-75.6218662, 39.7187601]}",19804,HLTHOUT,DIABETES,CrdPrv,Diabetes
2022,19804,BRFSS,Disability,Any disability among adults,%,Crude prevalence,30.6,27.4,34.2,14502,18292,"{'type': 'Point', 'coordinates': [-75.6218662, 39.7187601]}",19804,DISABLT,DISABILITY,CrdPrv,Any Disability
2022,19804,BRFSS,Health-Related Social Needs,Lack of social and emotional support among adults,%,Crude prevalence,24.4,21.4,27.4,14502,18292,"{'type': 'Point', 'coordinates': [-75.6218662, 39.7187601]}",19804,SOCLNEED,EMOTIONSPT,CrdPrv,Lack of Social/Emotional Support
2022,19804,BRFSS,Health-Related Social Needs,Food insecurity in the past 12 months among adults,%,Crude prevalence,15.6,14.1,17.2,14502,18292,"{'type': 'Point', 'coordinates': [-75.6218662, 39.7187601]}",19804,SOCLNEED,FOODINSECU,CrdPrv,Food Insecurity
2022,19804,BRFSS,Health-Related Social Needs,Received food stamps in the past 12 months among adults,%,Crude prevalence,13.3,11.7,15.0,14502,18292,"{'type': 'Point', 'coordinates': [-75.6218662, 39.7187601]}",19804,SOCLNEED,FOODSTAMP,CrdPrv,Food Stamps
2022,19804,BRFSS,Health Status,Fair or poor self-rated health status among adults,%,Crude prevalence,19.4,17.5,21.5,14502,18292,"{'type': 'Point', 'coordinates': [-75.6218662, 39.7187601]}",19804,HLTHSTAT,GHLTH,CrdPrv,General Health
2022,19804,BRFSS,Disability,Hearing disability among adults,%,Crude prevalence,7.0,6.3,7.8,14502,18292,"{'type': 'Point', 'coordinates': [-75.6218662, 39.7187601]}",19804,DISABLT,HEARING,CrdPrv,Hearing Disability
2021,19804,BRFSS,Health Outcomes,High cholesterol among adults who have ever been screened,%,Crude prevalence,36.0,32.3,39.9,14502,18292,"{'type': 'Point', 'coordinates': [-75.6218662, 39.7187601]}",19804,HLTHOUT,HIGHCHOL,CrdPrv,High Cholesterol
2022,19804,BRFSS,Health-Related Social Needs,Housing insecurity in the past 12 months among adults,%,Crude prevalence,14.5,13.1,16.0,14502,18292,"{'type': 'Point', 'coordinates': [-75.6218662, 39.7187601]}",19804,SOCLNEED,HOUSINSECU,CrdPrv,Housing Insecurity
2022,19804,BRFSS,Disability,Independent living disability among adults,%,Crude prevalence,8.6,7.8,9.5,14502,18292,"{'type': 'Point', 'coordinates': [-75.6218662, 39.7187601]}",19804,DISABLT,INDEPLIVE,CrdPrv,Independent Living Disability
2022,19804,BRFSS,Health-Related Social Needs,Feeling socially isolated among adults,%,Crude prevalence,31.4,27.7,35.2,14502,18292,"{'type': 'Point', 'coordinates': [-75.6218662, 39.7187601]}",19804,SOCLNEED,ISOLATION,CrdPrv,Social Isolation
2022,19804,BRFSS,Health-Related Social Needs,Lack of reliable transportation in the past 12 months among adults,%,Crude prevalence,9.2,8.4,10.0,14502,18292,"{'type': 'Point', 'coordinates': [-75.6218662, 39.7187601]}",19804,SOCLNEED,LACKTRPT,CrdPrv,Transportation Barriers
2022,19804,BRFSS,Health Risk Behaviors,No leisure-time physical activity among adults,%,Crude prevalence,25.6,22.3,29.3,14502,18292,"{'type': 'Point', 'coordinates': [-75.6218662, 39.7187601]}",19804,RISKBEH,LPA,CrdPrv,Physical Inactivity
2022,19804,BRFSS,Prevention,Mammography use among women aged 50-74 years,%,Crude prevalence,75.6,69.5,81.2,14502,18292,"{'type': 'Point', 'coordinates': [-75.6218662, 39.7187601]}",19804,PREVENT,MAMMOUSE,CrdPrv,Mammography
2022,19804,BRFSS,Health Status,Frequent mental distress among adults,%,Crude prevalence,16.6,14.9,18.3,14502,18292,"{'type': 'Point', 'coordinates': [-75.6218662, 39.7187601]}",19804,HLTHSTAT,MHLTH,CrdPrv,Frequent Mental Distress
2022,19804,BRFSS,Disability,Mobility disability among adults,%,Crude prevalence,14.3,12.8,16.0,14502,18292,"{'type': 'Point', 'coordinates': [-75.6218662, 39.7187601]}",19804,DISABLT,MOBILITY,CrdPrv,Mobility Disability
2022,19804,BRFSS,Health Outcomes,Obesity among adults,%,Crude prevalence,39.1,33.5,45.1,14502,18292,"{'type': 'Point', 'coordinates': [-75.6218662, 39.7187601]}",19804,HLTHOUT,OBESITY,CrdPrv,Obesity
2022,19804,BRFSS,Health Status,Frequent physical distress among adults,%,Crude prevalence,13.2,11.8,14.7,14502,18292,"{'type': 'Point', 'coordinates': [-75.6218662, 39.7187601]}",19804,HLTHSTAT,PHLTH,CrdPrv,Frequent Physical Distress
2022,19804,BRFSS,Disability,Self-care disability among adults,%,Crude prevalence,4.1,3.8,4.4,14502,18292,"{'type': 'Point', 'coordinates': [-75.6218662, 39.7187601]}",19804,DISABLT,SELFCARE,CrdPrv,Self-care Disability
2022,19804,BRFSS,Health-Related Social Needs,Utility services shut-off threat in the past 12 months among adults,%,Crude prevalence,8.9,7.9,10.0,14502,18292,"{'type': 'Point', 'coordinates': [-75.6218662, 39.7187601]}",19804,SOCLNEED,SHUTUTILITY,CrdPrv,Utility Services Threat
2022,19804,BRFSS,Health Risk Behaviors,Short sleep duration among adults,%,Crude prevalence,35.8,31.0,40.9,14502,18292,"{'type': 'Point', 'coordinates': [-75.6218662, 39.7187601]}",19804,RISKBEH,SLEEP,CrdPrv,Short Sleep Duration
2022,19804,BRFSS,Health Outcomes,Stroke among adults,%,Crude prevalence,3.7,3.4,4.0,14502,18292,"{'type': 'Point', 'coordinates': [-75.6218662, 39.7187601]}",19804,HLTHOUT,STROKE,CrdPrv,Stroke
2022,19804,BRFSS,Health Outcomes,All teeth lost among adults aged >=65 years,%,Crude prevalence,13.4,11.1,16.0,14502,18292,"{'type': 'Point', 'coordinates': [-75.6218662, 39.7187601]}",19804,HLTHOUT,TEETHLOST,CrdPrv,All Teeth Lost
2022,19804,BRFSS,Disability,Vision disability among adults,%,Crude prevalence,5.7,5.2,6.2,14502,18292,"{'type': 'Point', 'coordinates': [-75.6218662, 39.7187601]}",19804,DISABLT,VISION,CrdPrv,Vision Disability
2022,19805,BRFSS,Prevention,Current lack of health insurance among adults aged 18-64 years,%,Crude prevalence,14.1,12.4,16.0,29744,39985,"{'type': 'Point', 'coordinates': [-75.593712, 39.7452101]}",19805,PREVENT,ACCESS2,CrdPrv,Health Insurance
2022,19805,BRFSS,Health Outcomes,Arthritis among adults,%,Crude prevalence,24.8,22.2,27.5,29744,39985,"{'type': 'Point', 'coordinates': [-75.593712, 39.7452101]}",19805,HLTHOUT,ARTHRITIS,CrdPrv,Arthritis
2022,19805,BRFSS,Health Risk Behaviors,Binge drinking among adults,%,Crude prevalence,15.6,13.2,18.3,29744,39985,"{'type': 'Point', 'coordinates': [-75.593712, 39.7452101]}",19805,RISKBEH,BINGE,CrdPrv,Binge Drinking
2021,19805,BRFSS,Health Outcomes,High blood pressure among adults,%,Crude prevalence,34.6,31.0,38.3,29744,39985,"{'type': 'Point', 'coordinates': [-75.593712, 39.7452101]}",19805,HLTHOUT,BPHIGH,CrdPrv,High Blood Pressure
2021,19805,BRFSS,Prevention,Taking medicine to control high blood pressure among adults with high blood pressure,%,Crude prevalence,75.3,72.2,78.2,29744,39985,"{'type': 'Point', 'coordinates': [-75.593712, 39.7452101]}",19805,PREVENT,BPMED,CrdPrv,High Blood Pressure Medication
2022,19805,BRFSS,Health Outcomes,Cancer (non-skin) or melanoma among adults,%,Crude prevalence,6.1,5.6,6.7,29744,39985,"{'type': 'Point', 'coordinates': [-75.593712, 39.7452101]}",19805,HLTHOUT,CANCER,CrdPrv,Cancer (non-skin) or Melanoma
2022,19805,BRFSS,Health Outcomes,Current asthma among adults,%,Crude prevalence,11.7,10.4,13.1,29744,39985,"{'type': 'Point', 'coordinates': [-75.593712, 39.7452101]}",19805,HLTHOUT,CASTHMA,CrdPrv,Current Asthma
2022,19805,BRFSS,Health Outcomes,Coronary heart disease among adults,%,Crude prevalence,6.1,5.5,6.7,29744,39985,"{'type': 'Point', 'coordinates': [-75.593712, 39.7452101]}",19805,HLTHOUT,CHD,CrdPrv,Coronary Heart Disease
2022,19805,BRFSS,Prevention,Visits to doctor for routine checkup within the past year among adults,%,Crude prevalence,75.9,72.3,79.4,29744,39985,"{'type': 'Point', 'coordinates': [-75.593712, 39.7452101]}",19805,PREVENT,CHECKUP,CrdPrv,Annual Checkup
2021,19805,BRFSS,Prevention,Cholesterol screening among adults,%,Crude prevalence,85.9,83.3,88.2,29744,39985,"{'type': 'Point', 'coordinates': [-75.593712, 39.7452101]}",19805,PREVENT,CHOLSCREEN,CrdPrv,Cholesterol Screening
2022,19805,BRFSS,Disability,Cognitive disability among adults,%,Crude prevalence,16.4,14.8,18.2,29744,39985,"{'type': 'Point', 'coordinates': [-75.593712, 39.7452101]}",19805,DISABLT,COGNITION,CrdPrv,Cognitive Disability
2022,19805,BRFSS,Prevention,Colorectal cancer screening among adults aged 45–75 years,%,Crude prevalence,60.9,56.5,65.3,29744,39985,"{'type': 'Point', 'coordinates': [-75.593712, 39.7452101]}",19805,PREVENT,COLON_SCREEN,CrdPrv,Colorectal Cancer Screening
2022,19805,BRFSS,Health Outcomes,Chronic obstructive pulmonary disease among adults,%,Crude prevalence,7.3,6.5,8.1,29744,39985,"{'type': 'Point', 'coordinates': [-75.593712, 39.7452101]}",19805,HLTHOUT,COPD,CrdPrv,COPD
2022,19805,BRFSS,Health Risk Behaviors,Current cigarette smoking among adults,%,Crude prevalence,18.1,16.0,20.3,29744,39985,"{'type': 'Point', 'coordinates': [-75.593712, 39.7452101]}",19805,RISKBEH,CSMOKING,CrdPrv,Current Cigarette Smoking
2022,19805,BRFSS,Prevention,Visited dentist or dental clinic in the past year among adults,%,Crude prevalence,54.7,50.9,58.3,29744,39985,"{'type': 'Point', 'coordinates': [-75.593712, 39.7452101]}",19805,PREVENT,DENTAL,CrdPrv,Dental Visit
2022,19805,BRFSS,Health Outcomes,Depression among adults,%,Crude prevalence,21.3,18.4,24.5,29744,39985,"{'type': 'Point', 'coordinates': [-75.593712, 39.7452101]}",19805,HLTHOUT,DEPRESSION,CrdPrv,Depression
2022,19805,BRFSS,Health Outcomes,Diagnosed diabetes among adults,%,Crude prevalence,14.4,12.8,16.2,29744,39985,"{'type': 'Point', 'coordinates': [-75.593712, 39.7452101]}",19805,HLTHOUT,DIABETES,CrdPrv,Diabetes
2022,19805,BRFSS,Disability,Any disability among adults,%,Crude prevalence,32.2,28.8,35.8,29744,39985,"{'type': 'Point', 'coordinates': [-75.593712, 39.7452101]}",19805,DISABLT,DISABILITY,CrdPrv,Any Disability
2022,19805,BRFSS,Health-Related Social Needs,Lack of social and emotional support among adults,%,Crude prevalence,26.8,23.7,30.1,29744,39985,"{'type': 'Point', 'coordinates': [-75.593712, 39.7452101]}",19805,SOCLNEED,EMOTIONSPT,CrdPrv,Lack of Social/Emotional Support
2022,19805,BRFSS,Health-Related Social Needs,Food insecurity in the past 12 months among adults,%,Crude prevalence,23.5,21.5,25.5,29744,39985,"{'type': 'Point', 'coordinates': [-75.593712, 39.7452101]}",19805,SOCLNEED,FOODINSECU,CrdPrv,Food Insecurity
2022,19805,BRFSS,Health-Related Social Needs,Received food stamps in the past 12 months among adults,%,Crude prevalence,22.7,20.5,25.0,29744,39985,"{'type': 'Point', 'coordinates': [-75.593712, 39.7452101]}",19805,SOCLNEED,FOODSTAMP,CrdPrv,Food Stamps
2022,19805,BRFSS,Health Status,Fair or poor self-rated health status among adults,%,Crude prevalence,22.2,20.0,24.4,29744,39985,"{'type': 'Point', 'coordinates': [-75.593712, 39.7452101]}",19805,HLTHSTAT,GHLTH,CrdPrv,General Health
2022,19805,BRFSS,Disability,Hearing disability among adults,%,Crude prevalence,6.3,5.6,7.0,29744,39985,"{'type': 'Point', 'coordinates': [-75.593712, 39.7452101]}",19805,DISABLT,HEARING,CrdPrv,Hearing Disability
2021,19805,BRFSS,Health Outcomes,High cholesterol among adults who have ever been screened,%,Crude prevalence,33.6,30.1,37.3,29744,39985,"{'type': 'Point', 'coordinates': [-75.593712, 39.7452101]}",19805,HLTHOUT,HIGHCHOL,CrdPrv,High Cholesterol
2022,19805,BRFSS,Health-Related Social Needs,Housing insecurity in the past 12 months among adults,%,Crude prevalence,20.6,18.7,22.5,29744,39985,"{'type': 'Point', 'coordinates': [-75.593712, 39.7452101]}",19805,SOCLNEED,HOUSINSECU,CrdPrv,Housing Insecurity
2022,19805,BRFSS,Disability,Independent living disability among adults,%,Crude prevalence,9.9,9.0,10.9,29744,39985,"{'type': 'Point', 'coordinates': [-75.593712, 39.7452101]}",19805,DISABLT,INDEPLIVE,CrdPrv,Independent Living Disability
2022,19805,BRFSS,Health-Related Social Needs,Feeling socially isolated among adults,%,Crude prevalence,32.9,29.2,36.8,29744,39985,"{'type': 'Point', 'coordinates': [-75.593712, 39.7452101]}",19805,SOCLNEED,ISOLATION,CrdPrv,Social Isolation
2022,19805,BRFSS,Health-Related Social Needs,Lack of reliable transportation in the past 12 months among adults,%,Crude prevalence,12.9,11.8,14.0,29744,39985,"{'type': 'Point', 'coordinates': [-75.593712, 39.7452101]}",19805,SOCLNEED,LACKTRPT,CrdPrv,Transportation Barriers
2022,19805,BRFSS,Health Risk Behaviors,No leisure-time physical activity among adults,%,Crude prevalence,28.5,24.9,32.3,29744,39985,"{'type': 'Point', 'coordinates': [-75.593712, 39.7452101]}",19805,RISKBEH,LPA,CrdPrv,Physical Inactivity
2022,19805,BRFSS,Prevention,Mammography use among women aged 50-74 years,%,Crude prevalence,76.0,69.9,81.5,29744,39985,"{'type': 'Point', 'coordinates': [-75.593712, 39.7452101]}",19805,PREVENT,MAMMOUSE,CrdPrv,Mammography
2022,19805,BRFSS,Health Status,Frequent mental distress among adults,%,Crude prevalence,17.6,15.9,19.4,29744,39985,"{'type': 'Point', 'coordinates': [-75.593712, 39.7452101]}",19805,HLTHSTAT,MHLTH,CrdPrv,Frequent Mental Distress
2022,19805,BRFSS,Disability,Mobility disability among adults,%,Crude prevalence,15.3,13.8,17.0,29744,39985,"{'type': 'Point', 'coordinates': [-75.593712, 39.7452101]}",19805,DISABLT,MOBILITY,CrdPrv,Mobility Disability
2022,19805,BRFSS,Health Outcomes,Obesity among adults,%,Crude prevalence,42.8,37.0,48.8,29744,39985,"{'type': 'Point', 'coordinates': [-75.593712, 39.7452101]}",19805,HLTHOUT,OBESITY,CrdPrv,Obesity
2022,19805,BRFSS,Health Status,Frequent physical distress among adults,%,Crude prevalence,13.7,12.3,15.2,29744,39985,"{'type': 'Point', 'coordinates': [-75.593712, 39.7452101]}",19805,HLTHSTAT,PHLTH,CrdPrv,Frequent Physical Distress
2022,19805,BRFSS,Disability,Self-care disability among adults,%,Crude prevalence,5.1,4.7,5.5,29744,39985,"{'type': 'Point', 'coordinates': [-75.593712, 39.7452101]}",19805,DISABLT,SELFCARE,CrdPrv,Self-care Disability
2022,19805,BRFSS,Health-Related Social Needs,Utility services shut-off threat in the past 12 months among adults,%,Crude prevalence,13.3,11.8,14.7,29744,39985,"{'type': 'Point', 'coordinates': [-75.593712, 39.7452101]}",19805,SOCLNEED,SHUTUTILITY,CrdPrv,Utility Services Threat
2022,19805,BRFSS,Health Risk Behaviors,Short sleep duration among adults,%,Crude prevalence,39.1,34.2,44.4,29744,39985,"{'type': 'Point', 'coordinates': [-75.593712, 39.7452101]}",19805,RISKBEH,SLEEP,CrdPrv,Short Sleep Duration
2022,19805,BRFSS,Health Outcomes,Stroke among adults,%,Crude prevalence,3.9,3.6,4.2,29744,39985,"{'type': 'Point', 'coordinates': [-75.593712, 39.7452101]}",19805,HLTHOUT,STROKE,CrdPrv,Stroke
2022,19805,BRFSS,Health Outcomes,All teeth lost among adults aged >=65 years,%,Crude prevalence,15.9,13.4,18.7,29744,39985,"{'type': 'Point', 'coordinates': [-75.593712, 39.7452101]}",19805,HLTHOUT,TEETHLOST,CrdPrv,All Teeth Lost
2022,19805,BRFSS,Disability,Vision disability among adults,%,Crude prevalence,7.1,6.5,7.8,29744,39985,"{'type': 'Point', 'coordinates': [-75.593712, 39.7452101]}",19805,DISABLT,VISION,CrdPrv,Vision Disability
2022,19806,BRFSS,Prevention,Current lack of health insurance among adults aged 18-64 years,%,Crude prevalence,5.9,4.9,7.3,8977,10083,"{'type': 'Point', 'coordinates': [-75.5632982, 39.7625423]}",19806,PREVENT,ACCESS2,CrdPrv,Health Insurance
2022,19806,BRFSS,Health Outcomes,Arthritis among adults,%,Crude prevalence,26.7,24.0,29.6,8977,10083,"{'type': 'Point', 'coordinates': [-75.5632982, 39.7625423]}",19806,HLTHOUT,ARTHRITIS,CrdPrv,Arthritis
2022,19806,BRFSS,Health Risk Behaviors,Binge drinking among adults,%,Crude prevalence,16.5,14.0,19.3,8977,10083,"{'type': 'Point', 'coordinates': [-75.5632982, 39.7625423]}",19806,RISKBEH,BINGE,CrdPrv,Binge Drinking
2021,19806,BRFSS,Health Outcomes,High blood pressure among adults,%,Crude prevalence,33.4,29.9,37.0,8977,10083,"{'type': 'Point', 'coordinates': [-75.5632982, 39.7625423]}",19806,HLTHOUT,BPHIGH,CrdPrv,High Blood Pressure
2021,19806,BRFSS,Prevention,Taking medicine to control high blood pressure among adults with high blood pressure,%,Crude prevalence,79.6,77.0,82.0,8977,10083,"{'type': 'Point', 'coordinates': [-75.5632982, 39.7625423]}",19806,PREVENT,BPMED,CrdPrv,High Blood Pressure Medication
2022,19806,BRFSS,Health Outcomes,Cancer (non-skin) or melanoma among adults,%,Crude prevalence,9.9,9.0,10.8,8977,10083,"{'type': 'Point', 'coordinates': [-75.5632982, 39.7625423]}",19806,HLTHOUT,CANCER,CrdPrv,Cancer (non-skin) or Melanoma
2022,19806,BRFSS,Health Outcomes,Current asthma among adults,%,Crude prevalence,10.0,8.9,11.3,8977,10083,"{'type': 'Point', 'coordinates': [-75.5632982, 39.7625423]}",19806,HLTHOUT,CASTHMA,CrdPrv,Current Asthma
2022,19806,BRFSS,Health Outcomes,Coronary heart disease among adults,%,Crude prevalence,6.5,5.8,7.2,8977,10083,"{'type': 'Point', 'coordinates': [-75.5632982, 39.7625423]}",19806,HLTHOUT,CHD,CrdPrv,Coronary Heart Disease
2022,19806,BRFSS,Prevention,Visits to doctor for routine checkup within the past year among adults,%,Crude prevalence,78.4,75.0,81.5,8977,10083,"{'type': 'Point', 'coordinates': [-75.5632982, 39.7625423]}",19806,PREVENT,CHECKUP,CrdPrv,Annual Checkup
2021,19806,BRFSS,Prevention,Cholesterol screening among adults,%,Crude prevalence,89.9,87.9,91.6,8977,10083,"{'type': 'Point', 'coordinates': [-75.5632982, 39.7625423]}",19806,PREVENT,CHOLSCREEN,CrdPrv,Cholesterol Screening
2022,19806,BRFSS,Disability,Cognitive disability among adults,%,Crude prevalence,10.0,8.9,11.3,8977,10083,"{'type': 'Point', 'coordinates': [-75.5632982, 39.7625423]}",19806,DISABLT,COGNITION,CrdPrv,Cognitive Disability
2022,19806,BRFSS,Prevention,Colorectal cancer screening among adults aged 45–75 years,%,Crude prevalence,72.4,68.6,76.1,8977,10083,"{'type': 'Point', 'coordinates': [-75.5632982, 39.7625423]}",19806,PREVENT,COLON_SCREEN,CrdPrv,Colorectal Cancer Screening
2022,19806,BRFSS,Health Outcomes,Chronic obstructive pulmonary disease among adults,%,Crude prevalence,5.6,5.0,6.3,8977,10083,"{'type': 'Point', 'coordinates': [-75.5632982, 39.7625423]}",19806,HLTHOUT,COPD,CrdPrv,COPD
2022,19806,BRFSS,Health Risk Behaviors,Current cigarette smoking among adults,%,Crude prevalence,9.8,8.6,11.2,8977,10083,"{'type': 'Point', 'coordinates': [-75.5632982, 39.7625423]}",19806,RISKBEH,CSMOKING,CrdPrv,Current Cigarette Smoking
2022,19806,BRFSS,Prevention,Visited dentist or dental clinic in the past year among adults,%,Crude prevalence,70.7,67.5,73.7,8977,10083,"{'type': 'Point', 'coordinates': [-75.5632982, 39.7625423]}",19806,PREVENT,DENTAL,CrdPrv,Dental Visit
2022,19806,BRFSS,Health Outcomes,Depression among adults,%,Crude prevalence,20.0,17.3,23.1,8977,10083,"{'type': 'Point', 'coordinates': [-75.5632982, 39.7625423]}",19806,HLTHOUT,DEPRESSION,CrdPrv,Depression
2022,19806,BRFSS,Health Outcomes,Diagnosed diabetes among adults,%,Crude prevalence,11.6,10.2,13.1,8977,10083,"{'type': 'Point', 'coordinates': [-75.5632982, 39.7625423]}",19806,HLTHOUT,DIABETES,CrdPrv,Diabetes
2022,19806,BRFSS,Disability,Any disability among adults,%,Crude prevalence,24.3,21.5,27.3,8977,10083,"{'type': 'Point', 'coordinates': [-75.5632982, 39.7625423]}",19806,DISABLT,DISABILITY,CrdPrv,Any Disability
2022,19806,BRFSS,Health-Related Social Needs,Lack of social and emotional support among adults,%,Crude prevalence,18.7,16.2,21.3,8977,10083,"{'type': 'Point', 'coordinates': [-75.5632982, 39.7625423]}",19806,SOCLNEED,EMOTIONSPT,CrdPrv,Lack of Social/Emotional Support
2022,19806,BRFSS,Health-Related Social Needs,Food insecurity in the past 12 months among adults,%,Crude prevalence,8.6,7.7,9.6,8977,10083,"{'type': 'Point', 'coordinates': [-75.5632982, 39.7625423]}",19806,SOCLNEED,FOODINSECU,CrdPrv,Food Insecurity
2022,19807,BRFSS,Health Outcomes,Current asthma among adults,%,Crude prevalence,9.2,8.2,10.4,6615,8089,"{'type': 'Point', 'coordinates': [-75.6128401, 39.7965002]}",19807,HLTHOUT,CASTHMA,CrdPrv,Current Asthma
2022,19806,BRFSS,Health-Related Social Needs,Received food stamps in the past 12 months among adults,%,Crude prevalence,7.5,6.6,8.5,8977,10083,"{'type': 'Point', 'coordinates': [-75.5632982, 39.7625423]}",19806,SOCLNEED,FOODSTAMP,CrdPrv,Food Stamps
2022,19806,BRFSS,Health Status,Fair or poor self-rated health status among adults,%,Crude prevalence,13.1,11.7,14.7,8977,10083,"{'type': 'Point', 'coordinates': [-75.5632982, 39.7625423]}",19806,HLTHSTAT,GHLTH,CrdPrv,General Health
2022,19806,BRFSS,Disability,Hearing disability among adults,%,Crude prevalence,6.6,5.9,7.4,8977,10083,"{'type': 'Point', 'coordinates': [-75.5632982, 39.7625423]}",19806,DISABLT,HEARING,CrdPrv,Hearing Disability
2021,19806,BRFSS,Health Outcomes,High cholesterol among adults who have ever been screened,%,Crude prevalence,36.0,32.2,39.8,8977,10083,"{'type': 'Point', 'coordinates': [-75.5632982, 39.7625423]}",19806,HLTHOUT,HIGHCHOL,CrdPrv,High Cholesterol
2022,19806,BRFSS,Health-Related Social Needs,Housing insecurity in the past 12 months among adults,%,Crude prevalence,8.1,7.2,9.0,8977,10083,"{'type': 'Point', 'coordinates': [-75.5632982, 39.7625423]}",19806,SOCLNEED,HOUSINSECU,CrdPrv,Housing Insecurity
2022,19806,BRFSS,Disability,Independent living disability among adults,%,Crude prevalence,6.1,5.5,6.7,8977,10083,"{'type': 'Point', 'coordinates': [-75.5632982, 39.7625423]}",19806,DISABLT,INDEPLIVE,CrdPrv,Independent Living Disability
2022,19806,BRFSS,Health-Related Social Needs,Feeling socially isolated among adults,%,Crude prevalence,27.9,24.4,31.4,8977,10083,"{'type': 'Point', 'coordinates': [-75.5632982, 39.7625423]}",19806,SOCLNEED,ISOLATION,CrdPrv,Social Isolation
2022,19806,BRFSS,Health-Related Social Needs,Lack of reliable transportation in the past 12 months among adults,%,Crude prevalence,5.8,5.2,6.3,8977,10083,"{'type': 'Point', 'coordinates': [-75.5632982, 39.7625423]}",19806,SOCLNEED,LACKTRPT,CrdPrv,Transportation Barriers
2022,19806,BRFSS,Health Risk Behaviors,No leisure-time physical activity among adults,%,Crude prevalence,18.2,15.7,21.1,8977,10083,"{'type': 'Point', 'coordinates': [-75.5632982, 39.7625423]}",19806,RISKBEH,LPA,CrdPrv,Physical Inactivity
2022,19806,BRFSS,Prevention,Mammography use among women aged 50-74 years,%,Crude prevalence,80.2,74.7,84.9,8977,10083,"{'type': 'Point', 'coordinates': [-75.5632982, 39.7625423]}",19806,PREVENT,MAMMOUSE,CrdPrv,Mammography
2022,19806,BRFSS,Health Status,Frequent mental distress among adults,%,Crude prevalence,12.7,11.4,14.2,8977,10083,"{'type': 'Point', 'coordinates': [-75.5632982, 39.7625423]}",19806,HLTHSTAT,MHLTH,CrdPrv,Frequent Mental Distress
2022,19806,BRFSS,Disability,Mobility disability among adults,%,Crude prevalence,11.4,10.2,12.8,8977,10083,"{'type': 'Point', 'coordinates': [-75.5632982, 39.7625423]}",19806,DISABLT,MOBILITY,CrdPrv,Mobility Disability
2022,19806,BRFSS,Health Outcomes,Obesity among adults,%,Crude prevalence,33.5,28.2,39.1,8977,10083,"{'type': 'Point', 'coordinates': [-75.5632982, 39.7625423]}",19806,HLTHOUT,OBESITY,CrdPrv,Obesity
2022,19806,BRFSS,Health Status,Frequent physical distress among adults,%,Crude prevalence,9.8,8.7,11.0,8977,10083,"{'type': 'Point', 'coordinates': [-75.5632982, 39.7625423]}",19806,HLTHSTAT,PHLTH,CrdPrv,Frequent Physical Distress
2022,19806,BRFSS,Disability,Self-care disability among adults,%,Crude prevalence,2.8,2.6,3.1,8977,10083,"{'type': 'Point', 'coordinates': [-75.5632982, 39.7625423]}",19806,DISABLT,SELFCARE,CrdPrv,Self-care Disability
2022,19806,BRFSS,Health-Related Social Needs,Utility services shut-off threat in the past 12 months among adults,%,Crude prevalence,5.3,4.7,6.0,8977,10083,"{'type': 'Point', 'coordinates': [-75.5632982, 39.7625423]}",19806,SOCLNEED,SHUTUTILITY,CrdPrv,Utility Services Threat
2022,19806,BRFSS,Health Risk Behaviors,Short sleep duration among adults,%,Crude prevalence,30.3,25.9,35.1,8977,10083,"{'type': 'Point', 'coordinates': [-75.5632982, 39.7625423]}",19806,RISKBEH,SLEEP,CrdPrv,Short Sleep Duration
2022,19806,BRFSS,Health Outcomes,Stroke among adults,%,Crude prevalence,3.4,3.1,3.7,8977,10083,"{'type': 'Point', 'coordinates': [-75.5632982, 39.7625423]}",19806,HLTHOUT,STROKE,CrdPrv,Stroke
2022,19806,BRFSS,Health Outcomes,All teeth lost among adults aged >=65 years,%,Crude prevalence,8.0,6.6,9.7,8977,10083,"{'type': 'Point', 'coordinates': [-75.5632982, 39.7625423]}",19806,HLTHOUT,TEETHLOST,CrdPrv,All Teeth Lost
2022,19806,BRFSS,Disability,Vision disability among adults,%,Crude prevalence,3.9,3.6,4.3,8977,10083,"{'type': 'Point', 'coordinates': [-75.5632982, 39.7625423]}",19806,DISABLT,VISION,CrdPrv,Vision Disability
2022,19807,BRFSS,Prevention,Current lack of health insurance among adults aged 18-64 years,%,Crude prevalence,4.4,3.6,5.2,6615,8089,"{'type': 'Point', 'coordinates': [-75.6128401, 39.7965002]}",19807,PREVENT,ACCESS2,CrdPrv,Health Insurance
2022,19807,BRFSS,Health Outcomes,Arthritis among adults,%,Crude prevalence,28.7,25.8,31.7,6615,8089,"{'type': 'Point', 'coordinates': [-75.6128401, 39.7965002]}",19807,HLTHOUT,ARTHRITIS,CrdPrv,Arthritis
2022,19807,BRFSS,Health Risk Behaviors,Binge drinking among adults,%,Crude prevalence,14.7,12.4,17.2,6615,8089,"{'type': 'Point', 'coordinates': [-75.6128401, 39.7965002]}",19807,RISKBEH,BINGE,CrdPrv,Binge Drinking
2021,19807,BRFSS,Health Outcomes,High blood pressure among adults,%,Crude prevalence,34.3,30.6,38.2,6615,8089,"{'type': 'Point', 'coordinates': [-75.6128401, 39.7965002]}",19807,HLTHOUT,BPHIGH,CrdPrv,High Blood Pressure
2021,19807,BRFSS,Prevention,Taking medicine to control high blood pressure among adults with high blood pressure,%,Crude prevalence,81.5,78.5,84.2,6615,8089,"{'type': 'Point', 'coordinates': [-75.6128401, 39.7965002]}",19807,PREVENT,BPMED,CrdPrv,High Blood Pressure Medication
2022,19807,BRFSS,Health Outcomes,Cancer (non-skin) or melanoma among adults,%,Crude prevalence,12.2,11.1,13.3,6615,8089,"{'type': 'Point', 'coordinates': [-75.6128401, 39.7965002]}",19807,HLTHOUT,CANCER,CrdPrv,Cancer (non-skin) or Melanoma
2022,19807,BRFSS,Health Outcomes,Coronary heart disease among adults,%,Crude prevalence,7.2,6.4,7.9,6615,8089,"{'type': 'Point', 'coordinates': [-75.6128401, 39.7965002]}",19807,HLTHOUT,CHD,CrdPrv,Coronary Heart Disease
2022,19807,BRFSS,Prevention,Visits to doctor for routine checkup within the past year among adults,%,Crude prevalence,80.5,77.4,83.4,6615,8089,"{'type': 'Point', 'coordinates': [-75.6128401, 39.7965002]}",19807,PREVENT,CHECKUP,CrdPrv,Annual Checkup
2021,19807,BRFSS,Prevention,Cholesterol screening among adults,%,Crude prevalence,92.6,91.1,94.0,6615,8089,"{'type': 'Point', 'coordinates': [-75.6128401, 39.7965002]}",19807,PREVENT,CHOLSCREEN,CrdPrv,Cholesterol Screening
2022,19807,BRFSS,Disability,Cognitive disability among adults,%,Crude prevalence,8.3,7.4,9.3,6615,8089,"{'type': 'Point', 'coordinates': [-75.6128401, 39.7965002]}",19807,DISABLT,COGNITION,CrdPrv,Cognitive Disability
2022,19807,BRFSS,Prevention,Colorectal cancer screening among adults aged 45–75 years,%,Crude prevalence,71.0,67.0,74.8,6615,8089,"{'type': 'Point', 'coordinates': [-75.6128401, 39.7965002]}",19807,PREVENT,COLON_SCREEN,CrdPrv,Colorectal Cancer Screening
2022,19807,BRFSS,Health Outcomes,Chronic obstructive pulmonary disease among adults,%,Crude prevalence,5.2,4.7,5.8,6615,8089,"{'type': 'Point', 'coordinates': [-75.6128401, 39.7965002]}",19807,HLTHOUT,COPD,CrdPrv,COPD
2022,19807,BRFSS,Health Risk Behaviors,Current cigarette smoking among adults,%,Crude prevalence,7.5,6.5,8.6,6615,8089,"{'type': 'Point', 'coordinates': [-75.6128401, 39.7965002]}",19807,RISKBEH,CSMOKING,CrdPrv,Current Cigarette Smoking
2022,19807,BRFSS,Prevention,Visited dentist or dental clinic in the past year among adults,%,Crude prevalence,75.8,72.8,78.5,6615,8089,"{'type': 'Point', 'coordinates': [-75.6128401, 39.7965002]}",19807,PREVENT,DENTAL,CrdPrv,Dental Visit
2022,19807,BRFSS,Health Outcomes,Depression among adults,%,Crude prevalence,18.2,15.7,21.0,6615,8089,"{'type': 'Point', 'coordinates': [-75.6128401, 39.7965002]}",19807,HLTHOUT,DEPRESSION,CrdPrv,Depression
2022,19807,BRFSS,Health Outcomes,Diagnosed diabetes among adults,%,Crude prevalence,11.5,10.0,13.0,6615,8089,"{'type': 'Point', 'coordinates': [-75.6128401, 39.7965002]}",19807,HLTHOUT,DIABETES,CrdPrv,Diabetes
2022,19807,BRFSS,Disability,Any disability among adults,%,Crude prevalence,22.8,20.2,25.7,6615,8089,"{'type': 'Point', 'coordinates': [-75.6128401, 39.7965002]}",19807,DISABLT,DISABILITY,CrdPrv,Any Disability
2022,19807,BRFSS,Health-Related Social Needs,Lack of social and emotional support among adults,%,Crude prevalence,17.7,15.4,20.2,6615,8089,"{'type': 'Point', 'coordinates': [-75.6128401, 39.7965002]}",19807,SOCLNEED,EMOTIONSPT,CrdPrv,Lack of Social/Emotional Support
2022,19807,BRFSS,Health-Related Social Needs,Food insecurity in the past 12 months among adults,%,Crude prevalence,6.1,5.4,6.8,6615,8089,"{'type': 'Point', 'coordinates': [-75.6128401, 39.7965002]}",19807,SOCLNEED,FOODINSECU,CrdPrv,Food Insecurity
2022,19807,BRFSS,Health-Related Social Needs,Received food stamps in the past 12 months among adults,%,Crude prevalence,4.4,3.8,5.1,6615,8089,"{'type': 'Point', 'coordinates': [-75.6128401, 39.7965002]}",19807,SOCLNEED,FOODSTAMP,CrdPrv,Food Stamps
2022,19807,BRFSS,Health Status,Fair or poor self-rated health status among adults,%,Crude prevalence,11.3,10.1,12.7,6615,8089,"{'type': 'Point', 'coordinates': [-75.6128401, 39.7965002]}",19807,HLTHSTAT,GHLTH,CrdPrv,General Health
2022,19807,BRFSS,Disability,Hearing disability among adults,%,Crude prevalence,7.4,6.6,8.3,6615,8089,"{'type': 'Point', 'coordinates': [-75.6128401, 39.7965002]}",19807,DISABLT,HEARING,CrdPrv,Hearing Disability
2021,19807,BRFSS,Health Outcomes,High cholesterol among adults who have ever been screened,%,Crude prevalence,39.7,35.7,43.9,6615,8089,"{'type': 'Point', 'coordinates': [-75.6128401, 39.7965002]}",19807,HLTHOUT,HIGHCHOL,CrdPrv,High Cholesterol
2022,19807,BRFSS,Health-Related Social Needs,Housing insecurity in the past 12 months among adults,%,Crude prevalence,5.7,5.1,6.4,6615,8089,"{'type': 'Point', 'coordinates': [-75.6128401, 39.7965002]}",19807,SOCLNEED,HOUSINSECU,CrdPrv,Housing Insecurity
2022,19807,BRFSS,Disability,Independent living disability among adults,%,Crude prevalence,5.0,4.5,5.6,6615,8089,"{'type': 'Point', 'coordinates': [-75.6128401, 39.7965002]}",19807,DISABLT,INDEPLIVE,CrdPrv,Independent Living Disability
2022,19807,BRFSS,Health-Related Social Needs,Feeling socially isolated among adults,%,Crude prevalence,26.0,22.7,29.5,6615,8089,"{'type': 'Point', 'coordinates': [-75.6128401, 39.7965002]}",19807,SOCLNEED,ISOLATION,CrdPrv,Social Isolation
2022,19807,BRFSS,Health-Related Social Needs,Lack of reliable transportation in the past 12 months among adults,%,Crude prevalence,4.2,3.9,4.7,6615,8089,"{'type': 'Point', 'coordinates': [-75.6128401, 39.7965002]}",19807,SOCLNEED,LACKTRPT,CrdPrv,Transportation Barriers
2022,19807,BRFSS,Health Risk Behaviors,No leisure-time physical activity among adults,%,Crude prevalence,16.3,13.9,19.0,6615,8089,"{'type': 'Point', 'coordinates': [-75.6128401, 39.7965002]}",19807,RISKBEH,LPA,CrdPrv,Physical Inactivity
2022,19807,BRFSS,Prevention,Mammography use among women aged 50-74 years,%,Crude prevalence,78.2,72.4,83.4,6615,8089,"{'type': 'Point', 'coordinates': [-75.6128401, 39.7965002]}",19807,PREVENT,MAMMOUSE,CrdPrv,Mammography
2022,19807,BRFSS,Health Status,Frequent mental distress among adults,%,Crude prevalence,10.6,9.5,11.8,6615,8089,"{'type': 'Point', 'coordinates': [-75.6128401, 39.7965002]}",19807,HLTHSTAT,MHLTH,CrdPrv,Frequent Mental Distress
2022,19807,BRFSS,Disability,Mobility disability among adults,%,Crude prevalence,10.5,9.3,11.8,6615,8089,"{'type': 'Point', 'coordinates': [-75.6128401, 39.7965002]}",19807,DISABLT,MOBILITY,CrdPrv,Mobility Disability
2022,19807,BRFSS,Health Outcomes,Obesity among adults,%,Crude prevalence,29.7,24.8,35.0,6615,8089,"{'type': 'Point', 'coordinates': [-75.6128401, 39.7965002]}",19807,HLTHOUT,OBESITY,CrdPrv,Obesity
2022,19809,BRFSS,Health Outcomes,Current asthma among adults,%,Crude prevalence,10.6,9.4,11.9,11773,14658,"{'type': 'Point', 'coordinates': [-75.5010351, 39.7566739]}",19809,HLTHOUT,CASTHMA,CrdPrv,Current Asthma
2022,19807,BRFSS,Health Status,Frequent physical distress among adults,%,Crude prevalence,9.2,8.2,10.3,6615,8089,"{'type': 'Point', 'coordinates': [-75.6128401, 39.7965002]}",19807,HLTHSTAT,PHLTH,CrdPrv,Frequent Physical Distress
2022,19807,BRFSS,Disability,Self-care disability among adults,%,Crude prevalence,2.2,2.1,2.4,6615,8089,"{'type': 'Point', 'coordinates': [-75.6128401, 39.7965002]}",19807,DISABLT,SELFCARE,CrdPrv,Self-care Disability
2022,19807,BRFSS,Health-Related Social Needs,Utility services shut-off threat in the past 12 months among adults,%,Crude prevalence,3.7,3.2,4.2,6615,8089,"{'type': 'Point', 'coordinates': [-75.6128401, 39.7965002]}",19807,SOCLNEED,SHUTUTILITY,CrdPrv,Utility Services Threat
2022,19807,BRFSS,Health Risk Behaviors,Short sleep duration among adults,%,Crude prevalence,27.5,23.4,32.0,6615,8089,"{'type': 'Point', 'coordinates': [-75.6128401, 39.7965002]}",19807,RISKBEH,SLEEP,CrdPrv,Short Sleep Duration
2022,19807,BRFSS,Health Outcomes,Stroke among adults,%,Crude prevalence,3.2,3.0,3.5,6615,8089,"{'type': 'Point', 'coordinates': [-75.6128401, 39.7965002]}",19807,HLTHOUT,STROKE,CrdPrv,Stroke
2022,19807,BRFSS,Health Outcomes,All teeth lost among adults aged >=65 years,%,Crude prevalence,6.3,5.1,7.7,6615,8089,"{'type': 'Point', 'coordinates': [-75.6128401, 39.7965002]}",19807,HLTHOUT,TEETHLOST,CrdPrv,All Teeth Lost
2022,19807,BRFSS,Disability,Vision disability among adults,%,Crude prevalence,3.2,2.9,3.5,6615,8089,"{'type': 'Point', 'coordinates': [-75.6128401, 39.7965002]}",19807,DISABLT,VISION,CrdPrv,Vision Disability
2022,19808,BRFSS,Prevention,Current lack of health insurance among adults aged 18-64 years,%,Crude prevalence,7.8,6.7,8.9,31618,39285,"{'type': 'Point', 'coordinates': [-75.6670572, 39.7376151]}",19808,PREVENT,ACCESS2,CrdPrv,Health Insurance
2022,19808,BRFSS,Health Outcomes,Arthritis among adults,%,Crude prevalence,27.0,24.2,29.9,31618,39285,"{'type': 'Point', 'coordinates': [-75.6670572, 39.7376151]}",19808,HLTHOUT,ARTHRITIS,CrdPrv,Arthritis
2022,19808,BRFSS,Health Risk Behaviors,Binge drinking among adults,%,Crude prevalence,16.3,13.8,19.0,31618,39285,"{'type': 'Point', 'coordinates': [-75.6670572, 39.7376151]}",19808,RISKBEH,BINGE,CrdPrv,Binge Drinking
2021,19808,BRFSS,Health Outcomes,High blood pressure among adults,%,Crude prevalence,33.3,29.6,37.0,31618,39285,"{'type': 'Point', 'coordinates': [-75.6670572, 39.7376151]}",19808,HLTHOUT,BPHIGH,CrdPrv,High Blood Pressure
2021,19808,BRFSS,Prevention,Taking medicine to control high blood pressure among adults with high blood pressure,%,Crude prevalence,78.5,75.4,81.3,31618,39285,"{'type': 'Point', 'coordinates': [-75.6670572, 39.7376151]}",19808,PREVENT,BPMED,CrdPrv,High Blood Pressure Medication
2022,19808,BRFSS,Health Outcomes,Cancer (non-skin) or melanoma among adults,%,Crude prevalence,9.4,8.6,10.3,31618,39285,"{'type': 'Point', 'coordinates': [-75.6670572, 39.7376151]}",19808,HLTHOUT,CANCER,CrdPrv,Cancer (non-skin) or Melanoma
2022,19808,BRFSS,Health Outcomes,Current asthma among adults,%,Crude prevalence,10.2,9.0,11.4,31618,39285,"{'type': 'Point', 'coordinates': [-75.6670572, 39.7376151]}",19808,HLTHOUT,CASTHMA,CrdPrv,Current Asthma
2022,19808,BRFSS,Health Outcomes,Coronary heart disease among adults,%,Crude prevalence,6.5,5.8,7.1,31618,39285,"{'type': 'Point', 'coordinates': [-75.6670572, 39.7376151]}",19808,HLTHOUT,CHD,CrdPrv,Coronary Heart Disease
2022,19808,BRFSS,Prevention,Visits to doctor for routine checkup within the past year among adults,%,Crude prevalence,77.2,73.7,80.5,31618,39285,"{'type': 'Point', 'coordinates': [-75.6670572, 39.7376151]}",19808,PREVENT,CHECKUP,CrdPrv,Annual Checkup
2021,19808,BRFSS,Prevention,Cholesterol screening among adults,%,Crude prevalence,89.7,87.6,91.5,31618,39285,"{'type': 'Point', 'coordinates': [-75.6670572, 39.7376151]}",19808,PREVENT,CHOLSCREEN,CrdPrv,Cholesterol Screening
2022,19808,BRFSS,Disability,Cognitive disability among adults,%,Crude prevalence,11.5,10.3,12.9,31618,39285,"{'type': 'Point', 'coordinates': [-75.6670572, 39.7376151]}",19808,DISABLT,COGNITION,CrdPrv,Cognitive Disability
2022,19808,BRFSS,Prevention,Colorectal cancer screening among adults aged 45–75 years,%,Crude prevalence,68.6,64.4,72.5,31618,39285,"{'type': 'Point', 'coordinates': [-75.6670572, 39.7376151]}",19808,PREVENT,COLON_SCREEN,CrdPrv,Colorectal Cancer Screening
2022,19808,BRFSS,Health Outcomes,Chronic obstructive pulmonary disease among adults,%,Crude prevalence,6.5,5.8,7.3,31618,39285,"{'type': 'Point', 'coordinates': [-75.6670572, 39.7376151]}",19808,HLTHOUT,COPD,CrdPrv,COPD
2022,19808,BRFSS,Health Risk Behaviors,Current cigarette smoking among adults,%,Crude prevalence,13.0,11.5,14.8,31618,39285,"{'type': 'Point', 'coordinates': [-75.6670572, 39.7376151]}",19808,RISKBEH,CSMOKING,CrdPrv,Current Cigarette Smoking
2022,19808,BRFSS,Prevention,Visited dentist or dental clinic in the past year among adults,%,Crude prevalence,67.7,64.3,71.0,31618,39285,"{'type': 'Point', 'coordinates': [-75.6670572, 39.7376151]}",19808,PREVENT,DENTAL,CrdPrv,Dental Visit
2022,19808,BRFSS,Health Outcomes,Depression among adults,%,Crude prevalence,20.4,17.6,23.5,31618,39285,"{'type': 'Point', 'coordinates': [-75.6670572, 39.7376151]}",19808,HLTHOUT,DEPRESSION,CrdPrv,Depression
2022,19808,BRFSS,Health Outcomes,Diagnosed diabetes among adults,%,Crude prevalence,12.1,10.6,13.7,31618,39285,"{'type': 'Point', 'coordinates': [-75.6670572, 39.7376151]}",19808,HLTHOUT,DIABETES,CrdPrv,Diabetes
2022,19808,BRFSS,Disability,Any disability among adults,%,Crude prevalence,25.9,23.0,29.1,31618,39285,"{'type': 'Point', 'coordinates': [-75.6670572, 39.7376151]}",19808,DISABLT,DISABILITY,CrdPrv,Any Disability
2022,19808,BRFSS,Health-Related Social Needs,Lack of social and emotional support among adults,%,Crude prevalence,21.2,18.6,24.1,31618,39285,"{'type': 'Point', 'coordinates': [-75.6670572, 39.7376151]}",19808,SOCLNEED,EMOTIONSPT,CrdPrv,Lack of Social/Emotional Support
2022,19808,BRFSS,Health-Related Social Needs,Food insecurity in the past 12 months among adults,%,Crude prevalence,9.9,8.9,11.0,31618,39285,"{'type': 'Point', 'coordinates': [-75.6670572, 39.7376151]}",19808,SOCLNEED,FOODINSECU,CrdPrv,Food Insecurity
2022,19808,BRFSS,Health-Related Social Needs,Received food stamps in the past 12 months among adults,%,Crude prevalence,7.7,6.7,8.7,31618,39285,"{'type': 'Point', 'coordinates': [-75.6670572, 39.7376151]}",19808,SOCLNEED,FOODSTAMP,CrdPrv,Food Stamps
2022,19808,BRFSS,Health Status,Fair or poor self-rated health status among adults,%,Crude prevalence,14.9,13.3,16.6,31618,39285,"{'type': 'Point', 'coordinates': [-75.6670572, 39.7376151]}",19808,HLTHSTAT,GHLTH,CrdPrv,General Health
2022,19808,BRFSS,Disability,Hearing disability among adults,%,Crude prevalence,6.7,6.0,7.5,31618,39285,"{'type': 'Point', 'coordinates': [-75.6670572, 39.7376151]}",19808,DISABLT,HEARING,CrdPrv,Hearing Disability
2021,19808,BRFSS,Health Outcomes,High cholesterol among adults who have ever been screened,%,Crude prevalence,37.3,33.5,41.2,31618,39285,"{'type': 'Point', 'coordinates': [-75.6670572, 39.7376151]}",19808,HLTHOUT,HIGHCHOL,CrdPrv,High Cholesterol
2022,19808,BRFSS,Health-Related Social Needs,Housing insecurity in the past 12 months among adults,%,Crude prevalence,9.4,8.4,10.5,31618,39285,"{'type': 'Point', 'coordinates': [-75.6670572, 39.7376151]}",19808,SOCLNEED,HOUSINSECU,CrdPrv,Housing Insecurity
2022,19808,BRFSS,Disability,Independent living disability among adults,%,Crude prevalence,6.5,5.9,7.2,31618,39285,"{'type': 'Point', 'coordinates': [-75.6670572, 39.7376151]}",19808,DISABLT,INDEPLIVE,CrdPrv,Independent Living Disability
2022,19808,BRFSS,Health-Related Social Needs,Feeling socially isolated among adults,%,Crude prevalence,28.9,25.4,32.6,31618,39285,"{'type': 'Point', 'coordinates': [-75.6670572, 39.7376151]}",19808,SOCLNEED,ISOLATION,CrdPrv,Social Isolation
2022,19808,BRFSS,Health-Related Social Needs,Lack of reliable transportation in the past 12 months among adults,%,Crude prevalence,6.2,5.7,6.8,31618,39285,"{'type': 'Point', 'coordinates': [-75.6670572, 39.7376151]}",19808,SOCLNEED,LACKTRPT,CrdPrv,Transportation Barriers
2022,19808,BRFSS,Health Risk Behaviors,No leisure-time physical activity among adults,%,Crude prevalence,21.0,18.1,24.2,31618,39285,"{'type': 'Point', 'coordinates': [-75.6670572, 39.7376151]}",19808,RISKBEH,LPA,CrdPrv,Physical Inactivity
2022,19808,BRFSS,Prevention,Mammography use among women aged 50-74 years,%,Crude prevalence,77.9,72.2,83.1,31618,39285,"{'type': 'Point', 'coordinates': [-75.6670572, 39.7376151]}",19808,PREVENT,MAMMOUSE,CrdPrv,Mammography
2022,19808,BRFSS,Health Status,Frequent mental distress among adults,%,Crude prevalence,13.8,12.4,15.3,31618,39285,"{'type': 'Point', 'coordinates': [-75.6670572, 39.7376151]}",19808,HLTHSTAT,MHLTH,CrdPrv,Frequent Mental Distress
2022,19808,BRFSS,Disability,Mobility disability among adults,%,Crude prevalence,12.0,10.6,13.4,31618,39285,"{'type': 'Point', 'coordinates': [-75.6670572, 39.7376151]}",19808,DISABLT,MOBILITY,CrdPrv,Mobility Disability
2022,19808,BRFSS,Health Outcomes,Obesity among adults,%,Crude prevalence,34.2,28.9,39.9,31618,39285,"{'type': 'Point', 'coordinates': [-75.6670572, 39.7376151]}",19808,HLTHOUT,OBESITY,CrdPrv,Obesity
2022,19808,BRFSS,Health Status,Frequent physical distress among adults,%,Crude prevalence,11.0,9.8,12.3,31618,39285,"{'type': 'Point', 'coordinates': [-75.6670572, 39.7376151]}",19808,HLTHSTAT,PHLTH,CrdPrv,Frequent Physical Distress
2022,19808,BRFSS,Disability,Self-care disability among adults,%,Crude prevalence,2.9,2.7,3.2,31618,39285,"{'type': 'Point', 'coordinates': [-75.6670572, 39.7376151]}",19808,DISABLT,SELFCARE,CrdPrv,Self-care Disability
2022,19808,BRFSS,Health-Related Social Needs,Utility services shut-off threat in the past 12 months among adults,%,Crude prevalence,5.7,5.0,6.5,31618,39285,"{'type': 'Point', 'coordinates': [-75.6670572, 39.7376151]}",19808,SOCLNEED,SHUTUTILITY,CrdPrv,Utility Services Threat
2022,19808,BRFSS,Health Risk Behaviors,Short sleep duration among adults,%,Crude prevalence,32.1,27.6,37.0,31618,39285,"{'type': 'Point', 'coordinates': [-75.6670572, 39.7376151]}",19808,RISKBEH,SLEEP,CrdPrv,Short Sleep Duration
2022,19808,BRFSS,Health Outcomes,Stroke among adults,%,Crude prevalence,3.3,3.0,3.5,31618,39285,"{'type': 'Point', 'coordinates': [-75.6670572, 39.7376151]}",19808,HLTHOUT,STROKE,CrdPrv,Stroke
2022,19808,BRFSS,Health Outcomes,All teeth lost among adults aged >=65 years,%,Crude prevalence,8.2,6.7,9.9,31618,39285,"{'type': 'Point', 'coordinates': [-75.6670572, 39.7376151]}",19808,HLTHOUT,TEETHLOST,CrdPrv,All Teeth Lost
2022,19808,BRFSS,Disability,Vision disability among adults,%,Crude prevalence,4.1,3.8,4.5,31618,39285,"{'type': 'Point', 'coordinates': [-75.6670572, 39.7376151]}",19808,DISABLT,VISION,CrdPrv,Vision Disability
2022,19809,BRFSS,Prevention,Current lack of health insurance among adults aged 18-64 years,%,Crude prevalence,6.7,5.6,7.7,11773,14658,"{'type': 'Point', 'coordinates': [-75.5010351, 39.7566739]}",19809,PREVENT,ACCESS2,CrdPrv,Health Insurance
2022,19809,BRFSS,Health Outcomes,Arthritis among adults,%,Crude prevalence,26.5,23.7,29.4,11773,14658,"{'type': 'Point', 'coordinates': [-75.5010351, 39.7566739]}",19809,HLTHOUT,ARTHRITIS,CrdPrv,Arthritis
2022,19809,BRFSS,Health Risk Behaviors,Binge drinking among adults,%,Crude prevalence,16.1,13.6,18.8,11773,14658,"{'type': 'Point', 'coordinates': [-75.5010351, 39.7566739]}",19809,RISKBEH,BINGE,CrdPrv,Binge Drinking
2021,19809,BRFSS,Health Outcomes,High blood pressure among adults,%,Crude prevalence,34.0,30.4,37.8,11773,14658,"{'type': 'Point', 'coordinates': [-75.5010351, 39.7566739]}",19809,HLTHOUT,BPHIGH,CrdPrv,High Blood Pressure
2021,19809,BRFSS,Prevention,Taking medicine to control high blood pressure among adults with high blood pressure,%,Crude prevalence,77.9,74.7,80.8,11773,14658,"{'type': 'Point', 'coordinates': [-75.5010351, 39.7566739]}",19809,PREVENT,BPMED,CrdPrv,High Blood Pressure Medication
2022,19809,BRFSS,Health Outcomes,Cancer (non-skin) or melanoma among adults,%,Crude prevalence,8.6,7.8,9.4,11773,14658,"{'type': 'Point', 'coordinates': [-75.5010351, 39.7566739]}",19809,HLTHOUT,CANCER,CrdPrv,Cancer (non-skin) or Melanoma
2022,19809,BRFSS,Health Outcomes,Coronary heart disease among adults,%,Crude prevalence,6.1,5.5,6.7,11773,14658,"{'type': 'Point', 'coordinates': [-75.5010351, 39.7566739]}",19809,HLTHOUT,CHD,CrdPrv,Coronary Heart Disease
2022,19809,BRFSS,Prevention,Visits to doctor for routine checkup within the past year among adults,%,Crude prevalence,77.9,74.5,81.2,11773,14658,"{'type': 'Point', 'coordinates': [-75.5010351, 39.7566739]}",19809,PREVENT,CHECKUP,CrdPrv,Annual Checkup
2021,19809,BRFSS,Prevention,Cholesterol screening among adults,%,Crude prevalence,89.9,87.9,91.7,11773,14658,"{'type': 'Point', 'coordinates': [-75.5010351, 39.7566739]}",19809,PREVENT,CHOLSCREEN,CrdPrv,Cholesterol Screening
2022,19809,BRFSS,Disability,Cognitive disability among adults,%,Crude prevalence,11.3,10.1,12.6,11773,14658,"{'type': 'Point', 'coordinates': [-75.5010351, 39.7566739]}",19809,DISABLT,COGNITION,CrdPrv,Cognitive Disability
2022,19809,BRFSS,Prevention,Colorectal cancer screening among adults aged 45–75 years,%,Crude prevalence,69.3,65.3,73.2,11773,14658,"{'type': 'Point', 'coordinates': [-75.5010351, 39.7566739]}",19809,PREVENT,COLON_SCREEN,CrdPrv,Colorectal Cancer Screening
2022,19809,BRFSS,Health Outcomes,Chronic obstructive pulmonary disease among adults,%,Crude prevalence,6.3,5.6,7.0,11773,14658,"{'type': 'Point', 'coordinates': [-75.5010351, 39.7566739]}",19809,HLTHOUT,COPD,CrdPrv,COPD
2022,19809,BRFSS,Health Risk Behaviors,Current cigarette smoking among adults,%,Crude prevalence,13.1,11.5,14.8,11773,14658,"{'type': 'Point', 'coordinates': [-75.5010351, 39.7566739]}",19809,RISKBEH,CSMOKING,CrdPrv,Current Cigarette Smoking
2022,19809,BRFSS,Prevention,Visited dentist or dental clinic in the past year among adults,%,Crude prevalence,67.0,63.5,70.3,11773,14658,"{'type': 'Point', 'coordinates': [-75.5010351, 39.7566739]}",19809,PREVENT,DENTAL,CrdPrv,Dental Visit
2022,19809,BRFSS,Health Outcomes,Depression among adults,%,Crude prevalence,20.5,17.7,23.6,11773,14658,"{'type': 'Point', 'coordinates': [-75.5010351, 39.7566739]}",19809,HLTHOUT,DEPRESSION,CrdPrv,Depression
2022,19809,BRFSS,Health Outcomes,Diagnosed diabetes among adults,%,Crude prevalence,12.2,10.7,13.8,11773,14658,"{'type': 'Point', 'coordinates': [-75.5010351, 39.7566739]}",19809,HLTHOUT,DIABETES,CrdPrv,Diabetes
2022,19809,BRFSS,Disability,Any disability among adults,%,Crude prevalence,25.2,22.3,28.3,11773,14658,"{'type': 'Point', 'coordinates': [-75.5010351, 39.7566739]}",19809,DISABLT,DISABILITY,CrdPrv,Any Disability
2022,19809,BRFSS,Health-Related Social Needs,Lack of social and emotional support among adults,%,Crude prevalence,21.8,19.1,24.7,11773,14658,"{'type': 'Point', 'coordinates': [-75.5010351, 39.7566739]}",19809,SOCLNEED,EMOTIONSPT,CrdPrv,Lack of Social/Emotional Support
2022,19809,BRFSS,Health-Related Social Needs,Food insecurity in the past 12 months among adults,%,Crude prevalence,11.3,10.2,12.6,11773,14658,"{'type': 'Point', 'coordinates': [-75.5010351, 39.7566739]}",19809,SOCLNEED,FOODINSECU,CrdPrv,Food Insecurity
2022,19809,BRFSS,Health-Related Social Needs,Received food stamps in the past 12 months among adults,%,Crude prevalence,9.9,8.6,11.2,11773,14658,"{'type': 'Point', 'coordinates': [-75.5010351, 39.7566739]}",19809,SOCLNEED,FOODSTAMP,CrdPrv,Food Stamps
2022,19809,BRFSS,Health Status,Fair or poor self-rated health status among adults,%,Crude prevalence,14.8,13.2,16.5,11773,14658,"{'type': 'Point', 'coordinates': [-75.5010351, 39.7566739]}",19809,HLTHSTAT,GHLTH,CrdPrv,General Health
2022,19809,BRFSS,Disability,Hearing disability among adults,%,Crude prevalence,6.1,5.4,6.8,11773,14658,"{'type': 'Point', 'coordinates': [-75.5010351, 39.7566739]}",19809,DISABLT,HEARING,CrdPrv,Hearing Disability
2021,19809,BRFSS,Health Outcomes,High cholesterol among adults who have ever been screened,%,Crude prevalence,35.9,32.1,39.8,11773,14658,"{'type': 'Point', 'coordinates': [-75.5010351, 39.7566739]}",19809,HLTHOUT,HIGHCHOL,CrdPrv,High Cholesterol
2022,19809,BRFSS,Health-Related Social Needs,Housing insecurity in the past 12 months among adults,%,Crude prevalence,11.2,10.0,12.4,11773,14658,"{'type': 'Point', 'coordinates': [-75.5010351, 39.7566739]}",19809,SOCLNEED,HOUSINSECU,CrdPrv,Housing Insecurity
2022,19809,BRFSS,Disability,Independent living disability among adults,%,Crude prevalence,6.6,5.9,7.3,11773,14658,"{'type': 'Point', 'coordinates': [-75.5010351, 39.7566739]}",19809,DISABLT,INDEPLIVE,CrdPrv,Independent Living Disability
2022,19809,BRFSS,Health-Related Social Needs,Feeling socially isolated among adults,%,Crude prevalence,29.4,25.9,33.1,11773,14658,"{'type': 'Point', 'coordinates': [-75.5010351, 39.7566739]}",19809,SOCLNEED,ISOLATION,CrdPrv,Social Isolation
2022,19809,BRFSS,Health-Related Social Needs,Lack of reliable transportation in the past 12 months among adults,%,Crude prevalence,7.1,6.5,7.8,11773,14658,"{'type': 'Point', 'coordinates': [-75.5010351, 39.7566739]}",19809,SOCLNEED,LACKTRPT,CrdPrv,Transportation Barriers
2022,19809,BRFSS,Health Risk Behaviors,No leisure-time physical activity among adults,%,Crude prevalence,20.5,17.6,23.7,11773,14658,"{'type': 'Point', 'coordinates': [-75.5010351, 39.7566739]}",19809,RISKBEH,LPA,CrdPrv,Physical Inactivity
2022,19809,BRFSS,Prevention,Mammography use among women aged 50-74 years,%,Crude prevalence,77.9,72.2,83.1,11773,14658,"{'type': 'Point', 'coordinates': [-75.5010351, 39.7566739]}",19809,PREVENT,MAMMOUSE,CrdPrv,Mammography
2022,19809,BRFSS,Health Status,Frequent mental distress among adults,%,Crude prevalence,14.1,12.7,15.6,11773,14658,"{'type': 'Point', 'coordinates': [-75.5010351, 39.7566739]}",19809,HLTHSTAT,MHLTH,CrdPrv,Frequent Mental Distress
2022,19809,BRFSS,Disability,Mobility disability among adults,%,Crude prevalence,11.9,10.6,13.3,11773,14658,"{'type': 'Point', 'coordinates': [-75.5010351, 39.7566739]}",19809,DISABLT,MOBILITY,CrdPrv,Mobility Disability
2022,19809,BRFSS,Health Outcomes,Obesity among adults,%,Crude prevalence,36.6,31.1,42.4,11773,14658,"{'type': 'Point', 'coordinates': [-75.5010351, 39.7566739]}",19809,HLTHOUT,OBESITY,CrdPrv,Obesity
2022,19809,BRFSS,Health Status,Frequent physical distress among adults,%,Crude prevalence,10.9,9.7,12.1,11773,14658,"{'type': 'Point', 'coordinates': [-75.5010351, 39.7566739]}",19809,HLTHSTAT,PHLTH,CrdPrv,Frequent Physical Distress
2022,19809,BRFSS,Disability,Self-care disability among adults,%,Crude prevalence,3.1,2.9,3.4,11773,14658,"{'type': 'Point', 'coordinates': [-75.5010351, 39.7566739]}",19809,DISABLT,SELFCARE,CrdPrv,Self-care Disability
2022,19809,BRFSS,Health-Related Social Needs,Utility services shut-off threat in the past 12 months among adults,%,Crude prevalence,7.2,6.4,8.1,11773,14658,"{'type': 'Point', 'coordinates': [-75.5010351, 39.7566739]}",19809,SOCLNEED,SHUTUTILITY,CrdPrv,Utility Services Threat
2022,19809,BRFSS,Health Risk Behaviors,Short sleep duration among adults,%,Crude prevalence,34.1,29.4,39.1,11773,14658,"{'type': 'Point', 'coordinates': [-75.5010351, 39.7566739]}",19809,RISKBEH,SLEEP,CrdPrv,Short Sleep Duration
2022,19809,BRFSS,Health Outcomes,Stroke among adults,%,Crude prevalence,3.3,3.1,3.6,11773,14658,"{'type': 'Point', 'coordinates': [-75.5010351, 39.7566739]}",19809,HLTHOUT,STROKE,CrdPrv,Stroke
2022,19809,BRFSS,Health Outcomes,All teeth lost among adults aged >=65 years,%,Crude prevalence,9.8,8.0,11.8,11773,14658,"{'type': 'Point', 'coordinates': [-75.5010351, 39.7566739]}",19809,HLTHOUT,TEETHLOST,CrdPrv,All Teeth Lost
2022,19809,BRFSS,Disability,Vision disability among adults,%,Crude prevalence,4.2,3.8,4.6,11773,14658,"{'type': 'Point', 'coordinates': [-75.5010351, 39.7566739]}",19809,DISABLT,VISION,CrdPrv,Vision Disability
2022,19810,BRFSS,Prevention,Current lack of health insurance among adults aged 18-64 years,%,Crude prevalence,5.7,4.8,6.7,20500,25270,"{'type': 'Point', 'coordinates': [-75.5061826, 39.818682]}",19810,PREVENT,ACCESS2,CrdPrv,Health Insurance
2022,19810,BRFSS,Health Outcomes,Arthritis among adults,%,Crude prevalence,27.9,25.1,30.9,20500,25270,"{'type': 'Point', 'coordinates': [-75.5061826, 39.818682]}",19810,HLTHOUT,ARTHRITIS,CrdPrv,Arthritis
2022,19810,BRFSS,Health Risk Behaviors,Binge drinking among adults,%,Crude prevalence,15.3,13.0,17.9,20500,25270,"{'type': 'Point', 'coordinates': [-75.5061826, 39.818682]}",19810,RISKBEH,BINGE,CrdPrv,Binge Drinking
2021,19810,BRFSS,Health Outcomes,High blood pressure among adults,%,Crude prevalence,34.2,30.4,37.9,20500,25270,"{'type': 'Point', 'coordinates': [-75.5061826, 39.818682]}",19810,HLTHOUT,BPHIGH,CrdPrv,High Blood Pressure
2021,19810,BRFSS,Prevention,Taking medicine to control high blood pressure among adults with high blood pressure,%,Crude prevalence,80.0,76.9,82.8,20500,25270,"{'type': 'Point', 'coordinates': [-75.5061826, 39.818682]}",19810,PREVENT,BPMED,CrdPrv,High Blood Pressure Medication
2022,19810,BRFSS,Health Outcomes,Cancer (non-skin) or melanoma among adults,%,Crude prevalence,10.3,9.3,11.2,20500,25270,"{'type': 'Point', 'coordinates': [-75.5061826, 39.818682]}",19810,HLTHOUT,CANCER,CrdPrv,Cancer (non-skin) or Melanoma
2022,19810,BRFSS,Health Outcomes,Current asthma among adults,%,Crude prevalence,9.9,8.8,11.1,20500,25270,"{'type': 'Point', 'coordinates': [-75.5061826, 39.818682]}",19810,HLTHOUT,CASTHMA,CrdPrv,Current Asthma
2022,19810,BRFSS,Health Outcomes,Coronary heart disease among adults,%,Crude prevalence,6.7,6.0,7.4,20500,25270,"{'type': 'Point', 'coordinates': [-75.5061826, 39.818682]}",19810,HLTHOUT,CHD,CrdPrv,Coronary Heart Disease
2022,19810,BRFSS,Prevention,Visits to doctor for routine checkup within the past year among adults,%,Crude prevalence,79.1,75.7,82.2,20500,25270,"{'type': 'Point', 'coordinates': [-75.5061826, 39.818682]}",19810,PREVENT,CHECKUP,CrdPrv,Annual Checkup
2021,19810,BRFSS,Prevention,Cholesterol screening among adults,%,Crude prevalence,91.2,89.4,92.8,20500,25270,"{'type': 'Point', 'coordinates': [-75.5061826, 39.818682]}",19810,PREVENT,CHOLSCREEN,CrdPrv,Cholesterol Screening
2022,19810,BRFSS,Disability,Cognitive disability among adults,%,Crude prevalence,10.0,8.9,11.2,20500,25270,"{'type': 'Point', 'coordinates': [-75.5061826, 39.818682]}",19810,DISABLT,COGNITION,CrdPrv,Cognitive Disability
2022,19810,BRFSS,Prevention,Colorectal cancer screening among adults aged 45–75 years,%,Crude prevalence,70.3,66.4,74.2,20500,25270,"{'type': 'Point', 'coordinates': [-75.5061826, 39.818682]}",19810,PREVENT,COLON_SCREEN,CrdPrv,Colorectal Cancer Screening
2022,19810,BRFSS,Health Outcomes,Chronic obstructive pulmonary disease among adults,%,Crude prevalence,6.1,5.4,6.8,20500,25270,"{'type': 'Point', 'coordinates': [-75.5061826, 39.818682]}",19810,HLTHOUT,COPD,CrdPrv,COPD
2022,19810,BRFSS,Health Risk Behaviors,Current cigarette smoking among adults,%,Crude prevalence,11.1,9.7,12.6,20500,25270,"{'type': 'Point', 'coordinates': [-75.5061826, 39.818682]}",19810,RISKBEH,CSMOKING,CrdPrv,Current Cigarette Smoking
2022,19810,BRFSS,Prevention,Visited dentist or dental clinic in the past year among adults,%,Crude prevalence,70.7,67.5,73.8,20500,25270,"{'type': 'Point', 'coordinates': [-75.5061826, 39.818682]}",19810,PREVENT,DENTAL,CrdPrv,Dental Visit
2022,19810,BRFSS,Health Outcomes,Depression among adults,%,Crude prevalence,19.3,16.6,22.3,20500,25270,"{'type': 'Point', 'coordinates': [-75.5061826, 39.818682]}",19810,HLTHOUT,DEPRESSION,CrdPrv,Depression
2022,19810,BRFSS,Health Outcomes,Diagnosed diabetes among adults,%,Crude prevalence,12.2,10.7,13.8,20500,25270,"{'type': 'Point', 'coordinates': [-75.5061826, 39.818682]}",19810,HLTHOUT,DIABETES,CrdPrv,Diabetes
2022,19810,BRFSS,Disability,Any disability among adults,%,Crude prevalence,24.4,21.6,27.5,20500,25270,"{'type': 'Point', 'coordinates': [-75.5061826, 39.818682]}",19810,DISABLT,DISABILITY,CrdPrv,Any Disability
2022,19810,BRFSS,Health-Related Social Needs,Lack of social and emotional support among adults,%,Crude prevalence,20.7,18.1,23.5,20500,25270,"{'type': 'Point', 'coordinates': [-75.5061826, 39.818682]}",19810,SOCLNEED,EMOTIONSPT,CrdPrv,Lack of Social/Emotional Support
2022,19810,BRFSS,Health-Related Social Needs,Food insecurity in the past 12 months among adults,%,Crude prevalence,9.1,8.2,10.1,20500,25270,"{'type': 'Point', 'coordinates': [-75.5061826, 39.818682]}",19810,SOCLNEED,FOODINSECU,CrdPrv,Food Insecurity
2022,19810,BRFSS,Health-Related Social Needs,Received food stamps in the past 12 months among adults,%,Crude prevalence,7.4,6.5,8.4,20500,25270,"{'type': 'Point', 'coordinates': [-75.5061826, 39.818682]}",19810,SOCLNEED,FOODSTAMP,CrdPrv,Food Stamps
2022,19810,BRFSS,Health Status,Fair or poor self-rated health status among adults,%,Crude prevalence,13.4,12.0,15.0,20500,25270,"{'type': 'Point', 'coordinates': [-75.5061826, 39.818682]}",19810,HLTHSTAT,GHLTH,CrdPrv,General Health
2022,19810,BRFSS,Disability,Hearing disability among adults,%,Crude prevalence,6.8,6.0,7.6,20500,25270,"{'type': 'Point', 'coordinates': [-75.5061826, 39.818682]}",19810,DISABLT,HEARING,CrdPrv,Hearing Disability
2021,19810,BRFSS,Health Outcomes,High cholesterol among adults who have ever been screened,%,Crude prevalence,38.1,34.1,42.1,20500,25270,"{'type': 'Point', 'coordinates': [-75.5061826, 39.818682]}",19810,HLTHOUT,HIGHCHOL,CrdPrv,High Cholesterol
2022,19810,BRFSS,Health-Related Social Needs,Housing insecurity in the past 12 months among adults,%,Crude prevalence,8.6,7.7,9.6,20500,25270,"{'type': 'Point', 'coordinates': [-75.5061826, 39.818682]}",19810,SOCLNEED,HOUSINSECU,CrdPrv,Housing Insecurity
2022,19810,BRFSS,Disability,Independent living disability among adults,%,Crude prevalence,5.9,5.3,6.5,20500,25270,"{'type': 'Point', 'coordinates': [-75.5061826, 39.818682]}",19810,DISABLT,INDEPLIVE,CrdPrv,Independent Living Disability
2022,19810,BRFSS,Health-Related Social Needs,Feeling socially isolated among adults,%,Crude prevalence,28.1,24.7,31.7,20500,25270,"{'type': 'Point', 'coordinates': [-75.5061826, 39.818682]}",19810,SOCLNEED,ISOLATION,CrdPrv,Social Isolation
2022,19810,BRFSS,Health-Related Social Needs,Lack of reliable transportation in the past 12 months among adults,%,Crude prevalence,5.8,5.3,6.4,20500,25270,"{'type': 'Point', 'coordinates': [-75.5061826, 39.818682]}",19810,SOCLNEED,LACKTRPT,CrdPrv,Transportation Barriers
2022,19810,BRFSS,Health Risk Behaviors,No leisure-time physical activity among adults,%,Crude prevalence,19.2,16.5,22.2,20500,25270,"{'type': 'Point', 'coordinates': [-75.5061826, 39.818682]}",19810,RISKBEH,LPA,CrdPrv,Physical Inactivity
2022,19810,BRFSS,Prevention,Mammography use among women aged 50-74 years,%,Crude prevalence,79.0,73.5,84.0,20500,25270,"{'type': 'Point', 'coordinates': [-75.5061826, 39.818682]}",19810,PREVENT,MAMMOUSE,CrdPrv,Mammography
2022,19810,BRFSS,Health Status,Frequent mental distress among adults,%,Crude prevalence,12.5,11.2,13.8,20500,25270,"{'type': 'Point', 'coordinates': [-75.5061826, 39.818682]}",19810,HLTHSTAT,MHLTH,CrdPrv,Frequent Mental Distress
2022,19810,BRFSS,Disability,Mobility disability among adults,%,Crude prevalence,11.5,10.2,12.9,20500,25270,"{'type': 'Point', 'coordinates': [-75.5061826, 39.818682]}",19810,DISABLT,MOBILITY,CrdPrv,Mobility Disability
2022,19810,BRFSS,Health Outcomes,Obesity among adults,%,Crude prevalence,32.9,27.7,38.4,20500,25270,"{'type': 'Point', 'coordinates': [-75.5061826, 39.818682]}",19810,HLTHOUT,OBESITY,CrdPrv,Obesity
2022,19810,BRFSS,Health Status,Frequent physical distress among adults,%,Crude prevalence,10.3,9.2,11.5,20500,25270,"{'type': 'Point', 'coordinates': [-75.5061826, 39.818682]}",19810,HLTHSTAT,PHLTH,CrdPrv,Frequent Physical Distress
2022,19810,BRFSS,Disability,Self-care disability among adults,%,Crude prevalence,2.7,2.5,3.0,20500,25270,"{'type': 'Point', 'coordinates': [-75.5061826, 39.818682]}",19810,DISABLT,SELFCARE,CrdPrv,Self-care Disability
2022,19810,BRFSS,Health-Related Social Needs,Utility services shut-off threat in the past 12 months among adults,%,Crude prevalence,5.4,4.8,6.1,20500,25270,"{'type': 'Point', 'coordinates': [-75.5061826, 39.818682]}",19810,SOCLNEED,SHUTUTILITY,CrdPrv,Utility Services Threat
2022,19810,BRFSS,Health Risk Behaviors,Short sleep duration among adults,%,Crude prevalence,31.0,26.6,35.9,20500,25270,"{'type': 'Point', 'coordinates': [-75.5061826, 39.818682]}",19810,RISKBEH,SLEEP,CrdPrv,Short Sleep Duration
2022,19810,BRFSS,Health Outcomes,Stroke among adults,%,Crude prevalence,3.3,3.1,3.6,20500,25270,"{'type': 'Point', 'coordinates': [-75.5061826, 39.818682]}",19810,HLTHOUT,STROKE,CrdPrv,Stroke
2022,19810,BRFSS,Health Outcomes,All teeth lost among adults aged >=65 years,%,Crude prevalence,7.7,6.2,9.3,20500,25270,"{'type': 'Point', 'coordinates': [-75.5061826, 39.818682]}",19810,HLTHOUT,TEETHLOST,CrdPrv,All Teeth Lost
2022,19810,BRFSS,Disability,Vision disability among adults,%,Crude prevalence,3.7,3.4,4.1,20500,25270,"{'type': 'Point', 'coordinates': [-75.5061826, 39.818682]}",19810,DISABLT,VISION,CrdPrv,Vision Disability
2022,19901,BRFSS,Prevention,Current lack of health insurance among adults aged 18-64 years,%,Crude prevalence,10.0,8.6,11.5,28448,36839,"{'type': 'Point', 'coordinates': [-75.4735201, 39.1815422]}",19901,PREVENT,ACCESS2,CrdPrv,Health Insurance
2022,19901,BRFSS,Health Outcomes,Arthritis among adults,%,Crude prevalence,27.8,25.1,30.6,28448,36839,"{'type': 'Point', 'coordinates': [-75.4735201, 39.1815422]}",19901,HLTHOUT,ARTHRITIS,CrdPrv,Arthritis
2022,19901,BRFSS,Health Risk Behaviors,Binge drinking among adults,%,Crude prevalence,14.5,12.1,17.1,28448,36839,"{'type': 'Point', 'coordinates': [-75.4735201, 39.1815422]}",19901,RISKBEH,BINGE,CrdPrv,Binge Drinking
2021,19901,BRFSS,Health Outcomes,High blood pressure among adults,%,Crude prevalence,35.8,32.3,39.0,28448,36839,"{'type': 'Point', 'coordinates': [-75.4735201, 39.1815422]}",19901,HLTHOUT,BPHIGH,CrdPrv,High Blood Pressure
2021,19901,BRFSS,Prevention,Taking medicine to control high blood pressure among adults with high blood pressure,%,Crude prevalence,78.6,76.0,80.9,28448,36839,"{'type': 'Point', 'coordinates': [-75.4735201, 39.1815422]}",19901,PREVENT,BPMED,CrdPrv,High Blood Pressure Medication
2022,19901,BRFSS,Health Outcomes,Cancer (non-skin) or melanoma among adults,%,Crude prevalence,7.3,6.6,8.0,28448,36839,"{'type': 'Point', 'coordinates': [-75.4735201, 39.1815422]}",19901,HLTHOUT,CANCER,CrdPrv,Cancer (non-skin) or Melanoma
2022,19901,BRFSS,Health Outcomes,Current asthma among adults,%,Crude prevalence,12.5,11.1,14.1,28448,36839,"{'type': 'Point', 'coordinates': [-75.4735201, 39.1815422]}",19901,HLTHOUT,CASTHMA,CrdPrv,Current Asthma
2022,19901,BRFSS,Health Outcomes,Coronary heart disease among adults,%,Crude prevalence,6.7,6.0,7.4,28448,36839,"{'type': 'Point', 'coordinates': [-75.4735201, 39.1815422]}",19901,HLTHOUT,CHD,CrdPrv,Coronary Heart Disease
2022,19901,BRFSS,Prevention,Visits to doctor for routine checkup within the past year among adults,%,Crude prevalence,77.8,74.2,81.2,28448,36839,"{'type': 'Point', 'coordinates': [-75.4735201, 39.1815422]}",19901,PREVENT,CHECKUP,CrdPrv,Annual Checkup
2021,19901,BRFSS,Prevention,Cholesterol screening among adults,%,Crude prevalence,83.5,80.6,86.0,28448,36839,"{'type': 'Point', 'coordinates': [-75.4735201, 39.1815422]}",19901,PREVENT,CHOLSCREEN,CrdPrv,Cholesterol Screening
2022,19901,BRFSS,Disability,Cognitive disability among adults,%,Crude prevalence,15.8,14.1,17.5,28448,36839,"{'type': 'Point', 'coordinates': [-75.4735201, 39.1815422]}",19901,DISABLT,COGNITION,CrdPrv,Cognitive Disability
2022,19901,BRFSS,Prevention,Colorectal cancer screening among adults aged 45–75 years,%,Crude prevalence,65.9,61.4,70.1,28448,36839,"{'type': 'Point', 'coordinates': [-75.4735201, 39.1815422]}",19901,PREVENT,COLON_SCREEN,CrdPrv,Colorectal Cancer Screening
2022,19901,BRFSS,Health Outcomes,Chronic obstructive pulmonary disease among adults,%,Crude prevalence,8.0,7.1,8.9,28448,36839,"{'type': 'Point', 'coordinates': [-75.4735201, 39.1815422]}",19901,HLTHOUT,COPD,CrdPrv,COPD
2022,19901,BRFSS,Health Risk Behaviors,Current cigarette smoking among adults,%,Crude prevalence,16.0,14.1,18.0,28448,36839,"{'type': 'Point', 'coordinates': [-75.4735201, 39.1815422]}",19901,RISKBEH,CSMOKING,CrdPrv,Current Cigarette Smoking
2022,19901,BRFSS,Prevention,Visited dentist or dental clinic in the past year among adults,%,Crude prevalence,58.2,54.4,62.0,28448,36839,"{'type': 'Point', 'coordinates': [-75.4735201, 39.1815422]}",19901,PREVENT,DENTAL,CrdPrv,Dental Visit
2022,19901,BRFSS,Health Outcomes,Depression among adults,%,Crude prevalence,20.7,17.7,23.9,28448,36839,"{'type': 'Point', 'coordinates': [-75.4735201, 39.1815422]}",19901,HLTHOUT,DEPRESSION,CrdPrv,Depression
2022,19901,BRFSS,Health Outcomes,Diagnosed diabetes among adults,%,Crude prevalence,13.1,11.6,14.8,28448,36839,"{'type': 'Point', 'coordinates': [-75.4735201, 39.1815422]}",19901,HLTHOUT,DIABETES,CrdPrv,Diabetes
2022,19901,BRFSS,Disability,Any disability among adults,%,Crude prevalence,31.4,28.0,35.0,28448,36839,"{'type': 'Point', 'coordinates': [-75.4735201, 39.1815422]}",19901,DISABLT,DISABILITY,CrdPrv,Any Disability
2022,19901,BRFSS,Health-Related Social Needs,Lack of social and emotional support among adults,%,Crude prevalence,25.7,22.7,29.2,28448,36839,"{'type': 'Point', 'coordinates': [-75.4735201, 39.1815422]}",19901,SOCLNEED,EMOTIONSPT,CrdPrv,Lack of Social/Emotional Support
2022,19901,BRFSS,Health-Related Social Needs,Food insecurity in the past 12 months among adults,%,Crude prevalence,20.2,18.4,22.3,28448,36839,"{'type': 'Point', 'coordinates': [-75.4735201, 39.1815422]}",19901,SOCLNEED,FOODINSECU,CrdPrv,Food Insecurity
2022,19901,BRFSS,Health-Related Social Needs,Received food stamps in the past 12 months among adults,%,Crude prevalence,18.9,16.9,21.1,28448,36839,"{'type': 'Point', 'coordinates': [-75.4735201, 39.1815422]}",19901,SOCLNEED,FOODSTAMP,CrdPrv,Food Stamps
2022,19901,BRFSS,Health Status,Fair or poor self-rated health status among adults,%,Crude prevalence,19.7,17.7,21.8,28448,36839,"{'type': 'Point', 'coordinates': [-75.4735201, 39.1815422]}",19901,HLTHSTAT,GHLTH,CrdPrv,General Health
2022,19901,BRFSS,Disability,Hearing disability among adults,%,Crude prevalence,6.7,6.0,7.5,28448,36839,"{'type': 'Point', 'coordinates': [-75.4735201, 39.1815422]}",19901,DISABLT,HEARING,CrdPrv,Hearing Disability
2021,19901,BRFSS,Health Outcomes,High cholesterol among adults who have ever been screened,%,Crude prevalence,34.2,30.7,37.6,28448,36839,"{'type': 'Point', 'coordinates': [-75.4735201, 39.1815422]}",19901,HLTHOUT,HIGHCHOL,CrdPrv,High Cholesterol
2022,19901,BRFSS,Health-Related Social Needs,Housing insecurity in the past 12 months among adults,%,Crude prevalence,16.2,14.7,18.0,28448,36839,"{'type': 'Point', 'coordinates': [-75.4735201, 39.1815422]}",19901,SOCLNEED,HOUSINSECU,CrdPrv,Housing Insecurity
2022,19901,BRFSS,Disability,Independent living disability among adults,%,Crude prevalence,9.2,8.3,10.1,28448,36839,"{'type': 'Point', 'coordinates': [-75.4735201, 39.1815422]}",19901,DISABLT,INDEPLIVE,CrdPrv,Independent Living Disability
2022,19901,BRFSS,Health-Related Social Needs,Feeling socially isolated among adults,%,Crude prevalence,33.5,29.8,37.8,28448,36839,"{'type': 'Point', 'coordinates': [-75.4735201, 39.1815422]}",19901,SOCLNEED,ISOLATION,CrdPrv,Social Isolation
2022,19901,BRFSS,Health-Related Social Needs,Lack of reliable transportation in the past 12 months among adults,%,Crude prevalence,11.6,10.6,12.7,28448,36839,"{'type': 'Point', 'coordinates': [-75.4735201, 39.1815422]}",19901,SOCLNEED,LACKTRPT,CrdPrv,Transportation Barriers
2022,19901,BRFSS,Health Risk Behaviors,No leisure-time physical activity among adults,%,Crude prevalence,28.5,24.7,32.3,28448,36839,"{'type': 'Point', 'coordinates': [-75.4735201, 39.1815422]}",19901,RISKBEH,LPA,CrdPrv,Physical Inactivity
2022,19901,BRFSS,Prevention,Mammography use among women aged 50-74 years,%,Crude prevalence,73.0,66.3,79.0,28448,36839,"{'type': 'Point', 'coordinates': [-75.4735201, 39.1815422]}",19901,PREVENT,MAMMOUSE,CrdPrv,Mammography
2022,19901,BRFSS,Health Status,Frequent mental distress among adults,%,Crude prevalence,18.3,16.5,20.2,28448,36839,"{'type': 'Point', 'coordinates': [-75.4735201, 39.1815422]}",19901,HLTHSTAT,MHLTH,CrdPrv,Frequent Mental Distress
2022,19901,BRFSS,Disability,Mobility disability among adults,%,Crude prevalence,14.5,13.0,16.2,28448,36839,"{'type': 'Point', 'coordinates': [-75.4735201, 39.1815422]}",19901,DISABLT,MOBILITY,CrdPrv,Mobility Disability
2022,19901,BRFSS,Health Outcomes,Obesity among adults,%,Crude prevalence,39.6,33.7,45.7,28448,36839,"{'type': 'Point', 'coordinates': [-75.4735201, 39.1815422]}",19901,HLTHOUT,OBESITY,CrdPrv,Obesity
2022,19901,BRFSS,Health Status,Frequent physical distress among adults,%,Crude prevalence,13.2,11.8,14.8,28448,36839,"{'type': 'Point', 'coordinates': [-75.4735201, 39.1815422]}",19901,HLTHSTAT,PHLTH,CrdPrv,Frequent Physical Distress
2022,19901,BRFSS,Disability,Self-care disability among adults,%,Crude prevalence,4.5,4.2,4.9,28448,36839,"{'type': 'Point', 'coordinates': [-75.4735201, 39.1815422]}",19901,DISABLT,SELFCARE,CrdPrv,Self-care Disability
2022,19901,BRFSS,Health-Related Social Needs,Utility services shut-off threat in the past 12 months among adults,%,Crude prevalence,11.1,9.9,12.6,28448,36839,"{'type': 'Point', 'coordinates': [-75.4735201, 39.1815422]}",19901,SOCLNEED,SHUTUTILITY,CrdPrv,Utility Services Threat
2022,19901,BRFSS,Health Risk Behaviors,Short sleep duration among adults,%,Crude prevalence,41.7,36.3,47.1,28448,36839,"{'type': 'Point', 'coordinates': [-75.4735201, 39.1815422]}",19901,RISKBEH,SLEEP,CrdPrv,Short Sleep Duration
2022,19901,BRFSS,Health Outcomes,Stroke among adults,%,Crude prevalence,4.1,3.8,4.5,28448,36839,"{'type': 'Point', 'coordinates': [-75.4735201, 39.1815422]}",19901,HLTHOUT,STROKE,CrdPrv,Stroke
2022,19901,BRFSS,Health Outcomes,All teeth lost among adults aged >=65 years,%,Crude prevalence,17.5,14.7,20.6,28448,36839,"{'type': 'Point', 'coordinates': [-75.4735201, 39.1815422]}",19901,HLTHOUT,TEETHLOST,CrdPrv,All Teeth Lost
2022,19901,BRFSS,Disability,Vision disability among adults,%,Crude prevalence,6.2,5.7,6.8,28448,36839,"{'type': 'Point', 'coordinates': [-75.4735201, 39.1815422]}",19901,DISABLT,VISION,CrdPrv,Vision Disability
2022,19902,BRFSS,Prevention,Current lack of health insurance among adults aged 18-64 years,%,Crude prevalence,12.5,9.7,15.3,104,108,"{'type': 'Point', 'coordinates': [-75.4669115, 39.127656]}",19902,PREVENT,ACCESS2,CrdPrv,Health Insurance
2022,19902,BRFSS,Health Outcomes,Arthritis among adults,%,Crude prevalence,3.9,3.3,4.6,104,108,"{'type': 'Point', 'coordinates': [-75.4669115, 39.127656]}",19902,HLTHOUT,ARTHRITIS,CrdPrv,Arthritis
2022,19902,BRFSS,Health Risk Behaviors,Binge drinking among adults,%,Crude prevalence,26.1,22.1,30.4,104,108,"{'type': 'Point', 'coordinates': [-75.4669115, 39.127656]}",19902,RISKBEH,BINGE,CrdPrv,Binge Drinking
2021,19902,BRFSS,Health Outcomes,High blood pressure among adults,%,Crude prevalence,9.9,8.2,11.5,104,108,"{'type': 'Point', 'coordinates': [-75.4669115, 39.127656]}",19902,HLTHOUT,BPHIGH,CrdPrv,High Blood Pressure
2021,19902,BRFSS,Prevention,Taking medicine to control high blood pressure among adults with high blood pressure,%,Crude prevalence,19.8,15.9,23.8,104,108,"{'type': 'Point', 'coordinates': [-75.4669115, 39.127656]}",19902,PREVENT,BPMED,CrdPrv,High Blood Pressure Medication
2022,19902,BRFSS,Health Outcomes,Cancer (non-skin) or melanoma among adults,%,Crude prevalence,0.8,0.7,0.9,104,108,"{'type': 'Point', 'coordinates': [-75.4669115, 39.127656]}",19902,HLTHOUT,CANCER,CrdPrv,Cancer (non-skin) or Melanoma
2022,19902,BRFSS,Health Outcomes,Current asthma among adults,%,Crude prevalence,9.9,8.7,11.2,104,108,"{'type': 'Point', 'coordinates': [-75.4669115, 39.127656]}",19902,HLTHOUT,CASTHMA,CrdPrv,Current Asthma
2022,19902,BRFSS,Health Outcomes,Coronary heart disease among adults,%,Crude prevalence,1.0,0.8,1.1,104,108,"{'type': 'Point', 'coordinates': [-75.4669115, 39.127656]}",19902,HLTHOUT,CHD,CrdPrv,Coronary Heart Disease
2022,19902,BRFSS,Prevention,Visits to doctor for routine checkup within the past year among adults,%,Crude prevalence,62.7,57.5,67.6,104,108,"{'type': 'Point', 'coordinates': [-75.4669115, 39.127656]}",19902,PREVENT,CHECKUP,CrdPrv,Annual Checkup
2021,19902,BRFSS,Prevention,Cholesterol screening among adults,%,Crude prevalence,57.6,51.9,62.9,104,108,"{'type': 'Point', 'coordinates': [-75.4669115, 39.127656]}",19902,PREVENT,CHOLSCREEN,CrdPrv,Cholesterol Screening
2022,19902,BRFSS,Disability,Cognitive disability among adults,%,Crude prevalence,20.9,18.7,23.3,104,108,"{'type': 'Point', 'coordinates': [-75.4669115, 39.127656]}",19902,DISABLT,COGNITION,CrdPrv,Cognitive Disability
2022,19902,BRFSS,Health Outcomes,Chronic obstructive pulmonary disease among adults,%,Crude prevalence,2.0,1.8,2.3,104,108,"{'type': 'Point', 'coordinates': [-75.4669115, 39.127656]}",19902,HLTHOUT,COPD,CrdPrv,COPD
2022,19902,BRFSS,Health Risk Behaviors,Current cigarette smoking among adults,%,Crude prevalence,8.8,7.5,10.1,104,108,"{'type': 'Point', 'coordinates': [-75.4669115, 39.127656]}",19902,RISKBEH,CSMOKING,CrdPrv,Current Cigarette Smoking
2022,19902,BRFSS,Prevention,Visited dentist or dental clinic in the past year among adults,%,Crude prevalence,57.2,53.0,61.2,104,108,"{'type': 'Point', 'coordinates': [-75.4669115, 39.127656]}",19902,PREVENT,DENTAL,CrdPrv,Dental Visit
2022,19902,BRFSS,Health Outcomes,Depression among adults,%,Crude prevalence,21.2,18.1,24.5,104,108,"{'type': 'Point', 'coordinates': [-75.4669115, 39.127656]}",19902,HLTHOUT,DEPRESSION,CrdPrv,Depression
2022,19902,BRFSS,Health Outcomes,Diagnosed diabetes among adults,%,Crude prevalence,1.8,1.5,2.1,104,108,"{'type': 'Point', 'coordinates': [-75.4669115, 39.127656]}",19902,HLTHOUT,DIABETES,CrdPrv,Diabetes
2022,19902,BRFSS,Disability,Any disability among adults,%,Crude prevalence,26.7,23.4,30.3,104,108,"{'type': 'Point', 'coordinates': [-75.4669115, 39.127656]}",19902,DISABLT,DISABILITY,CrdPrv,Any Disability
2022,19902,BRFSS,Health-Related Social Needs,Lack of social and emotional support among adults,%,Crude prevalence,31.2,27.5,35.4,104,108,"{'type': 'Point', 'coordinates': [-75.4669115, 39.127656]}",19902,SOCLNEED,EMOTIONSPT,CrdPrv,Lack of Social/Emotional Support
2022,19902,BRFSS,Health-Related Social Needs,Food insecurity in the past 12 months among adults,%,Crude prevalence,16.3,14.6,18.3,104,108,"{'type': 'Point', 'coordinates': [-75.4669115, 39.127656]}",19902,SOCLNEED,FOODINSECU,CrdPrv,Food Insecurity
2022,19902,BRFSS,Health-Related Social Needs,Received food stamps in the past 12 months among adults,%,Crude prevalence,8.3,7.2,9.7,104,108,"{'type': 'Point', 'coordinates': [-75.4669115, 39.127656]}",19902,SOCLNEED,FOODSTAMP,CrdPrv,Food Stamps
2022,19902,BRFSS,Health Status,Fair or poor self-rated health status among adults,%,Crude prevalence,11.6,10.2,13.1,104,108,"{'type': 'Point', 'coordinates': [-75.4669115, 39.127656]}",19902,HLTHSTAT,GHLTH,CrdPrv,General Health
2022,19902,BRFSS,Disability,Hearing disability among adults,%,Crude prevalence,2.8,2.4,3.2,104,108,"{'type': 'Point', 'coordinates': [-75.4669115, 39.127656]}",19902,DISABLT,HEARING,CrdPrv,Hearing Disability
2021,19902,BRFSS,Health Outcomes,High cholesterol among adults who have ever been screened,%,Crude prevalence,12.7,10.6,14.8,104,108,"{'type': 'Point', 'coordinates': [-75.4669115, 39.127656]}",19902,HLTHOUT,HIGHCHOL,CrdPrv,High Cholesterol
2022,19902,BRFSS,Health-Related Social Needs,Housing insecurity in the past 12 months among adults,%,Crude prevalence,11.4,10.1,12.9,104,108,"{'type': 'Point', 'coordinates': [-75.4669115, 39.127656]}",19902,SOCLNEED,HOUSINSECU,CrdPrv,Housing Insecurity
2022,19902,BRFSS,Disability,Independent living disability among adults,%,Crude prevalence,7.1,6.4,7.9,104,108,"{'type': 'Point', 'coordinates': [-75.4669115, 39.127656]}",19902,DISABLT,INDEPLIVE,CrdPrv,Independent Living Disability
2022,19902,BRFSS,Health-Related Social Needs,Feeling socially isolated among adults,%,Crude prevalence,43.2,38.6,48.2,104,108,"{'type': 'Point', 'coordinates': [-75.4669115, 39.127656]}",19902,SOCLNEED,ISOLATION,CrdPrv,Social Isolation
2022,19902,BRFSS,Health-Related Social Needs,Lack of reliable transportation in the past 12 months among adults,%,Crude prevalence,12.9,11.7,14.3,104,108,"{'type': 'Point', 'coordinates': [-75.4669115, 39.127656]}",19902,SOCLNEED,LACKTRPT,CrdPrv,Transportation Barriers
2022,19902,BRFSS,Health Risk Behaviors,No leisure-time physical activity among adults,%,Crude prevalence,19.0,16.0,22.1,104,108,"{'type': 'Point', 'coordinates': [-75.4669115, 39.127656]}",19902,RISKBEH,LPA,CrdPrv,Physical Inactivity
2022,19902,BRFSS,Health Status,Frequent mental distress among adults,%,Crude prevalence,23.8,21.5,26.2,104,108,"{'type': 'Point', 'coordinates': [-75.4669115, 39.127656]}",19902,HLTHSTAT,MHLTH,CrdPrv,Frequent Mental Distress
2022,19902,BRFSS,Disability,Mobility disability among adults,%,Crude prevalence,2.4,2.1,2.8,104,108,"{'type': 'Point', 'coordinates': [-75.4669115, 39.127656]}",19902,DISABLT,MOBILITY,CrdPrv,Mobility Disability
2022,19902,BRFSS,Health Outcomes,Obesity among adults,%,Crude prevalence,26.5,21.5,31.6,104,108,"{'type': 'Point', 'coordinates': [-75.4669115, 39.127656]}",19902,HLTHOUT,OBESITY,CrdPrv,Obesity
2022,19902,BRFSS,Health Status,Frequent physical distress among adults,%,Crude prevalence,6.9,6.1,7.8,104,108,"{'type': 'Point', 'coordinates': [-75.4669115, 39.127656]}",19902,HLTHSTAT,PHLTH,CrdPrv,Frequent Physical Distress
2022,19902,BRFSS,Disability,Self-care disability among adults,%,Crude prevalence,1.3,1.2,1.4,104,108,"{'type': 'Point', 'coordinates': [-75.4669115, 39.127656]}",19902,DISABLT,SELFCARE,CrdPrv,Self-care Disability
2022,19902,BRFSS,Health-Related Social Needs,Utility services shut-off threat in the past 12 months among adults,%,Crude prevalence,6.5,5.7,7.5,104,108,"{'type': 'Point', 'coordinates': [-75.4669115, 39.127656]}",19902,SOCLNEED,SHUTUTILITY,CrdPrv,Utility Services Threat
2022,19902,BRFSS,Health Risk Behaviors,Short sleep duration among adults,%,Crude prevalence,38.6,33.2,44.0,104,108,"{'type': 'Point', 'coordinates': [-75.4669115, 39.127656]}",19902,RISKBEH,SLEEP,CrdPrv,Short Sleep Duration
2022,19902,BRFSS,Health Outcomes,Stroke among adults,%,Crude prevalence,0.5,0.5,0.6,104,108,"{'type': 'Point', 'coordinates': [-75.4669115, 39.127656]}",19902,HLTHOUT,STROKE,CrdPrv,Stroke
2022,19902,BRFSS,Disability,Vision disability among adults,%,Crude prevalence,3.9,3.5,4.3,104,108,"{'type': 'Point', 'coordinates': [-75.4669115, 39.127656]}",19902,DISABLT,VISION,CrdPrv,Vision Disability
2022,19904,BRFSS,Prevention,Current lack of health insurance among adults aged 18-64 years,%,Crude prevalence,9.4,8.1,10.8,28683,36880,"{'type': 'Point', 'coordinates': [-75.587619, 39.1712793]}",19904,PREVENT,ACCESS2,CrdPrv,Health Insurance
2022,19904,BRFSS,Health Outcomes,Arthritis among adults,%,Crude prevalence,30.1,27.2,33.1,28683,36880,"{'type': 'Point', 'coordinates': [-75.587619, 39.1712793]}",19904,HLTHOUT,ARTHRITIS,CrdPrv,Arthritis
2022,19904,BRFSS,Health Risk Behaviors,Binge drinking among adults,%,Crude prevalence,13.9,11.6,16.5,28683,36880,"{'type': 'Point', 'coordinates': [-75.587619, 39.1712793]}",19904,RISKBEH,BINGE,CrdPrv,Binge Drinking
2021,19904,BRFSS,Health Outcomes,High blood pressure among adults,%,Crude prevalence,38.3,34.8,41.7,28683,36880,"{'type': 'Point', 'coordinates': [-75.587619, 39.1712793]}",19904,HLTHOUT,BPHIGH,CrdPrv,High Blood Pressure
2021,19904,BRFSS,Prevention,Taking medicine to control high blood pressure among adults with high blood pressure,%,Crude prevalence,80.3,77.7,82.6,28683,36880,"{'type': 'Point', 'coordinates': [-75.587619, 39.1712793]}",19904,PREVENT,BPMED,CrdPrv,High Blood Pressure Medication
2022,19904,BRFSS,Health Outcomes,Cancer (non-skin) or melanoma among adults,%,Crude prevalence,8.0,7.3,8.8,28683,36880,"{'type': 'Point', 'coordinates': [-75.587619, 39.1712793]}",19904,HLTHOUT,CANCER,CrdPrv,Cancer (non-skin) or Melanoma
2022,19904,BRFSS,Health Outcomes,Current asthma among adults,%,Crude prevalence,12.5,11.1,14.0,28683,36880,"{'type': 'Point', 'coordinates': [-75.587619, 39.1712793]}",19904,HLTHOUT,CASTHMA,CrdPrv,Current Asthma
2022,19904,BRFSS,Health Outcomes,Coronary heart disease among adults,%,Crude prevalence,7.3,6.6,8.0,28683,36880,"{'type': 'Point', 'coordinates': [-75.587619, 39.1712793]}",19904,HLTHOUT,CHD,CrdPrv,Coronary Heart Disease
2022,19904,BRFSS,Prevention,Visits to doctor for routine checkup within the past year among adults,%,Crude prevalence,78.9,75.4,82.1,28683,36880,"{'type': 'Point', 'coordinates': [-75.587619, 39.1712793]}",19904,PREVENT,CHECKUP,CrdPrv,Annual Checkup
2021,19904,BRFSS,Prevention,Cholesterol screening among adults,%,Crude prevalence,85.2,82.6,87.4,28683,36880,"{'type': 'Point', 'coordinates': [-75.587619, 39.1712793]}",19904,PREVENT,CHOLSCREEN,CrdPrv,Cholesterol Screening
2022,19904,BRFSS,Disability,Cognitive disability among adults,%,Crude prevalence,15.1,13.5,16.8,28683,36880,"{'type': 'Point', 'coordinates': [-75.587619, 39.1712793]}",19904,DISABLT,COGNITION,CrdPrv,Cognitive Disability
2022,19904,BRFSS,Prevention,Colorectal cancer screening among adults aged 45–75 years,%,Crude prevalence,66.2,61.7,70.4,28683,36880,"{'type': 'Point', 'coordinates': [-75.587619, 39.1712793]}",19904,PREVENT,COLON_SCREEN,CrdPrv,Colorectal Cancer Screening
2022,19904,BRFSS,Health Outcomes,Chronic obstructive pulmonary disease among adults,%,Crude prevalence,8.5,7.6,9.4,28683,36880,"{'type': 'Point', 'coordinates': [-75.587619, 39.1712793]}",19904,HLTHOUT,COPD,CrdPrv,COPD
2022,19904,BRFSS,Health Risk Behaviors,Current cigarette smoking among adults,%,Crude prevalence,16.4,14.4,18.5,28683,36880,"{'type': 'Point', 'coordinates': [-75.587619, 39.1712793]}",19904,RISKBEH,CSMOKING,CrdPrv,Current Cigarette Smoking
2022,19904,BRFSS,Prevention,Visited dentist or dental clinic in the past year among adults,%,Crude prevalence,58.6,54.7,62.3,28683,36880,"{'type': 'Point', 'coordinates': [-75.587619, 39.1712793]}",19904,PREVENT,DENTAL,CrdPrv,Dental Visit
2022,19904,BRFSS,Health Outcomes,Depression among adults,%,Crude prevalence,20.3,17.4,23.4,28683,36880,"{'type': 'Point', 'coordinates': [-75.587619, 39.1712793]}",19904,HLTHOUT,DEPRESSION,CrdPrv,Depression
2022,19904,BRFSS,Health Outcomes,Diagnosed diabetes among adults,%,Crude prevalence,14.2,12.6,16.0,28683,36880,"{'type': 'Point', 'coordinates': [-75.587619, 39.1712793]}",19904,HLTHOUT,DIABETES,CrdPrv,Diabetes
2022,19904,BRFSS,Disability,Any disability among adults,%,Crude prevalence,31.7,28.3,35.3,28683,36880,"{'type': 'Point', 'coordinates': [-75.587619, 39.1712793]}",19904,DISABLT,DISABILITY,CrdPrv,Any Disability
2022,19904,BRFSS,Health-Related Social Needs,Lack of social and emotional support among adults,%,Crude prevalence,24.6,21.7,28.0,28683,36880,"{'type': 'Point', 'coordinates': [-75.587619, 39.1712793]}",19904,SOCLNEED,EMOTIONSPT,CrdPrv,Lack of Social/Emotional Support
2022,19904,BRFSS,Health-Related Social Needs,Food insecurity in the past 12 months among adults,%,Crude prevalence,19.0,17.3,20.9,28683,36880,"{'type': 'Point', 'coordinates': [-75.587619, 39.1712793]}",19904,SOCLNEED,FOODINSECU,CrdPrv,Food Insecurity
2022,19904,BRFSS,Health-Related Social Needs,Received food stamps in the past 12 months among adults,%,Crude prevalence,18.5,16.5,20.7,28683,36880,"{'type': 'Point', 'coordinates': [-75.587619, 39.1712793]}",19904,SOCLNEED,FOODSTAMP,CrdPrv,Food Stamps
2022,19904,BRFSS,Health Status,Fair or poor self-rated health status among adults,%,Crude prevalence,20.1,18.1,22.3,28683,36880,"{'type': 'Point', 'coordinates': [-75.587619, 39.1712793]}",19904,HLTHSTAT,GHLTH,CrdPrv,General Health
2022,19904,BRFSS,Disability,Hearing disability among adults,%,Crude prevalence,7.2,6.4,8.0,28683,36880,"{'type': 'Point', 'coordinates': [-75.587619, 39.1712793]}",19904,DISABLT,HEARING,CrdPrv,Hearing Disability
2021,19904,BRFSS,Health Outcomes,High cholesterol among adults who have ever been screened,%,Crude prevalence,35.8,32.3,39.3,28683,36880,"{'type': 'Point', 'coordinates': [-75.587619, 39.1712793]}",19904,HLTHOUT,HIGHCHOL,CrdPrv,High Cholesterol
2022,19904,BRFSS,Health-Related Social Needs,Housing insecurity in the past 12 months among adults,%,Crude prevalence,15.6,14.1,17.3,28683,36880,"{'type': 'Point', 'coordinates': [-75.587619, 39.1712793]}",19904,SOCLNEED,HOUSINSECU,CrdPrv,Housing Insecurity
2022,19904,BRFSS,Disability,Independent living disability among adults,%,Crude prevalence,9.2,8.3,10.1,28683,36880,"{'type': 'Point', 'coordinates': [-75.587619, 39.1712793]}",19904,DISABLT,INDEPLIVE,CrdPrv,Independent Living Disability
2022,19904,BRFSS,Health-Related Social Needs,Feeling socially isolated among adults,%,Crude prevalence,32.1,28.4,36.3,28683,36880,"{'type': 'Point', 'coordinates': [-75.587619, 39.1712793]}",19904,SOCLNEED,ISOLATION,CrdPrv,Social Isolation
2022,19904,BRFSS,Health-Related Social Needs,Lack of reliable transportation in the past 12 months among adults,%,Crude prevalence,10.8,9.9,11.8,28683,36880,"{'type': 'Point', 'coordinates': [-75.587619, 39.1712793]}",19904,SOCLNEED,LACKTRPT,CrdPrv,Transportation Barriers
2022,19904,BRFSS,Health Risk Behaviors,No leisure-time physical activity among adults,%,Crude prevalence,28.7,25.0,32.6,28683,36880,"{'type': 'Point', 'coordinates': [-75.587619, 39.1712793]}",19904,RISKBEH,LPA,CrdPrv,Physical Inactivity
2022,19904,BRFSS,Prevention,Mammography use among women aged 50-74 years,%,Crude prevalence,74.3,67.6,80.1,28683,36880,"{'type': 'Point', 'coordinates': [-75.587619, 39.1712793]}",19904,PREVENT,MAMMOUSE,CrdPrv,Mammography
2022,19904,BRFSS,Health Status,Frequent mental distress among adults,%,Crude prevalence,17.6,15.8,19.4,28683,36880,"{'type': 'Point', 'coordinates': [-75.587619, 39.1712793]}",19904,HLTHSTAT,MHLTH,CrdPrv,Frequent Mental Distress
2022,19904,BRFSS,Disability,Mobility disability among adults,%,Crude prevalence,15.6,13.9,17.3,28683,36880,"{'type': 'Point', 'coordinates': [-75.587619, 39.1712793]}",19904,DISABLT,MOBILITY,CrdPrv,Mobility Disability
2022,19904,BRFSS,Health Outcomes,Obesity among adults,%,Crude prevalence,40.6,34.6,46.6,28683,36880,"{'type': 'Point', 'coordinates': [-75.587619, 39.1712793]}",19904,HLTHOUT,OBESITY,CrdPrv,Obesity
2022,19904,BRFSS,Health Status,Frequent physical distress among adults,%,Crude prevalence,13.7,12.3,15.3,28683,36880,"{'type': 'Point', 'coordinates': [-75.587619, 39.1712793]}",19904,HLTHSTAT,PHLTH,CrdPrv,Frequent Physical Distress
2022,19904,BRFSS,Disability,Self-care disability among adults,%,Crude prevalence,4.8,4.4,5.2,28683,36880,"{'type': 'Point', 'coordinates': [-75.587619, 39.1712793]}",19904,DISABLT,SELFCARE,CrdPrv,Self-care Disability
2022,19904,BRFSS,Health-Related Social Needs,Utility services shut-off threat in the past 12 months among adults,%,Crude prevalence,11.1,9.9,12.5,28683,36880,"{'type': 'Point', 'coordinates': [-75.587619, 39.1712793]}",19904,SOCLNEED,SHUTUTILITY,CrdPrv,Utility Services Threat
2022,19904,BRFSS,Health Risk Behaviors,Short sleep duration among adults,%,Crude prevalence,41.8,36.4,47.1,28683,36880,"{'type': 'Point', 'coordinates': [-75.587619, 39.1712793]}",19904,RISKBEH,SLEEP,CrdPrv,Short Sleep Duration
2022,19904,BRFSS,Health Outcomes,Stroke among adults,%,Crude prevalence,4.5,4.2,4.8,28683,36880,"{'type': 'Point', 'coordinates': [-75.587619, 39.1712793]}",19904,HLTHOUT,STROKE,CrdPrv,Stroke
2022,19904,BRFSS,Health Outcomes,All teeth lost among adults aged >=65 years,%,Crude prevalence,18.4,15.4,21.6,28683,36880,"{'type': 'Point', 'coordinates': [-75.587619, 39.1712793]}",19904,HLTHOUT,TEETHLOST,CrdPrv,All Teeth Lost
2022,19904,BRFSS,Disability,Vision disability among adults,%,Crude prevalence,6.4,5.8,6.9,28683,36880,"{'type': 'Point', 'coordinates': [-75.587619, 39.1712793]}",19904,DISABLT,VISION,CrdPrv,Vision Disability
2022,19930,BRFSS,Prevention,Current lack of health insurance among adults aged 18-64 years,%,Crude prevalence,4.1,3.4,4.9,2503,2657,"{'type': 'Point', 'coordinates': [-75.069397, 38.5528625]}",19930,PREVENT,ACCESS2,CrdPrv,Health Insurance
2022,19930,BRFSS,Health Outcomes,Arthritis among adults,%,Crude prevalence,38.7,35.2,42.6,2503,2657,"{'type': 'Point', 'coordinates': [-75.069397, 38.5528625]}",19930,HLTHOUT,ARTHRITIS,CrdPrv,Arthritis
2022,19930,BRFSS,Health Risk Behaviors,Binge drinking among adults,%,Crude prevalence,11.4,9.6,13.6,2503,2657,"{'type': 'Point', 'coordinates': [-75.069397, 38.5528625]}",19930,RISKBEH,BINGE,CrdPrv,Binge Drinking
2021,19930,BRFSS,Health Outcomes,High blood pressure among adults,%,Crude prevalence,41.9,37.8,46.1,2503,2657,"{'type': 'Point', 'coordinates': [-75.069397, 38.5528625]}",19930,HLTHOUT,BPHIGH,CrdPrv,High Blood Pressure
2021,19930,BRFSS,Prevention,Taking medicine to control high blood pressure among adults with high blood pressure,%,Crude prevalence,88.9,86.6,90.9,2503,2657,"{'type': 'Point', 'coordinates': [-75.069397, 38.5528625]}",19930,PREVENT,BPMED,CrdPrv,High Blood Pressure Medication
2022,19930,BRFSS,Health Outcomes,Cancer (non-skin) or melanoma among adults,%,Crude prevalence,16.8,15.4,18.3,2503,2657,"{'type': 'Point', 'coordinates': [-75.069397, 38.5528625]}",19930,HLTHOUT,CANCER,CrdPrv,Cancer (non-skin) or Melanoma
2022,19930,BRFSS,Health Outcomes,Current asthma among adults,%,Crude prevalence,8.7,7.7,9.9,2503,2657,"{'type': 'Point', 'coordinates': [-75.069397, 38.5528625]}",19930,HLTHOUT,CASTHMA,CrdPrv,Current Asthma
2022,19930,BRFSS,Health Outcomes,Coronary heart disease among adults,%,Crude prevalence,9.8,8.9,10.9,2503,2657,"{'type': 'Point', 'coordinates': [-75.069397, 38.5528625]}",19930,HLTHOUT,CHD,CrdPrv,Coronary Heart Disease
2022,19930,BRFSS,Prevention,Visits to doctor for routine checkup within the past year among adults,%,Crude prevalence,87.2,85.0,89.3,2503,2657,"{'type': 'Point', 'coordinates': [-75.069397, 38.5528625]}",19930,PREVENT,CHECKUP,CrdPrv,Annual Checkup
2021,19930,BRFSS,Prevention,Cholesterol screening among adults,%,Crude prevalence,94.9,93.9,95.9,2503,2657,"{'type': 'Point', 'coordinates': [-75.069397, 38.5528625]}",19930,PREVENT,CHOLSCREEN,CrdPrv,Cholesterol Screening
2022,19930,BRFSS,Disability,Cognitive disability among adults,%,Crude prevalence,6.6,5.9,7.5,2503,2657,"{'type': 'Point', 'coordinates': [-75.069397, 38.5528625]}",19930,DISABLT,COGNITION,CrdPrv,Cognitive Disability
2022,19930,BRFSS,Prevention,Colorectal cancer screening among adults aged 45–75 years,%,Crude prevalence,80.2,77.0,83.5,2503,2657,"{'type': 'Point', 'coordinates': [-75.069397, 38.5528625]}",19930,PREVENT,COLON_SCREEN,CrdPrv,Colorectal Cancer Screening
2022,19930,BRFSS,Health Outcomes,Chronic obstructive pulmonary disease among adults,%,Crude prevalence,6.3,5.6,7.0,2503,2657,"{'type': 'Point', 'coordinates': [-75.069397, 38.5528625]}",19930,HLTHOUT,COPD,CrdPrv,COPD
2022,19930,BRFSS,Health Risk Behaviors,Current cigarette smoking among adults,%,Crude prevalence,6.3,5.5,7.3,2503,2657,"{'type': 'Point', 'coordinates': [-75.069397, 38.5528625]}",19930,RISKBEH,CSMOKING,CrdPrv,Current Cigarette Smoking
2022,19930,BRFSS,Prevention,Visited dentist or dental clinic in the past year among adults,%,Crude prevalence,78.2,75.6,80.9,2503,2657,"{'type': 'Point', 'coordinates': [-75.069397, 38.5528625]}",19930,PREVENT,DENTAL,CrdPrv,Dental Visit
2022,19930,BRFSS,Health Outcomes,Depression among adults,%,Crude prevalence,15.9,13.7,18.6,2503,2657,"{'type': 'Point', 'coordinates': [-75.069397, 38.5528625]}",19930,HLTHOUT,DEPRESSION,CrdPrv,Depression
2022,19930,BRFSS,Health Outcomes,Diagnosed diabetes among adults,%,Crude prevalence,12.4,10.9,14.2,2503,2657,"{'type': 'Point', 'coordinates': [-75.069397, 38.5528625]}",19930,HLTHOUT,DIABETES,CrdPrv,Diabetes
2022,19930,BRFSS,Disability,Any disability among adults,%,Crude prevalence,23.0,20.4,26.2,2503,2657,"{'type': 'Point', 'coordinates': [-75.069397, 38.5528625]}",19930,DISABLT,DISABILITY,CrdPrv,Any Disability
2022,19930,BRFSS,Health-Related Social Needs,Lack of social and emotional support among adults,%,Crude prevalence,15.6,13.3,17.9,2503,2657,"{'type': 'Point', 'coordinates': [-75.069397, 38.5528625]}",19930,SOCLNEED,EMOTIONSPT,CrdPrv,Lack of Social/Emotional Support
2022,19930,BRFSS,Health-Related Social Needs,Food insecurity in the past 12 months among adults,%,Crude prevalence,4.4,3.9,5.0,2503,2657,"{'type': 'Point', 'coordinates': [-75.069397, 38.5528625]}",19930,SOCLNEED,FOODINSECU,CrdPrv,Food Insecurity
2022,19930,BRFSS,Health-Related Social Needs,Received food stamps in the past 12 months among adults,%,Crude prevalence,3.1,2.6,3.6,2503,2657,"{'type': 'Point', 'coordinates': [-75.069397, 38.5528625]}",19930,SOCLNEED,FOODSTAMP,CrdPrv,Food Stamps
2022,19930,BRFSS,Health Status,Fair or poor self-rated health status among adults,%,Crude prevalence,10.9,9.7,12.3,2503,2657,"{'type': 'Point', 'coordinates': [-75.069397, 38.5528625]}",19930,HLTHSTAT,GHLTH,CrdPrv,General Health
2022,19930,BRFSS,Disability,Hearing disability among adults,%,Crude prevalence,9.2,8.3,10.3,2503,2657,"{'type': 'Point', 'coordinates': [-75.069397, 38.5528625]}",19930,DISABLT,HEARING,CrdPrv,Hearing Disability
2021,19930,BRFSS,Health Outcomes,High cholesterol among adults who have ever been screened,%,Crude prevalence,46.1,41.8,50.5,2503,2657,"{'type': 'Point', 'coordinates': [-75.069397, 38.5528625]}",19930,HLTHOUT,HIGHCHOL,CrdPrv,High Cholesterol
2022,19930,BRFSS,Health-Related Social Needs,Housing insecurity in the past 12 months among adults,%,Crude prevalence,3.9,3.4,4.4,2503,2657,"{'type': 'Point', 'coordinates': [-75.069397, 38.5528625]}",19930,SOCLNEED,HOUSINSECU,CrdPrv,Housing Insecurity
2022,19930,BRFSS,Disability,Independent living disability among adults,%,Crude prevalence,4.5,4.1,5.0,2503,2657,"{'type': 'Point', 'coordinates': [-75.069397, 38.5528625]}",19930,DISABLT,INDEPLIVE,CrdPrv,Independent Living Disability
2022,19930,BRFSS,Health-Related Social Needs,Feeling socially isolated among adults,%,Crude prevalence,22.2,19.1,25.5,2503,2657,"{'type': 'Point', 'coordinates': [-75.069397, 38.5528625]}",19930,SOCLNEED,ISOLATION,CrdPrv,Social Isolation
2022,19930,BRFSS,Health-Related Social Needs,Lack of reliable transportation in the past 12 months among adults,%,Crude prevalence,3.3,2.9,3.6,2503,2657,"{'type': 'Point', 'coordinates': [-75.069397, 38.5528625]}",19930,SOCLNEED,LACKTRPT,CrdPrv,Transportation Barriers
2022,19930,BRFSS,Health Risk Behaviors,No leisure-time physical activity among adults,%,Crude prevalence,16.1,13.8,18.9,2503,2657,"{'type': 'Point', 'coordinates': [-75.069397, 38.5528625]}",19930,RISKBEH,LPA,CrdPrv,Physical Inactivity
2022,19930,BRFSS,Prevention,Mammography use among women aged 50-74 years,%,Crude prevalence,83.5,79.2,87.7,2503,2657,"{'type': 'Point', 'coordinates': [-75.069397, 38.5528625]}",19930,PREVENT,MAMMOUSE,CrdPrv,Mammography
2022,19930,BRFSS,Health Status,Frequent mental distress among adults,%,Crude prevalence,8.7,7.8,9.8,2503,2657,"{'type': 'Point', 'coordinates': [-75.069397, 38.5528625]}",19930,HLTHSTAT,MHLTH,CrdPrv,Frequent Mental Distress
2022,19930,BRFSS,Disability,Mobility disability among adults,%,Crude prevalence,11.5,10.2,13.0,2503,2657,"{'type': 'Point', 'coordinates': [-75.069397, 38.5528625]}",19930,DISABLT,MOBILITY,CrdPrv,Mobility Disability
2022,19930,BRFSS,Health Outcomes,Obesity among adults,%,Crude prevalence,29.6,24.9,35.2,2503,2657,"{'type': 'Point', 'coordinates': [-75.069397, 38.5528625]}",19930,HLTHOUT,OBESITY,CrdPrv,Obesity
2022,19930,BRFSS,Health Status,Frequent physical distress among adults,%,Crude prevalence,9.5,8.5,10.7,2503,2657,"{'type': 'Point', 'coordinates': [-75.069397, 38.5528625]}",19930,HLTHSTAT,PHLTH,CrdPrv,Frequent Physical Distress
2022,19930,BRFSS,Disability,Self-care disability among adults,%,Crude prevalence,2.3,2.1,2.5,2503,2657,"{'type': 'Point', 'coordinates': [-75.069397, 38.5528625]}",19930,DISABLT,SELFCARE,CrdPrv,Self-care Disability
2022,19930,BRFSS,Health-Related Social Needs,Utility services shut-off threat in the past 12 months among adults,%,Crude prevalence,2.6,2.3,3.0,2503,2657,"{'type': 'Point', 'coordinates': [-75.069397, 38.5528625]}",19930,SOCLNEED,SHUTUTILITY,CrdPrv,Utility Services Threat
2022,19930,BRFSS,Health Risk Behaviors,Short sleep duration among adults,%,Crude prevalence,24.0,20.3,28.3,2503,2657,"{'type': 'Point', 'coordinates': [-75.069397, 38.5528625]}",19930,RISKBEH,SLEEP,CrdPrv,Short Sleep Duration
2022,19930,BRFSS,Health Outcomes,Stroke among adults,%,Crude prevalence,3.9,3.6,4.2,2503,2657,"{'type': 'Point', 'coordinates': [-75.069397, 38.5528625]}",19930,HLTHOUT,STROKE,CrdPrv,Stroke
2022,19930,BRFSS,Health Outcomes,All teeth lost among adults aged >=65 years,%,Crude prevalence,6.5,5.3,7.9,2503,2657,"{'type': 'Point', 'coordinates': [-75.069397, 38.5528625]}",19930,HLTHOUT,TEETHLOST,CrdPrv,All Teeth Lost
2022,19930,BRFSS,Disability,Vision disability among adults,%,Crude prevalence,3.1,2.8,3.4,2503,2657,"{'type': 'Point', 'coordinates': [-75.069397, 38.5528625]}",19930,DISABLT,VISION,CrdPrv,Vision Disability
2022,19931,BRFSS,Prevention,Current lack of health insurance among adults aged 18-64 years,%,Crude prevalence,11.8,9.3,15.0,217,258,"{'type': 'Point', 'coordinates': [-75.6104506, 38.569298]}",19931,PREVENT,ACCESS2,CrdPrv,Health Insurance
2022,19931,BRFSS,Health Outcomes,Arthritis among adults,%,Crude prevalence,41.9,38.7,45.5,217,258,"{'type': 'Point', 'coordinates': [-75.6104506, 38.569298]}",19931,HLTHOUT,ARTHRITIS,CrdPrv,Arthritis
2022,19931,BRFSS,Health Risk Behaviors,Binge drinking among adults,%,Crude prevalence,12.3,10.4,14.6,217,258,"{'type': 'Point', 'coordinates': [-75.6104506, 38.569298]}",19931,RISKBEH,BINGE,CrdPrv,Binge Drinking
2021,19931,BRFSS,Health Outcomes,High blood pressure among adults,%,Crude prevalence,47.2,43.2,51.0,217,258,"{'type': 'Point', 'coordinates': [-75.6104506, 38.569298]}",19931,HLTHOUT,BPHIGH,CrdPrv,High Blood Pressure
2021,19931,BRFSS,Prevention,Taking medicine to control high blood pressure among adults with high blood pressure,%,Crude prevalence,86.8,84.5,88.8,217,258,"{'type': 'Point', 'coordinates': [-75.6104506, 38.569298]}",19931,PREVENT,BPMED,CrdPrv,High Blood Pressure Medication
2022,19931,BRFSS,Health Outcomes,Cancer (non-skin) or melanoma among adults,%,Crude prevalence,12.2,11.1,13.4,217,258,"{'type': 'Point', 'coordinates': [-75.6104506, 38.569298]}",19931,HLTHOUT,CANCER,CrdPrv,Cancer (non-skin) or Melanoma
2022,19931,BRFSS,Health Outcomes,Current asthma among adults,%,Crude prevalence,11.5,10.3,12.9,217,258,"{'type': 'Point', 'coordinates': [-75.6104506, 38.569298]}",19931,HLTHOUT,CASTHMA,CrdPrv,Current Asthma
2022,19931,BRFSS,Health Outcomes,Coronary heart disease among adults,%,Crude prevalence,13.2,12.0,14.4,217,258,"{'type': 'Point', 'coordinates': [-75.6104506, 38.569298]}",19931,HLTHOUT,CHD,CrdPrv,Coronary Heart Disease
2022,19931,BRFSS,Prevention,Visits to doctor for routine checkup within the past year among adults,%,Crude prevalence,82.6,79.9,85.4,217,258,"{'type': 'Point', 'coordinates': [-75.6104506, 38.569298]}",19931,PREVENT,CHECKUP,CrdPrv,Annual Checkup
2021,19931,BRFSS,Prevention,Cholesterol screening among adults,%,Crude prevalence,88.3,86.2,90.3,217,258,"{'type': 'Point', 'coordinates': [-75.6104506, 38.569298]}",19931,PREVENT,CHOLSCREEN,CrdPrv,Cholesterol Screening
2022,19931,BRFSS,Disability,Cognitive disability among adults,%,Crude prevalence,16.2,14.6,18.0,217,258,"{'type': 'Point', 'coordinates': [-75.6104506, 38.569298]}",19931,DISABLT,COGNITION,CrdPrv,Cognitive Disability
2022,19931,BRFSS,Prevention,Colorectal cancer screening among adults aged 45–75 years,%,Crude prevalence,66.5,62.2,70.9,217,258,"{'type': 'Point', 'coordinates': [-75.6104506, 38.569298]}",19931,PREVENT,COLON_SCREEN,CrdPrv,Colorectal Cancer Screening
2022,19931,BRFSS,Health Outcomes,Chronic obstructive pulmonary disease among adults,%,Crude prevalence,14.3,12.9,15.8,217,258,"{'type': 'Point', 'coordinates': [-75.6104506, 38.569298]}",19931,HLTHOUT,COPD,CrdPrv,COPD
2022,19931,BRFSS,Health Risk Behaviors,Current cigarette smoking among adults,%,Crude prevalence,19.5,17.5,22.0,217,258,"{'type': 'Point', 'coordinates': [-75.6104506, 38.569298]}",19931,RISKBEH,CSMOKING,CrdPrv,Current Cigarette Smoking
2022,19931,BRFSS,Prevention,Visited dentist or dental clinic in the past year among adults,%,Crude prevalence,52.6,49.0,56.5,217,258,"{'type': 'Point', 'coordinates': [-75.6104506, 38.569298]}",19931,PREVENT,DENTAL,CrdPrv,Dental Visit
2022,19931,BRFSS,Health Outcomes,Depression among adults,%,Crude prevalence,21.7,18.9,25.1,217,258,"{'type': 'Point', 'coordinates': [-75.6104506, 38.569298]}",19931,HLTHOUT,DEPRESSION,CrdPrv,Depression
2022,19931,BRFSS,Health Outcomes,Diagnosed diabetes among adults,%,Crude prevalence,18.0,16.0,20.2,217,258,"{'type': 'Point', 'coordinates': [-75.6104506, 38.569298]}",19931,HLTHOUT,DIABETES,CrdPrv,Diabetes
2022,19931,BRFSS,Disability,Any disability among adults,%,Crude prevalence,39.5,36.0,43.5,217,258,"{'type': 'Point', 'coordinates': [-75.6104506, 38.569298]}",19931,DISABLT,DISABILITY,CrdPrv,Any Disability
2022,19931,BRFSS,Health-Related Social Needs,Lack of social and emotional support among adults,%,Crude prevalence,24.5,21.3,27.7,217,258,"{'type': 'Point', 'coordinates': [-75.6104506, 38.569298]}",19931,SOCLNEED,EMOTIONSPT,CrdPrv,Lack of Social/Emotional Support
2022,19931,BRFSS,Health-Related Social Needs,Food insecurity in the past 12 months among adults,%,Crude prevalence,20.3,18.3,22.4,217,258,"{'type': 'Point', 'coordinates': [-75.6104506, 38.569298]}",19931,SOCLNEED,FOODINSECU,CrdPrv,Food Insecurity
2022,19931,BRFSS,Health-Related Social Needs,Received food stamps in the past 12 months among adults,%,Crude prevalence,22.1,19.6,24.8,217,258,"{'type': 'Point', 'coordinates': [-75.6104506, 38.569298]}",19931,SOCLNEED,FOODSTAMP,CrdPrv,Food Stamps
2022,19931,BRFSS,Health Status,Fair or poor self-rated health status among adults,%,Crude prevalence,26.2,23.9,29.0,217,258,"{'type': 'Point', 'coordinates': [-75.6104506, 38.569298]}",19931,HLTHSTAT,GHLTH,CrdPrv,General Health
2022,19931,BRFSS,Disability,Hearing disability among adults,%,Crude prevalence,13.1,11.9,14.5,217,258,"{'type': 'Point', 'coordinates': [-75.6104506, 38.569298]}",19931,DISABLT,HEARING,CrdPrv,Hearing Disability
2021,19931,BRFSS,Health Outcomes,High cholesterol among adults who have ever been screened,%,Crude prevalence,44.3,40.3,48.3,217,258,"{'type': 'Point', 'coordinates': [-75.6104506, 38.569298]}",19931,HLTHOUT,HIGHCHOL,CrdPrv,High Cholesterol
2022,19931,BRFSS,Health-Related Social Needs,Housing insecurity in the past 12 months among adults,%,Crude prevalence,14.3,12.8,15.9,217,258,"{'type': 'Point', 'coordinates': [-75.6104506, 38.569298]}",19931,SOCLNEED,HOUSINSECU,CrdPrv,Housing Insecurity
2022,19931,BRFSS,Disability,Independent living disability among adults,%,Crude prevalence,12.1,11.0,13.4,217,258,"{'type': 'Point', 'coordinates': [-75.6104506, 38.569298]}",19931,DISABLT,INDEPLIVE,CrdPrv,Independent Living Disability
2022,19931,BRFSS,Health-Related Social Needs,Feeling socially isolated among adults,%,Crude prevalence,28.7,25.0,32.5,217,258,"{'type': 'Point', 'coordinates': [-75.6104506, 38.569298]}",19931,SOCLNEED,ISOLATION,CrdPrv,Social Isolation
2022,19931,BRFSS,Health-Related Social Needs,Lack of reliable transportation in the past 12 months among adults,%,Crude prevalence,11.2,10.1,12.3,217,258,"{'type': 'Point', 'coordinates': [-75.6104506, 38.569298]}",19931,SOCLNEED,LACKTRPT,CrdPrv,Transportation Barriers
2022,19931,BRFSS,Health Risk Behaviors,No leisure-time physical activity among adults,%,Crude prevalence,33.0,29.3,37.4,217,258,"{'type': 'Point', 'coordinates': [-75.6104506, 38.569298]}",19931,RISKBEH,LPA,CrdPrv,Physical Inactivity
2022,19931,BRFSS,Prevention,Mammography use among women aged 50-74 years,%,Crude prevalence,74.2,67.9,80.1,217,258,"{'type': 'Point', 'coordinates': [-75.6104506, 38.569298]}",19931,PREVENT,MAMMOUSE,CrdPrv,Mammography
2022,19931,BRFSS,Health Status,Frequent mental distress among adults,%,Crude prevalence,16.5,15.0,18.3,217,258,"{'type': 'Point', 'coordinates': [-75.6104506, 38.569298]}",19931,HLTHSTAT,MHLTH,CrdPrv,Frequent Mental Distress
2022,19931,BRFSS,Disability,Mobility disability among adults,%,Crude prevalence,23.7,21.6,26.1,217,258,"{'type': 'Point', 'coordinates': [-75.6104506, 38.569298]}",19931,DISABLT,MOBILITY,CrdPrv,Mobility Disability
2022,19931,BRFSS,Health Outcomes,Obesity among adults,%,Crude prevalence,41.4,35.9,47.8,217,258,"{'type': 'Point', 'coordinates': [-75.6104506, 38.569298]}",19931,HLTHOUT,OBESITY,CrdPrv,Obesity
2022,19931,BRFSS,Health Status,Frequent physical distress among adults,%,Crude prevalence,18.3,16.6,20.3,217,258,"{'type': 'Point', 'coordinates': [-75.6104506, 38.569298]}",19931,HLTHSTAT,PHLTH,CrdPrv,Frequent Physical Distress
2022,19931,BRFSS,Disability,Self-care disability among adults,%,Crude prevalence,7.1,6.5,7.7,217,258,"{'type': 'Point', 'coordinates': [-75.6104506, 38.569298]}",19931,DISABLT,SELFCARE,CrdPrv,Self-care Disability
2022,19933,BRFSS,Disability,Hearing disability among adults,%,Crude prevalence,8.4,7.6,9.4,7377,9784,"{'type': 'Point', 'coordinates': [-75.603361, 38.7330183]}",19933,DISABLT,HEARING,CrdPrv,Hearing Disability
2022,19931,BRFSS,Health-Related Social Needs,Utility services shut-off threat in the past 12 months among adults,%,Crude prevalence,10.0,8.8,11.3,217,258,"{'type': 'Point', 'coordinates': [-75.6104506, 38.569298]}",19931,SOCLNEED,SHUTUTILITY,CrdPrv,Utility Services Threat
2022,19931,BRFSS,Health Risk Behaviors,Short sleep duration among adults,%,Crude prevalence,34.2,29.7,39.5,217,258,"{'type': 'Point', 'coordinates': [-75.6104506, 38.569298]}",19931,RISKBEH,SLEEP,CrdPrv,Short Sleep Duration
2022,19931,BRFSS,Health Outcomes,Stroke among adults,%,Crude prevalence,6.9,6.4,7.6,217,258,"{'type': 'Point', 'coordinates': [-75.6104506, 38.569298]}",19931,HLTHOUT,STROKE,CrdPrv,Stroke
2022,19931,BRFSS,Health Outcomes,All teeth lost among adults aged >=65 years,%,Crude prevalence,22.6,19.3,26.2,217,258,"{'type': 'Point', 'coordinates': [-75.6104506, 38.569298]}",19931,HLTHOUT,TEETHLOST,CrdPrv,All Teeth Lost
2022,19931,BRFSS,Disability,Vision disability among adults,%,Crude prevalence,8.5,7.8,9.3,217,258,"{'type': 'Point', 'coordinates': [-75.6104506, 38.569298]}",19931,DISABLT,VISION,CrdPrv,Vision Disability
2022,19933,BRFSS,Prevention,Current lack of health insurance among adults aged 18-64 years,%,Crude prevalence,12.6,10.8,14.5,7377,9784,"{'type': 'Point', 'coordinates': [-75.603361, 38.7330183]}",19933,PREVENT,ACCESS2,CrdPrv,Health Insurance
2022,19933,BRFSS,Health Outcomes,Arthritis among adults,%,Crude prevalence,33.4,30.5,36.7,7377,9784,"{'type': 'Point', 'coordinates': [-75.603361, 38.7330183]}",19933,HLTHOUT,ARTHRITIS,CrdPrv,Arthritis
2022,19933,BRFSS,Health Risk Behaviors,Binge drinking among adults,%,Crude prevalence,14.1,12.0,16.8,7377,9784,"{'type': 'Point', 'coordinates': [-75.603361, 38.7330183]}",19933,RISKBEH,BINGE,CrdPrv,Binge Drinking
2021,19933,BRFSS,Health Outcomes,High blood pressure among adults,%,Crude prevalence,39.4,35.7,43.2,7377,9784,"{'type': 'Point', 'coordinates': [-75.603361, 38.7330183]}",19933,HLTHOUT,BPHIGH,CrdPrv,High Blood Pressure
2021,19933,BRFSS,Prevention,Taking medicine to control high blood pressure among adults with high blood pressure,%,Crude prevalence,83.8,81.4,86.0,7377,9784,"{'type': 'Point', 'coordinates': [-75.603361, 38.7330183]}",19933,PREVENT,BPMED,CrdPrv,High Blood Pressure Medication
2022,19933,BRFSS,Health Outcomes,Cancer (non-skin) or melanoma among adults,%,Crude prevalence,9.5,8.7,10.4,7377,9784,"{'type': 'Point', 'coordinates': [-75.603361, 38.7330183]}",19933,HLTHOUT,CANCER,CrdPrv,Cancer (non-skin) or Melanoma
2022,19933,BRFSS,Health Outcomes,Current asthma among adults,%,Crude prevalence,10.9,9.8,12.3,7377,9784,"{'type': 'Point', 'coordinates': [-75.603361, 38.7330183]}",19933,HLTHOUT,CASTHMA,CrdPrv,Current Asthma
2022,19933,BRFSS,Health Outcomes,Coronary heart disease among adults,%,Crude prevalence,8.9,8.1,9.8,7377,9784,"{'type': 'Point', 'coordinates': [-75.603361, 38.7330183]}",19933,HLTHOUT,CHD,CrdPrv,Coronary Heart Disease
2022,19933,BRFSS,Prevention,Visits to doctor for routine checkup within the past year among adults,%,Crude prevalence,81.3,78.4,84.2,7377,9784,"{'type': 'Point', 'coordinates': [-75.603361, 38.7330183]}",19933,PREVENT,CHECKUP,CrdPrv,Annual Checkup
2021,19933,BRFSS,Prevention,Cholesterol screening among adults,%,Crude prevalence,88.2,86.0,90.1,7377,9784,"{'type': 'Point', 'coordinates': [-75.603361, 38.7330183]}",19933,PREVENT,CHOLSCREEN,CrdPrv,Cholesterol Screening
2022,19933,BRFSS,Disability,Cognitive disability among adults,%,Crude prevalence,13.8,12.5,15.5,7377,9784,"{'type': 'Point', 'coordinates': [-75.603361, 38.7330183]}",19933,DISABLT,COGNITION,CrdPrv,Cognitive Disability
2022,19933,BRFSS,Prevention,Colorectal cancer screening among adults aged 45–75 years,%,Crude prevalence,67.6,63.7,71.7,7377,9784,"{'type': 'Point', 'coordinates': [-75.603361, 38.7330183]}",19933,PREVENT,COLON_SCREEN,CrdPrv,Colorectal Cancer Screening
2022,19933,BRFSS,Health Outcomes,Chronic obstructive pulmonary disease among adults,%,Crude prevalence,9.2,8.3,10.3,7377,9784,"{'type': 'Point', 'coordinates': [-75.603361, 38.7330183]}",19933,HLTHOUT,COPD,CrdPrv,COPD
2022,19933,BRFSS,Health Risk Behaviors,Current cigarette smoking among adults,%,Crude prevalence,15.9,14.1,18.0,7377,9784,"{'type': 'Point', 'coordinates': [-75.603361, 38.7330183]}",19933,RISKBEH,CSMOKING,CrdPrv,Current Cigarette Smoking
2022,19933,BRFSS,Prevention,Visited dentist or dental clinic in the past year among adults,%,Crude prevalence,58.1,54.5,61.8,7377,9784,"{'type': 'Point', 'coordinates': [-75.603361, 38.7330183]}",19933,PREVENT,DENTAL,CrdPrv,Dental Visit
2022,19933,BRFSS,Health Outcomes,Depression among adults,%,Crude prevalence,19.9,17.3,23.1,7377,9784,"{'type': 'Point', 'coordinates': [-75.603361, 38.7330183]}",19933,HLTHOUT,DEPRESSION,CrdPrv,Depression
2022,19933,BRFSS,Health Outcomes,Diagnosed diabetes among adults,%,Crude prevalence,14.6,13.0,16.6,7377,9784,"{'type': 'Point', 'coordinates': [-75.603361, 38.7330183]}",19933,HLTHOUT,DIABETES,CrdPrv,Diabetes
2022,19933,BRFSS,Disability,Any disability among adults,%,Crude prevalence,31.2,28.0,34.9,7377,9784,"{'type': 'Point', 'coordinates': [-75.603361, 38.7330183]}",19933,DISABLT,DISABILITY,CrdPrv,Any Disability
2022,19933,BRFSS,Health-Related Social Needs,Lack of social and emotional support among adults,%,Crude prevalence,24.1,21.0,27.3,7377,9784,"{'type': 'Point', 'coordinates': [-75.603361, 38.7330183]}",19933,SOCLNEED,EMOTIONSPT,CrdPrv,Lack of Social/Emotional Support
2022,19933,BRFSS,Health-Related Social Needs,Food insecurity in the past 12 months among adults,%,Crude prevalence,17.1,15.4,18.8,7377,9784,"{'type': 'Point', 'coordinates': [-75.603361, 38.7330183]}",19933,SOCLNEED,FOODINSECU,CrdPrv,Food Insecurity
2022,19933,BRFSS,Health-Related Social Needs,Received food stamps in the past 12 months among adults,%,Crude prevalence,15.7,13.9,17.6,7377,9784,"{'type': 'Point', 'coordinates': [-75.603361, 38.7330183]}",19933,SOCLNEED,FOODSTAMP,CrdPrv,Food Stamps
2022,19933,BRFSS,Health Status,Fair or poor self-rated health status among adults,%,Crude prevalence,20.1,18.2,22.4,7377,9784,"{'type': 'Point', 'coordinates': [-75.603361, 38.7330183]}",19933,HLTHSTAT,GHLTH,CrdPrv,General Health
2021,19933,BRFSS,Health Outcomes,High cholesterol among adults who have ever been screened,%,Crude prevalence,39.2,35.5,43.1,7377,9784,"{'type': 'Point', 'coordinates': [-75.603361, 38.7330183]}",19933,HLTHOUT,HIGHCHOL,CrdPrv,High Cholesterol
2022,19933,BRFSS,Health-Related Social Needs,Housing insecurity in the past 12 months among adults,%,Crude prevalence,14.5,13.0,16.0,7377,9784,"{'type': 'Point', 'coordinates': [-75.603361, 38.7330183]}",19933,SOCLNEED,HOUSINSECU,CrdPrv,Housing Insecurity
2022,19933,BRFSS,Disability,Independent living disability among adults,%,Crude prevalence,8.6,7.8,9.5,7377,9784,"{'type': 'Point', 'coordinates': [-75.603361, 38.7330183]}",19933,DISABLT,INDEPLIVE,CrdPrv,Independent Living Disability
2022,19933,BRFSS,Health-Related Social Needs,Feeling socially isolated among adults,%,Crude prevalence,28.8,25.0,32.7,7377,9784,"{'type': 'Point', 'coordinates': [-75.603361, 38.7330183]}",19933,SOCLNEED,ISOLATION,CrdPrv,Social Isolation
2022,19933,BRFSS,Health-Related Social Needs,Lack of reliable transportation in the past 12 months among adults,%,Crude prevalence,9.9,9.0,10.8,7377,9784,"{'type': 'Point', 'coordinates': [-75.603361, 38.7330183]}",19933,SOCLNEED,LACKTRPT,CrdPrv,Transportation Barriers
2022,19933,BRFSS,Health Risk Behaviors,No leisure-time physical activity among adults,%,Crude prevalence,27.1,23.7,31.0,7377,9784,"{'type': 'Point', 'coordinates': [-75.603361, 38.7330183]}",19933,RISKBEH,LPA,CrdPrv,Physical Inactivity
2022,19933,BRFSS,Prevention,Mammography use among women aged 50-74 years,%,Crude prevalence,78.4,73.2,83.5,7377,9784,"{'type': 'Point', 'coordinates': [-75.603361, 38.7330183]}",19933,PREVENT,MAMMOUSE,CrdPrv,Mammography
2022,19933,BRFSS,Health Status,Frequent mental distress among adults,%,Crude prevalence,15.6,14.2,17.4,7377,9784,"{'type': 'Point', 'coordinates': [-75.603361, 38.7330183]}",19933,HLTHSTAT,MHLTH,CrdPrv,Frequent Mental Distress
2022,19933,BRFSS,Disability,Mobility disability among adults,%,Crude prevalence,16.2,14.5,18.1,7377,9784,"{'type': 'Point', 'coordinates': [-75.603361, 38.7330183]}",19933,DISABLT,MOBILITY,CrdPrv,Mobility Disability
2022,19933,BRFSS,Health Outcomes,Obesity among adults,%,Crude prevalence,40.6,35.1,46.8,7377,9784,"{'type': 'Point', 'coordinates': [-75.603361, 38.7330183]}",19933,HLTHOUT,OBESITY,CrdPrv,Obesity
2022,19933,BRFSS,Health Status,Frequent physical distress among adults,%,Crude prevalence,13.9,12.6,15.6,7377,9784,"{'type': 'Point', 'coordinates': [-75.603361, 38.7330183]}",19933,HLTHSTAT,PHLTH,CrdPrv,Frequent Physical Distress
2022,19933,BRFSS,Disability,Self-care disability among adults,%,Crude prevalence,4.7,4.3,5.1,7377,9784,"{'type': 'Point', 'coordinates': [-75.603361, 38.7330183]}",19933,DISABLT,SELFCARE,CrdPrv,Self-care Disability
2022,19933,BRFSS,Health-Related Social Needs,Utility services shut-off threat in the past 12 months among adults,%,Crude prevalence,9.4,8.3,10.6,7377,9784,"{'type': 'Point', 'coordinates': [-75.603361, 38.7330183]}",19933,SOCLNEED,SHUTUTILITY,CrdPrv,Utility Services Threat
2022,19933,BRFSS,Health Risk Behaviors,Short sleep duration among adults,%,Crude prevalence,35.0,30.5,40.3,7377,9784,"{'type': 'Point', 'coordinates': [-75.603361, 38.7330183]}",19933,RISKBEH,SLEEP,CrdPrv,Short Sleep Duration
2022,19933,BRFSS,Health Outcomes,Stroke among adults,%,Crude prevalence,4.6,4.3,5.0,7377,9784,"{'type': 'Point', 'coordinates': [-75.603361, 38.7330183]}",19933,HLTHOUT,STROKE,CrdPrv,Stroke
2022,19933,BRFSS,Health Outcomes,All teeth lost among adults aged >=65 years,%,Crude prevalence,14.8,12.4,17.6,7377,9784,"{'type': 'Point', 'coordinates': [-75.603361, 38.7330183]}",19933,HLTHOUT,TEETHLOST,CrdPrv,All Teeth Lost
2022,19933,BRFSS,Disability,Vision disability among adults,%,Crude prevalence,6.2,5.7,6.8,7377,9784,"{'type': 'Point', 'coordinates': [-75.603361, 38.7330183]}",19933,DISABLT,VISION,CrdPrv,Vision Disability
2022,19934,BRFSS,Prevention,Current lack of health insurance among adults aged 18-64 years,%,Crude prevalence,7.9,6.7,9.2,10977,14243,"{'type': 'Point', 'coordinates': [-75.6273547, 39.0847274]}",19934,PREVENT,ACCESS2,CrdPrv,Health Insurance
2022,19934,BRFSS,Health Outcomes,Arthritis among adults,%,Crude prevalence,30.0,26.9,33.0,10977,14243,"{'type': 'Point', 'coordinates': [-75.6273547, 39.0847274]}",19934,HLTHOUT,ARTHRITIS,CrdPrv,Arthritis
2022,19934,BRFSS,Health Risk Behaviors,Binge drinking among adults,%,Crude prevalence,15.2,12.7,17.9,10977,14243,"{'type': 'Point', 'coordinates': [-75.6273547, 39.0847274]}",19934,RISKBEH,BINGE,CrdPrv,Binge Drinking
2021,19934,BRFSS,Health Outcomes,High blood pressure among adults,%,Crude prevalence,36.0,32.4,39.4,10977,14243,"{'type': 'Point', 'coordinates': [-75.6273547, 39.0847274]}",19934,HLTHOUT,BPHIGH,CrdPrv,High Blood Pressure
2021,19934,BRFSS,Prevention,Taking medicine to control high blood pressure among adults with high blood pressure,%,Crude prevalence,80.3,77.5,82.8,10977,14243,"{'type': 'Point', 'coordinates': [-75.6273547, 39.0847274]}",19934,PREVENT,BPMED,CrdPrv,High Blood Pressure Medication
2022,19934,BRFSS,Health Outcomes,Cancer (non-skin) or melanoma among adults,%,Crude prevalence,9.0,8.1,9.8,10977,14243,"{'type': 'Point', 'coordinates': [-75.6273547, 39.0847274]}",19934,HLTHOUT,CANCER,CrdPrv,Cancer (non-skin) or Melanoma
2022,19934,BRFSS,Health Outcomes,Current asthma among adults,%,Crude prevalence,11.6,10.3,13.1,10977,14243,"{'type': 'Point', 'coordinates': [-75.6273547, 39.0847274]}",19934,HLTHOUT,CASTHMA,CrdPrv,Current Asthma
2022,19934,BRFSS,Health Outcomes,Coronary heart disease among adults,%,Crude prevalence,7.0,6.3,7.7,10977,14243,"{'type': 'Point', 'coordinates': [-75.6273547, 39.0847274]}",19934,HLTHOUT,CHD,CrdPrv,Coronary Heart Disease
2022,19934,BRFSS,Prevention,Visits to doctor for routine checkup within the past year among adults,%,Crude prevalence,78.3,74.7,81.6,10977,14243,"{'type': 'Point', 'coordinates': [-75.6273547, 39.0847274]}",19934,PREVENT,CHECKUP,CrdPrv,Annual Checkup
2021,19934,BRFSS,Prevention,Cholesterol screening among adults,%,Crude prevalence,87.5,85.2,89.5,10977,14243,"{'type': 'Point', 'coordinates': [-75.6273547, 39.0847274]}",19934,PREVENT,CHOLSCREEN,CrdPrv,Cholesterol Screening
2022,19934,BRFSS,Disability,Cognitive disability among adults,%,Crude prevalence,12.9,11.5,14.4,10977,14243,"{'type': 'Point', 'coordinates': [-75.6273547, 39.0847274]}",19934,DISABLT,COGNITION,CrdPrv,Cognitive Disability
2022,19934,BRFSS,Prevention,Colorectal cancer screening among adults aged 45–75 years,%,Crude prevalence,67.6,63.2,71.7,10977,14243,"{'type': 'Point', 'coordinates': [-75.6273547, 39.0847274]}",19934,PREVENT,COLON_SCREEN,CrdPrv,Colorectal Cancer Screening
2022,19934,BRFSS,Health Outcomes,Chronic obstructive pulmonary disease among adults,%,Crude prevalence,7.8,7.0,8.6,10977,14243,"{'type': 'Point', 'coordinates': [-75.6273547, 39.0847274]}",19934,HLTHOUT,COPD,CrdPrv,COPD
2022,19934,BRFSS,Health Risk Behaviors,Current cigarette smoking among adults,%,Crude prevalence,14.7,12.8,16.6,10977,14243,"{'type': 'Point', 'coordinates': [-75.6273547, 39.0847274]}",19934,RISKBEH,CSMOKING,CrdPrv,Current Cigarette Smoking
2022,19934,BRFSS,Prevention,Visited dentist or dental clinic in the past year among adults,%,Crude prevalence,64.8,61.0,68.2,10977,14243,"{'type': 'Point', 'coordinates': [-75.6273547, 39.0847274]}",19934,PREVENT,DENTAL,CrdPrv,Dental Visit
2022,19934,BRFSS,Health Outcomes,Depression among adults,%,Crude prevalence,20.3,17.4,23.4,10977,14243,"{'type': 'Point', 'coordinates': [-75.6273547, 39.0847274]}",19934,HLTHOUT,DEPRESSION,CrdPrv,Depression
2022,19934,BRFSS,Health Outcomes,Diagnosed diabetes among adults,%,Crude prevalence,12.7,11.1,14.3,10977,14243,"{'type': 'Point', 'coordinates': [-75.6273547, 39.0847274]}",19934,HLTHOUT,DIABETES,CrdPrv,Diabetes
2022,19934,BRFSS,Disability,Any disability among adults,%,Crude prevalence,27.8,24.6,31.2,10977,14243,"{'type': 'Point', 'coordinates': [-75.6273547, 39.0847274]}",19934,DISABLT,DISABILITY,CrdPrv,Any Disability
2022,19934,BRFSS,Health-Related Social Needs,Lack of social and emotional support among adults,%,Crude prevalence,22.2,19.5,25.4,10977,14243,"{'type': 'Point', 'coordinates': [-75.6273547, 39.0847274]}",19934,SOCLNEED,EMOTIONSPT,CrdPrv,Lack of Social/Emotional Support
2022,19934,BRFSS,Health-Related Social Needs,Food insecurity in the past 12 months among adults,%,Crude prevalence,12.8,11.5,14.3,10977,14243,"{'type': 'Point', 'coordinates': [-75.6273547, 39.0847274]}",19934,SOCLNEED,FOODINSECU,CrdPrv,Food Insecurity
2022,19934,BRFSS,Health-Related Social Needs,Received food stamps in the past 12 months among adults,%,Crude prevalence,10.9,9.6,12.5,10977,14243,"{'type': 'Point', 'coordinates': [-75.6273547, 39.0847274]}",19934,SOCLNEED,FOODSTAMP,CrdPrv,Food Stamps
2022,19934,BRFSS,Health Status,Fair or poor self-rated health status among adults,%,Crude prevalence,16.7,14.9,18.6,10977,14243,"{'type': 'Point', 'coordinates': [-75.6273547, 39.0847274]}",19934,HLTHSTAT,GHLTH,CrdPrv,General Health
2022,19934,BRFSS,Disability,Hearing disability among adults,%,Crude prevalence,7.0,6.2,7.8,10977,14243,"{'type': 'Point', 'coordinates': [-75.6273547, 39.0847274]}",19934,DISABLT,HEARING,CrdPrv,Hearing Disability
2021,19934,BRFSS,Health Outcomes,High cholesterol among adults who have ever been screened,%,Crude prevalence,36.9,33.1,40.6,10977,14243,"{'type': 'Point', 'coordinates': [-75.6273547, 39.0847274]}",19934,HLTHOUT,HIGHCHOL,CrdPrv,High Cholesterol
2022,19934,BRFSS,Health-Related Social Needs,Housing insecurity in the past 12 months among adults,%,Crude prevalence,11.0,9.9,12.4,10977,14243,"{'type': 'Point', 'coordinates': [-75.6273547, 39.0847274]}",19934,SOCLNEED,HOUSINSECU,CrdPrv,Housing Insecurity
2022,19934,BRFSS,Disability,Independent living disability among adults,%,Crude prevalence,7.3,6.6,8.1,10977,14243,"{'type': 'Point', 'coordinates': [-75.6273547, 39.0847274]}",19934,DISABLT,INDEPLIVE,CrdPrv,Independent Living Disability
2022,19934,BRFSS,Health-Related Social Needs,Feeling socially isolated among adults,%,Crude prevalence,30.4,26.8,34.6,10977,14243,"{'type': 'Point', 'coordinates': [-75.6273547, 39.0847274]}",19934,SOCLNEED,ISOLATION,CrdPrv,Social Isolation
2022,19934,BRFSS,Health-Related Social Needs,Lack of reliable transportation in the past 12 months among adults,%,Crude prevalence,7.7,7.0,8.4,10977,14243,"{'type': 'Point', 'coordinates': [-75.6273547, 39.0847274]}",19934,SOCLNEED,LACKTRPT,CrdPrv,Transportation Barriers
2022,19934,BRFSS,Health Risk Behaviors,No leisure-time physical activity among adults,%,Crude prevalence,24.9,21.4,28.5,10977,14243,"{'type': 'Point', 'coordinates': [-75.6273547, 39.0847274]}",19934,RISKBEH,LPA,CrdPrv,Physical Inactivity
2022,19934,BRFSS,Prevention,Mammography use among women aged 50-74 years,%,Crude prevalence,74.9,68.4,80.7,10977,14243,"{'type': 'Point', 'coordinates': [-75.6273547, 39.0847274]}",19934,PREVENT,MAMMOUSE,CrdPrv,Mammography
2022,19934,BRFSS,Health Status,Frequent mental distress among adults,%,Crude prevalence,15.7,14.1,17.4,10977,14243,"{'type': 'Point', 'coordinates': [-75.6273547, 39.0847274]}",19934,HLTHSTAT,MHLTH,CrdPrv,Frequent Mental Distress
2022,19934,BRFSS,Disability,Mobility disability among adults,%,Crude prevalence,13.2,11.7,14.8,10977,14243,"{'type': 'Point', 'coordinates': [-75.6273547, 39.0847274]}",19934,DISABLT,MOBILITY,CrdPrv,Mobility Disability
2022,19934,BRFSS,Health Outcomes,Obesity among adults,%,Crude prevalence,37.3,31.5,43.3,10977,14243,"{'type': 'Point', 'coordinates': [-75.6273547, 39.0847274]}",19934,HLTHOUT,OBESITY,CrdPrv,Obesity
2022,19934,BRFSS,Health Status,Frequent physical distress among adults,%,Crude prevalence,12.4,11.1,13.8,10977,14243,"{'type': 'Point', 'coordinates': [-75.6273547, 39.0847274]}",19934,HLTHSTAT,PHLTH,CrdPrv,Frequent Physical Distress
2022,19934,BRFSS,Disability,Self-care disability among adults,%,Crude prevalence,3.6,3.3,3.9,10977,14243,"{'type': 'Point', 'coordinates': [-75.6273547, 39.0847274]}",19934,DISABLT,SELFCARE,CrdPrv,Self-care Disability
2022,19934,BRFSS,Health-Related Social Needs,Utility services shut-off threat in the past 12 months among adults,%,Crude prevalence,7.6,6.7,8.6,10977,14243,"{'type': 'Point', 'coordinates': [-75.6273547, 39.0847274]}",19934,SOCLNEED,SHUTUTILITY,CrdPrv,Utility Services Threat
2022,19934,BRFSS,Health Risk Behaviors,Short sleep duration among adults,%,Crude prevalence,38.5,33.3,43.8,10977,14243,"{'type': 'Point', 'coordinates': [-75.6273547, 39.0847274]}",19934,RISKBEH,SLEEP,CrdPrv,Short Sleep Duration
2022,19934,BRFSS,Health Outcomes,Stroke among adults,%,Crude prevalence,3.8,3.5,4.1,10977,14243,"{'type': 'Point', 'coordinates': [-75.6273547, 39.0847274]}",19934,HLTHOUT,STROKE,CrdPrv,Stroke
2022,19934,BRFSS,Health Outcomes,All teeth lost among adults aged >=65 years,%,Crude prevalence,13.1,10.9,15.6,10977,14243,"{'type': 'Point', 'coordinates': [-75.6273547, 39.0847274]}",19934,HLTHOUT,TEETHLOST,CrdPrv,All Teeth Lost
2022,19934,BRFSS,Disability,Vision disability among adults,%,Crude prevalence,4.8,4.4,5.3,10977,14243,"{'type': 'Point', 'coordinates': [-75.6273547, 39.0847274]}",19934,DISABLT,VISION,CrdPrv,Vision Disability
2022,19936,BRFSS,Prevention,Current lack of health insurance among adults aged 18-64 years,%,Crude prevalence,12.9,10.2,15.7,250,329,"{'type': 'Point', 'coordinates': [-75.5851142, 39.2186348]}",19936,PREVENT,ACCESS2,CrdPrv,Health Insurance
2022,19936,BRFSS,Health Outcomes,Arthritis among adults,%,Crude prevalence,35.9,32.7,39.1,250,329,"{'type': 'Point', 'coordinates': [-75.5851142, 39.2186348]}",19936,HLTHOUT,ARTHRITIS,CrdPrv,Arthritis
2022,19936,BRFSS,Health Risk Behaviors,Binge drinking among adults,%,Crude prevalence,12.8,10.7,15.2,250,329,"{'type': 'Point', 'coordinates': [-75.5851142, 39.2186348]}",19936,RISKBEH,BINGE,CrdPrv,Binge Drinking
2021,19936,BRFSS,Health Outcomes,High blood pressure among adults,%,Crude prevalence,43.0,39.2,46.5,250,329,"{'type': 'Point', 'coordinates': [-75.5851142, 39.2186348]}",19936,HLTHOUT,BPHIGH,CrdPrv,High Blood Pressure
2021,19936,BRFSS,Prevention,Taking medicine to control high blood pressure among adults with high blood pressure,%,Crude prevalence,82.4,79.9,84.6,250,329,"{'type': 'Point', 'coordinates': [-75.5851142, 39.2186348]}",19936,PREVENT,BPMED,CrdPrv,High Blood Pressure Medication
2022,19936,BRFSS,Health Outcomes,Cancer (non-skin) or melanoma among adults,%,Crude prevalence,8.8,7.9,9.7,250,329,"{'type': 'Point', 'coordinates': [-75.5851142, 39.2186348]}",19936,HLTHOUT,CANCER,CrdPrv,Cancer (non-skin) or Melanoma
2022,19936,BRFSS,Health Outcomes,Current asthma among adults,%,Crude prevalence,13.6,12.0,15.1,250,329,"{'type': 'Point', 'coordinates': [-75.5851142, 39.2186348]}",19936,HLTHOUT,CASTHMA,CrdPrv,Current Asthma
2022,19936,BRFSS,Health Outcomes,Coronary heart disease among adults,%,Crude prevalence,10.1,9.1,11.2,250,329,"{'type': 'Point', 'coordinates': [-75.5851142, 39.2186348]}",19936,HLTHOUT,CHD,CrdPrv,Coronary Heart Disease
2022,19936,BRFSS,Prevention,Visits to doctor for routine checkup within the past year among adults,%,Crude prevalence,78.8,75.3,82.0,250,329,"{'type': 'Point', 'coordinates': [-75.5851142, 39.2186348]}",19936,PREVENT,CHECKUP,CrdPrv,Annual Checkup
2021,19936,BRFSS,Prevention,Cholesterol screening among adults,%,Crude prevalence,84.9,82.3,87.2,250,329,"{'type': 'Point', 'coordinates': [-75.5851142, 39.2186348]}",19936,PREVENT,CHOLSCREEN,CrdPrv,Cholesterol Screening
2022,19936,BRFSS,Disability,Cognitive disability among adults,%,Crude prevalence,18.1,16.3,20.1,250,329,"{'type': 'Point', 'coordinates': [-75.5851142, 39.2186348]}",19936,DISABLT,COGNITION,CrdPrv,Cognitive Disability
2022,19936,BRFSS,Prevention,Colorectal cancer screening among adults aged 45–75 years,%,Crude prevalence,61.8,57.3,66.0,250,329,"{'type': 'Point', 'coordinates': [-75.5851142, 39.2186348]}",19936,PREVENT,COLON_SCREEN,CrdPrv,Colorectal Cancer Screening
2022,19936,BRFSS,Health Outcomes,Chronic obstructive pulmonary disease among adults,%,Crude prevalence,12.6,11.4,14.0,250,329,"{'type': 'Point', 'coordinates': [-75.5851142, 39.2186348]}",19936,HLTHOUT,COPD,CrdPrv,COPD
2022,19936,BRFSS,Health Risk Behaviors,Current cigarette smoking among adults,%,Crude prevalence,21.0,18.6,23.4,250,329,"{'type': 'Point', 'coordinates': [-75.5851142, 39.2186348]}",19936,RISKBEH,CSMOKING,CrdPrv,Current Cigarette Smoking
2022,19936,BRFSS,Prevention,Visited dentist or dental clinic in the past year among adults,%,Crude prevalence,52.2,48.2,56.1,250,329,"{'type': 'Point', 'coordinates': [-75.5851142, 39.2186348]}",19936,PREVENT,DENTAL,CrdPrv,Dental Visit
2022,19936,BRFSS,Health Outcomes,Depression among adults,%,Crude prevalence,22.4,19.2,25.6,250,329,"{'type': 'Point', 'coordinates': [-75.5851142, 39.2186348]}",19936,HLTHOUT,DEPRESSION,CrdPrv,Depression
2022,19936,BRFSS,Health Outcomes,Diagnosed diabetes among adults,%,Crude prevalence,18.4,16.3,20.6,250,329,"{'type': 'Point', 'coordinates': [-75.5851142, 39.2186348]}",19936,HLTHOUT,DIABETES,CrdPrv,Diabetes
2022,19936,BRFSS,Disability,Any disability among adults,%,Crude prevalence,39.4,35.6,43.2,250,329,"{'type': 'Point', 'coordinates': [-75.5851142, 39.2186348]}",19936,DISABLT,DISABILITY,CrdPrv,Any Disability
2022,19936,BRFSS,Health-Related Social Needs,Lack of social and emotional support among adults,%,Crude prevalence,25.5,22.5,29.0,250,329,"{'type': 'Point', 'coordinates': [-75.5851142, 39.2186348]}",19936,SOCLNEED,EMOTIONSPT,CrdPrv,Lack of Social/Emotional Support
2022,19936,BRFSS,Health-Related Social Needs,Food insecurity in the past 12 months among adults,%,Crude prevalence,23.1,21.1,25.5,250,329,"{'type': 'Point', 'coordinates': [-75.5851142, 39.2186348]}",19936,SOCLNEED,FOODINSECU,CrdPrv,Food Insecurity
2022,19936,BRFSS,Health-Related Social Needs,Received food stamps in the past 12 months among adults,%,Crude prevalence,23.3,20.8,26.0,250,329,"{'type': 'Point', 'coordinates': [-75.5851142, 39.2186348]}",19936,SOCLNEED,FOODSTAMP,CrdPrv,Food Stamps
2022,19936,BRFSS,Health Status,Fair or poor self-rated health status among adults,%,Crude prevalence,27.1,24.6,29.7,250,329,"{'type': 'Point', 'coordinates': [-75.5851142, 39.2186348]}",19936,HLTHSTAT,GHLTH,CrdPrv,General Health
2022,19936,BRFSS,Disability,Hearing disability among adults,%,Crude prevalence,10.0,8.9,11.2,250,329,"{'type': 'Point', 'coordinates': [-75.5851142, 39.2186348]}",19936,DISABLT,HEARING,CrdPrv,Hearing Disability
2021,19936,BRFSS,Health Outcomes,High cholesterol among adults who have ever been screened,%,Crude prevalence,40.0,36.1,43.7,250,329,"{'type': 'Point', 'coordinates': [-75.5851142, 39.2186348]}",19936,HLTHOUT,HIGHCHOL,CrdPrv,High Cholesterol
2022,19936,BRFSS,Health-Related Social Needs,Housing insecurity in the past 12 months among adults,%,Crude prevalence,16.7,15.1,18.6,250,329,"{'type': 'Point', 'coordinates': [-75.5851142, 39.2186348]}",19936,SOCLNEED,HOUSINSECU,CrdPrv,Housing Insecurity
2022,19936,BRFSS,Disability,Independent living disability among adults,%,Crude prevalence,12.0,10.9,13.2,250,329,"{'type': 'Point', 'coordinates': [-75.5851142, 39.2186348]}",19936,DISABLT,INDEPLIVE,CrdPrv,Independent Living Disability
2022,19936,BRFSS,Health-Related Social Needs,Feeling socially isolated among adults,%,Crude prevalence,32.5,28.8,36.8,250,329,"{'type': 'Point', 'coordinates': [-75.5851142, 39.2186348]}",19936,SOCLNEED,ISOLATION,CrdPrv,Social Isolation
2022,19936,BRFSS,Health-Related Social Needs,Lack of reliable transportation in the past 12 months among adults,%,Crude prevalence,13.1,12.0,14.4,250,329,"{'type': 'Point', 'coordinates': [-75.5851142, 39.2186348]}",19936,SOCLNEED,LACKTRPT,CrdPrv,Transportation Barriers
2022,19936,BRFSS,Health Risk Behaviors,No leisure-time physical activity among adults,%,Crude prevalence,34.6,30.5,38.8,250,329,"{'type': 'Point', 'coordinates': [-75.5851142, 39.2186348]}",19936,RISKBEH,LPA,CrdPrv,Physical Inactivity
2022,19936,BRFSS,Prevention,Mammography use among women aged 50-74 years,%,Crude prevalence,71.3,64.2,77.5,250,329,"{'type': 'Point', 'coordinates': [-75.5851142, 39.2186348]}",19936,PREVENT,MAMMOUSE,CrdPrv,Mammography
2022,19936,BRFSS,Health Status,Frequent mental distress among adults,%,Crude prevalence,18.9,17.1,20.8,250,329,"{'type': 'Point', 'coordinates': [-75.5851142, 39.2186348]}",19936,HLTHSTAT,MHLTH,CrdPrv,Frequent Mental Distress
2022,19936,BRFSS,Disability,Mobility disability among adults,%,Crude prevalence,21.7,19.6,23.9,250,329,"{'type': 'Point', 'coordinates': [-75.5851142, 39.2186348]}",19936,DISABLT,MOBILITY,CrdPrv,Mobility Disability
2022,19936,BRFSS,Health Outcomes,Obesity among adults,%,Crude prevalence,42.4,36.3,48.5,250,329,"{'type': 'Point', 'coordinates': [-75.5851142, 39.2186348]}",19936,HLTHOUT,OBESITY,CrdPrv,Obesity
2022,19936,BRFSS,Health Status,Frequent physical distress among adults,%,Crude prevalence,18.1,16.3,20.0,250,329,"{'type': 'Point', 'coordinates': [-75.5851142, 39.2186348]}",19936,HLTHSTAT,PHLTH,CrdPrv,Frequent Physical Distress
2022,19936,BRFSS,Disability,Self-care disability among adults,%,Crude prevalence,7.0,6.4,7.6,250,329,"{'type': 'Point', 'coordinates': [-75.5851142, 39.2186348]}",19936,DISABLT,SELFCARE,CrdPrv,Self-care Disability
2022,19936,BRFSS,Health-Related Social Needs,Utility services shut-off threat in the past 12 months among adults,%,Crude prevalence,12.2,10.9,13.8,250,329,"{'type': 'Point', 'coordinates': [-75.5851142, 39.2186348]}",19936,SOCLNEED,SHUTUTILITY,CrdPrv,Utility Services Threat
2022,19936,BRFSS,Health Risk Behaviors,Short sleep duration among adults,%,Crude prevalence,42.1,36.6,47.5,250,329,"{'type': 'Point', 'coordinates': [-75.5851142, 39.2186348]}",19936,RISKBEH,SLEEP,CrdPrv,Short Sleep Duration
2022,19936,BRFSS,Health Outcomes,Stroke among adults,%,Crude prevalence,6.2,5.7,6.8,250,329,"{'type': 'Point', 'coordinates': [-75.5851142, 39.2186348]}",19936,HLTHOUT,STROKE,CrdPrv,Stroke
2022,19936,BRFSS,Health Outcomes,All teeth lost among adults aged >=65 years,%,Crude prevalence,21.8,18.3,25.6,250,329,"{'type': 'Point', 'coordinates': [-75.5851142, 39.2186348]}",19936,HLTHOUT,TEETHLOST,CrdPrv,All Teeth Lost
2022,19936,BRFSS,Disability,Vision disability among adults,%,Crude prevalence,8.9,8.1,9.7,250,329,"{'type': 'Point', 'coordinates': [-75.5851142, 39.2186348]}",19936,DISABLT,VISION,CrdPrv,Vision Disability
2022,19938,BRFSS,Prevention,Current lack of health insurance among adults aged 18-64 years,%,Crude prevalence,8.1,6.8,9.7,7555,10131,"{'type': 'Point', 'coordinates': [-75.6988217, 39.2564647]}",19938,PREVENT,ACCESS2,CrdPrv,Health Insurance
2022,19938,BRFSS,Health Outcomes,Arthritis among adults,%,Crude prevalence,28.4,25.5,31.2,7555,10131,"{'type': 'Point', 'coordinates': [-75.6988217, 39.2564647]}",19938,HLTHOUT,ARTHRITIS,CrdPrv,Arthritis
2022,19938,BRFSS,Health Risk Behaviors,Binge drinking among adults,%,Crude prevalence,16.6,14.0,19.4,7555,10131,"{'type': 'Point', 'coordinates': [-75.6988217, 39.2564647]}",19938,RISKBEH,BINGE,CrdPrv,Binge Drinking
2021,19938,BRFSS,Health Outcomes,High blood pressure among adults,%,Crude prevalence,35.3,31.8,38.5,7555,10131,"{'type': 'Point', 'coordinates': [-75.6988217, 39.2564647]}",19938,HLTHOUT,BPHIGH,CrdPrv,High Blood Pressure
2021,19938,BRFSS,Prevention,Taking medicine to control high blood pressure among adults with high blood pressure,%,Crude prevalence,78.4,75.5,81.0,7555,10131,"{'type': 'Point', 'coordinates': [-75.6988217, 39.2564647]}",19938,PREVENT,BPMED,CrdPrv,High Blood Pressure Medication
2022,19938,BRFSS,Health Outcomes,Cancer (non-skin) or melanoma among adults,%,Crude prevalence,8.1,7.4,8.8,7555,10131,"{'type': 'Point', 'coordinates': [-75.6988217, 39.2564647]}",19938,HLTHOUT,CANCER,CrdPrv,Cancer (non-skin) or Melanoma
2022,19938,BRFSS,Health Outcomes,Current asthma among adults,%,Crude prevalence,12.0,10.7,13.4,7555,10131,"{'type': 'Point', 'coordinates': [-75.6988217, 39.2564647]}",19938,HLTHOUT,CASTHMA,CrdPrv,Current Asthma
2022,19938,BRFSS,Health Outcomes,Coronary heart disease among adults,%,Crude prevalence,6.4,5.8,7.1,7555,10131,"{'type': 'Point', 'coordinates': [-75.6988217, 39.2564647]}",19938,HLTHOUT,CHD,CrdPrv,Coronary Heart Disease
2022,19938,BRFSS,Prevention,Visits to doctor for routine checkup within the past year among adults,%,Crude prevalence,76.5,72.8,79.9,7555,10131,"{'type': 'Point', 'coordinates': [-75.6988217, 39.2564647]}",19938,PREVENT,CHECKUP,CrdPrv,Annual Checkup
2021,19938,BRFSS,Prevention,Cholesterol screening among adults,%,Crude prevalence,85.7,83.2,87.9,7555,10131,"{'type': 'Point', 'coordinates': [-75.6988217, 39.2564647]}",19938,PREVENT,CHOLSCREEN,CrdPrv,Cholesterol Screening
2022,19938,BRFSS,Disability,Cognitive disability among adults,%,Crude prevalence,14.0,12.5,15.5,7555,10131,"{'type': 'Point', 'coordinates': [-75.6988217, 39.2564647]}",19938,DISABLT,COGNITION,CrdPrv,Cognitive Disability
2022,19938,BRFSS,Prevention,Colorectal cancer screening among adults aged 45–75 years,%,Crude prevalence,65.0,60.7,69.0,7555,10131,"{'type': 'Point', 'coordinates': [-75.6988217, 39.2564647]}",19938,PREVENT,COLON_SCREEN,CrdPrv,Colorectal Cancer Screening
2022,19938,BRFSS,Health Outcomes,Chronic obstructive pulmonary disease among adults,%,Crude prevalence,7.9,7.0,8.7,7555,10131,"{'type': 'Point', 'coordinates': [-75.6988217, 39.2564647]}",19938,HLTHOUT,COPD,CrdPrv,COPD
2022,19938,BRFSS,Health Risk Behaviors,Current cigarette smoking among adults,%,Crude prevalence,16.8,14.8,18.9,7555,10131,"{'type': 'Point', 'coordinates': [-75.6988217, 39.2564647]}",19938,RISKBEH,CSMOKING,CrdPrv,Current Cigarette Smoking
2022,19938,BRFSS,Prevention,Visited dentist or dental clinic in the past year among adults,%,Crude prevalence,62.7,59.1,66.2,7555,10131,"{'type': 'Point', 'coordinates': [-75.6988217, 39.2564647]}",19938,PREVENT,DENTAL,CrdPrv,Dental Visit
2022,19938,BRFSS,Health Outcomes,Depression among adults,%,Crude prevalence,21.9,18.9,25.0,7555,10131,"{'type': 'Point', 'coordinates': [-75.6988217, 39.2564647]}",19938,HLTHOUT,DEPRESSION,CrdPrv,Depression
2022,19938,BRFSS,Health Outcomes,Diagnosed diabetes among adults,%,Crude prevalence,11.9,10.4,13.4,7555,10131,"{'type': 'Point', 'coordinates': [-75.6988217, 39.2564647]}",19938,HLTHOUT,DIABETES,CrdPrv,Diabetes
2022,19938,BRFSS,Disability,Any disability among adults,%,Crude prevalence,28.0,24.8,31.2,7555,10131,"{'type': 'Point', 'coordinates': [-75.6988217, 39.2564647]}",19938,DISABLT,DISABILITY,CrdPrv,Any Disability
2022,19938,BRFSS,Health-Related Social Needs,Lack of social and emotional support among adults,%,Crude prevalence,23.1,20.3,26.2,7555,10131,"{'type': 'Point', 'coordinates': [-75.6988217, 39.2564647]}",19938,SOCLNEED,EMOTIONSPT,CrdPrv,Lack of Social/Emotional Support
2022,19938,BRFSS,Health-Related Social Needs,Food insecurity in the past 12 months among adults,%,Crude prevalence,13.8,12.5,15.4,7555,10131,"{'type': 'Point', 'coordinates': [-75.6988217, 39.2564647]}",19938,SOCLNEED,FOODINSECU,CrdPrv,Food Insecurity
2022,19938,BRFSS,Health-Related Social Needs,Received food stamps in the past 12 months among adults,%,Crude prevalence,12.0,10.5,13.7,7555,10131,"{'type': 'Point', 'coordinates': [-75.6988217, 39.2564647]}",19938,SOCLNEED,FOODSTAMP,CrdPrv,Food Stamps
2022,19938,BRFSS,Health Status,Fair or poor self-rated health status among adults,%,Crude prevalence,17.1,15.3,18.9,7555,10131,"{'type': 'Point', 'coordinates': [-75.6988217, 39.2564647]}",19938,HLTHSTAT,GHLTH,CrdPrv,General Health
2022,19938,BRFSS,Disability,Hearing disability among adults,%,Crude prevalence,6.5,5.8,7.2,7555,10131,"{'type': 'Point', 'coordinates': [-75.6988217, 39.2564647]}",19938,DISABLT,HEARING,CrdPrv,Hearing Disability
2021,19938,BRFSS,Health Outcomes,High cholesterol among adults who have ever been screened,%,Crude prevalence,35.8,32.2,39.1,7555,10131,"{'type': 'Point', 'coordinates': [-75.6988217, 39.2564647]}",19938,HLTHOUT,HIGHCHOL,CrdPrv,High Cholesterol
2022,19938,BRFSS,Health-Related Social Needs,Housing insecurity in the past 12 months among adults,%,Crude prevalence,12.2,11.0,13.7,7555,10131,"{'type': 'Point', 'coordinates': [-75.6988217, 39.2564647]}",19938,SOCLNEED,HOUSINSECU,CrdPrv,Housing Insecurity
2022,19938,BRFSS,Disability,Independent living disability among adults,%,Crude prevalence,7.6,6.8,8.3,7555,10131,"{'type': 'Point', 'coordinates': [-75.6988217, 39.2564647]}",19938,DISABLT,INDEPLIVE,CrdPrv,Independent Living Disability
2022,19938,BRFSS,Health-Related Social Needs,Feeling socially isolated among adults,%,Crude prevalence,31.3,27.7,35.3,7555,10131,"{'type': 'Point', 'coordinates': [-75.6988217, 39.2564647]}",19938,SOCLNEED,ISOLATION,CrdPrv,Social Isolation
2022,19938,BRFSS,Health-Related Social Needs,Lack of reliable transportation in the past 12 months among adults,%,Crude prevalence,8.2,7.5,9.0,7555,10131,"{'type': 'Point', 'coordinates': [-75.6988217, 39.2564647]}",19938,SOCLNEED,LACKTRPT,CrdPrv,Transportation Barriers
2022,19938,BRFSS,Health Risk Behaviors,No leisure-time physical activity among adults,%,Crude prevalence,25.2,21.8,28.6,7555,10131,"{'type': 'Point', 'coordinates': [-75.6988217, 39.2564647]}",19938,RISKBEH,LPA,CrdPrv,Physical Inactivity
2022,19938,BRFSS,Prevention,Mammography use among women aged 50-74 years,%,Crude prevalence,73.5,67.0,79.2,7555,10131,"{'type': 'Point', 'coordinates': [-75.6988217, 39.2564647]}",19938,PREVENT,MAMMOUSE,CrdPrv,Mammography
2022,19938,BRFSS,Health Status,Frequent mental distress among adults,%,Crude prevalence,17.1,15.4,18.9,7555,10131,"{'type': 'Point', 'coordinates': [-75.6988217, 39.2564647]}",19938,HLTHSTAT,MHLTH,CrdPrv,Frequent Mental Distress
2022,19938,BRFSS,Disability,Mobility disability among adults,%,Crude prevalence,12.8,11.4,14.2,7555,10131,"{'type': 'Point', 'coordinates': [-75.6988217, 39.2564647]}",19938,DISABLT,MOBILITY,CrdPrv,Mobility Disability
2022,19938,BRFSS,Health Outcomes,Obesity among adults,%,Crude prevalence,38.9,33.1,44.8,7555,10131,"{'type': 'Point', 'coordinates': [-75.6988217, 39.2564647]}",19938,HLTHOUT,OBESITY,CrdPrv,Obesity
2022,19938,BRFSS,Health Status,Frequent physical distress among adults,%,Crude prevalence,12.7,11.3,14.0,7555,10131,"{'type': 'Point', 'coordinates': [-75.6988217, 39.2564647]}",19938,HLTHSTAT,PHLTH,CrdPrv,Frequent Physical Distress
2022,19938,BRFSS,Disability,Self-care disability among adults,%,Crude prevalence,3.7,3.4,4.0,7555,10131,"{'type': 'Point', 'coordinates': [-75.6988217, 39.2564647]}",19938,DISABLT,SELFCARE,CrdPrv,Self-care Disability
2022,19938,BRFSS,Health-Related Social Needs,Utility services shut-off threat in the past 12 months among adults,%,Crude prevalence,8.3,7.4,9.5,7555,10131,"{'type': 'Point', 'coordinates': [-75.6988217, 39.2564647]}",19938,SOCLNEED,SHUTUTILITY,CrdPrv,Utility Services Threat
2022,19938,BRFSS,Health Risk Behaviors,Short sleep duration among adults,%,Crude prevalence,39.4,34.3,44.5,7555,10131,"{'type': 'Point', 'coordinates': [-75.6988217, 39.2564647]}",19938,RISKBEH,SLEEP,CrdPrv,Short Sleep Duration
2022,19938,BRFSS,Health Outcomes,Stroke among adults,%,Crude prevalence,3.6,3.3,3.9,7555,10131,"{'type': 'Point', 'coordinates': [-75.6988217, 39.2564647]}",19938,HLTHOUT,STROKE,CrdPrv,Stroke
2022,19938,BRFSS,Health Outcomes,All teeth lost among adults aged >=65 years,%,Crude prevalence,11.8,9.9,14.1,7555,10131,"{'type': 'Point', 'coordinates': [-75.6988217, 39.2564647]}",19938,HLTHOUT,TEETHLOST,CrdPrv,All Teeth Lost
2022,19938,BRFSS,Disability,Vision disability among adults,%,Crude prevalence,4.8,4.4,5.3,7555,10131,"{'type': 'Point', 'coordinates': [-75.6988217, 39.2564647]}",19938,DISABLT,VISION,CrdPrv,Vision Disability
2022,19939,BRFSS,Prevention,Current lack of health insurance among adults aged 18-64 years,%,Crude prevalence,8.2,6.9,9.6,6170,7357,"{'type': 'Point', 'coordinates': [-75.207538, 38.568957]}",19939,PREVENT,ACCESS2,CrdPrv,Health Insurance
2022,19939,BRFSS,Health Outcomes,Arthritis among adults,%,Crude prevalence,36.2,33.2,39.8,6170,7357,"{'type': 'Point', 'coordinates': [-75.207538, 38.568957]}",19939,HLTHOUT,ARTHRITIS,CrdPrv,Arthritis
2022,19939,BRFSS,Health Risk Behaviors,Binge drinking among adults,%,Crude prevalence,14.0,11.9,16.7,6170,7357,"{'type': 'Point', 'coordinates': [-75.207538, 38.568957]}",19939,RISKBEH,BINGE,CrdPrv,Binge Drinking
2021,19939,BRFSS,Health Outcomes,High blood pressure among adults,%,Crude prevalence,41.3,37.5,45.3,6170,7357,"{'type': 'Point', 'coordinates': [-75.207538, 38.568957]}",19939,HLTHOUT,BPHIGH,CrdPrv,High Blood Pressure
2021,19939,BRFSS,Prevention,Taking medicine to control high blood pressure among adults with high blood pressure,%,Crude prevalence,86.0,83.7,88.2,6170,7357,"{'type': 'Point', 'coordinates': [-75.207538, 38.568957]}",19939,PREVENT,BPMED,CrdPrv,High Blood Pressure Medication
2022,19939,BRFSS,Health Outcomes,Cancer (non-skin) or melanoma among adults,%,Crude prevalence,12.2,11.1,13.3,6170,7357,"{'type': 'Point', 'coordinates': [-75.207538, 38.568957]}",19939,HLTHOUT,CANCER,CrdPrv,Cancer (non-skin) or Melanoma
2022,19939,BRFSS,Health Outcomes,Current asthma among adults,%,Crude prevalence,10.1,9.0,11.4,6170,7357,"{'type': 'Point', 'coordinates': [-75.207538, 38.568957]}",19939,HLTHOUT,CASTHMA,CrdPrv,Current Asthma
2022,19939,BRFSS,Health Outcomes,Coronary heart disease among adults,%,Crude prevalence,9.8,8.9,10.9,6170,7357,"{'type': 'Point', 'coordinates': [-75.207538, 38.568957]}",19939,HLTHOUT,CHD,CrdPrv,Coronary Heart Disease
2022,19939,BRFSS,Prevention,Visits to doctor for routine checkup within the past year among adults,%,Crude prevalence,82.8,80.1,85.6,6170,7357,"{'type': 'Point', 'coordinates': [-75.207538, 38.568957]}",19939,PREVENT,CHECKUP,CrdPrv,Annual Checkup
2021,19939,BRFSS,Prevention,Cholesterol screening among adults,%,Crude prevalence,90.5,88.8,92.2,6170,7357,"{'type': 'Point', 'coordinates': [-75.207538, 38.568957]}",19939,PREVENT,CHOLSCREEN,CrdPrv,Cholesterol Screening
2022,19939,BRFSS,Disability,Cognitive disability among adults,%,Crude prevalence,11.2,10.1,12.6,6170,7357,"{'type': 'Point', 'coordinates': [-75.207538, 38.568957]}",19939,DISABLT,COGNITION,CrdPrv,Cognitive Disability
2022,19939,BRFSS,Prevention,Colorectal cancer screening among adults aged 45–75 years,%,Crude prevalence,73.1,69.4,76.9,6170,7357,"{'type': 'Point', 'coordinates': [-75.207538, 38.568957]}",19939,PREVENT,COLON_SCREEN,CrdPrv,Colorectal Cancer Screening
2022,19939,BRFSS,Health Outcomes,Chronic obstructive pulmonary disease among adults,%,Crude prevalence,9.0,8.2,10.1,6170,7357,"{'type': 'Point', 'coordinates': [-75.207538, 38.568957]}",19939,HLTHOUT,COPD,CrdPrv,COPD
2022,19939,BRFSS,Health Risk Behaviors,Current cigarette smoking among adults,%,Crude prevalence,12.9,11.4,14.8,6170,7357,"{'type': 'Point', 'coordinates': [-75.207538, 38.568957]}",19939,RISKBEH,CSMOKING,CrdPrv,Current Cigarette Smoking
2022,19939,BRFSS,Prevention,Visited dentist or dental clinic in the past year among adults,%,Crude prevalence,65.6,62.3,69.2,6170,7357,"{'type': 'Point', 'coordinates': [-75.207538, 38.568957]}",19939,PREVENT,DENTAL,CrdPrv,Dental Visit
2022,19939,BRFSS,Health Outcomes,Depression among adults,%,Crude prevalence,19.2,16.7,22.4,6170,7357,"{'type': 'Point', 'coordinates': [-75.207538, 38.568957]}",19939,HLTHOUT,DEPRESSION,CrdPrv,Depression
2022,19939,BRFSS,Health Outcomes,Diagnosed diabetes among adults,%,Crude prevalence,13.7,12.1,15.6,6170,7357,"{'type': 'Point', 'coordinates': [-75.207538, 38.568957]}",19939,HLTHOUT,DIABETES,CrdPrv,Diabetes
2022,19939,BRFSS,Disability,Any disability among adults,%,Crude prevalence,28.9,25.9,32.4,6170,7357,"{'type': 'Point', 'coordinates': [-75.207538, 38.568957]}",19939,DISABLT,DISABILITY,CrdPrv,Any Disability
2022,19939,BRFSS,Health-Related Social Needs,Lack of social and emotional support among adults,%,Crude prevalence,20.5,17.7,23.4,6170,7357,"{'type': 'Point', 'coordinates': [-75.207538, 38.568957]}",19939,SOCLNEED,EMOTIONSPT,CrdPrv,Lack of Social/Emotional Support
2022,19939,BRFSS,Health-Related Social Needs,Food insecurity in the past 12 months among adults,%,Crude prevalence,9.5,8.4,10.6,6170,7357,"{'type': 'Point', 'coordinates': [-75.207538, 38.568957]}",19939,SOCLNEED,FOODINSECU,CrdPrv,Food Insecurity
2022,19939,BRFSS,Health-Related Social Needs,Received food stamps in the past 12 months among adults,%,Crude prevalence,7.8,6.7,8.9,6170,7357,"{'type': 'Point', 'coordinates': [-75.207538, 38.568957]}",19939,SOCLNEED,FOODSTAMP,CrdPrv,Food Stamps
2022,19939,BRFSS,Health Status,Fair or poor self-rated health status among adults,%,Crude prevalence,16.6,15.0,18.6,6170,7357,"{'type': 'Point', 'coordinates': [-75.207538, 38.568957]}",19939,HLTHSTAT,GHLTH,CrdPrv,General Health
2022,19939,BRFSS,Disability,Hearing disability among adults,%,Crude prevalence,9.4,8.5,10.5,6170,7357,"{'type': 'Point', 'coordinates': [-75.207538, 38.568957]}",19939,DISABLT,HEARING,CrdPrv,Hearing Disability
2021,19939,BRFSS,Health Outcomes,High cholesterol among adults who have ever been screened,%,Crude prevalence,42.4,38.5,46.6,6170,7357,"{'type': 'Point', 'coordinates': [-75.207538, 38.568957]}",19939,HLTHOUT,HIGHCHOL,CrdPrv,High Cholesterol
2022,19939,BRFSS,Health-Related Social Needs,Housing insecurity in the past 12 months among adults,%,Crude prevalence,8.2,7.2,9.2,6170,7357,"{'type': 'Point', 'coordinates': [-75.207538, 38.568957]}",19939,SOCLNEED,HOUSINSECU,CrdPrv,Housing Insecurity
2022,19939,BRFSS,Disability,Independent living disability among adults,%,Crude prevalence,7.3,6.6,8.1,6170,7357,"{'type': 'Point', 'coordinates': [-75.207538, 38.568957]}",19939,DISABLT,INDEPLIVE,CrdPrv,Independent Living Disability
2022,19939,BRFSS,Health-Related Social Needs,Feeling socially isolated among adults,%,Crude prevalence,26.0,22.4,29.6,6170,7357,"{'type': 'Point', 'coordinates': [-75.207538, 38.568957]}",19939,SOCLNEED,ISOLATION,CrdPrv,Social Isolation
2022,19939,BRFSS,Health-Related Social Needs,Lack of reliable transportation in the past 12 months among adults,%,Crude prevalence,6.0,5.4,6.6,6170,7357,"{'type': 'Point', 'coordinates': [-75.207538, 38.568957]}",19939,SOCLNEED,LACKTRPT,CrdPrv,Transportation Barriers
2022,19939,BRFSS,Health Risk Behaviors,No leisure-time physical activity among adults,%,Crude prevalence,23.5,20.5,27.2,6170,7357,"{'type': 'Point', 'coordinates': [-75.207538, 38.568957]}",19939,RISKBEH,LPA,CrdPrv,Physical Inactivity
2022,19939,BRFSS,Prevention,Mammography use among women aged 50-74 years,%,Crude prevalence,81.1,76.3,85.8,6170,7357,"{'type': 'Point', 'coordinates': [-75.207538, 38.568957]}",19939,PREVENT,MAMMOUSE,CrdPrv,Mammography
2022,19939,BRFSS,Health Status,Frequent mental distress among adults,%,Crude prevalence,13.3,12.0,14.8,6170,7357,"{'type': 'Point', 'coordinates': [-75.207538, 38.568957]}",19939,HLTHSTAT,MHLTH,CrdPrv,Frequent Mental Distress
2022,19939,BRFSS,Disability,Mobility disability among adults,%,Crude prevalence,15.2,13.6,17.0,6170,7357,"{'type': 'Point', 'coordinates': [-75.207538, 38.568957]}",19939,DISABLT,MOBILITY,CrdPrv,Mobility Disability
2022,19939,BRFSS,Health Outcomes,Obesity among adults,%,Crude prevalence,36.4,31.2,42.6,6170,7357,"{'type': 'Point', 'coordinates': [-75.207538, 38.568957]}",19939,HLTHOUT,OBESITY,CrdPrv,Obesity
2022,19939,BRFSS,Health Status,Frequent physical distress among adults,%,Crude prevalence,12.7,11.5,14.3,6170,7357,"{'type': 'Point', 'coordinates': [-75.207538, 38.568957]}",19939,HLTHSTAT,PHLTH,CrdPrv,Frequent Physical Distress
2022,19939,BRFSS,Disability,Self-care disability among adults,%,Crude prevalence,3.7,3.4,4.0,6170,7357,"{'type': 'Point', 'coordinates': [-75.207538, 38.568957]}",19939,DISABLT,SELFCARE,CrdPrv,Self-care Disability
2022,19939,BRFSS,Health-Related Social Needs,Utility services shut-off threat in the past 12 months among adults,%,Crude prevalence,5.3,4.6,6.0,6170,7357,"{'type': 'Point', 'coordinates': [-75.207538, 38.568957]}",19939,SOCLNEED,SHUTUTILITY,CrdPrv,Utility Services Threat
2022,19939,BRFSS,Health Risk Behaviors,Short sleep duration among adults,%,Crude prevalence,30.9,26.7,36.0,6170,7357,"{'type': 'Point', 'coordinates': [-75.207538, 38.568957]}",19939,RISKBEH,SLEEP,CrdPrv,Short Sleep Duration
2022,19939,BRFSS,Health Outcomes,Stroke among adults,%,Crude prevalence,4.5,4.2,4.9,6170,7357,"{'type': 'Point', 'coordinates': [-75.207538, 38.568957]}",19939,HLTHOUT,STROKE,CrdPrv,Stroke
2022,19939,BRFSS,Health Outcomes,All teeth lost among adults aged >=65 years,%,Crude prevalence,9.2,7.6,11.1,6170,7357,"{'type': 'Point', 'coordinates': [-75.207538, 38.568957]}",19939,HLTHOUT,TEETHLOST,CrdPrv,All Teeth Lost
2022,19939,BRFSS,Disability,Vision disability among adults,%,Crude prevalence,4.9,4.5,5.4,6170,7357,"{'type': 'Point', 'coordinates': [-75.207538, 38.568957]}",19939,DISABLT,VISION,CrdPrv,Vision Disability
2022,19940,BRFSS,Prevention,Current lack of health insurance among adults aged 18-64 years,%,Crude prevalence,10.2,8.5,12.1,4898,6541,"{'type': 'Point', 'coordinates': [-75.5649307, 38.4775616]}",19940,PREVENT,ACCESS2,CrdPrv,Health Insurance
2022,19940,BRFSS,Health Outcomes,Arthritis among adults,%,Crude prevalence,30.8,28.1,33.9,4898,6541,"{'type': 'Point', 'coordinates': [-75.5649307, 38.4775616]}",19940,HLTHOUT,ARTHRITIS,CrdPrv,Arthritis
2022,19940,BRFSS,Health Risk Behaviors,Binge drinking among adults,%,Crude prevalence,16.0,13.7,19.0,4898,6541,"{'type': 'Point', 'coordinates': [-75.5649307, 38.4775616]}",19940,RISKBEH,BINGE,CrdPrv,Binge Drinking
2021,19940,BRFSS,Health Outcomes,High blood pressure among adults,%,Crude prevalence,36.6,33.0,40.2,4898,6541,"{'type': 'Point', 'coordinates': [-75.5649307, 38.4775616]}",19940,HLTHOUT,BPHIGH,CrdPrv,High Blood Pressure
2021,19940,BRFSS,Prevention,Taking medicine to control high blood pressure among adults with high blood pressure,%,Crude prevalence,81.6,79.0,84.1,4898,6541,"{'type': 'Point', 'coordinates': [-75.5649307, 38.4775616]}",19940,PREVENT,BPMED,CrdPrv,High Blood Pressure Medication
2022,19940,BRFSS,Health Outcomes,Cancer (non-skin) or melanoma among adults,%,Crude prevalence,8.8,8.0,9.6,4898,6541,"{'type': 'Point', 'coordinates': [-75.5649307, 38.4775616]}",19940,HLTHOUT,CANCER,CrdPrv,Cancer (non-skin) or Melanoma
2022,19940,BRFSS,Health Outcomes,Current asthma among adults,%,Crude prevalence,11.1,10.0,12.5,4898,6541,"{'type': 'Point', 'coordinates': [-75.5649307, 38.4775616]}",19940,HLTHOUT,CASTHMA,CrdPrv,Current Asthma
2022,19940,BRFSS,Health Outcomes,Coronary heart disease among adults,%,Crude prevalence,7.9,7.1,8.7,4898,6541,"{'type': 'Point', 'coordinates': [-75.5649307, 38.4775616]}",19940,HLTHOUT,CHD,CrdPrv,Coronary Heart Disease
2022,19940,BRFSS,Prevention,Visits to doctor for routine checkup within the past year among adults,%,Crude prevalence,79.3,76.2,82.5,4898,6541,"{'type': 'Point', 'coordinates': [-75.5649307, 38.4775616]}",19940,PREVENT,CHECKUP,CrdPrv,Annual Checkup
2021,19940,BRFSS,Prevention,Cholesterol screening among adults,%,Crude prevalence,86.3,83.9,88.5,4898,6541,"{'type': 'Point', 'coordinates': [-75.5649307, 38.4775616]}",19940,PREVENT,CHOLSCREEN,CrdPrv,Cholesterol Screening
2022,19940,BRFSS,Disability,Cognitive disability among adults,%,Crude prevalence,14.3,13.0,16.0,4898,6541,"{'type': 'Point', 'coordinates': [-75.5649307, 38.4775616]}",19940,DISABLT,COGNITION,CrdPrv,Cognitive Disability
2022,19940,BRFSS,Prevention,Colorectal cancer screening among adults aged 45–75 years,%,Crude prevalence,64.8,60.7,69.1,4898,6541,"{'type': 'Point', 'coordinates': [-75.5649307, 38.4775616]}",19940,PREVENT,COLON_SCREEN,CrdPrv,Colorectal Cancer Screening
2022,19940,BRFSS,Health Outcomes,Chronic obstructive pulmonary disease among adults,%,Crude prevalence,8.8,8.0,9.8,4898,6541,"{'type': 'Point', 'coordinates': [-75.5649307, 38.4775616]}",19940,HLTHOUT,COPD,CrdPrv,COPD
2022,19940,BRFSS,Health Risk Behaviors,Current cigarette smoking among adults,%,Crude prevalence,16.9,15.1,19.2,4898,6541,"{'type': 'Point', 'coordinates': [-75.5649307, 38.4775616]}",19940,RISKBEH,CSMOKING,CrdPrv,Current Cigarette Smoking
2022,19940,BRFSS,Prevention,Visited dentist or dental clinic in the past year among adults,%,Crude prevalence,58.9,55.4,62.6,4898,6541,"{'type': 'Point', 'coordinates': [-75.5649307, 38.4775616]}",19940,PREVENT,DENTAL,CrdPrv,Dental Visit
2022,19940,BRFSS,Health Outcomes,Depression among adults,%,Crude prevalence,21.7,18.9,25.0,4898,6541,"{'type': 'Point', 'coordinates': [-75.5649307, 38.4775616]}",19940,HLTHOUT,DEPRESSION,CrdPrv,Depression
2022,19940,BRFSS,Health Outcomes,Diagnosed diabetes among adults,%,Crude prevalence,12.4,11.0,14.1,4898,6541,"{'type': 'Point', 'coordinates': [-75.5649307, 38.4775616]}",19940,HLTHOUT,DIABETES,CrdPrv,Diabetes
2022,19940,BRFSS,Disability,Any disability among adults,%,Crude prevalence,29.6,26.7,33.2,4898,6541,"{'type': 'Point', 'coordinates': [-75.5649307, 38.4775616]}",19940,DISABLT,DISABILITY,CrdPrv,Any Disability
2022,19940,BRFSS,Health-Related Social Needs,Lack of social and emotional support among adults,%,Crude prevalence,24.4,21.2,27.6,4898,6541,"{'type': 'Point', 'coordinates': [-75.5649307, 38.4775616]}",19940,SOCLNEED,EMOTIONSPT,CrdPrv,Lack of Social/Emotional Support
2022,19940,BRFSS,Health-Related Social Needs,Food insecurity in the past 12 months among adults,%,Crude prevalence,15.5,13.8,17.1,4898,6541,"{'type': 'Point', 'coordinates': [-75.5649307, 38.4775616]}",19940,SOCLNEED,FOODINSECU,CrdPrv,Food Insecurity
2022,19940,BRFSS,Health-Related Social Needs,Received food stamps in the past 12 months among adults,%,Crude prevalence,13.9,12.2,15.8,4898,6541,"{'type': 'Point', 'coordinates': [-75.5649307, 38.4775616]}",19940,SOCLNEED,FOODSTAMP,CrdPrv,Food Stamps
2022,19940,BRFSS,Health Status,Fair or poor self-rated health status among adults,%,Crude prevalence,18.4,16.7,20.6,4898,6541,"{'type': 'Point', 'coordinates': [-75.5649307, 38.4775616]}",19940,HLTHSTAT,GHLTH,CrdPrv,General Health
2022,19940,BRFSS,Disability,Hearing disability among adults,%,Crude prevalence,7.7,6.9,8.7,4898,6541,"{'type': 'Point', 'coordinates': [-75.5649307, 38.4775616]}",19940,DISABLT,HEARING,CrdPrv,Hearing Disability
2021,19940,BRFSS,Health Outcomes,High cholesterol among adults who have ever been screened,%,Crude prevalence,37.4,33.8,41.2,4898,6541,"{'type': 'Point', 'coordinates': [-75.5649307, 38.4775616]}",19940,HLTHOUT,HIGHCHOL,CrdPrv,High Cholesterol
2022,19940,BRFSS,Health-Related Social Needs,Housing insecurity in the past 12 months among adults,%,Crude prevalence,13.3,11.9,14.8,4898,6541,"{'type': 'Point', 'coordinates': [-75.5649307, 38.4775616]}",19940,SOCLNEED,HOUSINSECU,CrdPrv,Housing Insecurity
2022,19940,BRFSS,Disability,Independent living disability among adults,%,Crude prevalence,8.5,7.7,9.4,4898,6541,"{'type': 'Point', 'coordinates': [-75.5649307, 38.4775616]}",19940,DISABLT,INDEPLIVE,CrdPrv,Independent Living Disability
2022,19940,BRFSS,Health-Related Social Needs,Feeling socially isolated among adults,%,Crude prevalence,29.7,25.9,33.6,4898,6541,"{'type': 'Point', 'coordinates': [-75.5649307, 38.4775616]}",19940,SOCLNEED,ISOLATION,CrdPrv,Social Isolation
2022,19940,BRFSS,Health-Related Social Needs,Lack of reliable transportation in the past 12 months among adults,%,Crude prevalence,9.2,8.4,10.1,4898,6541,"{'type': 'Point', 'coordinates': [-75.5649307, 38.4775616]}",19940,SOCLNEED,LACKTRPT,CrdPrv,Transportation Barriers
2022,19940,BRFSS,Health Risk Behaviors,No leisure-time physical activity among adults,%,Crude prevalence,25.4,22.3,29.2,4898,6541,"{'type': 'Point', 'coordinates': [-75.5649307, 38.4775616]}",19940,RISKBEH,LPA,CrdPrv,Physical Inactivity
2022,19940,BRFSS,Prevention,Mammography use among women aged 50-74 years,%,Crude prevalence,76.2,70.5,81.7,4898,6541,"{'type': 'Point', 'coordinates': [-75.5649307, 38.4775616]}",19940,PREVENT,MAMMOUSE,CrdPrv,Mammography
2022,19940,BRFSS,Health Status,Frequent mental distress among adults,%,Crude prevalence,16.7,15.2,18.5,4898,6541,"{'type': 'Point', 'coordinates': [-75.5649307, 38.4775616]}",19940,HLTHSTAT,MHLTH,CrdPrv,Frequent Mental Distress
2022,19940,BRFSS,Disability,Mobility disability among adults,%,Crude prevalence,14.4,13.0,16.1,4898,6541,"{'type': 'Point', 'coordinates': [-75.5649307, 38.4775616]}",19940,DISABLT,MOBILITY,CrdPrv,Mobility Disability
2022,19940,BRFSS,Health Outcomes,Obesity among adults,%,Crude prevalence,38.8,33.4,45.0,4898,6541,"{'type': 'Point', 'coordinates': [-75.5649307, 38.4775616]}",19940,HLTHOUT,OBESITY,CrdPrv,Obesity
2022,19940,BRFSS,Health Status,Frequent physical distress among adults,%,Crude prevalence,13.3,12.0,14.9,4898,6541,"{'type': 'Point', 'coordinates': [-75.5649307, 38.4775616]}",19940,HLTHSTAT,PHLTH,CrdPrv,Frequent Physical Distress
2022,19940,BRFSS,Disability,Self-care disability among adults,%,Crude prevalence,4.1,3.8,4.4,4898,6541,"{'type': 'Point', 'coordinates': [-75.5649307, 38.4775616]}",19940,DISABLT,SELFCARE,CrdPrv,Self-care Disability
2022,19940,BRFSS,Health-Related Social Needs,Utility services shut-off threat in the past 12 months among adults,%,Crude prevalence,8.6,7.5,9.7,4898,6541,"{'type': 'Point', 'coordinates': [-75.5649307, 38.4775616]}",19940,SOCLNEED,SHUTUTILITY,CrdPrv,Utility Services Threat
2022,19940,BRFSS,Health Risk Behaviors,Short sleep duration among adults,%,Crude prevalence,34.6,30.1,39.9,4898,6541,"{'type': 'Point', 'coordinates': [-75.5649307, 38.4775616]}",19940,RISKBEH,SLEEP,CrdPrv,Short Sleep Duration
2022,19940,BRFSS,Health Outcomes,Stroke among adults,%,Crude prevalence,4.1,3.8,4.4,4898,6541,"{'type': 'Point', 'coordinates': [-75.5649307, 38.4775616]}",19940,HLTHOUT,STROKE,CrdPrv,Stroke
2022,19940,BRFSS,Health Outcomes,All teeth lost among adults aged >=65 years,%,Crude prevalence,15.6,13.2,18.6,4898,6541,"{'type': 'Point', 'coordinates': [-75.5649307, 38.4775616]}",19940,HLTHOUT,TEETHLOST,CrdPrv,All Teeth Lost
2022,19940,BRFSS,Disability,Vision disability among adults,%,Crude prevalence,5.4,5.0,5.9,4898,6541,"{'type': 'Point', 'coordinates': [-75.5649307, 38.4775616]}",19940,DISABLT,VISION,CrdPrv,Vision Disability
2022,19941,BRFSS,Prevention,Current lack of health insurance among adults aged 18-64 years,%,Crude prevalence,12.4,10.4,14.6,2135,2857,"{'type': 'Point', 'coordinates': [-75.4260621, 38.7936579]}",19941,PREVENT,ACCESS2,CrdPrv,Health Insurance
2022,19941,BRFSS,Health Outcomes,Arthritis among adults,%,Crude prevalence,30.0,27.3,33.1,2135,2857,"{'type': 'Point', 'coordinates': [-75.4260621, 38.7936579]}",19941,HLTHOUT,ARTHRITIS,CrdPrv,Arthritis
2022,19941,BRFSS,Health Risk Behaviors,Binge drinking among adults,%,Crude prevalence,15.5,13.2,18.4,2135,2857,"{'type': 'Point', 'coordinates': [-75.4260621, 38.7936579]}",19941,RISKBEH,BINGE,CrdPrv,Binge Drinking
2021,19941,BRFSS,Health Outcomes,High blood pressure among adults,%,Crude prevalence,38.8,35.1,42.5,2135,2857,"{'type': 'Point', 'coordinates': [-75.4260621, 38.7936579]}",19941,HLTHOUT,BPHIGH,CrdPrv,High Blood Pressure
2021,19941,BRFSS,Prevention,Taking medicine to control high blood pressure among adults with high blood pressure,%,Crude prevalence,81.5,78.9,84.0,2135,2857,"{'type': 'Point', 'coordinates': [-75.4260621, 38.7936579]}",19941,PREVENT,BPMED,CrdPrv,High Blood Pressure Medication
2022,19941,BRFSS,Health Outcomes,Cancer (non-skin) or melanoma among adults,%,Crude prevalence,7.3,6.7,8.0,2135,2857,"{'type': 'Point', 'coordinates': [-75.4260621, 38.7936579]}",19941,HLTHOUT,CANCER,CrdPrv,Cancer (non-skin) or Melanoma
2022,19941,BRFSS,Health Outcomes,Current asthma among adults,%,Crude prevalence,11.4,10.2,12.8,2135,2857,"{'type': 'Point', 'coordinates': [-75.4260621, 38.7936579]}",19941,HLTHOUT,CASTHMA,CrdPrv,Current Asthma
2022,19941,BRFSS,Health Outcomes,Coronary heart disease among adults,%,Crude prevalence,7.7,7.0,8.5,2135,2857,"{'type': 'Point', 'coordinates': [-75.4260621, 38.7936579]}",19941,HLTHOUT,CHD,CrdPrv,Coronary Heart Disease
2022,19941,BRFSS,Prevention,Visits to doctor for routine checkup within the past year among adults,%,Crude prevalence,79.4,76.2,82.6,2135,2857,"{'type': 'Point', 'coordinates': [-75.4260621, 38.7936579]}",19941,PREVENT,CHECKUP,CrdPrv,Annual Checkup
2021,19941,BRFSS,Prevention,Cholesterol screening among adults,%,Crude prevalence,85.4,82.8,87.8,2135,2857,"{'type': 'Point', 'coordinates': [-75.4260621, 38.7936579]}",19941,PREVENT,CHOLSCREEN,CrdPrv,Cholesterol Screening
2022,19941,BRFSS,Disability,Cognitive disability among adults,%,Crude prevalence,15.4,13.9,17.1,2135,2857,"{'type': 'Point', 'coordinates': [-75.4260621, 38.7936579]}",19941,DISABLT,COGNITION,CrdPrv,Cognitive Disability
2022,19941,BRFSS,Prevention,Colorectal cancer screening among adults aged 45–75 years,%,Crude prevalence,65.4,61.4,69.5,2135,2857,"{'type': 'Point', 'coordinates': [-75.4260621, 38.7936579]}",19941,PREVENT,COLON_SCREEN,CrdPrv,Colorectal Cancer Screening
2022,19941,BRFSS,Health Outcomes,Chronic obstructive pulmonary disease among adults,%,Crude prevalence,8.9,8.0,9.9,2135,2857,"{'type': 'Point', 'coordinates': [-75.4260621, 38.7936579]}",19941,HLTHOUT,COPD,CrdPrv,COPD
2022,19941,BRFSS,Health Risk Behaviors,Current cigarette smoking among adults,%,Crude prevalence,18.4,16.4,20.8,2135,2857,"{'type': 'Point', 'coordinates': [-75.4260621, 38.7936579]}",19941,RISKBEH,CSMOKING,CrdPrv,Current Cigarette Smoking
2022,19941,BRFSS,Prevention,Visited dentist or dental clinic in the past year among adults,%,Crude prevalence,54.2,50.5,58.1,2135,2857,"{'type': 'Point', 'coordinates': [-75.4260621, 38.7936579]}",19941,PREVENT,DENTAL,CrdPrv,Dental Visit
2022,19941,BRFSS,Health Outcomes,Depression among adults,%,Crude prevalence,20.7,18.0,24.0,2135,2857,"{'type': 'Point', 'coordinates': [-75.4260621, 38.7936579]}",19941,HLTHOUT,DEPRESSION,CrdPrv,Depression
2022,19941,BRFSS,Health Outcomes,Diagnosed diabetes among adults,%,Crude prevalence,14.0,12.5,15.8,2135,2857,"{'type': 'Point', 'coordinates': [-75.4260621, 38.7936579]}",19941,HLTHOUT,DIABETES,CrdPrv,Diabetes
2022,19941,BRFSS,Disability,Any disability among adults,%,Crude prevalence,31.4,28.2,35.1,2135,2857,"{'type': 'Point', 'coordinates': [-75.4260621, 38.7936579]}",19941,DISABLT,DISABILITY,CrdPrv,Any Disability
2022,19941,BRFSS,Health-Related Social Needs,Lack of social and emotional support among adults,%,Crude prevalence,26.5,23.1,30.0,2135,2857,"{'type': 'Point', 'coordinates': [-75.4260621, 38.7936579]}",19941,SOCLNEED,EMOTIONSPT,CrdPrv,Lack of Social/Emotional Support
2022,19941,BRFSS,Health-Related Social Needs,Food insecurity in the past 12 months among adults,%,Crude prevalence,19.5,17.5,21.6,2135,2857,"{'type': 'Point', 'coordinates': [-75.4260621, 38.7936579]}",19941,SOCLNEED,FOODINSECU,CrdPrv,Food Insecurity
2022,19941,BRFSS,Health-Related Social Needs,Received food stamps in the past 12 months among adults,%,Crude prevalence,18.3,16.1,20.6,2135,2857,"{'type': 'Point', 'coordinates': [-75.4260621, 38.7936579]}",19941,SOCLNEED,FOODSTAMP,CrdPrv,Food Stamps
2022,19941,BRFSS,Health Status,Fair or poor self-rated health status among adults,%,Crude prevalence,21.1,19.1,23.3,2135,2857,"{'type': 'Point', 'coordinates': [-75.4260621, 38.7936579]}",19941,HLTHSTAT,GHLTH,CrdPrv,General Health
2022,19941,BRFSS,Disability,Hearing disability among adults,%,Crude prevalence,7.3,6.6,8.2,2135,2857,"{'type': 'Point', 'coordinates': [-75.4260621, 38.7936579]}",19941,DISABLT,HEARING,CrdPrv,Hearing Disability
2021,19941,BRFSS,Health Outcomes,High cholesterol among adults who have ever been screened,%,Crude prevalence,36.6,33.0,40.4,2135,2857,"{'type': 'Point', 'coordinates': [-75.4260621, 38.7936579]}",19941,HLTHOUT,HIGHCHOL,CrdPrv,High Cholesterol
2022,19941,BRFSS,Health-Related Social Needs,Housing insecurity in the past 12 months among adults,%,Crude prevalence,17.2,15.4,19.1,2135,2857,"{'type': 'Point', 'coordinates': [-75.4260621, 38.7936579]}",19941,SOCLNEED,HOUSINSECU,CrdPrv,Housing Insecurity
2022,19941,BRFSS,Disability,Independent living disability among adults,%,Crude prevalence,9.3,8.4,10.3,2135,2857,"{'type': 'Point', 'coordinates': [-75.4260621, 38.7936579]}",19941,DISABLT,INDEPLIVE,CrdPrv,Independent Living Disability
2022,19941,BRFSS,Health-Related Social Needs,Feeling socially isolated among adults,%,Crude prevalence,30.5,26.6,34.5,2135,2857,"{'type': 'Point', 'coordinates': [-75.4260621, 38.7936579]}",19941,SOCLNEED,ISOLATION,CrdPrv,Social Isolation
2022,19941,BRFSS,Health-Related Social Needs,Lack of reliable transportation in the past 12 months among adults,%,Crude prevalence,11.1,10.1,12.2,2135,2857,"{'type': 'Point', 'coordinates': [-75.4260621, 38.7936579]}",19941,SOCLNEED,LACKTRPT,CrdPrv,Transportation Barriers
2022,19941,BRFSS,Health Risk Behaviors,No leisure-time physical activity among adults,%,Crude prevalence,28.3,24.8,32.3,2135,2857,"{'type': 'Point', 'coordinates': [-75.4260621, 38.7936579]}",19941,RISKBEH,LPA,CrdPrv,Physical Inactivity
2022,19941,BRFSS,Prevention,Mammography use among women aged 50-74 years,%,Crude prevalence,78.6,73.2,83.8,2135,2857,"{'type': 'Point', 'coordinates': [-75.4260621, 38.7936579]}",19941,PREVENT,MAMMOUSE,CrdPrv,Mammography
2022,19941,BRFSS,Health Status,Frequent mental distress among adults,%,Crude prevalence,17.5,15.8,19.3,2135,2857,"{'type': 'Point', 'coordinates': [-75.4260621, 38.7936579]}",19941,HLTHSTAT,MHLTH,CrdPrv,Frequent Mental Distress
2022,19941,BRFSS,Disability,Mobility disability among adults,%,Crude prevalence,15.8,14.3,17.7,2135,2857,"{'type': 'Point', 'coordinates': [-75.4260621, 38.7936579]}",19941,DISABLT,MOBILITY,CrdPrv,Mobility Disability
2022,19941,BRFSS,Health Outcomes,Obesity among adults,%,Crude prevalence,42.7,37.1,48.9,2135,2857,"{'type': 'Point', 'coordinates': [-75.4260621, 38.7936579]}",19941,HLTHOUT,OBESITY,CrdPrv,Obesity
2022,19941,BRFSS,Health Status,Frequent physical distress among adults,%,Crude prevalence,14.1,12.8,15.8,2135,2857,"{'type': 'Point', 'coordinates': [-75.4260621, 38.7936579]}",19941,HLTHSTAT,PHLTH,CrdPrv,Frequent Physical Distress
2022,19941,BRFSS,Disability,Self-care disability among adults,%,Crude prevalence,5.0,4.6,5.4,2135,2857,"{'type': 'Point', 'coordinates': [-75.4260621, 38.7936579]}",19941,DISABLT,SELFCARE,CrdPrv,Self-care Disability
2022,19941,BRFSS,Health-Related Social Needs,Utility services shut-off threat in the past 12 months among adults,%,Crude prevalence,11.1,9.8,12.6,2135,2857,"{'type': 'Point', 'coordinates': [-75.4260621, 38.7936579]}",19941,SOCLNEED,SHUTUTILITY,CrdPrv,Utility Services Threat
2022,19941,BRFSS,Health Risk Behaviors,Short sleep duration among adults,%,Crude prevalence,38.2,33.4,43.5,2135,2857,"{'type': 'Point', 'coordinates': [-75.4260621, 38.7936579]}",19941,RISKBEH,SLEEP,CrdPrv,Short Sleep Duration
2022,19941,BRFSS,Health Outcomes,Stroke among adults,%,Crude prevalence,4.4,4.1,4.8,2135,2857,"{'type': 'Point', 'coordinates': [-75.4260621, 38.7936579]}",19941,HLTHOUT,STROKE,CrdPrv,Stroke
2022,19941,BRFSS,Health Outcomes,All teeth lost among adults aged >=65 years,%,Crude prevalence,13.8,11.6,16.5,2135,2857,"{'type': 'Point', 'coordinates': [-75.4260621, 38.7936579]}",19941,HLTHOUT,TEETHLOST,CrdPrv,All Teeth Lost
2022,19941,BRFSS,Disability,Vision disability among adults,%,Crude prevalence,6.6,6.0,7.2,2135,2857,"{'type': 'Point', 'coordinates': [-75.4260621, 38.7936579]}",19941,DISABLT,VISION,CrdPrv,Vision Disability
2022,19943,BRFSS,Prevention,Current lack of health insurance among adults aged 18-64 years,%,Crude prevalence,8.4,7.1,9.8,9765,12523,"{'type': 'Point', 'coordinates': [-75.6069858, 39.0044358]}",19943,PREVENT,ACCESS2,CrdPrv,Health Insurance
2022,19943,BRFSS,Health Outcomes,Arthritis among adults,%,Crude prevalence,30.1,27.1,33.2,9765,12523,"{'type': 'Point', 'coordinates': [-75.6069858, 39.0044358]}",19943,HLTHOUT,ARTHRITIS,CrdPrv,Arthritis
2022,19943,BRFSS,Health Risk Behaviors,Binge drinking among adults,%,Crude prevalence,15.5,13.0,18.3,9765,12523,"{'type': 'Point', 'coordinates': [-75.6069858, 39.0044358]}",19943,RISKBEH,BINGE,CrdPrv,Binge Drinking
2021,19943,BRFSS,Health Outcomes,High blood pressure among adults,%,Crude prevalence,36.2,32.6,39.5,9765,12523,"{'type': 'Point', 'coordinates': [-75.6069858, 39.0044358]}",19943,HLTHOUT,BPHIGH,CrdPrv,High Blood Pressure
2021,19943,BRFSS,Prevention,Taking medicine to control high blood pressure among adults with high blood pressure,%,Crude prevalence,80.0,77.1,82.5,9765,12523,"{'type': 'Point', 'coordinates': [-75.6069858, 39.0044358]}",19943,PREVENT,BPMED,CrdPrv,High Blood Pressure Medication
2022,19943,BRFSS,Health Outcomes,Cancer (non-skin) or melanoma among adults,%,Crude prevalence,9.0,8.1,9.9,9765,12523,"{'type': 'Point', 'coordinates': [-75.6069858, 39.0044358]}",19943,HLTHOUT,CANCER,CrdPrv,Cancer (non-skin) or Melanoma
2022,19943,BRFSS,Health Outcomes,Current asthma among adults,%,Crude prevalence,11.8,10.5,13.3,9765,12523,"{'type': 'Point', 'coordinates': [-75.6069858, 39.0044358]}",19943,HLTHOUT,CASTHMA,CrdPrv,Current Asthma
2022,19943,BRFSS,Health Outcomes,Coronary heart disease among adults,%,Crude prevalence,7.0,6.4,7.8,9765,12523,"{'type': 'Point', 'coordinates': [-75.6069858, 39.0044358]}",19943,HLTHOUT,CHD,CrdPrv,Coronary Heart Disease
2022,19943,BRFSS,Prevention,Visits to doctor for routine checkup within the past year among adults,%,Crude prevalence,77.5,73.9,80.9,9765,12523,"{'type': 'Point', 'coordinates': [-75.6069858, 39.0044358]}",19943,PREVENT,CHECKUP,CrdPrv,Annual Checkup
2021,19943,BRFSS,Prevention,Cholesterol screening among adults,%,Crude prevalence,86.6,84.2,88.7,9765,12523,"{'type': 'Point', 'coordinates': [-75.6069858, 39.0044358]}",19943,PREVENT,CHOLSCREEN,CrdPrv,Cholesterol Screening
2022,19943,BRFSS,Disability,Cognitive disability among adults,%,Crude prevalence,13.8,12.4,15.4,9765,12523,"{'type': 'Point', 'coordinates': [-75.6069858, 39.0044358]}",19943,DISABLT,COGNITION,CrdPrv,Cognitive Disability
2022,19943,BRFSS,Prevention,Colorectal cancer screening among adults aged 45–75 years,%,Crude prevalence,67.3,62.9,71.5,9765,12523,"{'type': 'Point', 'coordinates': [-75.6069858, 39.0044358]}",19943,PREVENT,COLON_SCREEN,CrdPrv,Colorectal Cancer Screening
2022,19943,BRFSS,Health Outcomes,Chronic obstructive pulmonary disease among adults,%,Crude prevalence,8.2,7.3,9.1,9765,12523,"{'type': 'Point', 'coordinates': [-75.6069858, 39.0044358]}",19943,HLTHOUT,COPD,CrdPrv,COPD
2022,19943,BRFSS,Health Risk Behaviors,Current cigarette smoking among adults,%,Crude prevalence,16.1,14.2,18.2,9765,12523,"{'type': 'Point', 'coordinates': [-75.6069858, 39.0044358]}",19943,RISKBEH,CSMOKING,CrdPrv,Current Cigarette Smoking
2022,19943,BRFSS,Prevention,Visited dentist or dental clinic in the past year among adults,%,Crude prevalence,62.9,59.2,66.5,9765,12523,"{'type': 'Point', 'coordinates': [-75.6069858, 39.0044358]}",19943,PREVENT,DENTAL,CrdPrv,Dental Visit
2022,19943,BRFSS,Health Outcomes,Depression among adults,%,Crude prevalence,21.0,18.0,24.2,9765,12523,"{'type': 'Point', 'coordinates': [-75.6069858, 39.0044358]}",19943,HLTHOUT,DEPRESSION,CrdPrv,Depression
2022,19943,BRFSS,Health Outcomes,Diagnosed diabetes among adults,%,Crude prevalence,12.5,11.0,14.2,9765,12523,"{'type': 'Point', 'coordinates': [-75.6069858, 39.0044358]}",19943,HLTHOUT,DIABETES,CrdPrv,Diabetes
2022,19943,BRFSS,Disability,Any disability among adults,%,Crude prevalence,28.8,25.5,32.3,9765,12523,"{'type': 'Point', 'coordinates': [-75.6069858, 39.0044358]}",19943,DISABLT,DISABILITY,CrdPrv,Any Disability
2022,19943,BRFSS,Health-Related Social Needs,Lack of social and emotional support among adults,%,Crude prevalence,22.1,19.3,25.3,9765,12523,"{'type': 'Point', 'coordinates': [-75.6069858, 39.0044358]}",19943,SOCLNEED,EMOTIONSPT,CrdPrv,Lack of Social/Emotional Support
2022,19943,BRFSS,Health-Related Social Needs,Food insecurity in the past 12 months among adults,%,Crude prevalence,13.3,12.0,14.9,9765,12523,"{'type': 'Point', 'coordinates': [-75.6069858, 39.0044358]}",19943,SOCLNEED,FOODINSECU,CrdPrv,Food Insecurity
2022,19943,BRFSS,Health-Related Social Needs,Received food stamps in the past 12 months among adults,%,Crude prevalence,11.8,10.4,13.4,9765,12523,"{'type': 'Point', 'coordinates': [-75.6069858, 39.0044358]}",19943,SOCLNEED,FOODSTAMP,CrdPrv,Food Stamps
2022,19943,BRFSS,Health Status,Fair or poor self-rated health status among adults,%,Crude prevalence,17.5,15.6,19.5,9765,12523,"{'type': 'Point', 'coordinates': [-75.6069858, 39.0044358]}",19943,HLTHSTAT,GHLTH,CrdPrv,General Health
2022,19943,BRFSS,Disability,Hearing disability among adults,%,Crude prevalence,7.0,6.3,7.9,9765,12523,"{'type': 'Point', 'coordinates': [-75.6069858, 39.0044358]}",19943,DISABLT,HEARING,CrdPrv,Hearing Disability
2021,19943,BRFSS,Health Outcomes,High cholesterol among adults who have ever been screened,%,Crude prevalence,37.1,33.3,40.7,9765,12523,"{'type': 'Point', 'coordinates': [-75.6069858, 39.0044358]}",19943,HLTHOUT,HIGHCHOL,CrdPrv,High Cholesterol
2022,19943,BRFSS,Health-Related Social Needs,Housing insecurity in the past 12 months among adults,%,Crude prevalence,11.4,10.3,12.8,9765,12523,"{'type': 'Point', 'coordinates': [-75.6069858, 39.0044358]}",19943,SOCLNEED,HOUSINSECU,CrdPrv,Housing Insecurity
2022,19943,BRFSS,Disability,Independent living disability among adults,%,Crude prevalence,7.7,6.9,8.5,9765,12523,"{'type': 'Point', 'coordinates': [-75.6069858, 39.0044358]}",19943,DISABLT,INDEPLIVE,CrdPrv,Independent Living Disability
2022,19943,BRFSS,Health-Related Social Needs,Feeling socially isolated among adults,%,Crude prevalence,30.5,26.9,34.7,9765,12523,"{'type': 'Point', 'coordinates': [-75.6069858, 39.0044358]}",19943,SOCLNEED,ISOLATION,CrdPrv,Social Isolation
2022,19943,BRFSS,Health-Related Social Needs,Lack of reliable transportation in the past 12 months among adults,%,Crude prevalence,7.8,7.1,8.6,9765,12523,"{'type': 'Point', 'coordinates': [-75.6069858, 39.0044358]}",19943,SOCLNEED,LACKTRPT,CrdPrv,Transportation Barriers
2022,19943,BRFSS,Health Risk Behaviors,No leisure-time physical activity among adults,%,Crude prevalence,25.8,22.3,29.6,9765,12523,"{'type': 'Point', 'coordinates': [-75.6069858, 39.0044358]}",19943,RISKBEH,LPA,CrdPrv,Physical Inactivity
2022,19943,BRFSS,Prevention,Mammography use among women aged 50-74 years,%,Crude prevalence,73.9,67.4,79.7,9765,12523,"{'type': 'Point', 'coordinates': [-75.6069858, 39.0044358]}",19943,PREVENT,MAMMOUSE,CrdPrv,Mammography
2022,19943,BRFSS,Health Status,Frequent mental distress among adults,%,Crude prevalence,16.5,14.8,18.2,9765,12523,"{'type': 'Point', 'coordinates': [-75.6069858, 39.0044358]}",19943,HLTHSTAT,MHLTH,CrdPrv,Frequent Mental Distress
2022,19943,BRFSS,Disability,Mobility disability among adults,%,Crude prevalence,13.4,12.0,15.0,9765,12523,"{'type': 'Point', 'coordinates': [-75.6069858, 39.0044358]}",19943,DISABLT,MOBILITY,CrdPrv,Mobility Disability
2022,19943,BRFSS,Health Outcomes,Obesity among adults,%,Crude prevalence,38.2,32.3,44.3,9765,12523,"{'type': 'Point', 'coordinates': [-75.6069858, 39.0044358]}",19943,HLTHOUT,OBESITY,CrdPrv,Obesity
2022,19943,BRFSS,Health Status,Frequent physical distress among adults,%,Crude prevalence,12.8,11.5,14.3,9765,12523,"{'type': 'Point', 'coordinates': [-75.6069858, 39.0044358]}",19943,HLTHSTAT,PHLTH,CrdPrv,Frequent Physical Distress
2022,19943,BRFSS,Disability,Self-care disability among adults,%,Crude prevalence,3.8,3.5,4.1,9765,12523,"{'type': 'Point', 'coordinates': [-75.6069858, 39.0044358]}",19943,DISABLT,SELFCARE,CrdPrv,Self-care Disability
2022,19943,BRFSS,Health-Related Social Needs,Utility services shut-off threat in the past 12 months among adults,%,Crude prevalence,7.9,7.0,8.9,9765,12523,"{'type': 'Point', 'coordinates': [-75.6069858, 39.0044358]}",19943,SOCLNEED,SHUTUTILITY,CrdPrv,Utility Services Threat
2022,19943,BRFSS,Health Risk Behaviors,Short sleep duration among adults,%,Crude prevalence,38.7,33.5,44.1,9765,12523,"{'type': 'Point', 'coordinates': [-75.6069858, 39.0044358]}",19943,RISKBEH,SLEEP,CrdPrv,Short Sleep Duration
2022,19943,BRFSS,Health Outcomes,Stroke among adults,%,Crude prevalence,3.9,3.6,4.2,9765,12523,"{'type': 'Point', 'coordinates': [-75.6069858, 39.0044358]}",19943,HLTHOUT,STROKE,CrdPrv,Stroke
2022,19943,BRFSS,Health Outcomes,All teeth lost among adults aged >=65 years,%,Crude prevalence,13.3,11.0,15.8,9765,12523,"{'type': 'Point', 'coordinates': [-75.6069858, 39.0044358]}",19943,HLTHOUT,TEETHLOST,CrdPrv,All Teeth Lost
2022,19943,BRFSS,Disability,Vision disability among adults,%,Crude prevalence,5.0,4.6,5.5,9765,12523,"{'type': 'Point', 'coordinates': [-75.6069858, 39.0044358]}",19943,DISABLT,VISION,CrdPrv,Vision Disability
2022,19944,BRFSS,Prevention,Current lack of health insurance among adults aged 18-64 years,%,Crude prevalence,5.2,3.7,7.0,485,519,"{'type': 'Point', 'coordinates': [-75.0530825, 38.4778676]}",19944,PREVENT,ACCESS2,CrdPrv,Health Insurance
2022,19944,BRFSS,Health Outcomes,Arthritis among adults,%,Crude prevalence,38.3,34.9,42.1,485,519,"{'type': 'Point', 'coordinates': [-75.0530825, 38.4778676]}",19944,HLTHOUT,ARTHRITIS,CrdPrv,Arthritis
2022,19944,BRFSS,Health Risk Behaviors,Binge drinking among adults,%,Crude prevalence,11.4,9.6,13.5,485,519,"{'type': 'Point', 'coordinates': [-75.0530825, 38.4778676]}",19944,RISKBEH,BINGE,CrdPrv,Binge Drinking
2021,19944,BRFSS,Health Outcomes,High blood pressure among adults,%,Crude prevalence,42.6,38.5,46.7,485,519,"{'type': 'Point', 'coordinates': [-75.0530825, 38.4778676]}",19944,HLTHOUT,BPHIGH,CrdPrv,High Blood Pressure
2021,19944,BRFSS,Prevention,Taking medicine to control high blood pressure among adults with high blood pressure,%,Crude prevalence,88.7,86.3,90.6,485,519,"{'type': 'Point', 'coordinates': [-75.0530825, 38.4778676]}",19944,PREVENT,BPMED,CrdPrv,High Blood Pressure Medication
2022,19944,BRFSS,Health Outcomes,Cancer (non-skin) or melanoma among adults,%,Crude prevalence,17.0,15.6,18.6,485,519,"{'type': 'Point', 'coordinates': [-75.0530825, 38.4778676]}",19944,HLTHOUT,CANCER,CrdPrv,Cancer (non-skin) or Melanoma
2022,19944,BRFSS,Health Outcomes,Current asthma among adults,%,Crude prevalence,8.7,7.8,9.8,485,519,"{'type': 'Point', 'coordinates': [-75.0530825, 38.4778676]}",19944,HLTHOUT,CASTHMA,CrdPrv,Current Asthma
2022,19944,BRFSS,Health Outcomes,Coronary heart disease among adults,%,Crude prevalence,10.0,9.0,11.1,485,519,"{'type': 'Point', 'coordinates': [-75.0530825, 38.4778676]}",19944,HLTHOUT,CHD,CrdPrv,Coronary Heart Disease
2022,19944,BRFSS,Prevention,Visits to doctor for routine checkup within the past year among adults,%,Crude prevalence,86.6,84.4,88.8,485,519,"{'type': 'Point', 'coordinates': [-75.0530825, 38.4778676]}",19944,PREVENT,CHECKUP,CrdPrv,Annual Checkup
2021,19944,BRFSS,Prevention,Cholesterol screening among adults,%,Crude prevalence,94.3,93.2,95.3,485,519,"{'type': 'Point', 'coordinates': [-75.0530825, 38.4778676]}",19944,PREVENT,CHOLSCREEN,CrdPrv,Cholesterol Screening
2022,19944,BRFSS,Disability,Cognitive disability among adults,%,Crude prevalence,7.2,6.4,8.1,485,519,"{'type': 'Point', 'coordinates': [-75.0530825, 38.4778676]}",19944,DISABLT,COGNITION,CrdPrv,Cognitive Disability
2022,19944,BRFSS,Prevention,Colorectal cancer screening among adults aged 45–75 years,%,Crude prevalence,80.0,76.8,83.4,485,519,"{'type': 'Point', 'coordinates': [-75.0530825, 38.4778676]}",19944,PREVENT,COLON_SCREEN,CrdPrv,Colorectal Cancer Screening
2022,19944,BRFSS,Health Outcomes,Chronic obstructive pulmonary disease among adults,%,Crude prevalence,6.6,5.9,7.4,485,519,"{'type': 'Point', 'coordinates': [-75.0530825, 38.4778676]}",19944,HLTHOUT,COPD,CrdPrv,COPD
2022,19944,BRFSS,Health Risk Behaviors,Current cigarette smoking among adults,%,Crude prevalence,7.0,6.2,8.1,485,519,"{'type': 'Point', 'coordinates': [-75.0530825, 38.4778676]}",19944,RISKBEH,CSMOKING,CrdPrv,Current Cigarette Smoking
2022,19944,BRFSS,Prevention,Visited dentist or dental clinic in the past year among adults,%,Crude prevalence,77.1,74.5,79.8,485,519,"{'type': 'Point', 'coordinates': [-75.0530825, 38.4778676]}",19944,PREVENT,DENTAL,CrdPrv,Dental Visit
2022,19944,BRFSS,Health Outcomes,Depression among adults,%,Crude prevalence,16.0,13.8,18.6,485,519,"{'type': 'Point', 'coordinates': [-75.0530825, 38.4778676]}",19944,HLTHOUT,DEPRESSION,CrdPrv,Depression
2022,19944,BRFSS,Health Outcomes,Diagnosed diabetes among adults,%,Crude prevalence,12.2,10.7,14.0,485,519,"{'type': 'Point', 'coordinates': [-75.0530825, 38.4778676]}",19944,HLTHOUT,DIABETES,CrdPrv,Diabetes
2022,19944,BRFSS,Disability,Any disability among adults,%,Crude prevalence,24.1,21.3,27.2,485,519,"{'type': 'Point', 'coordinates': [-75.0530825, 38.4778676]}",19944,DISABLT,DISABILITY,CrdPrv,Any Disability
2022,19944,BRFSS,Health-Related Social Needs,Lack of social and emotional support among adults,%,Crude prevalence,19.0,16.4,21.8,485,519,"{'type': 'Point', 'coordinates': [-75.0530825, 38.4778676]}",19944,SOCLNEED,EMOTIONSPT,CrdPrv,Lack of Social/Emotional Support
2022,19944,BRFSS,Health-Related Social Needs,Food insecurity in the past 12 months among adults,%,Crude prevalence,6.5,5.8,7.4,485,519,"{'type': 'Point', 'coordinates': [-75.0530825, 38.4778676]}",19944,SOCLNEED,FOODINSECU,CrdPrv,Food Insecurity
2022,19944,BRFSS,Health-Related Social Needs,Received food stamps in the past 12 months among adults,%,Crude prevalence,4.5,3.8,5.2,485,519,"{'type': 'Point', 'coordinates': [-75.0530825, 38.4778676]}",19944,SOCLNEED,FOODSTAMP,CrdPrv,Food Stamps
2022,19944,BRFSS,Health Status,Fair or poor self-rated health status among adults,%,Crude prevalence,11.5,10.3,13.0,485,519,"{'type': 'Point', 'coordinates': [-75.0530825, 38.4778676]}",19944,HLTHSTAT,GHLTH,CrdPrv,General Health
2022,19944,BRFSS,Disability,Hearing disability among adults,%,Crude prevalence,9.5,8.5,10.6,485,519,"{'type': 'Point', 'coordinates': [-75.0530825, 38.4778676]}",19944,DISABLT,HEARING,CrdPrv,Hearing Disability
2021,19944,BRFSS,Health Outcomes,High cholesterol among adults who have ever been screened,%,Crude prevalence,46.1,41.7,50.4,485,519,"{'type': 'Point', 'coordinates': [-75.0530825, 38.4778676]}",19944,HLTHOUT,HIGHCHOL,CrdPrv,High Cholesterol
2022,19944,BRFSS,Health-Related Social Needs,Housing insecurity in the past 12 months among adults,%,Crude prevalence,5.0,4.4,5.7,485,519,"{'type': 'Point', 'coordinates': [-75.0530825, 38.4778676]}",19944,SOCLNEED,HOUSINSECU,CrdPrv,Housing Insecurity
2022,19944,BRFSS,Disability,Independent living disability among adults,%,Crude prevalence,4.7,4.2,5.2,485,519,"{'type': 'Point', 'coordinates': [-75.0530825, 38.4778676]}",19944,DISABLT,INDEPLIVE,CrdPrv,Independent Living Disability
2022,19944,BRFSS,Health-Related Social Needs,Feeling socially isolated among adults,%,Crude prevalence,24.6,21.2,28.0,485,519,"{'type': 'Point', 'coordinates': [-75.0530825, 38.4778676]}",19944,SOCLNEED,ISOLATION,CrdPrv,Social Isolation
2022,19944,BRFSS,Health-Related Social Needs,Lack of reliable transportation in the past 12 months among adults,%,Crude prevalence,4.3,3.9,4.7,485,519,"{'type': 'Point', 'coordinates': [-75.0530825, 38.4778676]}",19944,SOCLNEED,LACKTRPT,CrdPrv,Transportation Barriers
2022,19944,BRFSS,Health Risk Behaviors,No leisure-time physical activity among adults,%,Crude prevalence,17.0,14.6,19.9,485,519,"{'type': 'Point', 'coordinates': [-75.0530825, 38.4778676]}",19944,RISKBEH,LPA,CrdPrv,Physical Inactivity
2022,19944,BRFSS,Prevention,Mammography use among women aged 50-74 years,%,Crude prevalence,81.3,76.4,85.9,485,519,"{'type': 'Point', 'coordinates': [-75.0530825, 38.4778676]}",19944,PREVENT,MAMMOUSE,CrdPrv,Mammography
2022,19944,BRFSS,Health Status,Frequent mental distress among adults,%,Crude prevalence,9.1,8.2,10.1,485,519,"{'type': 'Point', 'coordinates': [-75.0530825, 38.4778676]}",19944,HLTHSTAT,MHLTH,CrdPrv,Frequent Mental Distress
2022,19944,BRFSS,Disability,Mobility disability among adults,%,Crude prevalence,11.8,10.5,13.4,485,519,"{'type': 'Point', 'coordinates': [-75.0530825, 38.4778676]}",19944,DISABLT,MOBILITY,CrdPrv,Mobility Disability
2022,19944,BRFSS,Health Outcomes,Obesity among adults,%,Crude prevalence,28.6,24.0,34.1,485,519,"{'type': 'Point', 'coordinates': [-75.0530825, 38.4778676]}",19944,HLTHOUT,OBESITY,CrdPrv,Obesity
2022,19944,BRFSS,Health Status,Frequent physical distress among adults,%,Crude prevalence,9.7,8.7,10.9,485,519,"{'type': 'Point', 'coordinates': [-75.0530825, 38.4778676]}",19944,HLTHSTAT,PHLTH,CrdPrv,Frequent Physical Distress
2022,19944,BRFSS,Disability,Self-care disability among adults,%,Crude prevalence,2.3,2.1,2.5,485,519,"{'type': 'Point', 'coordinates': [-75.0530825, 38.4778676]}",19944,DISABLT,SELFCARE,CrdPrv,Self-care Disability
2022,19944,BRFSS,Health-Related Social Needs,Utility services shut-off threat in the past 12 months among adults,%,Crude prevalence,3.1,2.7,3.6,485,519,"{'type': 'Point', 'coordinates': [-75.0530825, 38.4778676]}",19944,SOCLNEED,SHUTUTILITY,CrdPrv,Utility Services Threat
2022,19944,BRFSS,Health Risk Behaviors,Short sleep duration among adults,%,Crude prevalence,23.9,20.3,28.2,485,519,"{'type': 'Point', 'coordinates': [-75.0530825, 38.4778676]}",19944,RISKBEH,SLEEP,CrdPrv,Short Sleep Duration
2022,19944,BRFSS,Health Outcomes,Stroke among adults,%,Crude prevalence,3.9,3.6,4.3,485,519,"{'type': 'Point', 'coordinates': [-75.0530825, 38.4778676]}",19944,HLTHOUT,STROKE,CrdPrv,Stroke
2022,19944,BRFSS,Health Outcomes,All teeth lost among adults aged >=65 years,%,Crude prevalence,10.0,8.4,12.1,485,519,"{'type': 'Point', 'coordinates': [-75.0530825, 38.4778676]}",19944,HLTHOUT,TEETHLOST,CrdPrv,All Teeth Lost
2022,19944,BRFSS,Disability,Vision disability among adults,%,Crude prevalence,3.2,3.0,3.6,485,519,"{'type': 'Point', 'coordinates': [-75.0530825, 38.4778676]}",19944,DISABLT,VISION,CrdPrv,Vision Disability
2022,19945,BRFSS,Prevention,Current lack of health insurance among adults aged 18-64 years,%,Crude prevalence,8.7,7.4,10.0,6693,8041,"{'type': 'Point', 'coordinates': [-75.2290333, 38.4978939]}",19945,PREVENT,ACCESS2,CrdPrv,Health Insurance
2022,19945,BRFSS,Health Outcomes,Arthritis among adults,%,Crude prevalence,32.8,29.9,36.2,6693,8041,"{'type': 'Point', 'coordinates': [-75.2290333, 38.4978939]}",19945,HLTHOUT,ARTHRITIS,CrdPrv,Arthritis
2022,19945,BRFSS,Health Risk Behaviors,Binge drinking among adults,%,Crude prevalence,15.0,12.8,17.8,6693,8041,"{'type': 'Point', 'coordinates': [-75.2290333, 38.4978939]}",19945,RISKBEH,BINGE,CrdPrv,Binge Drinking
2021,19945,BRFSS,Health Outcomes,High blood pressure among adults,%,Crude prevalence,37.8,34.1,41.6,6693,8041,"{'type': 'Point', 'coordinates': [-75.2290333, 38.4978939]}",19945,HLTHOUT,BPHIGH,CrdPrv,High Blood Pressure
2021,19945,BRFSS,Prevention,Taking medicine to control high blood pressure among adults with high blood pressure,%,Crude prevalence,84.5,81.9,86.8,6693,8041,"{'type': 'Point', 'coordinates': [-75.2290333, 38.4978939]}",19945,PREVENT,BPMED,CrdPrv,High Blood Pressure Medication
2022,19945,BRFSS,Health Outcomes,Cancer (non-skin) or melanoma among adults,%,Crude prevalence,10.7,9.8,11.7,6693,8041,"{'type': 'Point', 'coordinates': [-75.2290333, 38.4978939]}",19945,HLTHOUT,CANCER,CrdPrv,Cancer (non-skin) or Melanoma
2022,19945,BRFSS,Health Outcomes,Current asthma among adults,%,Crude prevalence,10.2,9.2,11.6,6693,8041,"{'type': 'Point', 'coordinates': [-75.2290333, 38.4978939]}",19945,HLTHOUT,CASTHMA,CrdPrv,Current Asthma
2022,19945,BRFSS,Health Outcomes,Coronary heart disease among adults,%,Crude prevalence,8.3,7.6,9.2,6693,8041,"{'type': 'Point', 'coordinates': [-75.2290333, 38.4978939]}",19945,HLTHOUT,CHD,CrdPrv,Coronary Heart Disease
2022,19945,BRFSS,Prevention,Visits to doctor for routine checkup within the past year among adults,%,Crude prevalence,81.8,79.0,84.7,6693,8041,"{'type': 'Point', 'coordinates': [-75.2290333, 38.4978939]}",19945,PREVENT,CHECKUP,CrdPrv,Annual Checkup
2021,19945,BRFSS,Prevention,Cholesterol screening among adults,%,Crude prevalence,90.1,88.2,91.8,6693,8041,"{'type': 'Point', 'coordinates': [-75.2290333, 38.4978939]}",19945,PREVENT,CHOLSCREEN,CrdPrv,Cholesterol Screening
2022,19945,BRFSS,Disability,Cognitive disability among adults,%,Crude prevalence,11.2,10.1,12.6,6693,8041,"{'type': 'Point', 'coordinates': [-75.2290333, 38.4978939]}",19945,DISABLT,COGNITION,CrdPrv,Cognitive Disability
2022,19945,BRFSS,Prevention,Colorectal cancer screening among adults aged 45–75 years,%,Crude prevalence,72.1,68.4,76.0,6693,8041,"{'type': 'Point', 'coordinates': [-75.2290333, 38.4978939]}",19945,PREVENT,COLON_SCREEN,CrdPrv,Colorectal Cancer Screening
2022,19945,BRFSS,Health Outcomes,Chronic obstructive pulmonary disease among adults,%,Crude prevalence,8.0,7.2,8.9,6693,8041,"{'type': 'Point', 'coordinates': [-75.2290333, 38.4978939]}",19945,HLTHOUT,COPD,CrdPrv,COPD
2022,19945,BRFSS,Health Risk Behaviors,Current cigarette smoking among adults,%,Crude prevalence,12.3,10.9,14.0,6693,8041,"{'type': 'Point', 'coordinates': [-75.2290333, 38.4978939]}",19945,RISKBEH,CSMOKING,CrdPrv,Current Cigarette Smoking
2022,19945,BRFSS,Prevention,Visited dentist or dental clinic in the past year among adults,%,Crude prevalence,66.5,63.3,69.9,6693,8041,"{'type': 'Point', 'coordinates': [-75.2290333, 38.4978939]}",19945,PREVENT,DENTAL,CrdPrv,Dental Visit
2022,19945,BRFSS,Health Outcomes,Depression among adults,%,Crude prevalence,19.4,16.8,22.5,6693,8041,"{'type': 'Point', 'coordinates': [-75.2290333, 38.4978939]}",19945,HLTHOUT,DEPRESSION,CrdPrv,Depression
2022,19945,BRFSS,Health Outcomes,Diagnosed diabetes among adults,%,Crude prevalence,12.8,11.3,14.5,6693,8041,"{'type': 'Point', 'coordinates': [-75.2290333, 38.4978939]}",19945,HLTHOUT,DIABETES,CrdPrv,Diabetes
2022,19945,BRFSS,Disability,Any disability among adults,%,Crude prevalence,26.7,23.9,30.0,6693,8041,"{'type': 'Point', 'coordinates': [-75.2290333, 38.4978939]}",19945,DISABLT,DISABILITY,CrdPrv,Any Disability
2022,19945,BRFSS,Health-Related Social Needs,Lack of social and emotional support among adults,%,Crude prevalence,21.2,18.4,24.2,6693,8041,"{'type': 'Point', 'coordinates': [-75.2290333, 38.4978939]}",19945,SOCLNEED,EMOTIONSPT,CrdPrv,Lack of Social/Emotional Support
2022,19945,BRFSS,Health-Related Social Needs,Food insecurity in the past 12 months among adults,%,Crude prevalence,10.7,9.6,12.0,6693,8041,"{'type': 'Point', 'coordinates': [-75.2290333, 38.4978939]}",19945,SOCLNEED,FOODINSECU,CrdPrv,Food Insecurity
2022,19945,BRFSS,Health-Related Social Needs,Received food stamps in the past 12 months among adults,%,Crude prevalence,8.7,7.5,9.9,6693,8041,"{'type': 'Point', 'coordinates': [-75.2290333, 38.4978939]}",19945,SOCLNEED,FOODSTAMP,CrdPrv,Food Stamps
2022,19945,BRFSS,Health Status,Fair or poor self-rated health status among adults,%,Crude prevalence,15.9,14.4,17.8,6693,8041,"{'type': 'Point', 'coordinates': [-75.2290333, 38.4978939]}",19945,HLTHSTAT,GHLTH,CrdPrv,General Health
2022,19945,BRFSS,Disability,Hearing disability among adults,%,Crude prevalence,7.8,7.0,8.7,6693,8041,"{'type': 'Point', 'coordinates': [-75.2290333, 38.4978939]}",19945,DISABLT,HEARING,CrdPrv,Hearing Disability
2021,19945,BRFSS,Health Outcomes,High cholesterol among adults who have ever been screened,%,Crude prevalence,40.3,36.4,44.3,6693,8041,"{'type': 'Point', 'coordinates': [-75.2290333, 38.4978939]}",19945,HLTHOUT,HIGHCHOL,CrdPrv,High Cholesterol
2022,19945,BRFSS,Health-Related Social Needs,Housing insecurity in the past 12 months among adults,%,Crude prevalence,9.7,8.7,10.9,6693,8041,"{'type': 'Point', 'coordinates': [-75.2290333, 38.4978939]}",19945,SOCLNEED,HOUSINSECU,CrdPrv,Housing Insecurity
2022,19945,BRFSS,Disability,Independent living disability among adults,%,Crude prevalence,6.8,6.2,7.5,6693,8041,"{'type': 'Point', 'coordinates': [-75.2290333, 38.4978939]}",19945,DISABLT,INDEPLIVE,CrdPrv,Independent Living Disability
2022,19945,BRFSS,Health-Related Social Needs,Feeling socially isolated among adults,%,Crude prevalence,27.1,23.5,30.8,6693,8041,"{'type': 'Point', 'coordinates': [-75.2290333, 38.4978939]}",19945,SOCLNEED,ISOLATION,CrdPrv,Social Isolation
2022,19945,BRFSS,Health-Related Social Needs,Lack of reliable transportation in the past 12 months among adults,%,Crude prevalence,6.7,6.1,7.4,6693,8041,"{'type': 'Point', 'coordinates': [-75.2290333, 38.4978939]}",19945,SOCLNEED,LACKTRPT,CrdPrv,Transportation Barriers
2022,19945,BRFSS,Health Risk Behaviors,No leisure-time physical activity among adults,%,Crude prevalence,22.1,19.3,25.6,6693,8041,"{'type': 'Point', 'coordinates': [-75.2290333, 38.4978939]}",19945,RISKBEH,LPA,CrdPrv,Physical Inactivity
2022,19945,BRFSS,Prevention,Mammography use among women aged 50-74 years,%,Crude prevalence,80.6,75.7,85.4,6693,8041,"{'type': 'Point', 'coordinates': [-75.2290333, 38.4978939]}",19945,PREVENT,MAMMOUSE,CrdPrv,Mammography
2022,19945,BRFSS,Health Status,Frequent mental distress among adults,%,Crude prevalence,13.5,12.2,15.1,6693,8041,"{'type': 'Point', 'coordinates': [-75.2290333, 38.4978939]}",19945,HLTHSTAT,MHLTH,CrdPrv,Frequent Mental Distress
2022,19945,BRFSS,Disability,Mobility disability among adults,%,Crude prevalence,13.5,12.2,15.2,6693,8041,"{'type': 'Point', 'coordinates': [-75.2290333, 38.4978939]}",19945,DISABLT,MOBILITY,CrdPrv,Mobility Disability
2022,19945,BRFSS,Health Outcomes,Obesity among adults,%,Crude prevalence,36.0,30.8,42.1,6693,8041,"{'type': 'Point', 'coordinates': [-75.2290333, 38.4978939]}",19945,HLTHOUT,OBESITY,CrdPrv,Obesity
2022,19945,BRFSS,Health Status,Frequent physical distress among adults,%,Crude prevalence,12.0,10.8,13.4,6693,8041,"{'type': 'Point', 'coordinates': [-75.2290333, 38.4978939]}",19945,HLTHSTAT,PHLTH,CrdPrv,Frequent Physical Distress
2022,19945,BRFSS,Disability,Self-care disability among adults,%,Crude prevalence,3.4,3.2,3.7,6693,8041,"{'type': 'Point', 'coordinates': [-75.2290333, 38.4978939]}",19945,DISABLT,SELFCARE,CrdPrv,Self-care Disability
2022,19945,BRFSS,Health-Related Social Needs,Utility services shut-off threat in the past 12 months among adults,%,Crude prevalence,6.1,5.3,6.9,6693,8041,"{'type': 'Point', 'coordinates': [-75.2290333, 38.4978939]}",19945,SOCLNEED,SHUTUTILITY,CrdPrv,Utility Services Threat
2022,19945,BRFSS,Health Risk Behaviors,Short sleep duration among adults,%,Crude prevalence,31.2,26.9,36.2,6693,8041,"{'type': 'Point', 'coordinates': [-75.2290333, 38.4978939]}",19945,RISKBEH,SLEEP,CrdPrv,Short Sleep Duration
2022,19945,BRFSS,Health Outcomes,Stroke among adults,%,Crude prevalence,4.0,3.7,4.3,6693,8041,"{'type': 'Point', 'coordinates': [-75.2290333, 38.4978939]}",19945,HLTHOUT,STROKE,CrdPrv,Stroke
2022,19945,BRFSS,Health Outcomes,All teeth lost among adults aged >=65 years,%,Crude prevalence,8.9,7.4,10.8,6693,8041,"{'type': 'Point', 'coordinates': [-75.2290333, 38.4978939]}",19945,HLTHOUT,TEETHLOST,CrdPrv,All Teeth Lost
2022,19945,BRFSS,Disability,Vision disability among adults,%,Crude prevalence,4.7,4.3,5.1,6693,8041,"{'type': 'Point', 'coordinates': [-75.2290333, 38.4978939]}",19945,DISABLT,VISION,CrdPrv,Vision Disability
2022,19946,BRFSS,Prevention,Current lack of health insurance among adults aged 18-64 years,%,Crude prevalence,9.1,7.8,10.5,3794,4932,"{'type': 'Point', 'coordinates': [-75.4495848, 39.0348019]}",19946,PREVENT,ACCESS2,CrdPrv,Health Insurance
2022,19946,BRFSS,Health Outcomes,Arthritis among adults,%,Crude prevalence,30.5,27.5,33.7,3794,4932,"{'type': 'Point', 'coordinates': [-75.4495848, 39.0348019]}",19946,HLTHOUT,ARTHRITIS,CrdPrv,Arthritis
2022,19946,BRFSS,Health Risk Behaviors,Binge drinking among adults,%,Crude prevalence,15.2,12.7,17.9,3794,4932,"{'type': 'Point', 'coordinates': [-75.4495848, 39.0348019]}",19946,RISKBEH,BINGE,CrdPrv,Binge Drinking
2021,19946,BRFSS,Health Outcomes,High blood pressure among adults,%,Crude prevalence,36.3,32.6,39.7,3794,4932,"{'type': 'Point', 'coordinates': [-75.4495848, 39.0348019]}",19946,HLTHOUT,BPHIGH,CrdPrv,High Blood Pressure
2021,19946,BRFSS,Prevention,Taking medicine to control high blood pressure among adults with high blood pressure,%,Crude prevalence,80.0,77.1,82.6,3794,4932,"{'type': 'Point', 'coordinates': [-75.4495848, 39.0348019]}",19946,PREVENT,BPMED,CrdPrv,High Blood Pressure Medication
2022,19946,BRFSS,Health Outcomes,Cancer (non-skin) or melanoma among adults,%,Crude prevalence,8.8,8.0,9.6,3794,4932,"{'type': 'Point', 'coordinates': [-75.4495848, 39.0348019]}",19946,HLTHOUT,CANCER,CrdPrv,Cancer (non-skin) or Melanoma
2022,19946,BRFSS,Health Outcomes,Current asthma among adults,%,Crude prevalence,11.9,10.6,13.4,3794,4932,"{'type': 'Point', 'coordinates': [-75.4495848, 39.0348019]}",19946,HLTHOUT,CASTHMA,CrdPrv,Current Asthma
2022,19946,BRFSS,Health Outcomes,Coronary heart disease among adults,%,Crude prevalence,7.3,6.6,8.1,3794,4932,"{'type': 'Point', 'coordinates': [-75.4495848, 39.0348019]}",19946,HLTHOUT,CHD,CrdPrv,Coronary Heart Disease
2022,19946,BRFSS,Prevention,Visits to doctor for routine checkup within the past year among adults,%,Crude prevalence,77.8,74.1,81.1,3794,4932,"{'type': 'Point', 'coordinates': [-75.4495848, 39.0348019]}",19946,PREVENT,CHECKUP,CrdPrv,Annual Checkup
2021,19946,BRFSS,Prevention,Cholesterol screening among adults,%,Crude prevalence,87.0,84.6,89.1,3794,4932,"{'type': 'Point', 'coordinates': [-75.4495848, 39.0348019]}",19946,PREVENT,CHOLSCREEN,CrdPrv,Cholesterol Screening
2022,19946,BRFSS,Disability,Cognitive disability among adults,%,Crude prevalence,14.0,12.5,15.6,3794,4932,"{'type': 'Point', 'coordinates': [-75.4495848, 39.0348019]}",19946,DISABLT,COGNITION,CrdPrv,Cognitive Disability
2022,19946,BRFSS,Prevention,Colorectal cancer screening among adults aged 45–75 years,%,Crude prevalence,66.4,61.9,70.6,3794,4932,"{'type': 'Point', 'coordinates': [-75.4495848, 39.0348019]}",19946,PREVENT,COLON_SCREEN,CrdPrv,Colorectal Cancer Screening
2022,19946,BRFSS,Health Outcomes,Chronic obstructive pulmonary disease among adults,%,Crude prevalence,8.5,7.6,9.5,3794,4932,"{'type': 'Point', 'coordinates': [-75.4495848, 39.0348019]}",19946,HLTHOUT,COPD,CrdPrv,COPD
2022,19946,BRFSS,Health Risk Behaviors,Current cigarette smoking among adults,%,Crude prevalence,16.4,14.4,18.5,3794,4932,"{'type': 'Point', 'coordinates': [-75.4495848, 39.0348019]}",19946,RISKBEH,CSMOKING,CrdPrv,Current Cigarette Smoking
2022,19946,BRFSS,Prevention,Visited dentist or dental clinic in the past year among adults,%,Crude prevalence,62.0,58.1,65.7,3794,4932,"{'type': 'Point', 'coordinates': [-75.4495848, 39.0348019]}",19946,PREVENT,DENTAL,CrdPrv,Dental Visit
2022,19946,BRFSS,Health Outcomes,Depression among adults,%,Crude prevalence,20.8,17.8,24.1,3794,4932,"{'type': 'Point', 'coordinates': [-75.4495848, 39.0348019]}",19946,HLTHOUT,DEPRESSION,CrdPrv,Depression
2022,19946,BRFSS,Health Outcomes,Diagnosed diabetes among adults,%,Crude prevalence,13.2,11.6,14.9,3794,4932,"{'type': 'Point', 'coordinates': [-75.4495848, 39.0348019]}",19946,HLTHOUT,DIABETES,CrdPrv,Diabetes
2022,19946,BRFSS,Disability,Any disability among adults,%,Crude prevalence,29.8,26.4,33.3,3794,4932,"{'type': 'Point', 'coordinates': [-75.4495848, 39.0348019]}",19946,DISABLT,DISABILITY,CrdPrv,Any Disability
2022,19946,BRFSS,Health-Related Social Needs,Lack of social and emotional support among adults,%,Crude prevalence,23.2,20.4,26.5,3794,4932,"{'type': 'Point', 'coordinates': [-75.4495848, 39.0348019]}",19946,SOCLNEED,EMOTIONSPT,CrdPrv,Lack of Social/Emotional Support
2022,19946,BRFSS,Health-Related Social Needs,Food insecurity in the past 12 months among adults,%,Crude prevalence,14.7,13.3,16.4,3794,4932,"{'type': 'Point', 'coordinates': [-75.4495848, 39.0348019]}",19946,SOCLNEED,FOODINSECU,CrdPrv,Food Insecurity
2022,19946,BRFSS,Health-Related Social Needs,Received food stamps in the past 12 months among adults,%,Crude prevalence,12.8,11.3,14.5,3794,4932,"{'type': 'Point', 'coordinates': [-75.4495848, 39.0348019]}",19946,SOCLNEED,FOODSTAMP,CrdPrv,Food Stamps
2022,19946,BRFSS,Health Status,Fair or poor self-rated health status among adults,%,Crude prevalence,18.4,16.4,20.4,3794,4932,"{'type': 'Point', 'coordinates': [-75.4495848, 39.0348019]}",19946,HLTHSTAT,GHLTH,CrdPrv,General Health
2022,19946,BRFSS,Disability,Hearing disability among adults,%,Crude prevalence,7.3,6.5,8.2,3794,4932,"{'type': 'Point', 'coordinates': [-75.4495848, 39.0348019]}",19946,DISABLT,HEARING,CrdPrv,Hearing Disability
2021,19946,BRFSS,Health Outcomes,High cholesterol among adults who have ever been screened,%,Crude prevalence,36.8,33.0,40.5,3794,4932,"{'type': 'Point', 'coordinates': [-75.4495848, 39.0348019]}",19946,HLTHOUT,HIGHCHOL,CrdPrv,High Cholesterol
2022,19946,BRFSS,Health-Related Social Needs,Housing insecurity in the past 12 months among adults,%,Crude prevalence,12.7,11.5,14.2,3794,4932,"{'type': 'Point', 'coordinates': [-75.4495848, 39.0348019]}",19946,SOCLNEED,HOUSINSECU,CrdPrv,Housing Insecurity
2022,19946,BRFSS,Disability,Independent living disability among adults,%,Crude prevalence,7.9,7.1,8.8,3794,4932,"{'type': 'Point', 'coordinates': [-75.4495848, 39.0348019]}",19946,DISABLT,INDEPLIVE,CrdPrv,Independent Living Disability
2022,19946,BRFSS,Health-Related Social Needs,Feeling socially isolated among adults,%,Crude prevalence,31.2,27.5,35.4,3794,4932,"{'type': 'Point', 'coordinates': [-75.4495848, 39.0348019]}",19946,SOCLNEED,ISOLATION,CrdPrv,Social Isolation
2022,19946,BRFSS,Health-Related Social Needs,Lack of reliable transportation in the past 12 months among adults,%,Crude prevalence,8.5,7.8,9.4,3794,4932,"{'type': 'Point', 'coordinates': [-75.4495848, 39.0348019]}",19946,SOCLNEED,LACKTRPT,CrdPrv,Transportation Barriers
2022,19946,BRFSS,Health Risk Behaviors,No leisure-time physical activity among adults,%,Crude prevalence,27.1,23.4,30.9,3794,4932,"{'type': 'Point', 'coordinates': [-75.4495848, 39.0348019]}",19946,RISKBEH,LPA,CrdPrv,Physical Inactivity
2022,19946,BRFSS,Prevention,Mammography use among women aged 50-74 years,%,Crude prevalence,73.8,67.3,79.6,3794,4932,"{'type': 'Point', 'coordinates': [-75.4495848, 39.0348019]}",19946,PREVENT,MAMMOUSE,CrdPrv,Mammography
2022,19946,BRFSS,Health Status,Frequent mental distress among adults,%,Crude prevalence,16.6,14.9,18.3,3794,4932,"{'type': 'Point', 'coordinates': [-75.4495848, 39.0348019]}",19946,HLTHSTAT,MHLTH,CrdPrv,Frequent Mental Distress
2022,19946,BRFSS,Disability,Mobility disability among adults,%,Crude prevalence,14.3,12.7,16.0,3794,4932,"{'type': 'Point', 'coordinates': [-75.4495848, 39.0348019]}",19946,DISABLT,MOBILITY,CrdPrv,Mobility Disability
2022,19946,BRFSS,Health Outcomes,Obesity among adults,%,Crude prevalence,38.9,33.0,45.1,3794,4932,"{'type': 'Point', 'coordinates': [-75.4495848, 39.0348019]}",19946,HLTHOUT,OBESITY,CrdPrv,Obesity
2022,19946,BRFSS,Health Status,Frequent physical distress among adults,%,Crude prevalence,13.3,11.9,14.8,3794,4932,"{'type': 'Point', 'coordinates': [-75.4495848, 39.0348019]}",19946,HLTHSTAT,PHLTH,CrdPrv,Frequent Physical Distress
2022,19946,BRFSS,Disability,Self-care disability among adults,%,Crude prevalence,4.0,3.7,4.3,3794,4932,"{'type': 'Point', 'coordinates': [-75.4495848, 39.0348019]}",19946,DISABLT,SELFCARE,CrdPrv,Self-care Disability
2022,19946,BRFSS,Health-Related Social Needs,Utility services shut-off threat in the past 12 months among adults,%,Crude prevalence,8.6,7.6,9.8,3794,4932,"{'type': 'Point', 'coordinates': [-75.4495848, 39.0348019]}",19946,SOCLNEED,SHUTUTILITY,CrdPrv,Utility Services Threat
2022,19946,BRFSS,Health Risk Behaviors,Short sleep duration among adults,%,Crude prevalence,39.4,34.1,44.8,3794,4932,"{'type': 'Point', 'coordinates': [-75.4495848, 39.0348019]}",19946,RISKBEH,SLEEP,CrdPrv,Short Sleep Duration
2022,19946,BRFSS,Health Outcomes,Stroke among adults,%,Crude prevalence,4.0,3.7,4.4,3794,4932,"{'type': 'Point', 'coordinates': [-75.4495848, 39.0348019]}",19946,HLTHOUT,STROKE,CrdPrv,Stroke
2022,19946,BRFSS,Health Outcomes,All teeth lost among adults aged >=65 years,%,Crude prevalence,11.5,9.5,13.8,3794,4932,"{'type': 'Point', 'coordinates': [-75.4495848, 39.0348019]}",19946,HLTHOUT,TEETHLOST,CrdPrv,All Teeth Lost
2022,19946,BRFSS,Disability,Vision disability among adults,%,Crude prevalence,5.3,4.8,5.8,3794,4932,"{'type': 'Point', 'coordinates': [-75.4495848, 39.0348019]}",19946,DISABLT,VISION,CrdPrv,Vision Disability
2022,19947,BRFSS,Prevention,Current lack of health insurance among adults aged 18-64 years,%,Crude prevalence,17.5,15.3,19.7,15895,20964,"{'type': 'Point', 'coordinates': [-75.4046629, 38.6702663]}",19947,PREVENT,ACCESS2,CrdPrv,Health Insurance
2022,19947,BRFSS,Health Outcomes,Arthritis among adults,%,Crude prevalence,28.2,25.7,31.1,15895,20964,"{'type': 'Point', 'coordinates': [-75.4046629, 38.6702663]}",19947,HLTHOUT,ARTHRITIS,CrdPrv,Arthritis
2022,19947,BRFSS,Health Risk Behaviors,Binge drinking among adults,%,Crude prevalence,16.4,14.0,19.4,15895,20964,"{'type': 'Point', 'coordinates': [-75.4046629, 38.6702663]}",19947,RISKBEH,BINGE,CrdPrv,Binge Drinking
2021,19947,BRFSS,Health Outcomes,High blood pressure among adults,%,Crude prevalence,35.0,31.6,38.6,15895,20964,"{'type': 'Point', 'coordinates': [-75.4046629, 38.6702663]}",19947,HLTHOUT,BPHIGH,CrdPrv,High Blood Pressure
2021,19947,BRFSS,Prevention,Taking medicine to control high blood pressure among adults with high blood pressure,%,Crude prevalence,79.6,76.9,82.2,15895,20964,"{'type': 'Point', 'coordinates': [-75.4046629, 38.6702663]}",19947,PREVENT,BPMED,CrdPrv,High Blood Pressure Medication
2022,19947,BRFSS,Health Outcomes,Cancer (non-skin) or melanoma among adults,%,Crude prevalence,7.7,7.1,8.5,15895,20964,"{'type': 'Point', 'coordinates': [-75.4046629, 38.6702663]}",19947,HLTHOUT,CANCER,CrdPrv,Cancer (non-skin) or Melanoma
2022,19947,BRFSS,Health Outcomes,Current asthma among adults,%,Crude prevalence,10.7,9.6,12.1,15895,20964,"{'type': 'Point', 'coordinates': [-75.4046629, 38.6702663]}",19947,HLTHOUT,CASTHMA,CrdPrv,Current Asthma
2022,19947,BRFSS,Health Outcomes,Coronary heart disease among adults,%,Crude prevalence,7.6,6.9,8.4,15895,20964,"{'type': 'Point', 'coordinates': [-75.4046629, 38.6702663]}",19947,HLTHOUT,CHD,CrdPrv,Coronary Heart Disease
2022,19947,BRFSS,Prevention,Visits to doctor for routine checkup within the past year among adults,%,Crude prevalence,77.7,74.4,81.0,15895,20964,"{'type': 'Point', 'coordinates': [-75.4046629, 38.6702663]}",19947,PREVENT,CHECKUP,CrdPrv,Annual Checkup
2021,19947,BRFSS,Prevention,Cholesterol screening among adults,%,Crude prevalence,84.3,81.6,86.8,15895,20964,"{'type': 'Point', 'coordinates': [-75.4046629, 38.6702663]}",19947,PREVENT,CHOLSCREEN,CrdPrv,Cholesterol Screening
2022,19947,BRFSS,Disability,Cognitive disability among adults,%,Crude prevalence,16.0,14.5,17.8,15895,20964,"{'type': 'Point', 'coordinates': [-75.4046629, 38.6702663]}",19947,DISABLT,COGNITION,CrdPrv,Cognitive Disability
2022,19947,BRFSS,Prevention,Colorectal cancer screening among adults aged 45–75 years,%,Crude prevalence,63.9,59.8,68.2,15895,20964,"{'type': 'Point', 'coordinates': [-75.4046629, 38.6702663]}",19947,PREVENT,COLON_SCREEN,CrdPrv,Colorectal Cancer Screening
2022,19947,BRFSS,Health Outcomes,Chronic obstructive pulmonary disease among adults,%,Crude prevalence,8.4,7.6,9.3,15895,20964,"{'type': 'Point', 'coordinates': [-75.4046629, 38.6702663]}",19947,HLTHOUT,COPD,CrdPrv,COPD
2022,19947,BRFSS,Health Risk Behaviors,Current cigarette smoking among adults,%,Crude prevalence,16.9,15.1,19.2,15895,20964,"{'type': 'Point', 'coordinates': [-75.4046629, 38.6702663]}",19947,RISKBEH,CSMOKING,CrdPrv,Current Cigarette Smoking
2022,19947,BRFSS,Prevention,Visited dentist or dental clinic in the past year among adults,%,Crude prevalence,54.6,51.2,58.4,15895,20964,"{'type': 'Point', 'coordinates': [-75.4046629, 38.6702663]}",19947,PREVENT,DENTAL,CrdPrv,Dental Visit
2022,19947,BRFSS,Health Outcomes,Depression among adults,%,Crude prevalence,20.4,17.7,23.6,15895,20964,"{'type': 'Point', 'coordinates': [-75.4046629, 38.6702663]}",19947,HLTHOUT,DEPRESSION,CrdPrv,Depression
2022,19947,BRFSS,Health Outcomes,Diagnosed diabetes among adults,%,Crude prevalence,12.9,11.4,14.6,15895,20964,"{'type': 'Point', 'coordinates': [-75.4046629, 38.6702663]}",19947,HLTHOUT,DIABETES,CrdPrv,Diabetes
2022,19947,BRFSS,Disability,Any disability among adults,%,Crude prevalence,31.6,28.5,35.3,15895,20964,"{'type': 'Point', 'coordinates': [-75.4046629, 38.6702663]}",19947,DISABLT,DISABILITY,CrdPrv,Any Disability
2022,19947,BRFSS,Health-Related Social Needs,Lack of social and emotional support among adults,%,Crude prevalence,26.0,22.7,29.3,15895,20964,"{'type': 'Point', 'coordinates': [-75.4046629, 38.6702663]}",19947,SOCLNEED,EMOTIONSPT,CrdPrv,Lack of Social/Emotional Support
2022,19947,BRFSS,Health-Related Social Needs,Food insecurity in the past 12 months among adults,%,Crude prevalence,19.6,17.8,21.5,15895,20964,"{'type': 'Point', 'coordinates': [-75.4046629, 38.6702663]}",19947,SOCLNEED,FOODINSECU,CrdPrv,Food Insecurity
2022,19947,BRFSS,Health-Related Social Needs,Received food stamps in the past 12 months among adults,%,Crude prevalence,17.4,15.5,19.4,15895,20964,"{'type': 'Point', 'coordinates': [-75.4046629, 38.6702663]}",19947,SOCLNEED,FOODSTAMP,CrdPrv,Food Stamps
2022,19947,BRFSS,Health Status,Fair or poor self-rated health status among adults,%,Crude prevalence,21.4,19.5,23.7,15895,20964,"{'type': 'Point', 'coordinates': [-75.4046629, 38.6702663]}",19947,HLTHSTAT,GHLTH,CrdPrv,General Health
2022,19947,BRFSS,Disability,Hearing disability among adults,%,Crude prevalence,7.7,6.9,8.6,15895,20964,"{'type': 'Point', 'coordinates': [-75.4046629, 38.6702663]}",19947,DISABLT,HEARING,CrdPrv,Hearing Disability
2021,19947,BRFSS,Health Outcomes,High cholesterol among adults who have ever been screened,%,Crude prevalence,36.1,32.6,39.8,15895,20964,"{'type': 'Point', 'coordinates': [-75.4046629, 38.6702663]}",19947,HLTHOUT,HIGHCHOL,CrdPrv,High Cholesterol
2022,19947,BRFSS,Health-Related Social Needs,Housing insecurity in the past 12 months among adults,%,Crude prevalence,16.6,14.9,18.3,15895,20964,"{'type': 'Point', 'coordinates': [-75.4046629, 38.6702663]}",19947,SOCLNEED,HOUSINSECU,CrdPrv,Housing Insecurity
2022,19947,BRFSS,Disability,Independent living disability among adults,%,Crude prevalence,9.2,8.4,10.2,15895,20964,"{'type': 'Point', 'coordinates': [-75.4046629, 38.6702663]}",19947,DISABLT,INDEPLIVE,CrdPrv,Independent Living Disability
2022,19947,BRFSS,Health-Related Social Needs,Feeling socially isolated among adults,%,Crude prevalence,30.6,26.7,34.5,15895,20964,"{'type': 'Point', 'coordinates': [-75.4046629, 38.6702663]}",19947,SOCLNEED,ISOLATION,CrdPrv,Social Isolation
2022,19947,BRFSS,Health-Related Social Needs,Lack of reliable transportation in the past 12 months among adults,%,Crude prevalence,11.3,10.3,12.4,15895,20964,"{'type': 'Point', 'coordinates': [-75.4046629, 38.6702663]}",19947,SOCLNEED,LACKTRPT,CrdPrv,Transportation Barriers
2022,19947,BRFSS,Health Risk Behaviors,No leisure-time physical activity among adults,%,Crude prevalence,28.1,24.7,32.0,15895,20964,"{'type': 'Point', 'coordinates': [-75.4046629, 38.6702663]}",19947,RISKBEH,LPA,CrdPrv,Physical Inactivity
2022,19947,BRFSS,Prevention,Mammography use among women aged 50-74 years,%,Crude prevalence,78.2,73.0,83.5,15895,20964,"{'type': 'Point', 'coordinates': [-75.4046629, 38.6702663]}",19947,PREVENT,MAMMOUSE,CrdPrv,Mammography
2022,19947,BRFSS,Health Status,Frequent mental distress among adults,%,Crude prevalence,16.9,15.4,18.8,15895,20964,"{'type': 'Point', 'coordinates': [-75.4046629, 38.6702663]}",19947,HLTHSTAT,MHLTH,CrdPrv,Frequent Mental Distress
2022,19947,BRFSS,Disability,Mobility disability among adults,%,Crude prevalence,14.9,13.5,16.6,15895,20964,"{'type': 'Point', 'coordinates': [-75.4046629, 38.6702663]}",19947,DISABLT,MOBILITY,CrdPrv,Mobility Disability
2022,19947,BRFSS,Health Outcomes,Obesity among adults,%,Crude prevalence,40.4,34.9,46.6,15895,20964,"{'type': 'Point', 'coordinates': [-75.4046629, 38.6702663]}",19947,HLTHOUT,OBESITY,CrdPrv,Obesity
2022,19947,BRFSS,Health Status,Frequent physical distress among adults,%,Crude prevalence,13.9,12.6,15.6,15895,20964,"{'type': 'Point', 'coordinates': [-75.4046629, 38.6702663]}",19947,HLTHSTAT,PHLTH,CrdPrv,Frequent Physical Distress
2022,19947,BRFSS,Disability,Self-care disability among adults,%,Crude prevalence,4.8,4.4,5.2,15895,20964,"{'type': 'Point', 'coordinates': [-75.4046629, 38.6702663]}",19947,DISABLT,SELFCARE,CrdPrv,Self-care Disability
2022,19947,BRFSS,Health-Related Social Needs,Utility services shut-off threat in the past 12 months among adults,%,Crude prevalence,10.4,9.2,11.7,15895,20964,"{'type': 'Point', 'coordinates': [-75.4046629, 38.6702663]}",19947,SOCLNEED,SHUTUTILITY,CrdPrv,Utility Services Threat
2022,19947,BRFSS,Health Risk Behaviors,Short sleep duration among adults,%,Crude prevalence,35.8,31.2,41.1,15895,20964,"{'type': 'Point', 'coordinates': [-75.4046629, 38.6702663]}",19947,RISKBEH,SLEEP,CrdPrv,Short Sleep Duration
2022,19947,BRFSS,Health Outcomes,Stroke among adults,%,Crude prevalence,4.1,3.8,4.4,15895,20964,"{'type': 'Point', 'coordinates': [-75.4046629, 38.6702663]}",19947,HLTHOUT,STROKE,CrdPrv,Stroke
2022,19947,BRFSS,Health Outcomes,All teeth lost among adults aged >=65 years,%,Crude prevalence,15.9,13.6,18.8,15895,20964,"{'type': 'Point', 'coordinates': [-75.4046629, 38.6702663]}",19947,HLTHOUT,TEETHLOST,CrdPrv,All Teeth Lost
2022,19947,BRFSS,Disability,Vision disability among adults,%,Crude prevalence,6.9,6.3,7.5,15895,20964,"{'type': 'Point', 'coordinates': [-75.4046629, 38.6702663]}",19947,DISABLT,VISION,CrdPrv,Vision Disability
2022,19950,BRFSS,Prevention,Current lack of health insurance among adults aged 18-64 years,%,Crude prevalence,10.5,9.0,12.1,5618,7095,"{'type': 'Point', 'coordinates': [-75.5967427, 38.8184505]}",19950,PREVENT,ACCESS2,CrdPrv,Health Insurance
2022,19950,BRFSS,Health Outcomes,Arthritis among adults,%,Crude prevalence,32.4,29.8,35.1,5618,7095,"{'type': 'Point', 'coordinates': [-75.5967427, 38.8184505]}",19950,HLTHOUT,ARTHRITIS,CrdPrv,Arthritis
2022,19950,BRFSS,Health Risk Behaviors,Binge drinking among adults,%,Crude prevalence,15.4,13.4,17.9,5618,7095,"{'type': 'Point', 'coordinates': [-75.5967427, 38.8184505]}",19950,RISKBEH,BINGE,CrdPrv,Binge Drinking
2021,19950,BRFSS,Health Outcomes,High blood pressure among adults,%,Crude prevalence,38.1,34.8,41.4,5618,7095,"{'type': 'Point', 'coordinates': [-75.5967427, 38.8184505]}",19950,HLTHOUT,BPHIGH,CrdPrv,High Blood Pressure
2021,19950,BRFSS,Prevention,Taking medicine to control high blood pressure among adults with high blood pressure,%,Crude prevalence,82.4,80.3,84.5,5618,7095,"{'type': 'Point', 'coordinates': [-75.5967427, 38.8184505]}",19950,PREVENT,BPMED,CrdPrv,High Blood Pressure Medication
2022,19950,BRFSS,Health Outcomes,Cancer (non-skin) or melanoma among adults,%,Crude prevalence,9.5,8.7,10.2,5618,7095,"{'type': 'Point', 'coordinates': [-75.5967427, 38.8184505]}",19950,HLTHOUT,CANCER,CrdPrv,Cancer (non-skin) or Melanoma
2022,19950,BRFSS,Health Outcomes,Current asthma among adults,%,Crude prevalence,11.3,10.2,12.4,5618,7095,"{'type': 'Point', 'coordinates': [-75.5967427, 38.8184505]}",19950,HLTHOUT,CASTHMA,CrdPrv,Current Asthma
2022,19950,BRFSS,Health Outcomes,Coronary heart disease among adults,%,Crude prevalence,8.6,7.8,9.3,5618,7095,"{'type': 'Point', 'coordinates': [-75.5967427, 38.8184505]}",19950,HLTHOUT,CHD,CrdPrv,Coronary Heart Disease
2022,19950,BRFSS,Prevention,Visits to doctor for routine checkup within the past year among adults,%,Crude prevalence,79.0,76.0,81.7,5618,7095,"{'type': 'Point', 'coordinates': [-75.5967427, 38.8184505]}",19950,PREVENT,CHECKUP,CrdPrv,Annual Checkup
2021,19950,BRFSS,Prevention,Cholesterol screening among adults,%,Crude prevalence,86.2,84.0,88.3,5618,7095,"{'type': 'Point', 'coordinates': [-75.5967427, 38.8184505]}",19950,PREVENT,CHOLSCREEN,CrdPrv,Cholesterol Screening
2022,19950,BRFSS,Disability,Cognitive disability among adults,%,Crude prevalence,14.8,13.5,16.2,5618,7095,"{'type': 'Point', 'coordinates': [-75.5967427, 38.8184505]}",19950,DISABLT,COGNITION,CrdPrv,Cognitive Disability
2022,19950,BRFSS,Prevention,Colorectal cancer screening among adults aged 45–75 years,%,Crude prevalence,66.4,62.7,70.0,5618,7095,"{'type': 'Point', 'coordinates': [-75.5967427, 38.8184505]}",19950,PREVENT,COLON_SCREEN,CrdPrv,Colorectal Cancer Screening
2022,19950,BRFSS,Health Outcomes,Chronic obstructive pulmonary disease among adults,%,Crude prevalence,9.7,8.9,10.6,5618,7095,"{'type': 'Point', 'coordinates': [-75.5967427, 38.8184505]}",19950,HLTHOUT,COPD,CrdPrv,COPD
2022,19950,BRFSS,Health Risk Behaviors,Current cigarette smoking among adults,%,Crude prevalence,17.7,15.9,19.6,5618,7095,"{'type': 'Point', 'coordinates': [-75.5967427, 38.8184505]}",19950,RISKBEH,CSMOKING,CrdPrv,Current Cigarette Smoking
2022,19950,BRFSS,Prevention,Visited dentist or dental clinic in the past year among adults,%,Crude prevalence,58.3,54.9,61.6,5618,7095,"{'type': 'Point', 'coordinates': [-75.5967427, 38.8184505]}",19950,PREVENT,DENTAL,CrdPrv,Dental Visit
2022,19950,BRFSS,Health Outcomes,Depression among adults,%,Crude prevalence,21.5,18.9,24.3,5618,7095,"{'type': 'Point', 'coordinates': [-75.5967427, 38.8184505]}",19950,HLTHOUT,DEPRESSION,CrdPrv,Depression
2022,19950,BRFSS,Health Outcomes,Diagnosed diabetes among adults,%,Crude prevalence,13.3,11.9,14.7,5618,7095,"{'type': 'Point', 'coordinates': [-75.5967427, 38.8184505]}",19950,HLTHOUT,DIABETES,CrdPrv,Diabetes
2022,19950,BRFSS,Disability,Any disability among adults,%,Crude prevalence,31.6,28.8,34.7,5618,7095,"{'type': 'Point', 'coordinates': [-75.5967427, 38.8184505]}",19950,DISABLT,DISABILITY,CrdPrv,Any Disability
2022,19950,BRFSS,Health-Related Social Needs,Lack of social and emotional support among adults,%,Crude prevalence,23.6,20.8,26.6,5618,7095,"{'type': 'Point', 'coordinates': [-75.5967427, 38.8184505]}",19950,SOCLNEED,EMOTIONSPT,CrdPrv,Lack of Social/Emotional Support
2022,19950,BRFSS,Health-Related Social Needs,Food insecurity in the past 12 months among adults,%,Crude prevalence,14.3,12.9,15.7,5618,7095,"{'type': 'Point', 'coordinates': [-75.5967427, 38.8184505]}",19950,SOCLNEED,FOODINSECU,CrdPrv,Food Insecurity
2022,19950,BRFSS,Health-Related Social Needs,Received food stamps in the past 12 months among adults,%,Crude prevalence,12.5,11.0,14.1,5618,7095,"{'type': 'Point', 'coordinates': [-75.5967427, 38.8184505]}",19950,SOCLNEED,FOODSTAMP,CrdPrv,Food Stamps
2022,19950,BRFSS,Health Status,Fair or poor self-rated health status among adults,%,Crude prevalence,19.8,18.0,21.6,5618,7095,"{'type': 'Point', 'coordinates': [-75.5967427, 38.8184505]}",19950,HLTHSTAT,GHLTH,CrdPrv,General Health
2022,19950,BRFSS,Disability,Hearing disability among adults,%,Crude prevalence,8.5,7.7,9.3,5618,7095,"{'type': 'Point', 'coordinates': [-75.5967427, 38.8184505]}",19950,DISABLT,HEARING,CrdPrv,Hearing Disability
2021,19950,BRFSS,Health Outcomes,High cholesterol among adults who have ever been screened,%,Crude prevalence,38.8,35.5,42.1,5618,7095,"{'type': 'Point', 'coordinates': [-75.5967427, 38.8184505]}",19950,HLTHOUT,HIGHCHOL,CrdPrv,High Cholesterol
2022,19950,BRFSS,Health-Related Social Needs,Housing insecurity in the past 12 months among adults,%,Crude prevalence,12.2,11.0,13.4,5618,7095,"{'type': 'Point', 'coordinates': [-75.5967427, 38.8184505]}",19950,SOCLNEED,HOUSINSECU,CrdPrv,Housing Insecurity
2022,19950,BRFSS,Disability,Independent living disability among adults,%,Crude prevalence,8.8,8.1,9.6,5618,7095,"{'type': 'Point', 'coordinates': [-75.5967427, 38.8184505]}",19950,DISABLT,INDEPLIVE,CrdPrv,Independent Living Disability
2022,19950,BRFSS,Health-Related Social Needs,Feeling socially isolated among adults,%,Crude prevalence,29.7,26.3,33.3,5618,7095,"{'type': 'Point', 'coordinates': [-75.5967427, 38.8184505]}",19950,SOCLNEED,ISOLATION,CrdPrv,Social Isolation
2022,19950,BRFSS,Health-Related Social Needs,Lack of reliable transportation in the past 12 months among adults,%,Crude prevalence,8.7,7.9,9.5,5618,7095,"{'type': 'Point', 'coordinates': [-75.5967427, 38.8184505]}",19950,SOCLNEED,LACKTRPT,CrdPrv,Transportation Barriers
2022,19950,BRFSS,Health Risk Behaviors,No leisure-time physical activity among adults,%,Crude prevalence,27.4,24.3,30.7,5618,7095,"{'type': 'Point', 'coordinates': [-75.5967427, 38.8184505]}",19950,RISKBEH,LPA,CrdPrv,Physical Inactivity
2022,19950,BRFSS,Prevention,Mammography use among women aged 50-74 years,%,Crude prevalence,76.7,71.7,81.3,5618,7095,"{'type': 'Point', 'coordinates': [-75.5967427, 38.8184505]}",19950,PREVENT,MAMMOUSE,CrdPrv,Mammography
2022,19950,BRFSS,Health Status,Frequent mental distress among adults,%,Crude prevalence,16.7,15.3,18.3,5618,7095,"{'type': 'Point', 'coordinates': [-75.5967427, 38.8184505]}",19950,HLTHSTAT,MHLTH,CrdPrv,Frequent Mental Distress
2022,19950,BRFSS,Disability,Mobility disability among adults,%,Crude prevalence,15.7,14.3,17.3,5618,7095,"{'type': 'Point', 'coordinates': [-75.5967427, 38.8184505]}",19950,DISABLT,MOBILITY,CrdPrv,Mobility Disability
2022,19950,BRFSS,Health Outcomes,Obesity among adults,%,Crude prevalence,38.4,33.4,43.7,5618,7095,"{'type': 'Point', 'coordinates': [-75.5967427, 38.8184505]}",19950,HLTHOUT,OBESITY,CrdPrv,Obesity
2022,19950,BRFSS,Health Status,Frequent physical distress among adults,%,Crude prevalence,14.1,12.8,15.4,5618,7095,"{'type': 'Point', 'coordinates': [-75.5967427, 38.8184505]}",19950,HLTHSTAT,PHLTH,CrdPrv,Frequent Physical Distress
2022,19950,BRFSS,Disability,Self-care disability among adults,%,Crude prevalence,4.3,4.0,4.6,5618,7095,"{'type': 'Point', 'coordinates': [-75.5967427, 38.8184505]}",19950,DISABLT,SELFCARE,CrdPrv,Self-care Disability
2022,19950,BRFSS,Health-Related Social Needs,Utility services shut-off threat in the past 12 months among adults,%,Crude prevalence,7.9,7.0,8.9,5618,7095,"{'type': 'Point', 'coordinates': [-75.5967427, 38.8184505]}",19950,SOCLNEED,SHUTUTILITY,CrdPrv,Utility Services Threat
2022,19950,BRFSS,Health Risk Behaviors,Short sleep duration among adults,%,Crude prevalence,35.1,30.9,39.6,5618,7095,"{'type': 'Point', 'coordinates': [-75.5967427, 38.8184505]}",19950,RISKBEH,SLEEP,CrdPrv,Short Sleep Duration
2022,19950,BRFSS,Health Outcomes,Stroke among adults,%,Crude prevalence,4.4,4.1,4.7,5618,7095,"{'type': 'Point', 'coordinates': [-75.5967427, 38.8184505]}",19950,HLTHOUT,STROKE,CrdPrv,Stroke
2022,19950,BRFSS,Health Outcomes,All teeth lost among adults aged >=65 years,%,Crude prevalence,14.2,12.2,16.6,5618,7095,"{'type': 'Point', 'coordinates': [-75.5967427, 38.8184505]}",19950,HLTHOUT,TEETHLOST,CrdPrv,All Teeth Lost
2022,19950,BRFSS,Disability,Vision disability among adults,%,Crude prevalence,5.8,5.3,6.2,5618,7095,"{'type': 'Point', 'coordinates': [-75.5967427, 38.8184505]}",19950,DISABLT,VISION,CrdPrv,Vision Disability
2022,19951,BRFSS,Prevention,Current lack of health insurance among adults aged 18-64 years,%,Crude prevalence,7.7,6.4,9.2,1625,1986,"{'type': 'Point', 'coordinates': [-75.2551535, 38.6852574]}",19951,PREVENT,ACCESS2,CrdPrv,Health Insurance
2022,19951,BRFSS,Health Outcomes,Arthritis among adults,%,Crude prevalence,35.6,32.5,39.1,1625,1986,"{'type': 'Point', 'coordinates': [-75.2551535, 38.6852574]}",19951,HLTHOUT,ARTHRITIS,CrdPrv,Arthritis
2022,19951,BRFSS,Health Risk Behaviors,Binge drinking among adults,%,Crude prevalence,14.1,12.0,16.7,1625,1986,"{'type': 'Point', 'coordinates': [-75.2551535, 38.6852574]}",19951,RISKBEH,BINGE,CrdPrv,Binge Drinking
2021,19951,BRFSS,Health Outcomes,High blood pressure among adults,%,Crude prevalence,40.8,36.9,44.6,1625,1986,"{'type': 'Point', 'coordinates': [-75.2551535, 38.6852574]}",19951,HLTHOUT,BPHIGH,CrdPrv,High Blood Pressure
2021,19951,BRFSS,Prevention,Taking medicine to control high blood pressure among adults with high blood pressure,%,Crude prevalence,86.0,83.6,88.1,1625,1986,"{'type': 'Point', 'coordinates': [-75.2551535, 38.6852574]}",19951,PREVENT,BPMED,CrdPrv,High Blood Pressure Medication
2022,19951,BRFSS,Health Outcomes,Cancer (non-skin) or melanoma among adults,%,Crude prevalence,12.1,11.1,13.3,1625,1986,"{'type': 'Point', 'coordinates': [-75.2551535, 38.6852574]}",19951,HLTHOUT,CANCER,CrdPrv,Cancer (non-skin) or Melanoma
2022,19951,BRFSS,Health Outcomes,Current asthma among adults,%,Crude prevalence,9.9,8.8,11.2,1625,1986,"{'type': 'Point', 'coordinates': [-75.2551535, 38.6852574]}",19951,HLTHOUT,CASTHMA,CrdPrv,Current Asthma
2022,19951,BRFSS,Health Outcomes,Coronary heart disease among adults,%,Crude prevalence,9.3,8.5,10.3,1625,1986,"{'type': 'Point', 'coordinates': [-75.2551535, 38.6852574]}",19951,HLTHOUT,CHD,CrdPrv,Coronary Heart Disease
2022,19951,BRFSS,Prevention,Visits to doctor for routine checkup within the past year among adults,%,Crude prevalence,83.0,80.3,85.7,1625,1986,"{'type': 'Point', 'coordinates': [-75.2551535, 38.6852574]}",19951,PREVENT,CHECKUP,CrdPrv,Annual Checkup
2021,19951,BRFSS,Prevention,Cholesterol screening among adults,%,Crude prevalence,91.3,89.6,92.8,1625,1986,"{'type': 'Point', 'coordinates': [-75.2551535, 38.6852574]}",19951,PREVENT,CHOLSCREEN,CrdPrv,Cholesterol Screening
2022,19951,BRFSS,Disability,Cognitive disability among adults,%,Crude prevalence,10.5,9.4,11.8,1625,1986,"{'type': 'Point', 'coordinates': [-75.2551535, 38.6852574]}",19951,DISABLT,COGNITION,CrdPrv,Cognitive Disability
2022,19951,BRFSS,Prevention,Colorectal cancer screening among adults aged 45–75 years,%,Crude prevalence,71.6,67.7,75.6,1625,1986,"{'type': 'Point', 'coordinates': [-75.2551535, 38.6852574]}",19951,PREVENT,COLON_SCREEN,CrdPrv,Colorectal Cancer Screening
2022,19951,BRFSS,Health Outcomes,Chronic obstructive pulmonary disease among adults,%,Crude prevalence,8.4,7.6,9.4,1625,1986,"{'type': 'Point', 'coordinates': [-75.2551535, 38.6852574]}",19951,HLTHOUT,COPD,CrdPrv,COPD
2022,19951,BRFSS,Health Risk Behaviors,Current cigarette smoking among adults,%,Crude prevalence,12.5,11.1,14.3,1625,1986,"{'type': 'Point', 'coordinates': [-75.2551535, 38.6852574]}",19951,RISKBEH,CSMOKING,CrdPrv,Current Cigarette Smoking
2022,19951,BRFSS,Prevention,Visited dentist or dental clinic in the past year among adults,%,Crude prevalence,67.0,63.8,70.4,1625,1986,"{'type': 'Point', 'coordinates': [-75.2551535, 38.6852574]}",19951,PREVENT,DENTAL,CrdPrv,Dental Visit
2022,19951,BRFSS,Health Outcomes,Depression among adults,%,Crude prevalence,18.7,16.2,21.7,1625,1986,"{'type': 'Point', 'coordinates': [-75.2551535, 38.6852574]}",19951,HLTHOUT,DEPRESSION,CrdPrv,Depression
2022,19951,BRFSS,Health Outcomes,Diagnosed diabetes among adults,%,Crude prevalence,13.5,11.9,15.3,1625,1986,"{'type': 'Point', 'coordinates': [-75.2551535, 38.6852574]}",19951,HLTHOUT,DIABETES,CrdPrv,Diabetes
2022,19951,BRFSS,Disability,Any disability among adults,%,Crude prevalence,27.2,24.4,30.6,1625,1986,"{'type': 'Point', 'coordinates': [-75.2551535, 38.6852574]}",19951,DISABLT,DISABILITY,CrdPrv,Any Disability
2022,19951,BRFSS,Health-Related Social Needs,Lack of social and emotional support among adults,%,Crude prevalence,19.7,17.1,22.5,1625,1986,"{'type': 'Point', 'coordinates': [-75.2551535, 38.6852574]}",19951,SOCLNEED,EMOTIONSPT,CrdPrv,Lack of Social/Emotional Support
2022,19951,BRFSS,Health-Related Social Needs,Food insecurity in the past 12 months among adults,%,Crude prevalence,8.9,7.9,10.0,1625,1986,"{'type': 'Point', 'coordinates': [-75.2551535, 38.6852574]}",19951,SOCLNEED,FOODINSECU,CrdPrv,Food Insecurity
2022,19951,BRFSS,Health-Related Social Needs,Received food stamps in the past 12 months among adults,%,Crude prevalence,7.2,6.2,8.3,1625,1986,"{'type': 'Point', 'coordinates': [-75.2551535, 38.6852574]}",19951,SOCLNEED,FOODSTAMP,CrdPrv,Food Stamps
2022,19951,BRFSS,Health Status,Fair or poor self-rated health status among adults,%,Crude prevalence,15.7,14.2,17.6,1625,1986,"{'type': 'Point', 'coordinates': [-75.2551535, 38.6852574]}",19951,HLTHSTAT,GHLTH,CrdPrv,General Health
2022,19951,BRFSS,Disability,Hearing disability among adults,%,Crude prevalence,8.8,7.9,9.8,1625,1986,"{'type': 'Point', 'coordinates': [-75.2551535, 38.6852574]}",19951,DISABLT,HEARING,CrdPrv,Hearing Disability
2021,19951,BRFSS,Health Outcomes,High cholesterol among adults who have ever been screened,%,Crude prevalence,42.5,38.4,46.5,1625,1986,"{'type': 'Point', 'coordinates': [-75.2551535, 38.6852574]}",19951,HLTHOUT,HIGHCHOL,CrdPrv,High Cholesterol
2022,19951,BRFSS,Health-Related Social Needs,Housing insecurity in the past 12 months among adults,%,Crude prevalence,8.0,7.1,9.0,1625,1986,"{'type': 'Point', 'coordinates': [-75.2551535, 38.6852574]}",19951,SOCLNEED,HOUSINSECU,CrdPrv,Housing Insecurity
2022,19951,BRFSS,Disability,Independent living disability among adults,%,Crude prevalence,6.7,6.1,7.5,1625,1986,"{'type': 'Point', 'coordinates': [-75.2551535, 38.6852574]}",19951,DISABLT,INDEPLIVE,CrdPrv,Independent Living Disability
2022,19951,BRFSS,Health-Related Social Needs,Feeling socially isolated among adults,%,Crude prevalence,25.4,21.9,29.0,1625,1986,"{'type': 'Point', 'coordinates': [-75.2551535, 38.6852574]}",19951,SOCLNEED,ISOLATION,CrdPrv,Social Isolation
2022,19951,BRFSS,Health-Related Social Needs,Lack of reliable transportation in the past 12 months among adults,%,Crude prevalence,5.8,5.2,6.4,1625,1986,"{'type': 'Point', 'coordinates': [-75.2551535, 38.6852574]}",19951,SOCLNEED,LACKTRPT,CrdPrv,Transportation Barriers
2022,19951,BRFSS,Health Risk Behaviors,No leisure-time physical activity among adults,%,Crude prevalence,22.3,19.4,25.8,1625,1986,"{'type': 'Point', 'coordinates': [-75.2551535, 38.6852574]}",19951,RISKBEH,LPA,CrdPrv,Physical Inactivity
2022,19951,BRFSS,Prevention,Mammography use among women aged 50-74 years,%,Crude prevalence,79.6,74.7,84.6,1625,1986,"{'type': 'Point', 'coordinates': [-75.2551535, 38.6852574]}",19951,PREVENT,MAMMOUSE,CrdPrv,Mammography
2022,19951,BRFSS,Health Status,Frequent mental distress among adults,%,Crude prevalence,12.7,11.5,14.2,1625,1986,"{'type': 'Point', 'coordinates': [-75.2551535, 38.6852574]}",19951,HLTHSTAT,MHLTH,CrdPrv,Frequent Mental Distress
2022,19951,BRFSS,Disability,Mobility disability among adults,%,Crude prevalence,14.2,12.8,16.0,1625,1986,"{'type': 'Point', 'coordinates': [-75.2551535, 38.6852574]}",19951,DISABLT,MOBILITY,CrdPrv,Mobility Disability
2022,19951,BRFSS,Health Outcomes,Obesity among adults,%,Crude prevalence,36.0,30.7,42.0,1625,1986,"{'type': 'Point', 'coordinates': [-75.2551535, 38.6852574]}",19951,HLTHOUT,OBESITY,CrdPrv,Obesity
2022,19951,BRFSS,Health Status,Frequent physical distress among adults,%,Crude prevalence,12.2,11.0,13.6,1625,1986,"{'type': 'Point', 'coordinates': [-75.2551535, 38.6852574]}",19951,HLTHSTAT,PHLTH,CrdPrv,Frequent Physical Distress
2022,19951,BRFSS,Disability,Self-care disability among adults,%,Crude prevalence,3.5,3.2,3.8,1625,1986,"{'type': 'Point', 'coordinates': [-75.2551535, 38.6852574]}",19951,DISABLT,SELFCARE,CrdPrv,Self-care Disability
2022,19951,BRFSS,Health-Related Social Needs,Utility services shut-off threat in the past 12 months among adults,%,Crude prevalence,5.2,4.5,5.9,1625,1986,"{'type': 'Point', 'coordinates': [-75.2551535, 38.6852574]}",19951,SOCLNEED,SHUTUTILITY,CrdPrv,Utility Services Threat
2022,19951,BRFSS,Health Risk Behaviors,Short sleep duration among adults,%,Crude prevalence,30.6,26.4,35.5,1625,1986,"{'type': 'Point', 'coordinates': [-75.2551535, 38.6852574]}",19951,RISKBEH,SLEEP,CrdPrv,Short Sleep Duration
2022,19951,BRFSS,Health Outcomes,Stroke among adults,%,Crude prevalence,4.3,4.0,4.7,1625,1986,"{'type': 'Point', 'coordinates': [-75.2551535, 38.6852574]}",19951,HLTHOUT,STROKE,CrdPrv,Stroke
2022,19951,BRFSS,Health Outcomes,All teeth lost among adults aged >=65 years,%,Crude prevalence,8.6,7.1,10.4,1625,1986,"{'type': 'Point', 'coordinates': [-75.2551535, 38.6852574]}",19951,HLTHOUT,TEETHLOST,CrdPrv,All Teeth Lost
2022,19951,BRFSS,Disability,Vision disability among adults,%,Crude prevalence,4.5,4.2,5.0,1625,1986,"{'type': 'Point', 'coordinates': [-75.2551535, 38.6852574]}",19951,DISABLT,VISION,CrdPrv,Vision Disability
2022,19952,BRFSS,Prevention,Current lack of health insurance among adults aged 18-64 years,%,Crude prevalence,8.8,7.5,10.3,8244,10621,"{'type': 'Point', 'coordinates': [-75.6121042, 38.9166995]}",19952,PREVENT,ACCESS2,CrdPrv,Health Insurance
2022,19952,BRFSS,Health Outcomes,Arthritis among adults,%,Crude prevalence,31.6,28.5,34.7,8244,10621,"{'type': 'Point', 'coordinates': [-75.6121042, 38.9166995]}",19952,HLTHOUT,ARTHRITIS,CrdPrv,Arthritis
2022,19952,BRFSS,Health Risk Behaviors,Binge drinking among adults,%,Crude prevalence,15.2,12.7,17.9,8244,10621,"{'type': 'Point', 'coordinates': [-75.6121042, 38.9166995]}",19952,RISKBEH,BINGE,CrdPrv,Binge Drinking
2021,19952,BRFSS,Health Outcomes,High blood pressure among adults,%,Crude prevalence,37.5,33.7,40.9,8244,10621,"{'type': 'Point', 'coordinates': [-75.6121042, 38.9166995]}",19952,HLTHOUT,BPHIGH,CrdPrv,High Blood Pressure
2021,19952,BRFSS,Prevention,Taking medicine to control high blood pressure among adults with high blood pressure,%,Crude prevalence,80.4,77.6,82.9,8244,10621,"{'type': 'Point', 'coordinates': [-75.6121042, 38.9166995]}",19952,PREVENT,BPMED,CrdPrv,High Blood Pressure Medication
2022,19952,BRFSS,Health Outcomes,Cancer (non-skin) or melanoma among adults,%,Crude prevalence,9.0,8.2,9.9,8244,10621,"{'type': 'Point', 'coordinates': [-75.6121042, 38.9166995]}",19952,HLTHOUT,CANCER,CrdPrv,Cancer (non-skin) or Melanoma
2022,19952,BRFSS,Health Outcomes,Current asthma among adults,%,Crude prevalence,12.2,10.9,13.7,8244,10621,"{'type': 'Point', 'coordinates': [-75.6121042, 38.9166995]}",19952,HLTHOUT,CASTHMA,CrdPrv,Current Asthma
2022,19952,BRFSS,Health Outcomes,Coronary heart disease among adults,%,Crude prevalence,7.6,6.8,8.4,8244,10621,"{'type': 'Point', 'coordinates': [-75.6121042, 38.9166995]}",19952,HLTHOUT,CHD,CrdPrv,Coronary Heart Disease
2022,19952,BRFSS,Prevention,Visits to doctor for routine checkup within the past year among adults,%,Crude prevalence,77.5,73.9,80.8,8244,10621,"{'type': 'Point', 'coordinates': [-75.6121042, 38.9166995]}",19952,PREVENT,CHECKUP,CrdPrv,Annual Checkup
2021,19952,BRFSS,Prevention,Cholesterol screening among adults,%,Crude prevalence,86.1,83.5,88.3,8244,10621,"{'type': 'Point', 'coordinates': [-75.6121042, 38.9166995]}",19952,PREVENT,CHOLSCREEN,CrdPrv,Cholesterol Screening
2022,19952,BRFSS,Disability,Cognitive disability among adults,%,Crude prevalence,14.8,13.2,16.5,8244,10621,"{'type': 'Point', 'coordinates': [-75.6121042, 38.9166995]}",19952,DISABLT,COGNITION,CrdPrv,Cognitive Disability
2022,19952,BRFSS,Prevention,Colorectal cancer screening among adults aged 45–75 years,%,Crude prevalence,64.9,60.2,69.3,8244,10621,"{'type': 'Point', 'coordinates': [-75.6121042, 38.9166995]}",19952,PREVENT,COLON_SCREEN,CrdPrv,Colorectal Cancer Screening
2022,19952,BRFSS,Health Outcomes,Chronic obstructive pulmonary disease among adults,%,Crude prevalence,9.5,8.5,10.5,8244,10621,"{'type': 'Point', 'coordinates': [-75.6121042, 38.9166995]}",19952,HLTHOUT,COPD,CrdPrv,COPD
2022,19952,BRFSS,Health Risk Behaviors,Current cigarette smoking among adults,%,Crude prevalence,18.0,15.9,20.3,8244,10621,"{'type': 'Point', 'coordinates': [-75.6121042, 38.9166995]}",19952,RISKBEH,CSMOKING,CrdPrv,Current Cigarette Smoking
2022,19952,BRFSS,Prevention,Visited dentist or dental clinic in the past year among adults,%,Crude prevalence,60.6,56.7,64.2,8244,10621,"{'type': 'Point', 'coordinates': [-75.6121042, 38.9166995]}",19952,PREVENT,DENTAL,CrdPrv,Dental Visit
2022,19952,BRFSS,Health Outcomes,Depression among adults,%,Crude prevalence,21.9,18.8,25.1,8244,10621,"{'type': 'Point', 'coordinates': [-75.6121042, 38.9166995]}",19952,HLTHOUT,DEPRESSION,CrdPrv,Depression
2022,19952,BRFSS,Health Outcomes,Diagnosed diabetes among adults,%,Crude prevalence,13.2,11.6,14.9,8244,10621,"{'type': 'Point', 'coordinates': [-75.6121042, 38.9166995]}",19952,HLTHOUT,DIABETES,CrdPrv,Diabetes
2022,19952,BRFSS,Disability,Any disability among adults,%,Crude prevalence,31.0,27.6,34.6,8244,10621,"{'type': 'Point', 'coordinates': [-75.6121042, 38.9166995]}",19952,DISABLT,DISABILITY,CrdPrv,Any Disability
2022,19952,BRFSS,Health-Related Social Needs,Lack of social and emotional support among adults,%,Crude prevalence,22.8,20.0,26.0,8244,10621,"{'type': 'Point', 'coordinates': [-75.6121042, 38.9166995]}",19952,SOCLNEED,EMOTIONSPT,CrdPrv,Lack of Social/Emotional Support
2022,19952,BRFSS,Health-Related Social Needs,Food insecurity in the past 12 months among adults,%,Crude prevalence,15.0,13.6,16.7,8244,10621,"{'type': 'Point', 'coordinates': [-75.6121042, 38.9166995]}",19952,SOCLNEED,FOODINSECU,CrdPrv,Food Insecurity
2022,19952,BRFSS,Health-Related Social Needs,Received food stamps in the past 12 months among adults,%,Crude prevalence,13.9,12.2,15.7,8244,10621,"{'type': 'Point', 'coordinates': [-75.6121042, 38.9166995]}",19952,SOCLNEED,FOODSTAMP,CrdPrv,Food Stamps
2022,19952,BRFSS,Health Status,Fair or poor self-rated health status among adults,%,Crude prevalence,19.3,17.3,21.4,8244,10621,"{'type': 'Point', 'coordinates': [-75.6121042, 38.9166995]}",19952,HLTHSTAT,GHLTH,CrdPrv,General Health
2022,19952,BRFSS,Disability,Hearing disability among adults,%,Crude prevalence,7.6,6.8,8.5,8244,10621,"{'type': 'Point', 'coordinates': [-75.6121042, 38.9166995]}",19952,DISABLT,HEARING,CrdPrv,Hearing Disability
2021,19952,BRFSS,Health Outcomes,High cholesterol among adults who have ever been screened,%,Crude prevalence,37.5,33.8,41.1,8244,10621,"{'type': 'Point', 'coordinates': [-75.6121042, 38.9166995]}",19952,HLTHOUT,HIGHCHOL,CrdPrv,High Cholesterol
2022,19952,BRFSS,Health-Related Social Needs,Housing insecurity in the past 12 months among adults,%,Crude prevalence,12.6,11.4,14.1,8244,10621,"{'type': 'Point', 'coordinates': [-75.6121042, 38.9166995]}",19952,SOCLNEED,HOUSINSECU,CrdPrv,Housing Insecurity
2022,19952,BRFSS,Disability,Independent living disability among adults,%,Crude prevalence,8.5,7.7,9.4,8244,10621,"{'type': 'Point', 'coordinates': [-75.6121042, 38.9166995]}",19952,DISABLT,INDEPLIVE,CrdPrv,Independent Living Disability
2022,19952,BRFSS,Health-Related Social Needs,Feeling socially isolated among adults,%,Crude prevalence,31.1,27.5,35.2,8244,10621,"{'type': 'Point', 'coordinates': [-75.6121042, 38.9166995]}",19952,SOCLNEED,ISOLATION,CrdPrv,Social Isolation
2022,19952,BRFSS,Health-Related Social Needs,Lack of reliable transportation in the past 12 months among adults,%,Crude prevalence,8.7,7.9,9.6,8244,10621,"{'type': 'Point', 'coordinates': [-75.6121042, 38.9166995]}",19952,SOCLNEED,LACKTRPT,CrdPrv,Transportation Barriers
2022,19952,BRFSS,Health Risk Behaviors,No leisure-time physical activity among adults,%,Crude prevalence,28.1,24.3,31.9,8244,10621,"{'type': 'Point', 'coordinates': [-75.6121042, 38.9166995]}",19952,RISKBEH,LPA,CrdPrv,Physical Inactivity
2022,19952,BRFSS,Prevention,Mammography use among women aged 50-74 years,%,Crude prevalence,71.6,64.7,77.9,8244,10621,"{'type': 'Point', 'coordinates': [-75.6121042, 38.9166995]}",19952,PREVENT,MAMMOUSE,CrdPrv,Mammography
2022,19952,BRFSS,Health Status,Frequent mental distress among adults,%,Crude prevalence,17.3,15.5,19.1,8244,10621,"{'type': 'Point', 'coordinates': [-75.6121042, 38.9166995]}",19952,HLTHSTAT,MHLTH,CrdPrv,Frequent Mental Distress
2022,19952,BRFSS,Disability,Mobility disability among adults,%,Crude prevalence,15.1,13.5,16.8,8244,10621,"{'type': 'Point', 'coordinates': [-75.6121042, 38.9166995]}",19952,DISABLT,MOBILITY,CrdPrv,Mobility Disability
2022,19952,BRFSS,Health Outcomes,Obesity among adults,%,Crude prevalence,39.2,33.3,45.2,8244,10621,"{'type': 'Point', 'coordinates': [-75.6121042, 38.9166995]}",19952,HLTHOUT,OBESITY,CrdPrv,Obesity
2022,19952,BRFSS,Health Status,Frequent physical distress among adults,%,Crude prevalence,14.1,12.6,15.6,8244,10621,"{'type': 'Point', 'coordinates': [-75.6121042, 38.9166995]}",19952,HLTHSTAT,PHLTH,CrdPrv,Frequent Physical Distress
2022,19952,BRFSS,Disability,Self-care disability among adults,%,Crude prevalence,4.3,3.9,4.7,8244,10621,"{'type': 'Point', 'coordinates': [-75.6121042, 38.9166995]}",19952,DISABLT,SELFCARE,CrdPrv,Self-care Disability
2022,19952,BRFSS,Health-Related Social Needs,Utility services shut-off threat in the past 12 months among adults,%,Crude prevalence,8.7,7.7,9.9,8244,10621,"{'type': 'Point', 'coordinates': [-75.6121042, 38.9166995]}",19952,SOCLNEED,SHUTUTILITY,CrdPrv,Utility Services Threat
2022,19952,BRFSS,Health Risk Behaviors,Short sleep duration among adults,%,Crude prevalence,39.3,34.1,44.7,8244,10621,"{'type': 'Point', 'coordinates': [-75.6121042, 38.9166995]}",19952,RISKBEH,SLEEP,CrdPrv,Short Sleep Duration
2022,19952,BRFSS,Health Outcomes,Stroke among adults,%,Crude prevalence,4.2,3.9,4.6,8244,10621,"{'type': 'Point', 'coordinates': [-75.6121042, 38.9166995]}",19952,HLTHOUT,STROKE,CrdPrv,Stroke
2022,19952,BRFSS,Health Outcomes,All teeth lost among adults aged >=65 years,%,Crude prevalence,13.0,10.8,15.6,8244,10621,"{'type': 'Point', 'coordinates': [-75.6121042, 38.9166995]}",19952,HLTHOUT,TEETHLOST,CrdPrv,All Teeth Lost
2022,19952,BRFSS,Disability,Vision disability among adults,%,Crude prevalence,5.5,5.0,6.1,8244,10621,"{'type': 'Point', 'coordinates': [-75.6121042, 38.9166995]}",19952,DISABLT,VISION,CrdPrv,Vision Disability
2022,19953,BRFSS,Prevention,Current lack of health insurance among adults aged 18-64 years,%,Crude prevalence,10.7,8.4,13.4,3387,4500,"{'type': 'Point', 'coordinates': [-75.6941327, 39.152487]}",19953,PREVENT,ACCESS2,CrdPrv,Health Insurance
2022,19953,BRFSS,Health Outcomes,Arthritis among adults,%,Crude prevalence,31.5,28.3,34.6,3387,4500,"{'type': 'Point', 'coordinates': [-75.6941327, 39.152487]}",19953,HLTHOUT,ARTHRITIS,CrdPrv,Arthritis
2022,19953,BRFSS,Health Risk Behaviors,Binge drinking among adults,%,Crude prevalence,15.8,13.2,18.7,3387,4500,"{'type': 'Point', 'coordinates': [-75.6941327, 39.152487]}",19953,RISKBEH,BINGE,CrdPrv,Binge Drinking
2021,19953,BRFSS,Health Outcomes,High blood pressure among adults,%,Crude prevalence,36.6,32.8,40.1,3387,4500,"{'type': 'Point', 'coordinates': [-75.6941327, 39.152487]}",19953,HLTHOUT,BPHIGH,CrdPrv,High Blood Pressure
2021,19953,BRFSS,Prevention,Taking medicine to control high blood pressure among adults with high blood pressure,%,Crude prevalence,78.8,75.9,81.4,3387,4500,"{'type': 'Point', 'coordinates': [-75.6941327, 39.152487]}",19953,PREVENT,BPMED,CrdPrv,High Blood Pressure Medication
2022,19953,BRFSS,Health Outcomes,Cancer (non-skin) or melanoma among adults,%,Crude prevalence,8.9,8.0,9.8,3387,4500,"{'type': 'Point', 'coordinates': [-75.6941327, 39.152487]}",19953,HLTHOUT,CANCER,CrdPrv,Cancer (non-skin) or Melanoma
2022,19953,BRFSS,Health Outcomes,Current asthma among adults,%,Crude prevalence,12.7,11.2,14.2,3387,4500,"{'type': 'Point', 'coordinates': [-75.6941327, 39.152487]}",19953,HLTHOUT,CASTHMA,CrdPrv,Current Asthma
2022,19953,BRFSS,Health Outcomes,Coronary heart disease among adults,%,Crude prevalence,7.7,6.9,8.5,3387,4500,"{'type': 'Point', 'coordinates': [-75.6941327, 39.152487]}",19953,HLTHOUT,CHD,CrdPrv,Coronary Heart Disease
2022,19953,BRFSS,Prevention,Visits to doctor for routine checkup within the past year among adults,%,Crude prevalence,75.1,71.2,78.6,3387,4500,"{'type': 'Point', 'coordinates': [-75.6941327, 39.152487]}",19953,PREVENT,CHECKUP,CrdPrv,Annual Checkup
2021,19953,BRFSS,Prevention,Cholesterol screening among adults,%,Crude prevalence,83.2,80.4,85.7,3387,4500,"{'type': 'Point', 'coordinates': [-75.6941327, 39.152487]}",19953,PREVENT,CHOLSCREEN,CrdPrv,Cholesterol Screening
2022,19953,BRFSS,Disability,Cognitive disability among adults,%,Crude prevalence,17.5,15.7,19.4,3387,4500,"{'type': 'Point', 'coordinates': [-75.6941327, 39.152487]}",19953,DISABLT,COGNITION,CrdPrv,Cognitive Disability
2022,19953,BRFSS,Prevention,Colorectal cancer screening among adults aged 45–75 years,%,Crude prevalence,63.6,58.9,68.0,3387,4500,"{'type': 'Point', 'coordinates': [-75.6941327, 39.152487]}",19953,PREVENT,COLON_SCREEN,CrdPrv,Colorectal Cancer Screening
2022,19953,BRFSS,Health Outcomes,Chronic obstructive pulmonary disease among adults,%,Crude prevalence,10.0,9.0,11.2,3387,4500,"{'type': 'Point', 'coordinates': [-75.6941327, 39.152487]}",19953,HLTHOUT,COPD,CrdPrv,COPD
2022,19953,BRFSS,Health Risk Behaviors,Current cigarette smoking among adults,%,Crude prevalence,20.9,18.4,23.5,3387,4500,"{'type': 'Point', 'coordinates': [-75.6941327, 39.152487]}",19953,RISKBEH,CSMOKING,CrdPrv,Current Cigarette Smoking
2022,19953,BRFSS,Prevention,Visited dentist or dental clinic in the past year among adults,%,Crude prevalence,56.5,52.5,60.3,3387,4500,"{'type': 'Point', 'coordinates': [-75.6941327, 39.152487]}",19953,PREVENT,DENTAL,CrdPrv,Dental Visit
2022,19953,BRFSS,Health Outcomes,Depression among adults,%,Crude prevalence,23.7,20.4,27.2,3387,4500,"{'type': 'Point', 'coordinates': [-75.6941327, 39.152487]}",19953,HLTHOUT,DEPRESSION,CrdPrv,Depression
2022,19953,BRFSS,Health Outcomes,Diagnosed diabetes among adults,%,Crude prevalence,13.0,11.4,14.7,3387,4500,"{'type': 'Point', 'coordinates': [-75.6941327, 39.152487]}",19953,HLTHOUT,DIABETES,CrdPrv,Diabetes
2022,19953,BRFSS,Disability,Any disability among adults,%,Crude prevalence,33.8,30.1,37.6,3387,4500,"{'type': 'Point', 'coordinates': [-75.6941327, 39.152487]}",19953,DISABLT,DISABILITY,CrdPrv,Any Disability
2022,19953,BRFSS,Health-Related Social Needs,Lack of social and emotional support among adults,%,Crude prevalence,23.5,20.6,26.9,3387,4500,"{'type': 'Point', 'coordinates': [-75.6941327, 39.152487]}",19953,SOCLNEED,EMOTIONSPT,CrdPrv,Lack of Social/Emotional Support
2022,19953,BRFSS,Health-Related Social Needs,Food insecurity in the past 12 months among adults,%,Crude prevalence,15.4,13.8,17.2,3387,4500,"{'type': 'Point', 'coordinates': [-75.6941327, 39.152487]}",19953,SOCLNEED,FOODINSECU,CrdPrv,Food Insecurity
2022,19953,BRFSS,Health-Related Social Needs,Received food stamps in the past 12 months among adults,%,Crude prevalence,14.0,12.3,15.9,3387,4500,"{'type': 'Point', 'coordinates': [-75.6941327, 39.152487]}",19953,SOCLNEED,FOODSTAMP,CrdPrv,Food Stamps
2022,19953,BRFSS,Health Status,Fair or poor self-rated health status among adults,%,Crude prevalence,21.2,19.0,23.6,3387,4500,"{'type': 'Point', 'coordinates': [-75.6941327, 39.152487]}",19953,HLTHSTAT,GHLTH,CrdPrv,General Health
2022,19953,BRFSS,Disability,Hearing disability among adults,%,Crude prevalence,8.1,7.2,9.0,3387,4500,"{'type': 'Point', 'coordinates': [-75.6941327, 39.152487]}",19953,DISABLT,HEARING,CrdPrv,Hearing Disability
2021,19953,BRFSS,Health Outcomes,High cholesterol among adults who have ever been screened,%,Crude prevalence,38.1,34.3,41.7,3387,4500,"{'type': 'Point', 'coordinates': [-75.6941327, 39.152487]}",19953,HLTHOUT,HIGHCHOL,CrdPrv,High Cholesterol
2022,19953,BRFSS,Health-Related Social Needs,Housing insecurity in the past 12 months among adults,%,Crude prevalence,12.5,11.2,14.0,3387,4500,"{'type': 'Point', 'coordinates': [-75.6941327, 39.152487]}",19953,SOCLNEED,HOUSINSECU,CrdPrv,Housing Insecurity
2022,19953,BRFSS,Disability,Independent living disability among adults,%,Crude prevalence,9.5,8.5,10.5,3387,4500,"{'type': 'Point', 'coordinates': [-75.6941327, 39.152487]}",19953,DISABLT,INDEPLIVE,CrdPrv,Independent Living Disability
2022,19953,BRFSS,Health-Related Social Needs,Feeling socially isolated among adults,%,Crude prevalence,32.1,28.3,36.3,3387,4500,"{'type': 'Point', 'coordinates': [-75.6941327, 39.152487]}",19953,SOCLNEED,ISOLATION,CrdPrv,Social Isolation
2022,19953,BRFSS,Health-Related Social Needs,Lack of reliable transportation in the past 12 months among adults,%,Crude prevalence,9.0,8.2,9.9,3387,4500,"{'type': 'Point', 'coordinates': [-75.6941327, 39.152487]}",19953,SOCLNEED,LACKTRPT,CrdPrv,Transportation Barriers
2022,19953,BRFSS,Health Risk Behaviors,No leisure-time physical activity among adults,%,Crude prevalence,30.0,26.0,34.1,3387,4500,"{'type': 'Point', 'coordinates': [-75.6941327, 39.152487]}",19953,RISKBEH,LPA,CrdPrv,Physical Inactivity
2022,19953,BRFSS,Prevention,Mammography use among women aged 50-74 years,%,Crude prevalence,69.0,61.6,75.6,3387,4500,"{'type': 'Point', 'coordinates': [-75.6941327, 39.152487]}",19953,PREVENT,MAMMOUSE,CrdPrv,Mammography
2022,19953,BRFSS,Health Status,Frequent mental distress among adults,%,Crude prevalence,19.3,17.4,21.3,3387,4500,"{'type': 'Point', 'coordinates': [-75.6941327, 39.152487]}",19953,HLTHSTAT,MHLTH,CrdPrv,Frequent Mental Distress
2022,19953,BRFSS,Disability,Mobility disability among adults,%,Crude prevalence,15.4,13.6,17.2,3387,4500,"{'type': 'Point', 'coordinates': [-75.6941327, 39.152487]}",19953,DISABLT,MOBILITY,CrdPrv,Mobility Disability
2022,19953,BRFSS,Health Outcomes,Obesity among adults,%,Crude prevalence,39.3,33.2,45.5,3387,4500,"{'type': 'Point', 'coordinates': [-75.6941327, 39.152487]}",19953,HLTHOUT,OBESITY,CrdPrv,Obesity
2022,19953,BRFSS,Health Status,Frequent physical distress among adults,%,Crude prevalence,15.2,13.6,16.9,3387,4500,"{'type': 'Point', 'coordinates': [-75.6941327, 39.152487]}",19953,HLTHSTAT,PHLTH,CrdPrv,Frequent Physical Distress
2022,19953,BRFSS,Disability,Self-care disability among adults,%,Crude prevalence,4.5,4.1,4.9,3387,4500,"{'type': 'Point', 'coordinates': [-75.6941327, 39.152487]}",19953,DISABLT,SELFCARE,CrdPrv,Self-care Disability
2022,19954,BRFSS,Disability,Hearing disability among adults,%,Crude prevalence,8.8,7.8,9.9,1308,1629,"{'type': 'Point', 'coordinates': [-75.5204569, 38.8970097]}",19954,DISABLT,HEARING,CrdPrv,Hearing Disability
2022,19953,BRFSS,Health-Related Social Needs,Utility services shut-off threat in the past 12 months among adults,%,Crude prevalence,8.6,7.6,9.8,3387,4500,"{'type': 'Point', 'coordinates': [-75.6941327, 39.152487]}",19953,SOCLNEED,SHUTUTILITY,CrdPrv,Utility Services Threat
2022,19953,BRFSS,Health Risk Behaviors,Short sleep duration among adults,%,Crude prevalence,39.7,34.4,45.2,3387,4500,"{'type': 'Point', 'coordinates': [-75.6941327, 39.152487]}",19953,RISKBEH,SLEEP,CrdPrv,Short Sleep Duration
2022,19953,BRFSS,Health Outcomes,Stroke among adults,%,Crude prevalence,4.2,3.8,4.6,3387,4500,"{'type': 'Point', 'coordinates': [-75.6941327, 39.152487]}",19953,HLTHOUT,STROKE,CrdPrv,Stroke
2022,19953,BRFSS,Health Outcomes,All teeth lost among adults aged >=65 years,%,Crude prevalence,16.8,13.8,20.1,3387,4500,"{'type': 'Point', 'coordinates': [-75.6941327, 39.152487]}",19953,HLTHOUT,TEETHLOST,CrdPrv,All Teeth Lost
2022,19953,BRFSS,Disability,Vision disability among adults,%,Crude prevalence,5.9,5.4,6.5,3387,4500,"{'type': 'Point', 'coordinates': [-75.6941327, 39.152487]}",19953,DISABLT,VISION,CrdPrv,Vision Disability
2022,19954,BRFSS,Prevention,Current lack of health insurance among adults aged 18-64 years,%,Crude prevalence,9.9,8.0,12.1,1308,1629,"{'type': 'Point', 'coordinates': [-75.5204569, 38.8970097]}",19954,PREVENT,ACCESS2,CrdPrv,Health Insurance
2022,19954,BRFSS,Health Outcomes,Arthritis among adults,%,Crude prevalence,34.2,30.9,37.4,1308,1629,"{'type': 'Point', 'coordinates': [-75.5204569, 38.8970097]}",19954,HLTHOUT,ARTHRITIS,CrdPrv,Arthritis
2022,19954,BRFSS,Health Risk Behaviors,Binge drinking among adults,%,Crude prevalence,14.3,12.0,16.9,1308,1629,"{'type': 'Point', 'coordinates': [-75.5204569, 38.8970097]}",19954,RISKBEH,BINGE,CrdPrv,Binge Drinking
2021,19954,BRFSS,Health Outcomes,High blood pressure among adults,%,Crude prevalence,40.5,36.6,44.2,1308,1629,"{'type': 'Point', 'coordinates': [-75.5204569, 38.8970097]}",19954,HLTHOUT,BPHIGH,CrdPrv,High Blood Pressure
2021,19954,BRFSS,Prevention,Taking medicine to control high blood pressure among adults with high blood pressure,%,Crude prevalence,82.1,79.5,84.4,1308,1629,"{'type': 'Point', 'coordinates': [-75.5204569, 38.8970097]}",19954,PREVENT,BPMED,CrdPrv,High Blood Pressure Medication
2022,19954,BRFSS,Health Outcomes,Cancer (non-skin) or melanoma among adults,%,Crude prevalence,10.2,9.2,11.1,1308,1629,"{'type': 'Point', 'coordinates': [-75.5204569, 38.8970097]}",19954,HLTHOUT,CANCER,CrdPrv,Cancer (non-skin) or Melanoma
2022,19954,BRFSS,Health Outcomes,Current asthma among adults,%,Crude prevalence,11.8,10.5,13.3,1308,1629,"{'type': 'Point', 'coordinates': [-75.5204569, 38.8970097]}",19954,HLTHOUT,CASTHMA,CrdPrv,Current Asthma
2022,19954,BRFSS,Health Outcomes,Coronary heart disease among adults,%,Crude prevalence,8.9,8.0,9.9,1308,1629,"{'type': 'Point', 'coordinates': [-75.5204569, 38.8970097]}",19954,HLTHOUT,CHD,CrdPrv,Coronary Heart Disease
2022,19954,BRFSS,Prevention,Visits to doctor for routine checkup within the past year among adults,%,Crude prevalence,78.4,74.9,81.6,1308,1629,"{'type': 'Point', 'coordinates': [-75.5204569, 38.8970097]}",19954,PREVENT,CHECKUP,CrdPrv,Annual Checkup
2021,19954,BRFSS,Prevention,Cholesterol screening among adults,%,Crude prevalence,85.9,83.4,88.1,1308,1629,"{'type': 'Point', 'coordinates': [-75.5204569, 38.8970097]}",19954,PREVENT,CHOLSCREEN,CrdPrv,Cholesterol Screening
2022,19954,BRFSS,Disability,Cognitive disability among adults,%,Crude prevalence,14.9,13.3,16.7,1308,1629,"{'type': 'Point', 'coordinates': [-75.5204569, 38.8970097]}",19954,DISABLT,COGNITION,CrdPrv,Cognitive Disability
2022,19954,BRFSS,Prevention,Colorectal cancer screening among adults aged 45–75 years,%,Crude prevalence,66.6,61.9,71.0,1308,1629,"{'type': 'Point', 'coordinates': [-75.5204569, 38.8970097]}",19954,PREVENT,COLON_SCREEN,CrdPrv,Colorectal Cancer Screening
2022,19954,BRFSS,Health Outcomes,Chronic obstructive pulmonary disease among adults,%,Crude prevalence,10.2,9.1,11.4,1308,1629,"{'type': 'Point', 'coordinates': [-75.5204569, 38.8970097]}",19954,HLTHOUT,COPD,CrdPrv,COPD
2022,19954,BRFSS,Health Risk Behaviors,Current cigarette smoking among adults,%,Crude prevalence,17.7,15.7,20.0,1308,1629,"{'type': 'Point', 'coordinates': [-75.5204569, 38.8970097]}",19954,RISKBEH,CSMOKING,CrdPrv,Current Cigarette Smoking
2022,19954,BRFSS,Prevention,Visited dentist or dental clinic in the past year among adults,%,Crude prevalence,59.6,55.7,63.3,1308,1629,"{'type': 'Point', 'coordinates': [-75.5204569, 38.8970097]}",19954,PREVENT,DENTAL,CrdPrv,Dental Visit
2022,19954,BRFSS,Health Outcomes,Depression among adults,%,Crude prevalence,20.8,17.8,24.1,1308,1629,"{'type': 'Point', 'coordinates': [-75.5204569, 38.8970097]}",19954,HLTHOUT,DEPRESSION,CrdPrv,Depression
2022,19954,BRFSS,Health Outcomes,Diagnosed diabetes among adults,%,Crude prevalence,14.9,13.0,16.9,1308,1629,"{'type': 'Point', 'coordinates': [-75.5204569, 38.8970097]}",19954,HLTHOUT,DIABETES,CrdPrv,Diabetes
2022,19954,BRFSS,Disability,Any disability among adults,%,Crude prevalence,33.0,29.5,36.8,1308,1629,"{'type': 'Point', 'coordinates': [-75.5204569, 38.8970097]}",19954,DISABLT,DISABILITY,CrdPrv,Any Disability
2022,19954,BRFSS,Health-Related Social Needs,Lack of social and emotional support among adults,%,Crude prevalence,23.4,20.5,26.8,1308,1629,"{'type': 'Point', 'coordinates': [-75.5204569, 38.8970097]}",19954,SOCLNEED,EMOTIONSPT,CrdPrv,Lack of Social/Emotional Support
2022,19954,BRFSS,Health-Related Social Needs,Food insecurity in the past 12 months among adults,%,Crude prevalence,16.2,14.6,17.9,1308,1629,"{'type': 'Point', 'coordinates': [-75.5204569, 38.8970097]}",19954,SOCLNEED,FOODINSECU,CrdPrv,Food Insecurity
2022,19954,BRFSS,Health-Related Social Needs,Received food stamps in the past 12 months among adults,%,Crude prevalence,14.8,13.1,16.7,1308,1629,"{'type': 'Point', 'coordinates': [-75.5204569, 38.8970097]}",19954,SOCLNEED,FOODSTAMP,CrdPrv,Food Stamps
2022,19954,BRFSS,Health Status,Fair or poor self-rated health status among adults,%,Crude prevalence,20.6,18.5,22.8,1308,1629,"{'type': 'Point', 'coordinates': [-75.5204569, 38.8970097]}",19954,HLTHSTAT,GHLTH,CrdPrv,General Health
2021,19954,BRFSS,Health Outcomes,High cholesterol among adults who have ever been screened,%,Crude prevalence,40.2,36.3,43.9,1308,1629,"{'type': 'Point', 'coordinates': [-75.5204569, 38.8970097]}",19954,HLTHOUT,HIGHCHOL,CrdPrv,High Cholesterol
2022,19954,BRFSS,Health-Related Social Needs,Housing insecurity in the past 12 months among adults,%,Crude prevalence,12.5,11.3,14.0,1308,1629,"{'type': 'Point', 'coordinates': [-75.5204569, 38.8970097]}",19954,SOCLNEED,HOUSINSECU,CrdPrv,Housing Insecurity
2022,19954,BRFSS,Disability,Independent living disability among adults,%,Crude prevalence,8.8,8.0,9.8,1308,1629,"{'type': 'Point', 'coordinates': [-75.5204569, 38.8970097]}",19954,DISABLT,INDEPLIVE,CrdPrv,Independent Living Disability
2022,19954,BRFSS,Health-Related Social Needs,Feeling socially isolated among adults,%,Crude prevalence,31.2,27.5,35.5,1308,1629,"{'type': 'Point', 'coordinates': [-75.5204569, 38.8970097]}",19954,SOCLNEED,ISOLATION,CrdPrv,Social Isolation
2022,19954,BRFSS,Health-Related Social Needs,Lack of reliable transportation in the past 12 months among adults,%,Crude prevalence,9.2,8.4,10.1,1308,1629,"{'type': 'Point', 'coordinates': [-75.5204569, 38.8970097]}",19954,SOCLNEED,LACKTRPT,CrdPrv,Transportation Barriers
2022,19954,BRFSS,Health Risk Behaviors,No leisure-time physical activity among adults,%,Crude prevalence,29.0,25.2,33.1,1308,1629,"{'type': 'Point', 'coordinates': [-75.5204569, 38.8970097]}",19954,RISKBEH,LPA,CrdPrv,Physical Inactivity
2022,19954,BRFSS,Prevention,Mammography use among women aged 50-74 years,%,Crude prevalence,71.1,63.9,77.6,1308,1629,"{'type': 'Point', 'coordinates': [-75.5204569, 38.8970097]}",19954,PREVENT,MAMMOUSE,CrdPrv,Mammography
2022,19954,BRFSS,Health Status,Frequent mental distress among adults,%,Crude prevalence,16.7,15.0,18.5,1308,1629,"{'type': 'Point', 'coordinates': [-75.5204569, 38.8970097]}",19954,HLTHSTAT,MHLTH,CrdPrv,Frequent Mental Distress
2022,19954,BRFSS,Disability,Mobility disability among adults,%,Crude prevalence,16.6,14.7,18.5,1308,1629,"{'type': 'Point', 'coordinates': [-75.5204569, 38.8970097]}",19954,DISABLT,MOBILITY,CrdPrv,Mobility Disability
2022,19954,BRFSS,Health Outcomes,Obesity among adults,%,Crude prevalence,39.2,33.3,45.4,1308,1629,"{'type': 'Point', 'coordinates': [-75.5204569, 38.8970097]}",19954,HLTHOUT,OBESITY,CrdPrv,Obesity
2022,19954,BRFSS,Health Status,Frequent physical distress among adults,%,Crude prevalence,14.7,13.2,16.4,1308,1629,"{'type': 'Point', 'coordinates': [-75.5204569, 38.8970097]}",19954,HLTHSTAT,PHLTH,CrdPrv,Frequent Physical Distress
2022,19954,BRFSS,Disability,Self-care disability among adults,%,Crude prevalence,4.8,4.4,5.2,1308,1629,"{'type': 'Point', 'coordinates': [-75.5204569, 38.8970097]}",19954,DISABLT,SELFCARE,CrdPrv,Self-care Disability
2022,19954,BRFSS,Health-Related Social Needs,Utility services shut-off threat in the past 12 months among adults,%,Crude prevalence,8.6,7.6,9.8,1308,1629,"{'type': 'Point', 'coordinates': [-75.5204569, 38.8970097]}",19954,SOCLNEED,SHUTUTILITY,CrdPrv,Utility Services Threat
2022,19954,BRFSS,Health Risk Behaviors,Short sleep duration among adults,%,Crude prevalence,38.7,33.5,44.1,1308,1629,"{'type': 'Point', 'coordinates': [-75.5204569, 38.8970097]}",19954,RISKBEH,SLEEP,CrdPrv,Short Sleep Duration
2022,19954,BRFSS,Health Outcomes,Stroke among adults,%,Crude prevalence,4.8,4.3,5.2,1308,1629,"{'type': 'Point', 'coordinates': [-75.5204569, 38.8970097]}",19954,HLTHOUT,STROKE,CrdPrv,Stroke
2022,19954,BRFSS,Health Outcomes,All teeth lost among adults aged >=65 years,%,Crude prevalence,18.3,15.2,21.8,1308,1629,"{'type': 'Point', 'coordinates': [-75.5204569, 38.8970097]}",19954,HLTHOUT,TEETHLOST,CrdPrv,All Teeth Lost
2022,19954,BRFSS,Disability,Vision disability among adults,%,Crude prevalence,6.0,5.4,6.6,1308,1629,"{'type': 'Point', 'coordinates': [-75.5204569, 38.8970097]}",19954,DISABLT,VISION,CrdPrv,Vision Disability
2022,19955,BRFSS,Prevention,Current lack of health insurance among adults aged 18-64 years,%,Crude prevalence,7.9,6.0,10.1,143,191,"{'type': 'Point', 'coordinates': [-75.664724, 39.2269685]}",19955,PREVENT,ACCESS2,CrdPrv,Health Insurance
2022,19955,BRFSS,Health Outcomes,Arthritis among adults,%,Crude prevalence,32.4,29.2,35.6,143,191,"{'type': 'Point', 'coordinates': [-75.664724, 39.2269685]}",19955,HLTHOUT,ARTHRITIS,CrdPrv,Arthritis
2022,19955,BRFSS,Health Risk Behaviors,Binge drinking among adults,%,Crude prevalence,15.2,12.7,18.0,143,191,"{'type': 'Point', 'coordinates': [-75.664724, 39.2269685]}",19955,RISKBEH,BINGE,CrdPrv,Binge Drinking
2021,19955,BRFSS,Health Outcomes,High blood pressure among adults,%,Crude prevalence,39.0,35.3,42.6,143,191,"{'type': 'Point', 'coordinates': [-75.664724, 39.2269685]}",19955,HLTHOUT,BPHIGH,CrdPrv,High Blood Pressure
2021,19955,BRFSS,Prevention,Taking medicine to control high blood pressure among adults with high blood pressure,%,Crude prevalence,81.8,79.1,84.2,143,191,"{'type': 'Point', 'coordinates': [-75.664724, 39.2269685]}",19955,PREVENT,BPMED,CrdPrv,High Blood Pressure Medication
2022,19955,BRFSS,Health Outcomes,Cancer (non-skin) or melanoma among adults,%,Crude prevalence,9.6,8.6,10.6,143,191,"{'type': 'Point', 'coordinates': [-75.664724, 39.2269685]}",19955,HLTHOUT,CANCER,CrdPrv,Cancer (non-skin) or Melanoma
2022,19955,BRFSS,Health Outcomes,Current asthma among adults,%,Crude prevalence,12.0,10.6,13.4,143,191,"{'type': 'Point', 'coordinates': [-75.664724, 39.2269685]}",19955,HLTHOUT,CASTHMA,CrdPrv,Current Asthma
2022,19955,BRFSS,Health Outcomes,Coronary heart disease among adults,%,Crude prevalence,7.6,6.8,8.4,143,191,"{'type': 'Point', 'coordinates': [-75.664724, 39.2269685]}",19955,HLTHOUT,CHD,CrdPrv,Coronary Heart Disease
2022,19955,BRFSS,Prevention,Visits to doctor for routine checkup within the past year among adults,%,Crude prevalence,78.3,74.6,81.6,143,191,"{'type': 'Point', 'coordinates': [-75.664724, 39.2269685]}",19955,PREVENT,CHECKUP,CrdPrv,Annual Checkup
2021,19955,BRFSS,Prevention,Cholesterol screening among adults,%,Crude prevalence,86.2,83.7,88.4,143,191,"{'type': 'Point', 'coordinates': [-75.664724, 39.2269685]}",19955,PREVENT,CHOLSCREEN,CrdPrv,Cholesterol Screening
2022,19955,BRFSS,Disability,Cognitive disability among adults,%,Crude prevalence,13.5,12.0,15.1,143,191,"{'type': 'Point', 'coordinates': [-75.664724, 39.2269685]}",19955,DISABLT,COGNITION,CrdPrv,Cognitive Disability
2022,19955,BRFSS,Prevention,Colorectal cancer screening among adults aged 45–75 years,%,Crude prevalence,66.4,61.9,70.5,143,191,"{'type': 'Point', 'coordinates': [-75.664724, 39.2269685]}",19955,PREVENT,COLON_SCREEN,CrdPrv,Colorectal Cancer Screening
2022,19955,BRFSS,Health Outcomes,Chronic obstructive pulmonary disease among adults,%,Crude prevalence,8.8,7.8,9.8,143,191,"{'type': 'Point', 'coordinates': [-75.664724, 39.2269685]}",19955,HLTHOUT,COPD,CrdPrv,COPD
2022,19955,BRFSS,Health Risk Behaviors,Current cigarette smoking among adults,%,Crude prevalence,16.4,14.4,18.5,143,191,"{'type': 'Point', 'coordinates': [-75.664724, 39.2269685]}",19955,RISKBEH,CSMOKING,CrdPrv,Current Cigarette Smoking
2022,19955,BRFSS,Prevention,Visited dentist or dental clinic in the past year among adults,%,Crude prevalence,63.3,59.5,66.8,143,191,"{'type': 'Point', 'coordinates': [-75.664724, 39.2269685]}",19955,PREVENT,DENTAL,CrdPrv,Dental Visit
2022,19955,BRFSS,Health Outcomes,Depression among adults,%,Crude prevalence,21.8,18.7,25.0,143,191,"{'type': 'Point', 'coordinates': [-75.664724, 39.2269685]}",19955,HLTHOUT,DEPRESSION,CrdPrv,Depression
2022,19955,BRFSS,Health Outcomes,Diagnosed diabetes among adults,%,Crude prevalence,13.1,11.4,14.8,143,191,"{'type': 'Point', 'coordinates': [-75.664724, 39.2269685]}",19955,HLTHOUT,DIABETES,CrdPrv,Diabetes
2022,19955,BRFSS,Disability,Any disability among adults,%,Crude prevalence,29.2,25.9,32.7,143,191,"{'type': 'Point', 'coordinates': [-75.664724, 39.2269685]}",19955,DISABLT,DISABILITY,CrdPrv,Any Disability
2022,19955,BRFSS,Health-Related Social Needs,Lack of social and emotional support among adults,%,Crude prevalence,22.7,19.9,26.1,143,191,"{'type': 'Point', 'coordinates': [-75.664724, 39.2269685]}",19955,SOCLNEED,EMOTIONSPT,CrdPrv,Lack of Social/Emotional Support
2022,19955,BRFSS,Health-Related Social Needs,Food insecurity in the past 12 months among adults,%,Crude prevalence,14.8,13.3,16.6,143,191,"{'type': 'Point', 'coordinates': [-75.664724, 39.2269685]}",19955,SOCLNEED,FOODINSECU,CrdPrv,Food Insecurity
2022,19955,BRFSS,Health-Related Social Needs,Received food stamps in the past 12 months among adults,%,Crude prevalence,13.7,11.9,15.7,143,191,"{'type': 'Point', 'coordinates': [-75.664724, 39.2269685]}",19955,SOCLNEED,FOODSTAMP,CrdPrv,Food Stamps
2022,19955,BRFSS,Health Status,Fair or poor self-rated health status among adults,%,Crude prevalence,17.5,15.6,19.4,143,191,"{'type': 'Point', 'coordinates': [-75.664724, 39.2269685]}",19955,HLTHSTAT,GHLTH,CrdPrv,General Health
2022,19955,BRFSS,Disability,Hearing disability among adults,%,Crude prevalence,7.6,6.8,8.5,143,191,"{'type': 'Point', 'coordinates': [-75.664724, 39.2269685]}",19955,DISABLT,HEARING,CrdPrv,Hearing Disability
2021,19955,BRFSS,Health Outcomes,High cholesterol among adults who have ever been screened,%,Crude prevalence,38.8,34.9,42.6,143,191,"{'type': 'Point', 'coordinates': [-75.664724, 39.2269685]}",19955,HLTHOUT,HIGHCHOL,CrdPrv,High Cholesterol
2022,19955,BRFSS,Health-Related Social Needs,Housing insecurity in the past 12 months among adults,%,Crude prevalence,12.0,10.7,13.5,143,191,"{'type': 'Point', 'coordinates': [-75.664724, 39.2269685]}",19955,SOCLNEED,HOUSINSECU,CrdPrv,Housing Insecurity
2022,19955,BRFSS,Disability,Independent living disability among adults,%,Crude prevalence,7.8,7.0,8.6,143,191,"{'type': 'Point', 'coordinates': [-75.664724, 39.2269685]}",19955,DISABLT,INDEPLIVE,CrdPrv,Independent Living Disability
2022,19955,BRFSS,Health-Related Social Needs,Feeling socially isolated among adults,%,Crude prevalence,31.2,27.5,35.4,143,191,"{'type': 'Point', 'coordinates': [-75.664724, 39.2269685]}",19955,SOCLNEED,ISOLATION,CrdPrv,Social Isolation
2022,19955,BRFSS,Health-Related Social Needs,Lack of reliable transportation in the past 12 months among adults,%,Crude prevalence,8.7,7.9,9.7,143,191,"{'type': 'Point', 'coordinates': [-75.664724, 39.2269685]}",19955,SOCLNEED,LACKTRPT,CrdPrv,Transportation Barriers
2022,19955,BRFSS,Health Risk Behaviors,No leisure-time physical activity among adults,%,Crude prevalence,26.2,22.6,29.9,143,191,"{'type': 'Point', 'coordinates': [-75.664724, 39.2269685]}",19955,RISKBEH,LPA,CrdPrv,Physical Inactivity
2022,19955,BRFSS,Prevention,Mammography use among women aged 50-74 years,%,Crude prevalence,71.1,64.1,77.4,143,191,"{'type': 'Point', 'coordinates': [-75.664724, 39.2269685]}",19955,PREVENT,MAMMOUSE,CrdPrv,Mammography
2022,19955,BRFSS,Health Status,Frequent mental distress among adults,%,Crude prevalence,16.5,14.8,18.2,143,191,"{'type': 'Point', 'coordinates': [-75.664724, 39.2269685]}",19955,HLTHSTAT,MHLTH,CrdPrv,Frequent Mental Distress
2022,19955,BRFSS,Disability,Mobility disability among adults,%,Crude prevalence,14.3,12.7,16.0,143,191,"{'type': 'Point', 'coordinates': [-75.664724, 39.2269685]}",19955,DISABLT,MOBILITY,CrdPrv,Mobility Disability
2022,19955,BRFSS,Health Outcomes,Obesity among adults,%,Crude prevalence,39.1,33.1,45.1,143,191,"{'type': 'Point', 'coordinates': [-75.664724, 39.2269685]}",19955,HLTHOUT,OBESITY,CrdPrv,Obesity
2022,19955,BRFSS,Health Status,Frequent physical distress among adults,%,Crude prevalence,13.4,12.0,15.0,143,191,"{'type': 'Point', 'coordinates': [-75.664724, 39.2269685]}",19955,HLTHSTAT,PHLTH,CrdPrv,Frequent Physical Distress
2022,19955,BRFSS,Disability,Self-care disability among adults,%,Crude prevalence,4.0,3.7,4.4,143,191,"{'type': 'Point', 'coordinates': [-75.664724, 39.2269685]}",19955,DISABLT,SELFCARE,CrdPrv,Self-care Disability
2022,19955,BRFSS,Health-Related Social Needs,Utility services shut-off threat in the past 12 months among adults,%,Crude prevalence,8.3,7.3,9.6,143,191,"{'type': 'Point', 'coordinates': [-75.664724, 39.2269685]}",19955,SOCLNEED,SHUTUTILITY,CrdPrv,Utility Services Threat
2022,19955,BRFSS,Health Risk Behaviors,Short sleep duration among adults,%,Crude prevalence,38.5,33.2,43.8,143,191,"{'type': 'Point', 'coordinates': [-75.664724, 39.2269685]}",19955,RISKBEH,SLEEP,CrdPrv,Short Sleep Duration
2022,19955,BRFSS,Health Outcomes,Stroke among adults,%,Crude prevalence,4.1,3.8,4.5,143,191,"{'type': 'Point', 'coordinates': [-75.664724, 39.2269685]}",19955,HLTHOUT,STROKE,CrdPrv,Stroke
2022,19955,BRFSS,Health Outcomes,All teeth lost among adults aged >=65 years,%,Crude prevalence,15.5,12.8,18.5,143,191,"{'type': 'Point', 'coordinates': [-75.664724, 39.2269685]}",19955,HLTHOUT,TEETHLOST,CrdPrv,All Teeth Lost
2022,19955,BRFSS,Disability,Vision disability among adults,%,Crude prevalence,5.0,4.6,5.5,143,191,"{'type': 'Point', 'coordinates': [-75.664724, 39.2269685]}",19955,DISABLT,VISION,CrdPrv,Vision Disability
2022,19956,BRFSS,Prevention,Current lack of health insurance among adults aged 18-64 years,%,Crude prevalence,12.3,10.6,14.2,12211,16327,"{'type': 'Point', 'coordinates': [-75.5381863, 38.5476448]}",19956,PREVENT,ACCESS2,CrdPrv,Health Insurance
2022,19956,BRFSS,Health Outcomes,Arthritis among adults,%,Crude prevalence,32.0,29.2,35.2,12211,16327,"{'type': 'Point', 'coordinates': [-75.5381863, 38.5476448]}",19956,HLTHOUT,ARTHRITIS,CrdPrv,Arthritis
2022,19956,BRFSS,Health Risk Behaviors,Binge drinking among adults,%,Crude prevalence,15.2,12.9,18.0,12211,16327,"{'type': 'Point', 'coordinates': [-75.5381863, 38.5476448]}",19956,RISKBEH,BINGE,CrdPrv,Binge Drinking
2021,19956,BRFSS,Health Outcomes,High blood pressure among adults,%,Crude prevalence,38.2,34.6,41.9,12211,16327,"{'type': 'Point', 'coordinates': [-75.5381863, 38.5476448]}",19956,HLTHOUT,BPHIGH,CrdPrv,High Blood Pressure
2021,19956,BRFSS,Prevention,Taking medicine to control high blood pressure among adults with high blood pressure,%,Crude prevalence,81.9,79.3,84.3,12211,16327,"{'type': 'Point', 'coordinates': [-75.5381863, 38.5476448]}",19956,PREVENT,BPMED,CrdPrv,High Blood Pressure Medication
2022,19956,BRFSS,Health Outcomes,Cancer (non-skin) or melanoma among adults,%,Crude prevalence,8.4,7.7,9.2,12211,16327,"{'type': 'Point', 'coordinates': [-75.5381863, 38.5476448]}",19956,HLTHOUT,CANCER,CrdPrv,Cancer (non-skin) or Melanoma
2022,19956,BRFSS,Health Outcomes,Current asthma among adults,%,Crude prevalence,11.6,10.4,13.1,12211,16327,"{'type': 'Point', 'coordinates': [-75.5381863, 38.5476448]}",19956,HLTHOUT,CASTHMA,CrdPrv,Current Asthma
2022,19956,BRFSS,Health Outcomes,Coronary heart disease among adults,%,Crude prevalence,8.6,7.9,9.5,12211,16327,"{'type': 'Point', 'coordinates': [-75.5381863, 38.5476448]}",19956,HLTHOUT,CHD,CrdPrv,Coronary Heart Disease
2022,19956,BRFSS,Prevention,Visits to doctor for routine checkup within the past year among adults,%,Crude prevalence,79.3,76.1,82.5,12211,16327,"{'type': 'Point', 'coordinates': [-75.5381863, 38.5476448]}",19956,PREVENT,CHECKUP,CrdPrv,Annual Checkup
2021,19956,BRFSS,Prevention,Cholesterol screening among adults,%,Crude prevalence,85.1,82.5,87.5,12211,16327,"{'type': 'Point', 'coordinates': [-75.5381863, 38.5476448]}",19956,PREVENT,CHOLSCREEN,CrdPrv,Cholesterol Screening
2022,19956,BRFSS,Disability,Cognitive disability among adults,%,Crude prevalence,16.4,14.9,18.3,12211,16327,"{'type': 'Point', 'coordinates': [-75.5381863, 38.5476448]}",19956,DISABLT,COGNITION,CrdPrv,Cognitive Disability
2022,19956,BRFSS,Prevention,Colorectal cancer screening among adults aged 45–75 years,%,Crude prevalence,63.1,58.9,67.5,12211,16327,"{'type': 'Point', 'coordinates': [-75.5381863, 38.5476448]}",19956,PREVENT,COLON_SCREEN,CrdPrv,Colorectal Cancer Screening
2022,19956,BRFSS,Health Outcomes,Chronic obstructive pulmonary disease among adults,%,Crude prevalence,10.2,9.3,11.4,12211,16327,"{'type': 'Point', 'coordinates': [-75.5381863, 38.5476448]}",19956,HLTHOUT,COPD,CrdPrv,COPD
2022,19956,BRFSS,Health Risk Behaviors,Current cigarette smoking among adults,%,Crude prevalence,19.4,17.4,21.9,12211,16327,"{'type': 'Point', 'coordinates': [-75.5381863, 38.5476448]}",19956,RISKBEH,CSMOKING,CrdPrv,Current Cigarette Smoking
2022,19956,BRFSS,Prevention,Visited dentist or dental clinic in the past year among adults,%,Crude prevalence,53.4,49.8,57.2,12211,16327,"{'type': 'Point', 'coordinates': [-75.5381863, 38.5476448]}",19956,PREVENT,DENTAL,CrdPrv,Dental Visit
2022,19956,BRFSS,Health Outcomes,Depression among adults,%,Crude prevalence,22.2,19.4,25.6,12211,16327,"{'type': 'Point', 'coordinates': [-75.5381863, 38.5476448]}",19956,HLTHOUT,DEPRESSION,CrdPrv,Depression
2022,19956,BRFSS,Health Outcomes,Diagnosed diabetes among adults,%,Crude prevalence,13.9,12.3,15.7,12211,16327,"{'type': 'Point', 'coordinates': [-75.5381863, 38.5476448]}",19956,HLTHOUT,DIABETES,CrdPrv,Diabetes
2022,19956,BRFSS,Disability,Any disability among adults,%,Crude prevalence,33.4,30.1,37.2,12211,16327,"{'type': 'Point', 'coordinates': [-75.5381863, 38.5476448]}",19956,DISABLT,DISABILITY,CrdPrv,Any Disability
2022,19956,BRFSS,Health-Related Social Needs,Lack of social and emotional support among adults,%,Crude prevalence,24.6,21.5,27.9,12211,16327,"{'type': 'Point', 'coordinates': [-75.5381863, 38.5476448]}",19956,SOCLNEED,EMOTIONSPT,CrdPrv,Lack of Social/Emotional Support
2022,19956,BRFSS,Health-Related Social Needs,Food insecurity in the past 12 months among adults,%,Crude prevalence,18.5,16.7,20.3,12211,16327,"{'type': 'Point', 'coordinates': [-75.5381863, 38.5476448]}",19956,SOCLNEED,FOODINSECU,CrdPrv,Food Insecurity
2022,19956,BRFSS,Health-Related Social Needs,Received food stamps in the past 12 months among adults,%,Crude prevalence,18.1,16.1,20.3,12211,16327,"{'type': 'Point', 'coordinates': [-75.5381863, 38.5476448]}",19956,SOCLNEED,FOODSTAMP,CrdPrv,Food Stamps
2022,19956,BRFSS,Health Status,Fair or poor self-rated health status among adults,%,Crude prevalence,22.2,20.2,24.6,12211,16327,"{'type': 'Point', 'coordinates': [-75.5381863, 38.5476448]}",19956,HLTHSTAT,GHLTH,CrdPrv,General Health
2022,19956,BRFSS,Disability,Hearing disability among adults,%,Crude prevalence,8.5,7.7,9.5,12211,16327,"{'type': 'Point', 'coordinates': [-75.5381863, 38.5476448]}",19956,DISABLT,HEARING,CrdPrv,Hearing Disability
2021,19956,BRFSS,Health Outcomes,High cholesterol among adults who have ever been screened,%,Crude prevalence,37.8,34.2,41.5,12211,16327,"{'type': 'Point', 'coordinates': [-75.5381863, 38.5476448]}",19956,HLTHOUT,HIGHCHOL,CrdPrv,High Cholesterol
2022,19956,BRFSS,Health-Related Social Needs,Housing insecurity in the past 12 months among adults,%,Crude prevalence,15.7,14.1,17.3,12211,16327,"{'type': 'Point', 'coordinates': [-75.5381863, 38.5476448]}",19956,SOCLNEED,HOUSINSECU,CrdPrv,Housing Insecurity
2022,19956,BRFSS,Disability,Independent living disability among adults,%,Crude prevalence,10.1,9.3,11.2,12211,16327,"{'type': 'Point', 'coordinates': [-75.5381863, 38.5476448]}",19956,DISABLT,INDEPLIVE,CrdPrv,Independent Living Disability
2022,19956,BRFSS,Health-Related Social Needs,Feeling socially isolated among adults,%,Crude prevalence,29.9,26.1,33.8,12211,16327,"{'type': 'Point', 'coordinates': [-75.5381863, 38.5476448]}",19956,SOCLNEED,ISOLATION,CrdPrv,Social Isolation
2022,19956,BRFSS,Health-Related Social Needs,Lack of reliable transportation in the past 12 months among adults,%,Crude prevalence,10.9,9.9,11.9,12211,16327,"{'type': 'Point', 'coordinates': [-75.5381863, 38.5476448]}",19956,SOCLNEED,LACKTRPT,CrdPrv,Transportation Barriers
2022,19956,BRFSS,Health Risk Behaviors,No leisure-time physical activity among adults,%,Crude prevalence,29.3,25.8,33.3,12211,16327,"{'type': 'Point', 'coordinates': [-75.5381863, 38.5476448]}",19956,RISKBEH,LPA,CrdPrv,Physical Inactivity
2022,19956,BRFSS,Prevention,Mammography use among women aged 50-74 years,%,Crude prevalence,76.6,71.0,82.0,12211,16327,"{'type': 'Point', 'coordinates': [-75.5381863, 38.5476448]}",19956,PREVENT,MAMMOUSE,CrdPrv,Mammography
2022,19956,BRFSS,Health Status,Frequent mental distress among adults,%,Crude prevalence,18.1,16.5,20.1,12211,16327,"{'type': 'Point', 'coordinates': [-75.5381863, 38.5476448]}",19956,HLTHSTAT,MHLTH,CrdPrv,Frequent Mental Distress
2022,19956,BRFSS,Disability,Mobility disability among adults,%,Crude prevalence,16.9,15.3,18.9,12211,16327,"{'type': 'Point', 'coordinates': [-75.5381863, 38.5476448]}",19956,DISABLT,MOBILITY,CrdPrv,Mobility Disability
2022,19956,BRFSS,Health Outcomes,Obesity among adults,%,Crude prevalence,41.3,35.8,47.6,12211,16327,"{'type': 'Point', 'coordinates': [-75.5381863, 38.5476448]}",19956,HLTHOUT,OBESITY,CrdPrv,Obesity
2022,19956,BRFSS,Health Status,Frequent physical distress among adults,%,Crude prevalence,15.2,13.8,17.0,12211,16327,"{'type': 'Point', 'coordinates': [-75.5381863, 38.5476448]}",19956,HLTHSTAT,PHLTH,CrdPrv,Frequent Physical Distress
2022,19956,BRFSS,Disability,Self-care disability among adults,%,Crude prevalence,5.3,4.9,5.7,12211,16327,"{'type': 'Point', 'coordinates': [-75.5381863, 38.5476448]}",19956,DISABLT,SELFCARE,CrdPrv,Self-care Disability
2022,19956,BRFSS,Health-Related Social Needs,Utility services shut-off threat in the past 12 months among adults,%,Crude prevalence,10.5,9.2,11.8,12211,16327,"{'type': 'Point', 'coordinates': [-75.5381863, 38.5476448]}",19956,SOCLNEED,SHUTUTILITY,CrdPrv,Utility Services Threat
2022,19956,BRFSS,Health Risk Behaviors,Short sleep duration among adults,%,Crude prevalence,36.4,31.8,41.7,12211,16327,"{'type': 'Point', 'coordinates': [-75.5381863, 38.5476448]}",19956,RISKBEH,SLEEP,CrdPrv,Short Sleep Duration
2022,19956,BRFSS,Health Outcomes,Stroke among adults,%,Crude prevalence,4.7,4.3,5.0,12211,16327,"{'type': 'Point', 'coordinates': [-75.5381863, 38.5476448]}",19956,HLTHOUT,STROKE,CrdPrv,Stroke
2022,19956,BRFSS,Health Outcomes,All teeth lost among adults aged >=65 years,%,Crude prevalence,19.2,16.3,22.8,12211,16327,"{'type': 'Point', 'coordinates': [-75.5381863, 38.5476448]}",19956,HLTHOUT,TEETHLOST,CrdPrv,All Teeth Lost
2022,19956,BRFSS,Disability,Vision disability among adults,%,Crude prevalence,6.9,6.3,7.5,12211,16327,"{'type': 'Point', 'coordinates': [-75.5381863, 38.5476448]}",19956,DISABLT,VISION,CrdPrv,Vision Disability
2022,19958,BRFSS,Prevention,Current lack of health insurance among adults aged 18-64 years,%,Crude prevalence,6.5,5.6,7.5,24522,27911,"{'type': 'Point', 'coordinates': [-75.1685078, 38.728714]}",19958,PREVENT,ACCESS2,CrdPrv,Health Insurance
2022,19958,BRFSS,Health Outcomes,Arthritis among adults,%,Crude prevalence,38.3,35.0,41.9,24522,27911,"{'type': 'Point', 'coordinates': [-75.1685078, 38.728714]}",19958,HLTHOUT,ARTHRITIS,CrdPrv,Arthritis
2022,19958,BRFSS,Health Risk Behaviors,Binge drinking among adults,%,Crude prevalence,12.6,10.7,15.0,24522,27911,"{'type': 'Point', 'coordinates': [-75.1685078, 38.728714]}",19958,RISKBEH,BINGE,CrdPrv,Binge Drinking
2021,19958,BRFSS,Health Outcomes,High blood pressure among adults,%,Crude prevalence,42.1,38.2,46.1,24522,27911,"{'type': 'Point', 'coordinates': [-75.1685078, 38.728714]}",19958,HLTHOUT,BPHIGH,CrdPrv,High Blood Pressure
2021,19958,BRFSS,Prevention,Taking medicine to control high blood pressure among adults with high blood pressure,%,Crude prevalence,87.6,85.3,89.6,24522,27911,"{'type': 'Point', 'coordinates': [-75.1685078, 38.728714]}",19958,PREVENT,BPMED,CrdPrv,High Blood Pressure Medication
2022,19958,BRFSS,Health Outcomes,Cancer (non-skin) or melanoma among adults,%,Crude prevalence,13.8,12.7,15.1,24522,27911,"{'type': 'Point', 'coordinates': [-75.1685078, 38.728714]}",19958,HLTHOUT,CANCER,CrdPrv,Cancer (non-skin) or Melanoma
2022,19958,BRFSS,Health Outcomes,Current asthma among adults,%,Crude prevalence,9.8,8.7,11.0,24522,27911,"{'type': 'Point', 'coordinates': [-75.1685078, 38.728714]}",19958,HLTHOUT,CASTHMA,CrdPrv,Current Asthma
2022,19958,BRFSS,Health Outcomes,Coronary heart disease among adults,%,Crude prevalence,10.0,9.1,11.1,24522,27911,"{'type': 'Point', 'coordinates': [-75.1685078, 38.728714]}",19958,HLTHOUT,CHD,CrdPrv,Coronary Heart Disease
2022,19958,BRFSS,Prevention,Visits to doctor for routine checkup within the past year among adults,%,Crude prevalence,84.8,82.3,87.3,24522,27911,"{'type': 'Point', 'coordinates': [-75.1685078, 38.728714]}",19958,PREVENT,CHECKUP,CrdPrv,Annual Checkup
2021,19958,BRFSS,Prevention,Cholesterol screening among adults,%,Crude prevalence,92.8,91.4,94.1,24522,27911,"{'type': 'Point', 'coordinates': [-75.1685078, 38.728714]}",19958,PREVENT,CHOLSCREEN,CrdPrv,Cholesterol Screening
2022,19958,BRFSS,Disability,Cognitive disability among adults,%,Crude prevalence,9.6,8.6,10.8,24522,27911,"{'type': 'Point', 'coordinates': [-75.1685078, 38.728714]}",19958,DISABLT,COGNITION,CrdPrv,Cognitive Disability
2022,19958,BRFSS,Prevention,Colorectal cancer screening among adults aged 45–75 years,%,Crude prevalence,74.8,71.1,78.6,24522,27911,"{'type': 'Point', 'coordinates': [-75.1685078, 38.728714]}",19958,PREVENT,COLON_SCREEN,CrdPrv,Colorectal Cancer Screening
2022,19958,BRFSS,Health Outcomes,Chronic obstructive pulmonary disease among adults,%,Crude prevalence,8.9,8.0,9.9,24522,27911,"{'type': 'Point', 'coordinates': [-75.1685078, 38.728714]}",19958,HLTHOUT,COPD,CrdPrv,COPD
2022,19958,BRFSS,Health Risk Behaviors,Current cigarette smoking among adults,%,Crude prevalence,10.9,9.6,12.4,24522,27911,"{'type': 'Point', 'coordinates': [-75.1685078, 38.728714]}",19958,RISKBEH,CSMOKING,CrdPrv,Current Cigarette Smoking
2022,19958,BRFSS,Prevention,Visited dentist or dental clinic in the past year among adults,%,Crude prevalence,69.6,66.5,72.8,24522,27911,"{'type': 'Point', 'coordinates': [-75.1685078, 38.728714]}",19958,PREVENT,DENTAL,CrdPrv,Dental Visit
2022,19958,BRFSS,Health Outcomes,Depression among adults,%,Crude prevalence,18.2,15.7,21.1,24522,27911,"{'type': 'Point', 'coordinates': [-75.1685078, 38.728714]}",19958,HLTHOUT,DEPRESSION,CrdPrv,Depression
2022,19958,BRFSS,Health Outcomes,Diagnosed diabetes among adults,%,Crude prevalence,13.9,12.4,15.8,24522,27911,"{'type': 'Point', 'coordinates': [-75.1685078, 38.728714]}",19958,HLTHOUT,DIABETES,CrdPrv,Diabetes
2022,19958,BRFSS,Disability,Any disability among adults,%,Crude prevalence,27.6,24.7,30.9,24522,27911,"{'type': 'Point', 'coordinates': [-75.1685078, 38.728714]}",19958,DISABLT,DISABILITY,CrdPrv,Any Disability
2022,19958,BRFSS,Health-Related Social Needs,Lack of social and emotional support among adults,%,Crude prevalence,18.8,16.1,21.4,24522,27911,"{'type': 'Point', 'coordinates': [-75.1685078, 38.728714]}",19958,SOCLNEED,EMOTIONSPT,CrdPrv,Lack of Social/Emotional Support
2022,19958,BRFSS,Health-Related Social Needs,Food insecurity in the past 12 months among adults,%,Crude prevalence,8.1,7.2,9.1,24522,27911,"{'type': 'Point', 'coordinates': [-75.1685078, 38.728714]}",19958,SOCLNEED,FOODINSECU,CrdPrv,Food Insecurity
2022,19958,BRFSS,Health-Related Social Needs,Received food stamps in the past 12 months among adults,%,Crude prevalence,6.6,5.7,7.6,24522,27911,"{'type': 'Point', 'coordinates': [-75.1685078, 38.728714]}",19958,SOCLNEED,FOODSTAMP,CrdPrv,Food Stamps
2022,19958,BRFSS,Health Status,Fair or poor self-rated health status among adults,%,Crude prevalence,15.5,13.9,17.3,24522,27911,"{'type': 'Point', 'coordinates': [-75.1685078, 38.728714]}",19958,HLTHSTAT,GHLTH,CrdPrv,General Health
2022,19958,BRFSS,Disability,Hearing disability among adults,%,Crude prevalence,9.4,8.5,10.5,24522,27911,"{'type': 'Point', 'coordinates': [-75.1685078, 38.728714]}",19958,DISABLT,HEARING,CrdPrv,Hearing Disability
2021,19958,BRFSS,Health Outcomes,High cholesterol among adults who have ever been screened,%,Crude prevalence,44.3,40.2,48.6,24522,27911,"{'type': 'Point', 'coordinates': [-75.1685078, 38.728714]}",19958,HLTHOUT,HIGHCHOL,CrdPrv,High Cholesterol
2022,19958,BRFSS,Health-Related Social Needs,Housing insecurity in the past 12 months among adults,%,Crude prevalence,6.7,5.9,7.5,24522,27911,"{'type': 'Point', 'coordinates': [-75.1685078, 38.728714]}",19958,SOCLNEED,HOUSINSECU,CrdPrv,Housing Insecurity
2022,19958,BRFSS,Disability,Independent living disability among adults,%,Crude prevalence,6.5,5.9,7.2,24522,27911,"{'type': 'Point', 'coordinates': [-75.1685078, 38.728714]}",19958,DISABLT,INDEPLIVE,CrdPrv,Independent Living Disability
2022,19958,BRFSS,Health-Related Social Needs,Feeling socially isolated among adults,%,Crude prevalence,24.7,21.3,28.2,24522,27911,"{'type': 'Point', 'coordinates': [-75.1685078, 38.728714]}",19958,SOCLNEED,ISOLATION,CrdPrv,Social Isolation
2022,19958,BRFSS,Health-Related Social Needs,Lack of reliable transportation in the past 12 months among adults,%,Crude prevalence,5.1,4.6,5.7,24522,27911,"{'type': 'Point', 'coordinates': [-75.1685078, 38.728714]}",19958,SOCLNEED,LACKTRPT,CrdPrv,Transportation Barriers
2022,19958,BRFSS,Health Risk Behaviors,No leisure-time physical activity among adults,%,Crude prevalence,21.9,19.1,25.3,24522,27911,"{'type': 'Point', 'coordinates': [-75.1685078, 38.728714]}",19958,RISKBEH,LPA,CrdPrv,Physical Inactivity
2022,19958,BRFSS,Prevention,Mammography use among women aged 50-74 years,%,Crude prevalence,81.5,76.8,86.2,24522,27911,"{'type': 'Point', 'coordinates': [-75.1685078, 38.728714]}",19958,PREVENT,MAMMOUSE,CrdPrv,Mammography
2022,19958,BRFSS,Health Status,Frequent mental distress among adults,%,Crude prevalence,11.5,10.4,12.9,24522,27911,"{'type': 'Point', 'coordinates': [-75.1685078, 38.728714]}",19958,HLTHSTAT,MHLTH,CrdPrv,Frequent Mental Distress
2022,19958,BRFSS,Disability,Mobility disability among adults,%,Crude prevalence,14.9,13.4,16.7,24522,27911,"{'type': 'Point', 'coordinates': [-75.1685078, 38.728714]}",19958,DISABLT,MOBILITY,CrdPrv,Mobility Disability
2022,19958,BRFSS,Health Outcomes,Obesity among adults,%,Crude prevalence,34.3,29.2,40.2,24522,27911,"{'type': 'Point', 'coordinates': [-75.1685078, 38.728714]}",19958,HLTHOUT,OBESITY,CrdPrv,Obesity
2022,19958,BRFSS,Health Status,Frequent physical distress among adults,%,Crude prevalence,12.1,10.9,13.6,24522,27911,"{'type': 'Point', 'coordinates': [-75.1685078, 38.728714]}",19958,HLTHSTAT,PHLTH,CrdPrv,Frequent Physical Distress
2022,19958,BRFSS,Disability,Self-care disability among adults,%,Crude prevalence,3.4,3.1,3.7,24522,27911,"{'type': 'Point', 'coordinates': [-75.1685078, 38.728714]}",19958,DISABLT,SELFCARE,CrdPrv,Self-care Disability
2022,19958,BRFSS,Health-Related Social Needs,Utility services shut-off threat in the past 12 months among adults,%,Crude prevalence,4.3,3.8,4.9,24522,27911,"{'type': 'Point', 'coordinates': [-75.1685078, 38.728714]}",19958,SOCLNEED,SHUTUTILITY,CrdPrv,Utility Services Threat
2022,19958,BRFSS,Health Risk Behaviors,Short sleep duration among adults,%,Crude prevalence,28.4,24.4,33.2,24522,27911,"{'type': 'Point', 'coordinates': [-75.1685078, 38.728714]}",19958,RISKBEH,SLEEP,CrdPrv,Short Sleep Duration
2022,19958,BRFSS,Health Outcomes,Stroke among adults,%,Crude prevalence,4.5,4.2,4.9,24522,27911,"{'type': 'Point', 'coordinates': [-75.1685078, 38.728714]}",19958,HLTHOUT,STROKE,CrdPrv,Stroke
2022,19958,BRFSS,Health Outcomes,All teeth lost among adults aged >=65 years,%,Crude prevalence,8.6,7.2,10.5,24522,27911,"{'type': 'Point', 'coordinates': [-75.1685078, 38.728714]}",19958,HLTHOUT,TEETHLOST,CrdPrv,All Teeth Lost
2022,19958,BRFSS,Disability,Vision disability among adults,%,Crude prevalence,4.5,4.1,4.9,24522,27911,"{'type': 'Point', 'coordinates': [-75.1685078, 38.728714]}",19958,DISABLT,VISION,CrdPrv,Vision Disability
2022,19960,BRFSS,Prevention,Current lack of health insurance among adults aged 18-64 years,%,Crude prevalence,12.1,10.3,14.2,5272,7121,"{'type': 'Point', 'coordinates': [-75.4087158, 38.8509127]}",19960,PREVENT,ACCESS2,CrdPrv,Health Insurance
2022,19960,BRFSS,Health Outcomes,Arthritis among adults,%,Crude prevalence,30.3,27.6,33.4,5272,7121,"{'type': 'Point', 'coordinates': [-75.4087158, 38.8509127]}",19960,HLTHOUT,ARTHRITIS,CrdPrv,Arthritis
2022,19960,BRFSS,Health Risk Behaviors,Binge drinking among adults,%,Crude prevalence,15.4,13.1,18.2,5272,7121,"{'type': 'Point', 'coordinates': [-75.4087158, 38.8509127]}",19960,RISKBEH,BINGE,CrdPrv,Binge Drinking
2021,19960,BRFSS,Health Outcomes,High blood pressure among adults,%,Crude prevalence,36.8,33.3,40.6,5272,7121,"{'type': 'Point', 'coordinates': [-75.4087158, 38.8509127]}",19960,HLTHOUT,BPHIGH,CrdPrv,High Blood Pressure
2021,19960,BRFSS,Prevention,Taking medicine to control high blood pressure among adults with high blood pressure,%,Crude prevalence,81.8,79.2,84.3,5272,7121,"{'type': 'Point', 'coordinates': [-75.4087158, 38.8509127]}",19960,PREVENT,BPMED,CrdPrv,High Blood Pressure Medication
2022,19960,BRFSS,Health Outcomes,Cancer (non-skin) or melanoma among adults,%,Crude prevalence,8.2,7.4,9.0,5272,7121,"{'type': 'Point', 'coordinates': [-75.4087158, 38.8509127]}",19960,HLTHOUT,CANCER,CrdPrv,Cancer (non-skin) or Melanoma
2022,19960,BRFSS,Health Outcomes,Current asthma among adults,%,Crude prevalence,11.2,10.0,12.6,5272,7121,"{'type': 'Point', 'coordinates': [-75.4087158, 38.8509127]}",19960,HLTHOUT,CASTHMA,CrdPrv,Current Asthma
2022,19960,BRFSS,Health Outcomes,Coronary heart disease among adults,%,Crude prevalence,7.6,6.9,8.4,5272,7121,"{'type': 'Point', 'coordinates': [-75.4087158, 38.8509127]}",19960,HLTHOUT,CHD,CrdPrv,Coronary Heart Disease
2022,19960,BRFSS,Prevention,Visits to doctor for routine checkup within the past year among adults,%,Crude prevalence,79.8,76.7,82.9,5272,7121,"{'type': 'Point', 'coordinates': [-75.4087158, 38.8509127]}",19960,PREVENT,CHECKUP,CrdPrv,Annual Checkup
2021,19960,BRFSS,Prevention,Cholesterol screening among adults,%,Crude prevalence,87.1,84.8,89.2,5272,7121,"{'type': 'Point', 'coordinates': [-75.4087158, 38.8509127]}",19960,PREVENT,CHOLSCREEN,CrdPrv,Cholesterol Screening
2022,19960,BRFSS,Disability,Cognitive disability among adults,%,Crude prevalence,14.7,13.3,16.4,5272,7121,"{'type': 'Point', 'coordinates': [-75.4087158, 38.8509127]}",19960,DISABLT,COGNITION,CrdPrv,Cognitive Disability
2022,19960,BRFSS,Prevention,Colorectal cancer screening among adults aged 45–75 years,%,Crude prevalence,66.9,62.9,71.2,5272,7121,"{'type': 'Point', 'coordinates': [-75.4087158, 38.8509127]}",19960,PREVENT,COLON_SCREEN,CrdPrv,Colorectal Cancer Screening
2022,19960,BRFSS,Health Outcomes,Chronic obstructive pulmonary disease among adults,%,Crude prevalence,8.6,7.8,9.6,5272,7121,"{'type': 'Point', 'coordinates': [-75.4087158, 38.8509127]}",19960,HLTHOUT,COPD,CrdPrv,COPD
2022,19960,BRFSS,Health Risk Behaviors,Current cigarette smoking among adults,%,Crude prevalence,16.5,14.7,18.7,5272,7121,"{'type': 'Point', 'coordinates': [-75.4087158, 38.8509127]}",19960,RISKBEH,CSMOKING,CrdPrv,Current Cigarette Smoking
2022,19960,BRFSS,Prevention,Visited dentist or dental clinic in the past year among adults,%,Crude prevalence,57.6,54.1,61.4,5272,7121,"{'type': 'Point', 'coordinates': [-75.4087158, 38.8509127]}",19960,PREVENT,DENTAL,CrdPrv,Dental Visit
2022,19960,BRFSS,Health Outcomes,Depression among adults,%,Crude prevalence,20.4,17.8,23.7,5272,7121,"{'type': 'Point', 'coordinates': [-75.4087158, 38.8509127]}",19960,HLTHOUT,DEPRESSION,CrdPrv,Depression
2022,19960,BRFSS,Health Outcomes,Diagnosed diabetes among adults,%,Crude prevalence,13.3,11.8,15.1,5272,7121,"{'type': 'Point', 'coordinates': [-75.4087158, 38.8509127]}",19960,HLTHOUT,DIABETES,CrdPrv,Diabetes
2022,19960,BRFSS,Disability,Any disability among adults,%,Crude prevalence,30.3,27.3,33.9,5272,7121,"{'type': 'Point', 'coordinates': [-75.4087158, 38.8509127]}",19960,DISABLT,DISABILITY,CrdPrv,Any Disability
2022,19960,BRFSS,Health-Related Social Needs,Lack of social and emotional support among adults,%,Crude prevalence,26.0,22.7,29.3,5272,7121,"{'type': 'Point', 'coordinates': [-75.4087158, 38.8509127]}",19960,SOCLNEED,EMOTIONSPT,CrdPrv,Lack of Social/Emotional Support
2022,19960,BRFSS,Health-Related Social Needs,Food insecurity in the past 12 months among adults,%,Crude prevalence,17.8,16.0,19.6,5272,7121,"{'type': 'Point', 'coordinates': [-75.4087158, 38.8509127]}",19960,SOCLNEED,FOODINSECU,CrdPrv,Food Insecurity
2022,19960,BRFSS,Health-Related Social Needs,Received food stamps in the past 12 months among adults,%,Crude prevalence,15.4,13.5,17.3,5272,7121,"{'type': 'Point', 'coordinates': [-75.4087158, 38.8509127]}",19960,SOCLNEED,FOODSTAMP,CrdPrv,Food Stamps
2022,19960,BRFSS,Health Status,Fair or poor self-rated health status among adults,%,Crude prevalence,19.8,17.9,22.0,5272,7121,"{'type': 'Point', 'coordinates': [-75.4087158, 38.8509127]}",19960,HLTHSTAT,GHLTH,CrdPrv,General Health
2022,19960,BRFSS,Disability,Hearing disability among adults,%,Crude prevalence,7.2,6.5,8.1,5272,7121,"{'type': 'Point', 'coordinates': [-75.4087158, 38.8509127]}",19960,DISABLT,HEARING,CrdPrv,Hearing Disability
2021,19960,BRFSS,Health Outcomes,High cholesterol among adults who have ever been screened,%,Crude prevalence,37.0,33.4,40.8,5272,7121,"{'type': 'Point', 'coordinates': [-75.4087158, 38.8509127]}",19960,HLTHOUT,HIGHCHOL,CrdPrv,High Cholesterol
2022,19960,BRFSS,Health-Related Social Needs,Housing insecurity in the past 12 months among adults,%,Crude prevalence,15.9,14.2,17.6,5272,7121,"{'type': 'Point', 'coordinates': [-75.4087158, 38.8509127]}",19960,SOCLNEED,HOUSINSECU,CrdPrv,Housing Insecurity
2022,19960,BRFSS,Disability,Independent living disability among adults,%,Crude prevalence,8.8,8.0,9.7,5272,7121,"{'type': 'Point', 'coordinates': [-75.4087158, 38.8509127]}",19960,DISABLT,INDEPLIVE,CrdPrv,Independent Living Disability
2022,19960,BRFSS,Health-Related Social Needs,Feeling socially isolated among adults,%,Crude prevalence,30.3,26.4,34.2,5272,7121,"{'type': 'Point', 'coordinates': [-75.4087158, 38.8509127]}",19960,SOCLNEED,ISOLATION,CrdPrv,Social Isolation
2022,19960,BRFSS,Health-Related Social Needs,Lack of reliable transportation in the past 12 months among adults,%,Crude prevalence,10.4,9.4,11.4,5272,7121,"{'type': 'Point', 'coordinates': [-75.4087158, 38.8509127]}",19960,SOCLNEED,LACKTRPT,CrdPrv,Transportation Barriers
2022,19960,BRFSS,Health Risk Behaviors,No leisure-time physical activity among adults,%,Crude prevalence,26.8,23.5,30.7,5272,7121,"{'type': 'Point', 'coordinates': [-75.4087158, 38.8509127]}",19960,RISKBEH,LPA,CrdPrv,Physical Inactivity
2022,19960,BRFSS,Prevention,Mammography use among women aged 50-74 years,%,Crude prevalence,79.9,74.8,84.8,5272,7121,"{'type': 'Point', 'coordinates': [-75.4087158, 38.8509127]}",19960,PREVENT,MAMMOUSE,CrdPrv,Mammography
2022,19960,BRFSS,Health Status,Frequent mental distress among adults,%,Crude prevalence,16.6,15.1,18.5,5272,7121,"{'type': 'Point', 'coordinates': [-75.4087158, 38.8509127]}",19960,HLTHSTAT,MHLTH,CrdPrv,Frequent Mental Distress
2022,19960,BRFSS,Disability,Mobility disability among adults,%,Crude prevalence,15.1,13.6,16.8,5272,7121,"{'type': 'Point', 'coordinates': [-75.4087158, 38.8509127]}",19960,DISABLT,MOBILITY,CrdPrv,Mobility Disability
2022,19960,BRFSS,Health Outcomes,Obesity among adults,%,Crude prevalence,40.5,35.1,46.8,5272,7121,"{'type': 'Point', 'coordinates': [-75.4087158, 38.8509127]}",19960,HLTHOUT,OBESITY,CrdPrv,Obesity
2022,19960,BRFSS,Health Status,Frequent physical distress among adults,%,Crude prevalence,13.5,12.2,15.1,5272,7121,"{'type': 'Point', 'coordinates': [-75.4087158, 38.8509127]}",19960,HLTHSTAT,PHLTH,CrdPrv,Frequent Physical Distress
2022,19960,BRFSS,Disability,Self-care disability among adults,%,Crude prevalence,4.4,4.1,4.8,5272,7121,"{'type': 'Point', 'coordinates': [-75.4087158, 38.8509127]}",19960,DISABLT,SELFCARE,CrdPrv,Self-care Disability
2022,19960,BRFSS,Health-Related Social Needs,Utility services shut-off threat in the past 12 months among adults,%,Crude prevalence,9.9,8.7,11.2,5272,7121,"{'type': 'Point', 'coordinates': [-75.4087158, 38.8509127]}",19960,SOCLNEED,SHUTUTILITY,CrdPrv,Utility Services Threat
2022,19960,BRFSS,Health Risk Behaviors,Short sleep duration among adults,%,Crude prevalence,36.1,31.5,41.5,5272,7121,"{'type': 'Point', 'coordinates': [-75.4087158, 38.8509127]}",19960,RISKBEH,SLEEP,CrdPrv,Short Sleep Duration
2022,19960,BRFSS,Health Outcomes,Stroke among adults,%,Crude prevalence,4.2,3.9,4.5,5272,7121,"{'type': 'Point', 'coordinates': [-75.4087158, 38.8509127]}",19960,HLTHOUT,STROKE,CrdPrv,Stroke
2022,19960,BRFSS,Health Outcomes,All teeth lost among adults aged >=65 years,%,Crude prevalence,13.2,11.0,15.9,5272,7121,"{'type': 'Point', 'coordinates': [-75.4087158, 38.8509127]}",19960,HLTHOUT,TEETHLOST,CrdPrv,All Teeth Lost
2022,19960,BRFSS,Disability,Vision disability among adults,%,Crude prevalence,6.1,5.6,6.7,5272,7121,"{'type': 'Point', 'coordinates': [-75.4087158, 38.8509127]}",19960,DISABLT,VISION,CrdPrv,Vision Disability
2022,19962,BRFSS,Prevention,Current lack of health insurance among adults aged 18-64 years,%,Crude prevalence,8.7,7.5,10.0,10232,13692,"{'type': 'Point', 'coordinates': [-75.4883882, 39.0688084]}",19962,PREVENT,ACCESS2,CrdPrv,Health Insurance
2022,19962,BRFSS,Health Outcomes,Arthritis among adults,%,Crude prevalence,28.4,25.4,31.4,10232,13692,"{'type': 'Point', 'coordinates': [-75.4883882, 39.0688084]}",19962,HLTHOUT,ARTHRITIS,CrdPrv,Arthritis
2022,19962,BRFSS,Health Risk Behaviors,Binge drinking among adults,%,Crude prevalence,15.4,12.9,18.2,10232,13692,"{'type': 'Point', 'coordinates': [-75.4883882, 39.0688084]}",19962,RISKBEH,BINGE,CrdPrv,Binge Drinking
2021,19962,BRFSS,Health Outcomes,High blood pressure among adults,%,Crude prevalence,34.7,31.2,38.0,10232,13692,"{'type': 'Point', 'coordinates': [-75.4883882, 39.0688084]}",19962,HLTHOUT,BPHIGH,CrdPrv,High Blood Pressure
2021,19962,BRFSS,Prevention,Taking medicine to control high blood pressure among adults with high blood pressure,%,Crude prevalence,79.1,76.1,81.8,10232,13692,"{'type': 'Point', 'coordinates': [-75.4883882, 39.0688084]}",19962,PREVENT,BPMED,CrdPrv,High Blood Pressure Medication
2022,19962,BRFSS,Health Outcomes,Cancer (non-skin) or melanoma among adults,%,Crude prevalence,8.1,7.3,8.8,10232,13692,"{'type': 'Point', 'coordinates': [-75.4883882, 39.0688084]}",19962,HLTHOUT,CANCER,CrdPrv,Cancer (non-skin) or Melanoma
2022,19962,BRFSS,Health Outcomes,Current asthma among adults,%,Crude prevalence,11.9,10.6,13.4,10232,13692,"{'type': 'Point', 'coordinates': [-75.4883882, 39.0688084]}",19962,HLTHOUT,CASTHMA,CrdPrv,Current Asthma
2022,19962,BRFSS,Health Outcomes,Coronary heart disease among adults,%,Crude prevalence,6.4,5.8,7.1,10232,13692,"{'type': 'Point', 'coordinates': [-75.4883882, 39.0688084]}",19962,HLTHOUT,CHD,CrdPrv,Coronary Heart Disease
2022,19962,BRFSS,Prevention,Visits to doctor for routine checkup within the past year among adults,%,Crude prevalence,77.9,74.2,81.2,10232,13692,"{'type': 'Point', 'coordinates': [-75.4883882, 39.0688084]}",19962,PREVENT,CHECKUP,CrdPrv,Annual Checkup
2021,19962,BRFSS,Prevention,Cholesterol screening among adults,%,Crude prevalence,87.0,84.6,89.1,10232,13692,"{'type': 'Point', 'coordinates': [-75.4883882, 39.0688084]}",19962,PREVENT,CHOLSCREEN,CrdPrv,Cholesterol Screening
2022,19962,BRFSS,Disability,Cognitive disability among adults,%,Crude prevalence,13.4,12.0,15.0,10232,13692,"{'type': 'Point', 'coordinates': [-75.4883882, 39.0688084]}",19962,DISABLT,COGNITION,CrdPrv,Cognitive Disability
2022,19962,BRFSS,Prevention,Colorectal cancer screening among adults aged 45–75 years,%,Crude prevalence,65.7,61.3,69.9,10232,13692,"{'type': 'Point', 'coordinates': [-75.4883882, 39.0688084]}",19962,PREVENT,COLON_SCREEN,CrdPrv,Colorectal Cancer Screening
2022,19962,BRFSS,Health Outcomes,Chronic obstructive pulmonary disease among adults,%,Crude prevalence,7.4,6.6,8.2,10232,13692,"{'type': 'Point', 'coordinates': [-75.4883882, 39.0688084]}",19962,HLTHOUT,COPD,CrdPrv,COPD
2022,19962,BRFSS,Health Risk Behaviors,Current cigarette smoking among adults,%,Crude prevalence,14.9,13.0,16.8,10232,13692,"{'type': 'Point', 'coordinates': [-75.4883882, 39.0688084]}",19962,RISKBEH,CSMOKING,CrdPrv,Current Cigarette Smoking
2022,19962,BRFSS,Prevention,Visited dentist or dental clinic in the past year among adults,%,Crude prevalence,63.8,60.1,67.3,10232,13692,"{'type': 'Point', 'coordinates': [-75.4883882, 39.0688084]}",19962,PREVENT,DENTAL,CrdPrv,Dental Visit
2022,19962,BRFSS,Health Outcomes,Depression among adults,%,Crude prevalence,20.4,17.5,23.5,10232,13692,"{'type': 'Point', 'coordinates': [-75.4883882, 39.0688084]}",19962,HLTHOUT,DEPRESSION,CrdPrv,Depression
2022,19962,BRFSS,Health Outcomes,Diagnosed diabetes among adults,%,Crude prevalence,12.4,10.8,14.0,10232,13692,"{'type': 'Point', 'coordinates': [-75.4883882, 39.0688084]}",19962,HLTHOUT,DIABETES,CrdPrv,Diabetes
2022,19962,BRFSS,Disability,Any disability among adults,%,Crude prevalence,27.6,24.4,30.9,10232,13692,"{'type': 'Point', 'coordinates': [-75.4883882, 39.0688084]}",19962,DISABLT,DISABILITY,CrdPrv,Any Disability
2022,19962,BRFSS,Health-Related Social Needs,Lack of social and emotional support among adults,%,Crude prevalence,23.3,20.5,26.5,10232,13692,"{'type': 'Point', 'coordinates': [-75.4883882, 39.0688084]}",19962,SOCLNEED,EMOTIONSPT,CrdPrv,Lack of Social/Emotional Support
2022,19962,BRFSS,Health-Related Social Needs,Food insecurity in the past 12 months among adults,%,Crude prevalence,14.9,13.5,16.5,10232,13692,"{'type': 'Point', 'coordinates': [-75.4883882, 39.0688084]}",19962,SOCLNEED,FOODINSECU,CrdPrv,Food Insecurity
2022,19962,BRFSS,Health-Related Social Needs,Received food stamps in the past 12 months among adults,%,Crude prevalence,13.1,11.6,14.8,10232,13692,"{'type': 'Point', 'coordinates': [-75.4883882, 39.0688084]}",19962,SOCLNEED,FOODSTAMP,CrdPrv,Food Stamps
2022,19962,BRFSS,Health Status,Fair or poor self-rated health status among adults,%,Crude prevalence,16.9,15.1,18.9,10232,13692,"{'type': 'Point', 'coordinates': [-75.4883882, 39.0688084]}",19962,HLTHSTAT,GHLTH,CrdPrv,General Health
2022,19962,BRFSS,Disability,Hearing disability among adults,%,Crude prevalence,6.3,5.6,7.1,10232,13692,"{'type': 'Point', 'coordinates': [-75.4883882, 39.0688084]}",19962,DISABLT,HEARING,CrdPrv,Hearing Disability
2021,19962,BRFSS,Health Outcomes,High cholesterol among adults who have ever been screened,%,Crude prevalence,35.3,31.6,38.9,10232,13692,"{'type': 'Point', 'coordinates': [-75.4883882, 39.0688084]}",19962,HLTHOUT,HIGHCHOL,CrdPrv,High Cholesterol
2022,19962,BRFSS,Health-Related Social Needs,Housing insecurity in the past 12 months among adults,%,Crude prevalence,12.9,11.6,14.4,10232,13692,"{'type': 'Point', 'coordinates': [-75.4883882, 39.0688084]}",19962,SOCLNEED,HOUSINSECU,CrdPrv,Housing Insecurity
2022,19962,BRFSS,Disability,Independent living disability among adults,%,Crude prevalence,7.5,6.7,8.3,10232,13692,"{'type': 'Point', 'coordinates': [-75.4883882, 39.0688084]}",19962,DISABLT,INDEPLIVE,CrdPrv,Independent Living Disability
2022,19962,BRFSS,Health-Related Social Needs,Feeling socially isolated among adults,%,Crude prevalence,31.3,27.7,35.4,10232,13692,"{'type': 'Point', 'coordinates': [-75.4883882, 39.0688084]}",19962,SOCLNEED,ISOLATION,CrdPrv,Social Isolation
2022,19962,BRFSS,Health-Related Social Needs,Lack of reliable transportation in the past 12 months among adults,%,Crude prevalence,8.7,7.9,9.6,10232,13692,"{'type': 'Point', 'coordinates': [-75.4883882, 39.0688084]}",19962,SOCLNEED,LACKTRPT,CrdPrv,Transportation Barriers
2022,19962,BRFSS,Health Risk Behaviors,No leisure-time physical activity among adults,%,Crude prevalence,25.1,21.6,28.6,10232,13692,"{'type': 'Point', 'coordinates': [-75.4883882, 39.0688084]}",19962,RISKBEH,LPA,CrdPrv,Physical Inactivity
2022,19962,BRFSS,Prevention,Mammography use among women aged 50-74 years,%,Crude prevalence,74.1,67.5,80.0,10232,13692,"{'type': 'Point', 'coordinates': [-75.4883882, 39.0688084]}",19962,PREVENT,MAMMOUSE,CrdPrv,Mammography
2022,19962,BRFSS,Health Status,Frequent mental distress among adults,%,Crude prevalence,16.3,14.7,18.1,10232,13692,"{'type': 'Point', 'coordinates': [-75.4883882, 39.0688084]}",19962,HLTHSTAT,MHLTH,CrdPrv,Frequent Mental Distress
2022,19962,BRFSS,Disability,Mobility disability among adults,%,Crude prevalence,12.8,11.4,14.3,10232,13692,"{'type': 'Point', 'coordinates': [-75.4883882, 39.0688084]}",19962,DISABLT,MOBILITY,CrdPrv,Mobility Disability
2022,19962,BRFSS,Health Outcomes,Obesity among adults,%,Crude prevalence,38.3,32.4,44.2,10232,13692,"{'type': 'Point', 'coordinates': [-75.4883882, 39.0688084]}",19962,HLTHOUT,OBESITY,CrdPrv,Obesity
2022,19962,BRFSS,Health Status,Frequent physical distress among adults,%,Crude prevalence,12.2,10.9,13.7,10232,13692,"{'type': 'Point', 'coordinates': [-75.4883882, 39.0688084]}",19962,HLTHSTAT,PHLTH,CrdPrv,Frequent Physical Distress
2022,19962,BRFSS,Disability,Self-care disability among adults,%,Crude prevalence,3.7,3.4,4.1,10232,13692,"{'type': 'Point', 'coordinates': [-75.4883882, 39.0688084]}",19962,DISABLT,SELFCARE,CrdPrv,Self-care Disability
2022,19962,BRFSS,Health-Related Social Needs,Utility services shut-off threat in the past 12 months among adults,%,Crude prevalence,8.8,7.9,10.0,10232,13692,"{'type': 'Point', 'coordinates': [-75.4883882, 39.0688084]}",19962,SOCLNEED,SHUTUTILITY,CrdPrv,Utility Services Threat
2022,19962,BRFSS,Health Risk Behaviors,Short sleep duration among adults,%,Crude prevalence,39.5,34.2,44.8,10232,13692,"{'type': 'Point', 'coordinates': [-75.4883882, 39.0688084]}",19962,RISKBEH,SLEEP,CrdPrv,Short Sleep Duration
2022,19962,BRFSS,Health Outcomes,Stroke among adults,%,Crude prevalence,3.7,3.4,4.0,10232,13692,"{'type': 'Point', 'coordinates': [-75.4883882, 39.0688084]}",19962,HLTHOUT,STROKE,CrdPrv,Stroke
2022,19962,BRFSS,Health Outcomes,All teeth lost among adults aged >=65 years,%,Crude prevalence,13.8,11.5,16.4,10232,13692,"{'type': 'Point', 'coordinates': [-75.4883882, 39.0688084]}",19962,HLTHOUT,TEETHLOST,CrdPrv,All Teeth Lost
2022,19962,BRFSS,Disability,Vision disability among adults,%,Crude prevalence,5.0,4.6,5.5,10232,13692,"{'type': 'Point', 'coordinates': [-75.4883882, 39.0688084]}",19962,DISABLT,VISION,CrdPrv,Vision Disability
2022,19963,BRFSS,Prevention,Current lack of health insurance among adults aged 18-64 years,%,Crude prevalence,10.3,8.9,11.7,16395,20827,"{'type': 'Point', 'coordinates': [-75.362567, 38.9432534]}",19963,PREVENT,ACCESS2,CrdPrv,Health Insurance
2022,19963,BRFSS,Health Outcomes,Arthritis among adults,%,Crude prevalence,32.1,29.6,34.6,16395,20827,"{'type': 'Point', 'coordinates': [-75.362567, 38.9432534]}",19963,HLTHOUT,ARTHRITIS,CrdPrv,Arthritis
2022,19963,BRFSS,Health Risk Behaviors,Binge drinking among adults,%,Crude prevalence,14.7,12.8,16.8,16395,20827,"{'type': 'Point', 'coordinates': [-75.362567, 38.9432534]}",19963,RISKBEH,BINGE,CrdPrv,Binge Drinking
2021,19963,BRFSS,Health Outcomes,High blood pressure among adults,%,Crude prevalence,37.8,34.8,40.8,16395,20827,"{'type': 'Point', 'coordinates': [-75.362567, 38.9432534]}",19963,HLTHOUT,BPHIGH,CrdPrv,High Blood Pressure
2021,19963,BRFSS,Prevention,Taking medicine to control high blood pressure among adults with high blood pressure,%,Crude prevalence,82.4,80.3,84.3,16395,20827,"{'type': 'Point', 'coordinates': [-75.362567, 38.9432534]}",19963,PREVENT,BPMED,CrdPrv,High Blood Pressure Medication
2022,19963,BRFSS,Health Outcomes,Cancer (non-skin) or melanoma among adults,%,Crude prevalence,9.6,8.9,10.3,16395,20827,"{'type': 'Point', 'coordinates': [-75.362567, 38.9432534]}",19963,HLTHOUT,CANCER,CrdPrv,Cancer (non-skin) or Melanoma
2022,19963,BRFSS,Health Outcomes,Current asthma among adults,%,Crude prevalence,11.2,10.2,12.3,16395,20827,"{'type': 'Point', 'coordinates': [-75.362567, 38.9432534]}",19963,HLTHOUT,CASTHMA,CrdPrv,Current Asthma
2022,19963,BRFSS,Health Outcomes,Coronary heart disease among adults,%,Crude prevalence,8.3,7.7,9.0,16395,20827,"{'type': 'Point', 'coordinates': [-75.362567, 38.9432534]}",19963,HLTHOUT,CHD,CrdPrv,Coronary Heart Disease
2022,19963,BRFSS,Prevention,Visits to doctor for routine checkup within the past year among adults,%,Crude prevalence,79.8,76.9,82.4,16395,20827,"{'type': 'Point', 'coordinates': [-75.362567, 38.9432534]}",19963,PREVENT,CHECKUP,CrdPrv,Annual Checkup
2021,19963,BRFSS,Prevention,Cholesterol screening among adults,%,Crude prevalence,87.2,85.2,88.9,16395,20827,"{'type': 'Point', 'coordinates': [-75.362567, 38.9432534]}",19963,PREVENT,CHOLSCREEN,CrdPrv,Cholesterol Screening
2022,19963,BRFSS,Disability,Cognitive disability among adults,%,Crude prevalence,13.8,12.6,15.1,16395,20827,"{'type': 'Point', 'coordinates': [-75.362567, 38.9432534]}",19963,DISABLT,COGNITION,CrdPrv,Cognitive Disability
2022,19963,BRFSS,Prevention,Colorectal cancer screening among adults aged 45–75 years,%,Crude prevalence,68.0,64.6,71.2,16395,20827,"{'type': 'Point', 'coordinates': [-75.362567, 38.9432534]}",19963,PREVENT,COLON_SCREEN,CrdPrv,Colorectal Cancer Screening
2022,19963,BRFSS,Health Outcomes,Chronic obstructive pulmonary disease among adults,%,Crude prevalence,8.9,8.1,9.7,16395,20827,"{'type': 'Point', 'coordinates': [-75.362567, 38.9432534]}",19963,HLTHOUT,COPD,CrdPrv,COPD
2022,19963,BRFSS,Health Risk Behaviors,Current cigarette smoking among adults,%,Crude prevalence,15.3,13.7,16.9,16395,20827,"{'type': 'Point', 'coordinates': [-75.362567, 38.9432534]}",19963,RISKBEH,CSMOKING,CrdPrv,Current Cigarette Smoking
2022,19963,BRFSS,Prevention,Visited dentist or dental clinic in the past year among adults,%,Crude prevalence,60.7,57.4,63.8,16395,20827,"{'type': 'Point', 'coordinates': [-75.362567, 38.9432534]}",19963,PREVENT,DENTAL,CrdPrv,Dental Visit
2022,19963,BRFSS,Health Outcomes,Depression among adults,%,Crude prevalence,20.5,18.0,23.1,16395,20827,"{'type': 'Point', 'coordinates': [-75.362567, 38.9432534]}",19963,HLTHOUT,DEPRESSION,CrdPrv,Depression
2022,19963,BRFSS,Health Outcomes,Diagnosed diabetes among adults,%,Crude prevalence,13.4,12.1,14.9,16395,20827,"{'type': 'Point', 'coordinates': [-75.362567, 38.9432534]}",19963,HLTHOUT,DIABETES,CrdPrv,Diabetes
2022,19963,BRFSS,Disability,Any disability among adults,%,Crude prevalence,30.6,27.8,33.4,16395,20827,"{'type': 'Point', 'coordinates': [-75.362567, 38.9432534]}",19963,DISABLT,DISABILITY,CrdPrv,Any Disability
2022,19963,BRFSS,Health-Related Social Needs,Lack of social and emotional support among adults,%,Crude prevalence,22.9,20.3,25.6,16395,20827,"{'type': 'Point', 'coordinates': [-75.362567, 38.9432534]}",19963,SOCLNEED,EMOTIONSPT,CrdPrv,Lack of Social/Emotional Support
2022,19963,BRFSS,Health-Related Social Needs,Food insecurity in the past 12 months among adults,%,Crude prevalence,14.6,13.3,15.8,16395,20827,"{'type': 'Point', 'coordinates': [-75.362567, 38.9432534]}",19963,SOCLNEED,FOODINSECU,CrdPrv,Food Insecurity
2022,19963,BRFSS,Health-Related Social Needs,Received food stamps in the past 12 months among adults,%,Crude prevalence,13.2,11.8,14.7,16395,20827,"{'type': 'Point', 'coordinates': [-75.362567, 38.9432534]}",19963,SOCLNEED,FOODSTAMP,CrdPrv,Food Stamps
2022,19964,BRFSS,Disability,Self-care disability among adults,%,Crude prevalence,5.0,4.6,5.4,1034,1298,"{'type': 'Point', 'coordinates': [-75.7254632, 39.0960269]}",19964,DISABLT,SELFCARE,CrdPrv,Self-care Disability
2022,19963,BRFSS,Health Status,Fair or poor self-rated health status among adults,%,Crude prevalence,18.9,17.3,20.6,16395,20827,"{'type': 'Point', 'coordinates': [-75.362567, 38.9432534]}",19963,HLTHSTAT,GHLTH,CrdPrv,General Health
2022,19963,BRFSS,Disability,Hearing disability among adults,%,Crude prevalence,8.2,7.5,8.9,16395,20827,"{'type': 'Point', 'coordinates': [-75.362567, 38.9432534]}",19963,DISABLT,HEARING,CrdPrv,Hearing Disability
2021,19963,BRFSS,Health Outcomes,High cholesterol among adults who have ever been screened,%,Crude prevalence,38.4,35.3,41.5,16395,20827,"{'type': 'Point', 'coordinates': [-75.362567, 38.9432534]}",19963,HLTHOUT,HIGHCHOL,CrdPrv,High Cholesterol
2022,19963,BRFSS,Health-Related Social Needs,Housing insecurity in the past 12 months among adults,%,Crude prevalence,12.4,11.3,13.6,16395,20827,"{'type': 'Point', 'coordinates': [-75.362567, 38.9432534]}",19963,SOCLNEED,HOUSINSECU,CrdPrv,Housing Insecurity
2022,19963,BRFSS,Disability,Independent living disability among adults,%,Crude prevalence,8.3,7.7,9.0,16395,20827,"{'type': 'Point', 'coordinates': [-75.362567, 38.9432534]}",19963,DISABLT,INDEPLIVE,CrdPrv,Independent Living Disability
2022,19963,BRFSS,Health-Related Social Needs,Feeling socially isolated among adults,%,Crude prevalence,29.4,26.1,32.7,16395,20827,"{'type': 'Point', 'coordinates': [-75.362567, 38.9432534]}",19963,SOCLNEED,ISOLATION,CrdPrv,Social Isolation
2022,19963,BRFSS,Health-Related Social Needs,Lack of reliable transportation in the past 12 months among adults,%,Crude prevalence,8.5,7.8,9.2,16395,20827,"{'type': 'Point', 'coordinates': [-75.362567, 38.9432534]}",19963,SOCLNEED,LACKTRPT,CrdPrv,Transportation Barriers
2022,19963,BRFSS,Health Risk Behaviors,No leisure-time physical activity among adults,%,Crude prevalence,26.6,23.5,29.6,16395,20827,"{'type': 'Point', 'coordinates': [-75.362567, 38.9432534]}",19963,RISKBEH,LPA,CrdPrv,Physical Inactivity
2022,19963,BRFSS,Prevention,Mammography use among women aged 50-74 years,%,Crude prevalence,77.8,72.9,82.0,16395,20827,"{'type': 'Point', 'coordinates': [-75.362567, 38.9432534]}",19963,PREVENT,MAMMOUSE,CrdPrv,Mammography
2022,19963,BRFSS,Health Status,Frequent mental distress among adults,%,Crude prevalence,15.9,14.5,17.2,16395,20827,"{'type': 'Point', 'coordinates': [-75.362567, 38.9432534]}",19963,HLTHSTAT,MHLTH,CrdPrv,Frequent Mental Distress
2022,19963,BRFSS,Disability,Mobility disability among adults,%,Crude prevalence,15.3,13.9,16.7,16395,20827,"{'type': 'Point', 'coordinates': [-75.362567, 38.9432534]}",19963,DISABLT,MOBILITY,CrdPrv,Mobility Disability
2022,19963,BRFSS,Health Outcomes,Obesity among adults,%,Crude prevalence,38.4,33.3,43.4,16395,20827,"{'type': 'Point', 'coordinates': [-75.362567, 38.9432534]}",19963,HLTHOUT,OBESITY,CrdPrv,Obesity
2022,19963,BRFSS,Health Status,Frequent physical distress among adults,%,Crude prevalence,13.4,12.3,14.6,16395,20827,"{'type': 'Point', 'coordinates': [-75.362567, 38.9432534]}",19963,HLTHSTAT,PHLTH,CrdPrv,Frequent Physical Distress
2022,19963,BRFSS,Disability,Self-care disability among adults,%,Crude prevalence,4.2,3.9,4.5,16395,20827,"{'type': 'Point', 'coordinates': [-75.362567, 38.9432534]}",19963,DISABLT,SELFCARE,CrdPrv,Self-care Disability
2022,19963,BRFSS,Health-Related Social Needs,Utility services shut-off threat in the past 12 months among adults,%,Crude prevalence,8.3,7.4,9.2,16395,20827,"{'type': 'Point', 'coordinates': [-75.362567, 38.9432534]}",19963,SOCLNEED,SHUTUTILITY,CrdPrv,Utility Services Threat
2022,19963,BRFSS,Health Risk Behaviors,Short sleep duration among adults,%,Crude prevalence,35.7,31.4,39.9,16395,20827,"{'type': 'Point', 'coordinates': [-75.362567, 38.9432534]}",19963,RISKBEH,SLEEP,CrdPrv,Short Sleep Duration
2022,19963,BRFSS,Health Outcomes,Stroke among adults,%,Crude prevalence,4.4,4.1,4.6,16395,20827,"{'type': 'Point', 'coordinates': [-75.362567, 38.9432534]}",19963,HLTHOUT,STROKE,CrdPrv,Stroke
2022,19963,BRFSS,Health Outcomes,All teeth lost among adults aged >=65 years,%,Crude prevalence,12.3,10.7,14.3,16395,20827,"{'type': 'Point', 'coordinates': [-75.362567, 38.9432534]}",19963,HLTHOUT,TEETHLOST,CrdPrv,All Teeth Lost
2022,19963,BRFSS,Disability,Vision disability among adults,%,Crude prevalence,5.7,5.3,6.1,16395,20827,"{'type': 'Point', 'coordinates': [-75.362567, 38.9432534]}",19963,DISABLT,VISION,CrdPrv,Vision Disability
2022,19964,BRFSS,Prevention,Current lack of health insurance among adults aged 18-64 years,%,Crude prevalence,11.3,9.0,13.8,1034,1298,"{'type': 'Point', 'coordinates': [-75.7254632, 39.0960269]}",19964,PREVENT,ACCESS2,CrdPrv,Health Insurance
2022,19964,BRFSS,Health Outcomes,Arthritis among adults,%,Crude prevalence,33.2,30.0,36.4,1034,1298,"{'type': 'Point', 'coordinates': [-75.7254632, 39.0960269]}",19964,HLTHOUT,ARTHRITIS,CrdPrv,Arthritis
2022,19964,BRFSS,Health Risk Behaviors,Binge drinking among adults,%,Crude prevalence,15.2,12.7,17.9,1034,1298,"{'type': 'Point', 'coordinates': [-75.7254632, 39.0960269]}",19964,RISKBEH,BINGE,CrdPrv,Binge Drinking
2021,19964,BRFSS,Health Outcomes,High blood pressure among adults,%,Crude prevalence,37.5,33.8,41.0,1034,1298,"{'type': 'Point', 'coordinates': [-75.7254632, 39.0960269]}",19964,HLTHOUT,BPHIGH,CrdPrv,High Blood Pressure
2021,19964,BRFSS,Prevention,Taking medicine to control high blood pressure among adults with high blood pressure,%,Crude prevalence,80.3,77.4,82.8,1034,1298,"{'type': 'Point', 'coordinates': [-75.7254632, 39.0960269]}",19964,PREVENT,BPMED,CrdPrv,High Blood Pressure Medication
2022,19964,BRFSS,Health Outcomes,Cancer (non-skin) or melanoma among adults,%,Crude prevalence,9.7,8.8,10.6,1034,1298,"{'type': 'Point', 'coordinates': [-75.7254632, 39.0960269]}",19964,HLTHOUT,CANCER,CrdPrv,Cancer (non-skin) or Melanoma
2022,19964,BRFSS,Health Outcomes,Current asthma among adults,%,Crude prevalence,12.7,11.3,14.2,1034,1298,"{'type': 'Point', 'coordinates': [-75.7254632, 39.0960269]}",19964,HLTHOUT,CASTHMA,CrdPrv,Current Asthma
2022,19964,BRFSS,Health Outcomes,Coronary heart disease among adults,%,Crude prevalence,8.7,7.8,9.6,1034,1298,"{'type': 'Point', 'coordinates': [-75.7254632, 39.0960269]}",19964,HLTHOUT,CHD,CrdPrv,Coronary Heart Disease
2022,19964,BRFSS,Prevention,Visits to doctor for routine checkup within the past year among adults,%,Crude prevalence,76.6,72.9,80.0,1034,1298,"{'type': 'Point', 'coordinates': [-75.7254632, 39.0960269]}",19964,PREVENT,CHECKUP,CrdPrv,Annual Checkup
2021,19964,BRFSS,Prevention,Cholesterol screening among adults,%,Crude prevalence,85.4,82.8,87.7,1034,1298,"{'type': 'Point', 'coordinates': [-75.7254632, 39.0960269]}",19964,PREVENT,CHOLSCREEN,CrdPrv,Cholesterol Screening
2022,19964,BRFSS,Disability,Cognitive disability among adults,%,Crude prevalence,17.0,15.2,18.8,1034,1298,"{'type': 'Point', 'coordinates': [-75.7254632, 39.0960269]}",19964,DISABLT,COGNITION,CrdPrv,Cognitive Disability
2022,19964,BRFSS,Prevention,Colorectal cancer screening among adults aged 45–75 years,%,Crude prevalence,61.3,56.5,65.8,1034,1298,"{'type': 'Point', 'coordinates': [-75.7254632, 39.0960269]}",19964,PREVENT,COLON_SCREEN,CrdPrv,Colorectal Cancer Screening
2022,19964,BRFSS,Health Outcomes,Chronic obstructive pulmonary disease among adults,%,Crude prevalence,11.2,10.0,12.4,1034,1298,"{'type': 'Point', 'coordinates': [-75.7254632, 39.0960269]}",19964,HLTHOUT,COPD,CrdPrv,COPD
2022,19964,BRFSS,Health Risk Behaviors,Current cigarette smoking among adults,%,Crude prevalence,19.3,17.0,21.7,1034,1298,"{'type': 'Point', 'coordinates': [-75.7254632, 39.0960269]}",19964,RISKBEH,CSMOKING,CrdPrv,Current Cigarette Smoking
2022,19964,BRFSS,Prevention,Visited dentist or dental clinic in the past year among adults,%,Crude prevalence,57.8,53.9,61.5,1034,1298,"{'type': 'Point', 'coordinates': [-75.7254632, 39.0960269]}",19964,PREVENT,DENTAL,CrdPrv,Dental Visit
2022,19964,BRFSS,Health Outcomes,Depression among adults,%,Crude prevalence,23.3,20.0,26.6,1034,1298,"{'type': 'Point', 'coordinates': [-75.7254632, 39.0960269]}",19964,HLTHOUT,DEPRESSION,CrdPrv,Depression
2022,19964,BRFSS,Health Outcomes,Diagnosed diabetes among adults,%,Crude prevalence,13.8,12.1,15.6,1034,1298,"{'type': 'Point', 'coordinates': [-75.7254632, 39.0960269]}",19964,HLTHOUT,DIABETES,CrdPrv,Diabetes
2022,19964,BRFSS,Disability,Any disability among adults,%,Crude prevalence,34.7,31.1,38.3,1034,1298,"{'type': 'Point', 'coordinates': [-75.7254632, 39.0960269]}",19964,DISABLT,DISABILITY,CrdPrv,Any Disability
2022,19964,BRFSS,Health-Related Social Needs,Lack of social and emotional support among adults,%,Crude prevalence,24.4,21.4,27.9,1034,1298,"{'type': 'Point', 'coordinates': [-75.7254632, 39.0960269]}",19964,SOCLNEED,EMOTIONSPT,CrdPrv,Lack of Social/Emotional Support
2022,19964,BRFSS,Health-Related Social Needs,Food insecurity in the past 12 months among adults,%,Crude prevalence,16.4,14.7,18.3,1034,1298,"{'type': 'Point', 'coordinates': [-75.7254632, 39.0960269]}",19964,SOCLNEED,FOODINSECU,CrdPrv,Food Insecurity
2022,19964,BRFSS,Health-Related Social Needs,Received food stamps in the past 12 months among adults,%,Crude prevalence,14.5,12.7,16.6,1034,1298,"{'type': 'Point', 'coordinates': [-75.7254632, 39.0960269]}",19964,SOCLNEED,FOODSTAMP,CrdPrv,Food Stamps
2022,19964,BRFSS,Health Status,Fair or poor self-rated health status among adults,%,Crude prevalence,22.2,20.1,24.5,1034,1298,"{'type': 'Point', 'coordinates': [-75.7254632, 39.0960269]}",19964,HLTHSTAT,GHLTH,CrdPrv,General Health
2022,19964,BRFSS,Disability,Hearing disability among adults,%,Crude prevalence,9.0,8.1,10.0,1034,1298,"{'type': 'Point', 'coordinates': [-75.7254632, 39.0960269]}",19964,DISABLT,HEARING,CrdPrv,Hearing Disability
2021,19964,BRFSS,Health Outcomes,High cholesterol among adults who have ever been screened,%,Crude prevalence,39.0,35.2,42.8,1034,1298,"{'type': 'Point', 'coordinates': [-75.7254632, 39.0960269]}",19964,HLTHOUT,HIGHCHOL,CrdPrv,High Cholesterol
2022,19964,BRFSS,Health-Related Social Needs,Housing insecurity in the past 12 months among adults,%,Crude prevalence,12.9,11.5,14.5,1034,1298,"{'type': 'Point', 'coordinates': [-75.7254632, 39.0960269]}",19964,SOCLNEED,HOUSINSECU,CrdPrv,Housing Insecurity
2022,19964,BRFSS,Disability,Independent living disability among adults,%,Crude prevalence,10.1,9.2,11.2,1034,1298,"{'type': 'Point', 'coordinates': [-75.7254632, 39.0960269]}",19964,DISABLT,INDEPLIVE,CrdPrv,Independent Living Disability
2022,19964,BRFSS,Health-Related Social Needs,Feeling socially isolated among adults,%,Crude prevalence,32.6,28.9,36.9,1034,1298,"{'type': 'Point', 'coordinates': [-75.7254632, 39.0960269]}",19964,SOCLNEED,ISOLATION,CrdPrv,Social Isolation
2022,19964,BRFSS,Health-Related Social Needs,Lack of reliable transportation in the past 12 months among adults,%,Crude prevalence,9.3,8.5,10.3,1034,1298,"{'type': 'Point', 'coordinates': [-75.7254632, 39.0960269]}",19964,SOCLNEED,LACKTRPT,CrdPrv,Transportation Barriers
2022,19964,BRFSS,Health Risk Behaviors,No leisure-time physical activity among adults,%,Crude prevalence,30.7,26.8,34.6,1034,1298,"{'type': 'Point', 'coordinates': [-75.7254632, 39.0960269]}",19964,RISKBEH,LPA,CrdPrv,Physical Inactivity
2022,19964,BRFSS,Prevention,Mammography use among women aged 50-74 years,%,Crude prevalence,68.9,61.5,75.7,1034,1298,"{'type': 'Point', 'coordinates': [-75.7254632, 39.0960269]}",19964,PREVENT,MAMMOUSE,CrdPrv,Mammography
2022,19964,BRFSS,Health Status,Frequent mental distress among adults,%,Crude prevalence,18.4,16.6,20.2,1034,1298,"{'type': 'Point', 'coordinates': [-75.7254632, 39.0960269]}",19964,HLTHSTAT,MHLTH,CrdPrv,Frequent Mental Distress
2022,19964,BRFSS,Disability,Mobility disability among adults,%,Crude prevalence,17.5,15.7,19.4,1034,1298,"{'type': 'Point', 'coordinates': [-75.7254632, 39.0960269]}",19964,DISABLT,MOBILITY,CrdPrv,Mobility Disability
2022,19964,BRFSS,Health Outcomes,Obesity among adults,%,Crude prevalence,38.7,32.8,44.7,1034,1298,"{'type': 'Point', 'coordinates': [-75.7254632, 39.0960269]}",19964,HLTHOUT,OBESITY,CrdPrv,Obesity
2022,19964,BRFSS,Health Status,Frequent physical distress among adults,%,Crude prevalence,15.9,14.3,17.6,1034,1298,"{'type': 'Point', 'coordinates': [-75.7254632, 39.0960269]}",19964,HLTHSTAT,PHLTH,CrdPrv,Frequent Physical Distress
2022,19964,BRFSS,Health-Related Social Needs,Utility services shut-off threat in the past 12 months among adults,%,Crude prevalence,8.8,7.7,10.0,1034,1298,"{'type': 'Point', 'coordinates': [-75.7254632, 39.0960269]}",19964,SOCLNEED,SHUTUTILITY,CrdPrv,Utility Services Threat
2022,19964,BRFSS,Health Risk Behaviors,Short sleep duration among adults,%,Crude prevalence,38.8,33.5,44.0,1034,1298,"{'type': 'Point', 'coordinates': [-75.7254632, 39.0960269]}",19964,RISKBEH,SLEEP,CrdPrv,Short Sleep Duration
2022,19964,BRFSS,Health Outcomes,Stroke among adults,%,Crude prevalence,4.8,4.4,5.2,1034,1298,"{'type': 'Point', 'coordinates': [-75.7254632, 39.0960269]}",19964,HLTHOUT,STROKE,CrdPrv,Stroke
2022,19964,BRFSS,Health Outcomes,All teeth lost among adults aged >=65 years,%,Crude prevalence,18.9,15.7,22.4,1034,1298,"{'type': 'Point', 'coordinates': [-75.7254632, 39.0960269]}",19964,HLTHOUT,TEETHLOST,CrdPrv,All Teeth Lost
2022,19964,BRFSS,Disability,Vision disability among adults,%,Crude prevalence,6.6,6.0,7.2,1034,1298,"{'type': 'Point', 'coordinates': [-75.7254632, 39.0960269]}",19964,DISABLT,VISION,CrdPrv,Vision Disability
2022,19966,BRFSS,Prevention,Current lack of health insurance among adults aged 18-64 years,%,Crude prevalence,9.3,8.1,10.6,26925,32520,"{'type': 'Point', 'coordinates': [-75.277196, 38.579422]}",19966,PREVENT,ACCESS2,CrdPrv,Health Insurance
2022,19966,BRFSS,Health Outcomes,Arthritis among adults,%,Crude prevalence,36.3,33.2,39.7,26925,32520,"{'type': 'Point', 'coordinates': [-75.277196, 38.579422]}",19966,HLTHOUT,ARTHRITIS,CrdPrv,Arthritis
2022,19966,BRFSS,Health Risk Behaviors,Binge drinking among adults,%,Crude prevalence,13.7,11.6,16.2,26925,32520,"{'type': 'Point', 'coordinates': [-75.277196, 38.579422]}",19966,RISKBEH,BINGE,CrdPrv,Binge Drinking
2021,19966,BRFSS,Health Outcomes,High blood pressure among adults,%,Crude prevalence,41.0,37.3,44.9,26925,32520,"{'type': 'Point', 'coordinates': [-75.277196, 38.579422]}",19966,HLTHOUT,BPHIGH,CrdPrv,High Blood Pressure
2021,19966,BRFSS,Prevention,Taking medicine to control high blood pressure among adults with high blood pressure,%,Crude prevalence,85.7,83.4,87.8,26925,32520,"{'type': 'Point', 'coordinates': [-75.277196, 38.579422]}",19966,PREVENT,BPMED,CrdPrv,High Blood Pressure Medication
2022,19966,BRFSS,Health Outcomes,Cancer (non-skin) or melanoma among adults,%,Crude prevalence,11.5,10.5,12.5,26925,32520,"{'type': 'Point', 'coordinates': [-75.277196, 38.579422]}",19966,HLTHOUT,CANCER,CrdPrv,Cancer (non-skin) or Melanoma
2022,19966,BRFSS,Health Outcomes,Current asthma among adults,%,Crude prevalence,10.6,9.4,11.9,26925,32520,"{'type': 'Point', 'coordinates': [-75.277196, 38.579422]}",19966,HLTHOUT,CASTHMA,CrdPrv,Current Asthma
2022,19966,BRFSS,Health Outcomes,Coronary heart disease among adults,%,Crude prevalence,9.8,8.9,10.8,26925,32520,"{'type': 'Point', 'coordinates': [-75.277196, 38.579422]}",19966,HLTHOUT,CHD,CrdPrv,Coronary Heart Disease
2022,19966,BRFSS,Prevention,Visits to doctor for routine checkup within the past year among adults,%,Crude prevalence,82.5,79.7,85.3,26925,32520,"{'type': 'Point', 'coordinates': [-75.277196, 38.579422]}",19966,PREVENT,CHECKUP,CrdPrv,Annual Checkup
2021,19966,BRFSS,Prevention,Cholesterol screening among adults,%,Crude prevalence,89.9,88.0,91.6,26925,32520,"{'type': 'Point', 'coordinates': [-75.277196, 38.579422]}",19966,PREVENT,CHOLSCREEN,CrdPrv,Cholesterol Screening
2022,19966,BRFSS,Disability,Cognitive disability among adults,%,Crude prevalence,12.4,11.2,13.9,26925,32520,"{'type': 'Point', 'coordinates': [-75.277196, 38.579422]}",19966,DISABLT,COGNITION,CrdPrv,Cognitive Disability
2022,19966,BRFSS,Prevention,Colorectal cancer screening among adults aged 45–75 years,%,Crude prevalence,72.0,68.2,75.9,26925,32520,"{'type': 'Point', 'coordinates': [-75.277196, 38.579422]}",19966,PREVENT,COLON_SCREEN,CrdPrv,Colorectal Cancer Screening
2022,19966,BRFSS,Health Outcomes,Chronic obstructive pulmonary disease among adults,%,Crude prevalence,9.8,8.9,10.9,26925,32520,"{'type': 'Point', 'coordinates': [-75.277196, 38.579422]}",19966,HLTHOUT,COPD,CrdPrv,COPD
2022,19966,BRFSS,Health Risk Behaviors,Current cigarette smoking among adults,%,Crude prevalence,14.8,13.1,16.7,26925,32520,"{'type': 'Point', 'coordinates': [-75.277196, 38.579422]}",19966,RISKBEH,CSMOKING,CrdPrv,Current Cigarette Smoking
2022,19966,BRFSS,Prevention,Visited dentist or dental clinic in the past year among adults,%,Crude prevalence,62.4,58.9,66.0,26925,32520,"{'type': 'Point', 'coordinates': [-75.277196, 38.579422]}",19966,PREVENT,DENTAL,CrdPrv,Dental Visit
2022,19966,BRFSS,Health Outcomes,Depression among adults,%,Crude prevalence,19.8,17.1,22.9,26925,32520,"{'type': 'Point', 'coordinates': [-75.277196, 38.579422]}",19966,HLTHOUT,DEPRESSION,CrdPrv,Depression
2022,19966,BRFSS,Health Outcomes,Diagnosed diabetes among adults,%,Crude prevalence,14.4,12.8,16.4,26925,32520,"{'type': 'Point', 'coordinates': [-75.277196, 38.579422]}",19966,HLTHOUT,DIABETES,CrdPrv,Diabetes
2022,19966,BRFSS,Disability,Any disability among adults,%,Crude prevalence,30.6,27.5,34.2,26925,32520,"{'type': 'Point', 'coordinates': [-75.277196, 38.579422]}",19966,DISABLT,DISABILITY,CrdPrv,Any Disability
2022,19966,BRFSS,Health-Related Social Needs,Lack of social and emotional support among adults,%,Crude prevalence,22.0,19.0,25.0,26925,32520,"{'type': 'Point', 'coordinates': [-75.277196, 38.579422]}",19966,SOCLNEED,EMOTIONSPT,CrdPrv,Lack of Social/Emotional Support
2022,19966,BRFSS,Health-Related Social Needs,Food insecurity in the past 12 months among adults,%,Crude prevalence,12.2,10.9,13.6,26925,32520,"{'type': 'Point', 'coordinates': [-75.277196, 38.579422]}",19966,SOCLNEED,FOODINSECU,CrdPrv,Food Insecurity
2022,19966,BRFSS,Health-Related Social Needs,Received food stamps in the past 12 months among adults,%,Crude prevalence,10.6,9.2,12.1,26925,32520,"{'type': 'Point', 'coordinates': [-75.277196, 38.579422]}",19966,SOCLNEED,FOODSTAMP,CrdPrv,Food Stamps
2022,19966,BRFSS,Health Status,Fair or poor self-rated health status among adults,%,Crude prevalence,18.5,16.7,20.6,26925,32520,"{'type': 'Point', 'coordinates': [-75.277196, 38.579422]}",19966,HLTHSTAT,GHLTH,CrdPrv,General Health
2022,19966,BRFSS,Disability,Hearing disability among adults,%,Crude prevalence,9.3,8.4,10.3,26925,32520,"{'type': 'Point', 'coordinates': [-75.277196, 38.579422]}",19966,DISABLT,HEARING,CrdPrv,Hearing Disability
2021,19966,BRFSS,Health Outcomes,High cholesterol among adults who have ever been screened,%,Crude prevalence,41.9,38.0,45.8,26925,32520,"{'type': 'Point', 'coordinates': [-75.277196, 38.579422]}",19966,HLTHOUT,HIGHCHOL,CrdPrv,High Cholesterol
2022,19966,BRFSS,Health-Related Social Needs,Housing insecurity in the past 12 months among adults,%,Crude prevalence,10.4,9.3,11.6,26925,32520,"{'type': 'Point', 'coordinates': [-75.277196, 38.579422]}",19966,SOCLNEED,HOUSINSECU,CrdPrv,Housing Insecurity
2022,19966,BRFSS,Disability,Independent living disability among adults,%,Crude prevalence,7.9,7.2,8.8,26925,32520,"{'type': 'Point', 'coordinates': [-75.277196, 38.579422]}",19966,DISABLT,INDEPLIVE,CrdPrv,Independent Living Disability
2022,19966,BRFSS,Health-Related Social Needs,Feeling socially isolated among adults,%,Crude prevalence,27.3,23.6,31.0,26925,32520,"{'type': 'Point', 'coordinates': [-75.277196, 38.579422]}",19966,SOCLNEED,ISOLATION,CrdPrv,Social Isolation
2022,19966,BRFSS,Health-Related Social Needs,Lack of reliable transportation in the past 12 months among adults,%,Crude prevalence,7.4,6.7,8.2,26925,32520,"{'type': 'Point', 'coordinates': [-75.277196, 38.579422]}",19966,SOCLNEED,LACKTRPT,CrdPrv,Transportation Barriers
2022,19966,BRFSS,Health Risk Behaviors,No leisure-time physical activity among adults,%,Crude prevalence,25.6,22.4,29.4,26925,32520,"{'type': 'Point', 'coordinates': [-75.277196, 38.579422]}",19966,RISKBEH,LPA,CrdPrv,Physical Inactivity
2022,19966,BRFSS,Prevention,Mammography use among women aged 50-74 years,%,Crude prevalence,79.3,74.1,84.3,26925,32520,"{'type': 'Point', 'coordinates': [-75.277196, 38.579422]}",19966,PREVENT,MAMMOUSE,CrdPrv,Mammography
2022,19966,BRFSS,Health Status,Frequent mental distress among adults,%,Crude prevalence,14.3,12.9,15.9,26925,32520,"{'type': 'Point', 'coordinates': [-75.277196, 38.579422]}",19966,HLTHSTAT,MHLTH,CrdPrv,Frequent Mental Distress
2022,19966,BRFSS,Disability,Mobility disability among adults,%,Crude prevalence,16.2,14.6,18.1,26925,32520,"{'type': 'Point', 'coordinates': [-75.277196, 38.579422]}",19966,DISABLT,MOBILITY,CrdPrv,Mobility Disability
2022,19966,BRFSS,Health Outcomes,Obesity among adults,%,Crude prevalence,37.6,32.3,43.8,26925,32520,"{'type': 'Point', 'coordinates': [-75.277196, 38.579422]}",19966,HLTHOUT,OBESITY,CrdPrv,Obesity
2022,19966,BRFSS,Health Status,Frequent physical distress among adults,%,Crude prevalence,13.6,12.3,15.2,26925,32520,"{'type': 'Point', 'coordinates': [-75.277196, 38.579422]}",19966,HLTHSTAT,PHLTH,CrdPrv,Frequent Physical Distress
2022,19966,BRFSS,Disability,Self-care disability among adults,%,Crude prevalence,4.1,3.8,4.5,26925,32520,"{'type': 'Point', 'coordinates': [-75.277196, 38.579422]}",19966,DISABLT,SELFCARE,CrdPrv,Self-care Disability
2022,19966,BRFSS,Health-Related Social Needs,Utility services shut-off threat in the past 12 months among adults,%,Crude prevalence,6.7,5.9,7.6,26925,32520,"{'type': 'Point', 'coordinates': [-75.277196, 38.579422]}",19966,SOCLNEED,SHUTUTILITY,CrdPrv,Utility Services Threat
2022,19966,BRFSS,Health Risk Behaviors,Short sleep duration among adults,%,Crude prevalence,32.3,27.9,37.4,26925,32520,"{'type': 'Point', 'coordinates': [-75.277196, 38.579422]}",19966,RISKBEH,SLEEP,CrdPrv,Short Sleep Duration
2022,19966,BRFSS,Health Outcomes,Stroke among adults,%,Crude prevalence,4.8,4.4,5.1,26925,32520,"{'type': 'Point', 'coordinates': [-75.277196, 38.579422]}",19966,HLTHOUT,STROKE,CrdPrv,Stroke
2022,19966,BRFSS,Health Outcomes,All teeth lost among adults aged >=65 years,%,Crude prevalence,11.8,9.9,14.3,26925,32520,"{'type': 'Point', 'coordinates': [-75.277196, 38.579422]}",19966,HLTHOUT,TEETHLOST,CrdPrv,All Teeth Lost
2022,19966,BRFSS,Disability,Vision disability among adults,%,Crude prevalence,5.4,5.0,6.0,26925,32520,"{'type': 'Point', 'coordinates': [-75.277196, 38.579422]}",19966,DISABLT,VISION,CrdPrv,Vision Disability
2022,19967,BRFSS,Prevention,Current lack of health insurance among adults aged 18-64 years,%,Crude prevalence,5.5,4.3,7.1,1664,1802,"{'type': 'Point', 'coordinates': [-75.1208459, 38.5397161]}",19967,PREVENT,ACCESS2,CrdPrv,Health Insurance
2022,19967,BRFSS,Health Outcomes,Arthritis among adults,%,Crude prevalence,40.1,36.7,44.0,1664,1802,"{'type': 'Point', 'coordinates': [-75.1208459, 38.5397161]}",19967,HLTHOUT,ARTHRITIS,CrdPrv,Arthritis
2022,19967,BRFSS,Health Risk Behaviors,Binge drinking among adults,%,Crude prevalence,12.2,10.3,14.6,1664,1802,"{'type': 'Point', 'coordinates': [-75.1208459, 38.5397161]}",19967,RISKBEH,BINGE,CrdPrv,Binge Drinking
2021,19967,BRFSS,Health Outcomes,High blood pressure among adults,%,Crude prevalence,43.6,39.4,47.9,1664,1802,"{'type': 'Point', 'coordinates': [-75.1208459, 38.5397161]}",19967,HLTHOUT,BPHIGH,CrdPrv,High Blood Pressure
2021,19967,BRFSS,Prevention,Taking medicine to control high blood pressure among adults with high blood pressure,%,Crude prevalence,88.4,86.0,90.6,1664,1802,"{'type': 'Point', 'coordinates': [-75.1208459, 38.5397161]}",19967,PREVENT,BPMED,CrdPrv,High Blood Pressure Medication
2022,19967,BRFSS,Health Outcomes,Cancer (non-skin) or melanoma among adults,%,Crude prevalence,14.7,13.4,16.2,1664,1802,"{'type': 'Point', 'coordinates': [-75.1208459, 38.5397161]}",19967,HLTHOUT,CANCER,CrdPrv,Cancer (non-skin) or Melanoma
2022,19967,BRFSS,Health Outcomes,Current asthma among adults,%,Crude prevalence,9.8,8.7,11.1,1664,1802,"{'type': 'Point', 'coordinates': [-75.1208459, 38.5397161]}",19967,HLTHOUT,CASTHMA,CrdPrv,Current Asthma
2022,19967,BRFSS,Health Outcomes,Coronary heart disease among adults,%,Crude prevalence,9.7,8.7,10.7,1664,1802,"{'type': 'Point', 'coordinates': [-75.1208459, 38.5397161]}",19967,HLTHOUT,CHD,CrdPrv,Coronary Heart Disease
2022,19967,BRFSS,Prevention,Visits to doctor for routine checkup within the past year among adults,%,Crude prevalence,86.1,83.7,88.5,1664,1802,"{'type': 'Point', 'coordinates': [-75.1208459, 38.5397161]}",19967,PREVENT,CHECKUP,CrdPrv,Annual Checkup
2021,19967,BRFSS,Prevention,Cholesterol screening among adults,%,Crude prevalence,94.3,93.1,95.4,1664,1802,"{'type': 'Point', 'coordinates': [-75.1208459, 38.5397161]}",19967,PREVENT,CHOLSCREEN,CrdPrv,Cholesterol Screening
2022,19967,BRFSS,Disability,Cognitive disability among adults,%,Crude prevalence,8.5,7.6,9.6,1664,1802,"{'type': 'Point', 'coordinates': [-75.1208459, 38.5397161]}",19967,DISABLT,COGNITION,CrdPrv,Cognitive Disability
2022,19967,BRFSS,Prevention,Colorectal cancer screening among adults aged 45–75 years,%,Crude prevalence,78.9,75.6,82.3,1664,1802,"{'type': 'Point', 'coordinates': [-75.1208459, 38.5397161]}",19967,PREVENT,COLON_SCREEN,CrdPrv,Colorectal Cancer Screening
2022,19967,BRFSS,Health Outcomes,Chronic obstructive pulmonary disease among adults,%,Crude prevalence,8.5,7.6,9.6,1664,1802,"{'type': 'Point', 'coordinates': [-75.1208459, 38.5397161]}",19967,HLTHOUT,COPD,CrdPrv,COPD
2022,19967,BRFSS,Health Risk Behaviors,Current cigarette smoking among adults,%,Crude prevalence,10.2,8.9,11.7,1664,1802,"{'type': 'Point', 'coordinates': [-75.1208459, 38.5397161]}",19967,RISKBEH,CSMOKING,CrdPrv,Current Cigarette Smoking
2022,19967,BRFSS,Prevention,Visited dentist or dental clinic in the past year among adults,%,Crude prevalence,73.1,70.1,76.2,1664,1802,"{'type': 'Point', 'coordinates': [-75.1208459, 38.5397161]}",19967,PREVENT,DENTAL,CrdPrv,Dental Visit
2022,19967,BRFSS,Health Outcomes,Depression among adults,%,Crude prevalence,18.4,15.9,21.3,1664,1802,"{'type': 'Point', 'coordinates': [-75.1208459, 38.5397161]}",19967,HLTHOUT,DEPRESSION,CrdPrv,Depression
2022,19967,BRFSS,Health Outcomes,Diagnosed diabetes among adults,%,Crude prevalence,14.0,12.3,16.0,1664,1802,"{'type': 'Point', 'coordinates': [-75.1208459, 38.5397161]}",19967,HLTHOUT,DIABETES,CrdPrv,Diabetes
2022,19967,BRFSS,Disability,Any disability among adults,%,Crude prevalence,25.2,22.4,28.5,1664,1802,"{'type': 'Point', 'coordinates': [-75.1208459, 38.5397161]}",19967,DISABLT,DISABILITY,CrdPrv,Any Disability
2022,19967,BRFSS,Health-Related Social Needs,Lack of social and emotional support among adults,%,Crude prevalence,16.6,14.3,19.1,1664,1802,"{'type': 'Point', 'coordinates': [-75.1208459, 38.5397161]}",19967,SOCLNEED,EMOTIONSPT,CrdPrv,Lack of Social/Emotional Support
2022,19967,BRFSS,Health-Related Social Needs,Food insecurity in the past 12 months among adults,%,Crude prevalence,6.2,5.5,7.0,1664,1802,"{'type': 'Point', 'coordinates': [-75.1208459, 38.5397161]}",19967,SOCLNEED,FOODINSECU,CrdPrv,Food Insecurity
2022,19967,BRFSS,Health-Related Social Needs,Received food stamps in the past 12 months among adults,%,Crude prevalence,4.9,4.2,5.7,1664,1802,"{'type': 'Point', 'coordinates': [-75.1208459, 38.5397161]}",19967,SOCLNEED,FOODSTAMP,CrdPrv,Food Stamps
2022,19967,BRFSS,Health Status,Fair or poor self-rated health status among adults,%,Crude prevalence,14.0,12.5,15.7,1664,1802,"{'type': 'Point', 'coordinates': [-75.1208459, 38.5397161]}",19967,HLTHSTAT,GHLTH,CrdPrv,General Health
2022,19967,BRFSS,Disability,Hearing disability among adults,%,Crude prevalence,8.6,7.7,9.6,1664,1802,"{'type': 'Point', 'coordinates': [-75.1208459, 38.5397161]}",19967,DISABLT,HEARING,CrdPrv,Hearing Disability
2021,19967,BRFSS,Health Outcomes,High cholesterol among adults who have ever been screened,%,Crude prevalence,46.6,42.3,51.0,1664,1802,"{'type': 'Point', 'coordinates': [-75.1208459, 38.5397161]}",19967,HLTHOUT,HIGHCHOL,CrdPrv,High Cholesterol
2022,19967,BRFSS,Health-Related Social Needs,Housing insecurity in the past 12 months among adults,%,Crude prevalence,5.5,4.9,6.2,1664,1802,"{'type': 'Point', 'coordinates': [-75.1208459, 38.5397161]}",19967,SOCLNEED,HOUSINSECU,CrdPrv,Housing Insecurity
2022,19967,BRFSS,Disability,Independent living disability among adults,%,Crude prevalence,5.8,5.2,6.4,1664,1802,"{'type': 'Point', 'coordinates': [-75.1208459, 38.5397161]}",19967,DISABLT,INDEPLIVE,CrdPrv,Independent Living Disability
2022,19967,BRFSS,Health-Related Social Needs,Feeling socially isolated among adults,%,Crude prevalence,23.2,20.0,26.6,1664,1802,"{'type': 'Point', 'coordinates': [-75.1208459, 38.5397161]}",19967,SOCLNEED,ISOLATION,CrdPrv,Social Isolation
2022,19967,BRFSS,Health-Related Social Needs,Lack of reliable transportation in the past 12 months among adults,%,Crude prevalence,4.2,3.8,4.6,1664,1802,"{'type': 'Point', 'coordinates': [-75.1208459, 38.5397161]}",19967,SOCLNEED,LACKTRPT,CrdPrv,Transportation Barriers
2022,19967,BRFSS,Health Risk Behaviors,No leisure-time physical activity among adults,%,Crude prevalence,19.7,17.1,22.9,1664,1802,"{'type': 'Point', 'coordinates': [-75.1208459, 38.5397161]}",19967,RISKBEH,LPA,CrdPrv,Physical Inactivity
2022,19967,BRFSS,Prevention,Mammography use among women aged 50-74 years,%,Crude prevalence,81.4,76.5,86.1,1664,1802,"{'type': 'Point', 'coordinates': [-75.1208459, 38.5397161]}",19967,PREVENT,MAMMOUSE,CrdPrv,Mammography
2022,19967,BRFSS,Health Status,Frequent mental distress among adults,%,Crude prevalence,10.8,9.7,12.1,1664,1802,"{'type': 'Point', 'coordinates': [-75.1208459, 38.5397161]}",19967,HLTHSTAT,MHLTH,CrdPrv,Frequent Mental Distress
2022,19967,BRFSS,Disability,Mobility disability among adults,%,Crude prevalence,13.9,12.4,15.6,1664,1802,"{'type': 'Point', 'coordinates': [-75.1208459, 38.5397161]}",19967,DISABLT,MOBILITY,CrdPrv,Mobility Disability
2022,19967,BRFSS,Health Outcomes,Obesity among adults,%,Crude prevalence,34.5,29.4,40.5,1664,1802,"{'type': 'Point', 'coordinates': [-75.1208459, 38.5397161]}",19967,HLTHOUT,OBESITY,CrdPrv,Obesity
2022,19967,BRFSS,Health Status,Frequent physical distress among adults,%,Crude prevalence,11.8,10.6,13.3,1664,1802,"{'type': 'Point', 'coordinates': [-75.1208459, 38.5397161]}",19967,HLTHSTAT,PHLTH,CrdPrv,Frequent Physical Distress
2022,19967,BRFSS,Disability,Self-care disability among adults,%,Crude prevalence,3.1,2.9,3.4,1664,1802,"{'type': 'Point', 'coordinates': [-75.1208459, 38.5397161]}",19967,DISABLT,SELFCARE,CrdPrv,Self-care Disability
2022,19970,BRFSS,Disability,Self-care disability among adults,%,Crude prevalence,3.4,3.2,3.8,7701,8591,"{'type': 'Point', 'coordinates': [-75.0994048, 38.5549727]}",19970,DISABLT,SELFCARE,CrdPrv,Self-care Disability
2022,19967,BRFSS,Health-Related Social Needs,Utility services shut-off threat in the past 12 months among adults,%,Crude prevalence,3.6,3.2,4.2,1664,1802,"{'type': 'Point', 'coordinates': [-75.1208459, 38.5397161]}",19967,SOCLNEED,SHUTUTILITY,CrdPrv,Utility Services Threat
2022,19967,BRFSS,Health Risk Behaviors,Short sleep duration among adults,%,Crude prevalence,27.6,23.6,32.3,1664,1802,"{'type': 'Point', 'coordinates': [-75.1208459, 38.5397161]}",19967,RISKBEH,SLEEP,CrdPrv,Short Sleep Duration
2022,19967,BRFSS,Health Outcomes,Stroke among adults,%,Crude prevalence,4.2,3.9,4.6,1664,1802,"{'type': 'Point', 'coordinates': [-75.1208459, 38.5397161]}",19967,HLTHOUT,STROKE,CrdPrv,Stroke
2022,19967,BRFSS,Health Outcomes,All teeth lost among adults aged >=65 years,%,Crude prevalence,5.4,4.4,6.6,1664,1802,"{'type': 'Point', 'coordinates': [-75.1208459, 38.5397161]}",19967,HLTHOUT,TEETHLOST,CrdPrv,All Teeth Lost
2022,19967,BRFSS,Disability,Vision disability among adults,%,Crude prevalence,3.9,3.6,4.3,1664,1802,"{'type': 'Point', 'coordinates': [-75.1208459, 38.5397161]}",19967,DISABLT,VISION,CrdPrv,Vision Disability
2022,19968,BRFSS,Prevention,Current lack of health insurance among adults aged 18-64 years,%,Crude prevalence,7.8,6.7,9.1,11480,13800,"{'type': 'Point', 'coordinates': [-75.2798022, 38.7829203]}",19968,PREVENT,ACCESS2,CrdPrv,Health Insurance
2022,19968,BRFSS,Health Outcomes,Arthritis among adults,%,Crude prevalence,35.2,32.2,38.7,11480,13800,"{'type': 'Point', 'coordinates': [-75.2798022, 38.7829203]}",19968,HLTHOUT,ARTHRITIS,CrdPrv,Arthritis
2022,19968,BRFSS,Health Risk Behaviors,Binge drinking among adults,%,Crude prevalence,14.1,12.0,16.7,11480,13800,"{'type': 'Point', 'coordinates': [-75.2798022, 38.7829203]}",19968,RISKBEH,BINGE,CrdPrv,Binge Drinking
2021,19968,BRFSS,Health Outcomes,High blood pressure among adults,%,Crude prevalence,39.7,36.0,43.6,11480,13800,"{'type': 'Point', 'coordinates': [-75.2798022, 38.7829203]}",19968,HLTHOUT,BPHIGH,CrdPrv,High Blood Pressure
2021,19968,BRFSS,Prevention,Taking medicine to control high blood pressure among adults with high blood pressure,%,Crude prevalence,85.7,83.3,87.8,11480,13800,"{'type': 'Point', 'coordinates': [-75.2798022, 38.7829203]}",19968,PREVENT,BPMED,CrdPrv,High Blood Pressure Medication
2022,19968,BRFSS,Health Outcomes,Cancer (non-skin) or melanoma among adults,%,Crude prevalence,11.9,10.9,13.1,11480,13800,"{'type': 'Point', 'coordinates': [-75.2798022, 38.7829203]}",19968,HLTHOUT,CANCER,CrdPrv,Cancer (non-skin) or Melanoma
2022,19968,BRFSS,Health Outcomes,Current asthma among adults,%,Crude prevalence,10.2,9.1,11.5,11480,13800,"{'type': 'Point', 'coordinates': [-75.2798022, 38.7829203]}",19968,HLTHOUT,CASTHMA,CrdPrv,Current Asthma
2022,19968,BRFSS,Health Outcomes,Coronary heart disease among adults,%,Crude prevalence,8.9,8.1,9.8,11480,13800,"{'type': 'Point', 'coordinates': [-75.2798022, 38.7829203]}",19968,HLTHOUT,CHD,CrdPrv,Coronary Heart Disease
2022,19968,BRFSS,Prevention,Visits to doctor for routine checkup within the past year among adults,%,Crude prevalence,83.0,80.3,85.7,11480,13800,"{'type': 'Point', 'coordinates': [-75.2798022, 38.7829203]}",19968,PREVENT,CHECKUP,CrdPrv,Annual Checkup
2021,19968,BRFSS,Prevention,Cholesterol screening among adults,%,Crude prevalence,90.9,89.1,92.4,11480,13800,"{'type': 'Point', 'coordinates': [-75.2798022, 38.7829203]}",19968,PREVENT,CHOLSCREEN,CrdPrv,Cholesterol Screening
2022,19968,BRFSS,Disability,Cognitive disability among adults,%,Crude prevalence,10.6,9.5,11.9,11480,13800,"{'type': 'Point', 'coordinates': [-75.2798022, 38.7829203]}",19968,DISABLT,COGNITION,CrdPrv,Cognitive Disability
2022,19968,BRFSS,Prevention,Colorectal cancer screening among adults aged 45–75 years,%,Crude prevalence,73.0,69.4,76.8,11480,13800,"{'type': 'Point', 'coordinates': [-75.2798022, 38.7829203]}",19968,PREVENT,COLON_SCREEN,CrdPrv,Colorectal Cancer Screening
2022,19968,BRFSS,Health Outcomes,Chronic obstructive pulmonary disease among adults,%,Crude prevalence,8.2,7.4,9.2,11480,13800,"{'type': 'Point', 'coordinates': [-75.2798022, 38.7829203]}",19968,HLTHOUT,COPD,CrdPrv,COPD
2022,19968,BRFSS,Health Risk Behaviors,Current cigarette smoking among adults,%,Crude prevalence,12.1,10.7,13.8,11480,13800,"{'type': 'Point', 'coordinates': [-75.2798022, 38.7829203]}",19968,RISKBEH,CSMOKING,CrdPrv,Current Cigarette Smoking
2022,19968,BRFSS,Prevention,Visited dentist or dental clinic in the past year among adults,%,Crude prevalence,67.3,64.1,70.7,11480,13800,"{'type': 'Point', 'coordinates': [-75.2798022, 38.7829203]}",19968,PREVENT,DENTAL,CrdPrv,Dental Visit
2022,19968,BRFSS,Health Outcomes,Depression among adults,%,Crude prevalence,19.4,16.8,22.5,11480,13800,"{'type': 'Point', 'coordinates': [-75.2798022, 38.7829203]}",19968,HLTHOUT,DEPRESSION,CrdPrv,Depression
2022,19968,BRFSS,Health Outcomes,Diagnosed diabetes among adults,%,Crude prevalence,13.2,11.7,15.0,11480,13800,"{'type': 'Point', 'coordinates': [-75.2798022, 38.7829203]}",19968,HLTHOUT,DIABETES,CrdPrv,Diabetes
2022,19968,BRFSS,Disability,Any disability among adults,%,Crude prevalence,26.8,24.0,30.2,11480,13800,"{'type': 'Point', 'coordinates': [-75.2798022, 38.7829203]}",19968,DISABLT,DISABILITY,CrdPrv,Any Disability
2022,19968,BRFSS,Health-Related Social Needs,Lack of social and emotional support among adults,%,Crude prevalence,20.0,17.2,22.8,11480,13800,"{'type': 'Point', 'coordinates': [-75.2798022, 38.7829203]}",19968,SOCLNEED,EMOTIONSPT,CrdPrv,Lack of Social/Emotional Support
2022,19968,BRFSS,Health-Related Social Needs,Food insecurity in the past 12 months among adults,%,Crude prevalence,9.8,8.7,11.0,11480,13800,"{'type': 'Point', 'coordinates': [-75.2798022, 38.7829203]}",19968,SOCLNEED,FOODINSECU,CrdPrv,Food Insecurity
2022,19968,BRFSS,Health-Related Social Needs,Received food stamps in the past 12 months among adults,%,Crude prevalence,8.4,7.3,9.6,11480,13800,"{'type': 'Point', 'coordinates': [-75.2798022, 38.7829203]}",19968,SOCLNEED,FOODSTAMP,CrdPrv,Food Stamps
2022,19973,BRFSS,Disability,Self-care disability among adults,%,Crude prevalence,5.3,4.9,5.7,19726,25550,"{'type': 'Point', 'coordinates': [-75.6235719, 38.6344621]}",19973,DISABLT,SELFCARE,CrdPrv,Self-care Disability
2022,19968,BRFSS,Health Status,Fair or poor self-rated health status among adults,%,Crude prevalence,15.5,13.9,17.3,11480,13800,"{'type': 'Point', 'coordinates': [-75.2798022, 38.7829203]}",19968,HLTHSTAT,GHLTH,CrdPrv,General Health
2022,19968,BRFSS,Disability,Hearing disability among adults,%,Crude prevalence,8.3,7.5,9.3,11480,13800,"{'type': 'Point', 'coordinates': [-75.2798022, 38.7829203]}",19968,DISABLT,HEARING,CrdPrv,Hearing Disability
2021,19968,BRFSS,Health Outcomes,High cholesterol among adults who have ever been screened,%,Crude prevalence,41.8,37.8,45.8,11480,13800,"{'type': 'Point', 'coordinates': [-75.2798022, 38.7829203]}",19968,HLTHOUT,HIGHCHOL,CrdPrv,High Cholesterol
2022,19968,BRFSS,Health-Related Social Needs,Housing insecurity in the past 12 months among adults,%,Crude prevalence,8.6,7.7,9.7,11480,13800,"{'type': 'Point', 'coordinates': [-75.2798022, 38.7829203]}",19968,SOCLNEED,HOUSINSECU,CrdPrv,Housing Insecurity
2022,19968,BRFSS,Disability,Independent living disability among adults,%,Crude prevalence,6.6,6.0,7.4,11480,13800,"{'type': 'Point', 'coordinates': [-75.2798022, 38.7829203]}",19968,DISABLT,INDEPLIVE,CrdPrv,Independent Living Disability
2022,19968,BRFSS,Health-Related Social Needs,Feeling socially isolated among adults,%,Crude prevalence,26.0,22.5,29.7,11480,13800,"{'type': 'Point', 'coordinates': [-75.2798022, 38.7829203]}",19968,SOCLNEED,ISOLATION,CrdPrv,Social Isolation
2022,19968,BRFSS,Health-Related Social Needs,Lack of reliable transportation in the past 12 months among adults,%,Crude prevalence,6.2,5.6,6.8,11480,13800,"{'type': 'Point', 'coordinates': [-75.2798022, 38.7829203]}",19968,SOCLNEED,LACKTRPT,CrdPrv,Transportation Barriers
2022,19968,BRFSS,Health Risk Behaviors,No leisure-time physical activity among adults,%,Crude prevalence,21.8,18.9,25.2,11480,13800,"{'type': 'Point', 'coordinates': [-75.2798022, 38.7829203]}",19968,RISKBEH,LPA,CrdPrv,Physical Inactivity
2022,19968,BRFSS,Prevention,Mammography use among women aged 50-74 years,%,Crude prevalence,79.9,74.8,84.9,11480,13800,"{'type': 'Point', 'coordinates': [-75.2798022, 38.7829203]}",19968,PREVENT,MAMMOUSE,CrdPrv,Mammography
2022,19968,BRFSS,Health Status,Frequent mental distress among adults,%,Crude prevalence,13.0,11.8,14.5,11480,13800,"{'type': 'Point', 'coordinates': [-75.2798022, 38.7829203]}",19968,HLTHSTAT,MHLTH,CrdPrv,Frequent Mental Distress
2022,19968,BRFSS,Disability,Mobility disability among adults,%,Crude prevalence,13.9,12.4,15.6,11480,13800,"{'type': 'Point', 'coordinates': [-75.2798022, 38.7829203]}",19968,DISABLT,MOBILITY,CrdPrv,Mobility Disability
2022,19968,BRFSS,Health Outcomes,Obesity among adults,%,Crude prevalence,36.2,31.0,42.2,11480,13800,"{'type': 'Point', 'coordinates': [-75.2798022, 38.7829203]}",19968,HLTHOUT,OBESITY,CrdPrv,Obesity
2022,19968,BRFSS,Health Status,Frequent physical distress among adults,%,Crude prevalence,12.1,10.8,13.5,11480,13800,"{'type': 'Point', 'coordinates': [-75.2798022, 38.7829203]}",19968,HLTHSTAT,PHLTH,CrdPrv,Frequent Physical Distress
2022,19968,BRFSS,Disability,Self-care disability among adults,%,Crude prevalence,3.4,3.2,3.7,11480,13800,"{'type': 'Point', 'coordinates': [-75.2798022, 38.7829203]}",19968,DISABLT,SELFCARE,CrdPrv,Self-care Disability
2022,19968,BRFSS,Health-Related Social Needs,Utility services shut-off threat in the past 12 months among adults,%,Crude prevalence,5.6,4.9,6.4,11480,13800,"{'type': 'Point', 'coordinates': [-75.2798022, 38.7829203]}",19968,SOCLNEED,SHUTUTILITY,CrdPrv,Utility Services Threat
2022,19968,BRFSS,Health Risk Behaviors,Short sleep duration among adults,%,Crude prevalence,30.5,26.3,35.5,11480,13800,"{'type': 'Point', 'coordinates': [-75.2798022, 38.7829203]}",19968,RISKBEH,SLEEP,CrdPrv,Short Sleep Duration
2022,19968,BRFSS,Health Outcomes,Stroke among adults,%,Crude prevalence,4.2,3.9,4.5,11480,13800,"{'type': 'Point', 'coordinates': [-75.2798022, 38.7829203]}",19968,HLTHOUT,STROKE,CrdPrv,Stroke
2022,19968,BRFSS,Health Outcomes,All teeth lost among adults aged >=65 years,%,Crude prevalence,9.2,7.7,11.1,11480,13800,"{'type': 'Point', 'coordinates': [-75.2798022, 38.7829203]}",19968,HLTHOUT,TEETHLOST,CrdPrv,All Teeth Lost
2022,19968,BRFSS,Disability,Vision disability among adults,%,Crude prevalence,4.5,4.1,4.9,11480,13800,"{'type': 'Point', 'coordinates': [-75.2798022, 38.7829203]}",19968,DISABLT,VISION,CrdPrv,Vision Disability
2022,19970,BRFSS,Prevention,Current lack of health insurance among adults aged 18-64 years,%,Crude prevalence,5.9,4.9,6.9,7701,8591,"{'type': 'Point', 'coordinates': [-75.0994048, 38.5549727]}",19970,PREVENT,ACCESS2,CrdPrv,Health Insurance
2022,19970,BRFSS,Health Outcomes,Arthritis among adults,%,Crude prevalence,40.7,37.3,44.5,7701,8591,"{'type': 'Point', 'coordinates': [-75.0994048, 38.5549727]}",19970,HLTHOUT,ARTHRITIS,CrdPrv,Arthritis
2022,19970,BRFSS,Health Risk Behaviors,Binge drinking among adults,%,Crude prevalence,11.6,9.8,13.8,7701,8591,"{'type': 'Point', 'coordinates': [-75.0994048, 38.5549727]}",19970,RISKBEH,BINGE,CrdPrv,Binge Drinking
2021,19970,BRFSS,Health Outcomes,High blood pressure among adults,%,Crude prevalence,44.3,40.1,48.5,7701,8591,"{'type': 'Point', 'coordinates': [-75.0994048, 38.5549727]}",19970,HLTHOUT,BPHIGH,CrdPrv,High Blood Pressure
2021,19970,BRFSS,Prevention,Taking medicine to control high blood pressure among adults with high blood pressure,%,Crude prevalence,88.7,86.3,90.7,7701,8591,"{'type': 'Point', 'coordinates': [-75.0994048, 38.5549727]}",19970,PREVENT,BPMED,CrdPrv,High Blood Pressure Medication
2022,19970,BRFSS,Health Outcomes,Cancer (non-skin) or melanoma among adults,%,Crude prevalence,15.1,13.9,16.5,7701,8591,"{'type': 'Point', 'coordinates': [-75.0994048, 38.5549727]}",19970,HLTHOUT,CANCER,CrdPrv,Cancer (non-skin) or Melanoma
2022,19970,BRFSS,Health Outcomes,Current asthma among adults,%,Crude prevalence,9.6,8.6,10.9,7701,8591,"{'type': 'Point', 'coordinates': [-75.0994048, 38.5549727]}",19970,HLTHOUT,CASTHMA,CrdPrv,Current Asthma
2022,19970,BRFSS,Health Outcomes,Coronary heart disease among adults,%,Crude prevalence,10.9,9.9,12.0,7701,8591,"{'type': 'Point', 'coordinates': [-75.0994048, 38.5549727]}",19970,HLTHOUT,CHD,CrdPrv,Coronary Heart Disease
2022,19970,BRFSS,Prevention,Visits to doctor for routine checkup within the past year among adults,%,Crude prevalence,85.9,83.5,88.3,7701,8591,"{'type': 'Point', 'coordinates': [-75.0994048, 38.5549727]}",19970,PREVENT,CHECKUP,CrdPrv,Annual Checkup
2021,19970,BRFSS,Prevention,Cholesterol screening among adults,%,Crude prevalence,93.5,92.1,94.6,7701,8591,"{'type': 'Point', 'coordinates': [-75.0994048, 38.5549727]}",19970,PREVENT,CHOLSCREEN,CrdPrv,Cholesterol Screening
2022,19970,BRFSS,Disability,Cognitive disability among adults,%,Crude prevalence,9.3,8.3,10.5,7701,8591,"{'type': 'Point', 'coordinates': [-75.0994048, 38.5549727]}",19970,DISABLT,COGNITION,CrdPrv,Cognitive Disability
2022,19970,BRFSS,Prevention,Colorectal cancer screening among adults aged 45–75 years,%,Crude prevalence,77.2,73.7,80.7,7701,8591,"{'type': 'Point', 'coordinates': [-75.0994048, 38.5549727]}",19970,PREVENT,COLON_SCREEN,CrdPrv,Colorectal Cancer Screening
2022,19970,BRFSS,Health Outcomes,Chronic obstructive pulmonary disease among adults,%,Crude prevalence,9.2,8.3,10.2,7701,8591,"{'type': 'Point', 'coordinates': [-75.0994048, 38.5549727]}",19970,HLTHOUT,COPD,CrdPrv,COPD
2022,19970,BRFSS,Health Risk Behaviors,Current cigarette smoking among adults,%,Crude prevalence,10.5,9.3,12.0,7701,8591,"{'type': 'Point', 'coordinates': [-75.0994048, 38.5549727]}",19970,RISKBEH,CSMOKING,CrdPrv,Current Cigarette Smoking
2022,19970,BRFSS,Prevention,Visited dentist or dental clinic in the past year among adults,%,Crude prevalence,70.1,66.9,73.2,7701,8591,"{'type': 'Point', 'coordinates': [-75.0994048, 38.5549727]}",19970,PREVENT,DENTAL,CrdPrv,Dental Visit
2022,19970,BRFSS,Health Outcomes,Depression among adults,%,Crude prevalence,17.9,15.5,20.9,7701,8591,"{'type': 'Point', 'coordinates': [-75.0994048, 38.5549727]}",19970,HLTHOUT,DEPRESSION,CrdPrv,Depression
2022,19970,BRFSS,Health Outcomes,Diagnosed diabetes among adults,%,Crude prevalence,14.6,12.9,16.6,7701,8591,"{'type': 'Point', 'coordinates': [-75.0994048, 38.5549727]}",19970,HLTHOUT,DIABETES,CrdPrv,Diabetes
2022,19970,BRFSS,Disability,Any disability among adults,%,Crude prevalence,28.2,25.2,31.6,7701,8591,"{'type': 'Point', 'coordinates': [-75.0994048, 38.5549727]}",19970,DISABLT,DISABILITY,CrdPrv,Any Disability
2022,19970,BRFSS,Health-Related Social Needs,Lack of social and emotional support among adults,%,Crude prevalence,18.1,15.6,20.8,7701,8591,"{'type': 'Point', 'coordinates': [-75.0994048, 38.5549727]}",19970,SOCLNEED,EMOTIONSPT,CrdPrv,Lack of Social/Emotional Support
2022,19970,BRFSS,Health-Related Social Needs,Food insecurity in the past 12 months among adults,%,Crude prevalence,7.7,6.8,8.6,7701,8591,"{'type': 'Point', 'coordinates': [-75.0994048, 38.5549727]}",19970,SOCLNEED,FOODINSECU,CrdPrv,Food Insecurity
2022,19970,BRFSS,Health-Related Social Needs,Received food stamps in the past 12 months among adults,%,Crude prevalence,6.5,5.5,7.5,7701,8591,"{'type': 'Point', 'coordinates': [-75.0994048, 38.5549727]}",19970,SOCLNEED,FOODSTAMP,CrdPrv,Food Stamps
2022,19970,BRFSS,Health Status,Fair or poor self-rated health status among adults,%,Crude prevalence,15.6,14.0,17.4,7701,8591,"{'type': 'Point', 'coordinates': [-75.0994048, 38.5549727]}",19970,HLTHSTAT,GHLTH,CrdPrv,General Health
2022,19970,BRFSS,Disability,Hearing disability among adults,%,Crude prevalence,10.2,9.2,11.4,7701,8591,"{'type': 'Point', 'coordinates': [-75.0994048, 38.5549727]}",19970,DISABLT,HEARING,CrdPrv,Hearing Disability
2021,19970,BRFSS,Health Outcomes,High cholesterol among adults who have ever been screened,%,Crude prevalence,46.4,42.1,50.9,7701,8591,"{'type': 'Point', 'coordinates': [-75.0994048, 38.5549727]}",19970,HLTHOUT,HIGHCHOL,CrdPrv,High Cholesterol
2022,19970,BRFSS,Health-Related Social Needs,Housing insecurity in the past 12 months among adults,%,Crude prevalence,6.2,5.5,7.0,7701,8591,"{'type': 'Point', 'coordinates': [-75.0994048, 38.5549727]}",19970,SOCLNEED,HOUSINSECU,CrdPrv,Housing Insecurity
2022,19970,BRFSS,Disability,Independent living disability among adults,%,Crude prevalence,6.5,5.9,7.2,7701,8591,"{'type': 'Point', 'coordinates': [-75.0994048, 38.5549727]}",19970,DISABLT,INDEPLIVE,CrdPrv,Independent Living Disability
2022,19970,BRFSS,Health-Related Social Needs,Feeling socially isolated among adults,%,Crude prevalence,23.9,20.6,27.3,7701,8591,"{'type': 'Point', 'coordinates': [-75.0994048, 38.5549727]}",19970,SOCLNEED,ISOLATION,CrdPrv,Social Isolation
2022,19970,BRFSS,Health-Related Social Needs,Lack of reliable transportation in the past 12 months among adults,%,Crude prevalence,4.9,4.4,5.4,7701,8591,"{'type': 'Point', 'coordinates': [-75.0994048, 38.5549727]}",19970,SOCLNEED,LACKTRPT,CrdPrv,Transportation Barriers
2022,19970,BRFSS,Health Risk Behaviors,No leisure-time physical activity among adults,%,Crude prevalence,22.0,19.1,25.4,7701,8591,"{'type': 'Point', 'coordinates': [-75.0994048, 38.5549727]}",19970,RISKBEH,LPA,CrdPrv,Physical Inactivity
2022,19970,BRFSS,Prevention,Mammography use among women aged 50-74 years,%,Crude prevalence,81.7,76.9,86.2,7701,8591,"{'type': 'Point', 'coordinates': [-75.0994048, 38.5549727]}",19970,PREVENT,MAMMOUSE,CrdPrv,Mammography
2022,19970,BRFSS,Health Status,Frequent mental distress among adults,%,Crude prevalence,11.0,9.9,12.3,7701,8591,"{'type': 'Point', 'coordinates': [-75.0994048, 38.5549727]}",19970,HLTHSTAT,MHLTH,CrdPrv,Frequent Mental Distress
2022,19970,BRFSS,Disability,Mobility disability among adults,%,Crude prevalence,15.4,13.9,17.3,7701,8591,"{'type': 'Point', 'coordinates': [-75.0994048, 38.5549727]}",19970,DISABLT,MOBILITY,CrdPrv,Mobility Disability
2022,19970,BRFSS,Health Outcomes,Obesity among adults,%,Crude prevalence,34.1,29.0,40.1,7701,8591,"{'type': 'Point', 'coordinates': [-75.0994048, 38.5549727]}",19970,HLTHOUT,OBESITY,CrdPrv,Obesity
2022,19970,BRFSS,Health Status,Frequent physical distress among adults,%,Crude prevalence,12.4,11.2,13.9,7701,8591,"{'type': 'Point', 'coordinates': [-75.0994048, 38.5549727]}",19970,HLTHSTAT,PHLTH,CrdPrv,Frequent Physical Distress
2022,19970,BRFSS,Health-Related Social Needs,Utility services shut-off threat in the past 12 months among adults,%,Crude prevalence,4.2,3.6,4.7,7701,8591,"{'type': 'Point', 'coordinates': [-75.0994048, 38.5549727]}",19970,SOCLNEED,SHUTUTILITY,CrdPrv,Utility Services Threat
2022,19970,BRFSS,Health Risk Behaviors,Short sleep duration among adults,%,Crude prevalence,27.5,23.5,32.2,7701,8591,"{'type': 'Point', 'coordinates': [-75.0994048, 38.5549727]}",19970,RISKBEH,SLEEP,CrdPrv,Short Sleep Duration
2022,19970,BRFSS,Health Outcomes,Stroke among adults,%,Crude prevalence,4.8,4.4,5.2,7701,8591,"{'type': 'Point', 'coordinates': [-75.0994048, 38.5549727]}",19970,HLTHOUT,STROKE,CrdPrv,Stroke
2022,19970,BRFSS,Health Outcomes,All teeth lost among adults aged >=65 years,%,Crude prevalence,8.5,7.0,10.3,7701,8591,"{'type': 'Point', 'coordinates': [-75.0994048, 38.5549727]}",19970,HLTHOUT,TEETHLOST,CrdPrv,All Teeth Lost
2022,19970,BRFSS,Disability,Vision disability among adults,%,Crude prevalence,4.5,4.1,4.9,7701,8591,"{'type': 'Point', 'coordinates': [-75.0994048, 38.5549727]}",19970,DISABLT,VISION,CrdPrv,Vision Disability
2022,19971,BRFSS,Prevention,Current lack of health insurance among adults aged 18-64 years,%,Crude prevalence,5.4,4.5,6.3,12899,14348,"{'type': 'Point', 'coordinates': [-75.0996997, 38.6945036]}",19971,PREVENT,ACCESS2,CrdPrv,Health Insurance
2022,19971,BRFSS,Health Outcomes,Arthritis among adults,%,Crude prevalence,35.0,31.9,38.5,12899,14348,"{'type': 'Point', 'coordinates': [-75.0996997, 38.6945036]}",19971,HLTHOUT,ARTHRITIS,CrdPrv,Arthritis
2022,19971,BRFSS,Health Risk Behaviors,Binge drinking among adults,%,Crude prevalence,13.9,11.8,16.4,12899,14348,"{'type': 'Point', 'coordinates': [-75.0996997, 38.6945036]}",19971,RISKBEH,BINGE,CrdPrv,Binge Drinking
2021,19971,BRFSS,Health Outcomes,High blood pressure among adults,%,Crude prevalence,39.7,35.8,43.8,12899,14348,"{'type': 'Point', 'coordinates': [-75.0996997, 38.6945036]}",19971,HLTHOUT,BPHIGH,CrdPrv,High Blood Pressure
2021,19971,BRFSS,Prevention,Taking medicine to control high blood pressure among adults with high blood pressure,%,Crude prevalence,86.7,84.3,88.8,12899,14348,"{'type': 'Point', 'coordinates': [-75.0996997, 38.6945036]}",19971,PREVENT,BPMED,CrdPrv,High Blood Pressure Medication
2022,19971,BRFSS,Health Outcomes,Cancer (non-skin) or melanoma among adults,%,Crude prevalence,13.5,12.4,14.7,12899,14348,"{'type': 'Point', 'coordinates': [-75.0996997, 38.6945036]}",19971,HLTHOUT,CANCER,CrdPrv,Cancer (non-skin) or Melanoma
2022,19971,BRFSS,Health Outcomes,Current asthma among adults,%,Crude prevalence,9.2,8.2,10.4,12899,14348,"{'type': 'Point', 'coordinates': [-75.0996997, 38.6945036]}",19971,HLTHOUT,CASTHMA,CrdPrv,Current Asthma
2022,19971,BRFSS,Health Outcomes,Coronary heart disease among adults,%,Crude prevalence,8.8,8.0,9.7,12899,14348,"{'type': 'Point', 'coordinates': [-75.0996997, 38.6945036]}",19971,HLTHOUT,CHD,CrdPrv,Coronary Heart Disease
2022,19971,BRFSS,Prevention,Visits to doctor for routine checkup within the past year among adults,%,Crude prevalence,84.2,81.6,86.7,12899,14348,"{'type': 'Point', 'coordinates': [-75.0996997, 38.6945036]}",19971,PREVENT,CHECKUP,CrdPrv,Annual Checkup
2021,19971,BRFSS,Prevention,Cholesterol screening among adults,%,Crude prevalence,92.8,91.4,94.1,12899,14348,"{'type': 'Point', 'coordinates': [-75.0996997, 38.6945036]}",19971,PREVENT,CHOLSCREEN,CrdPrv,Cholesterol Screening
2022,19971,BRFSS,Disability,Cognitive disability among adults,%,Crude prevalence,8.2,7.4,9.3,12899,14348,"{'type': 'Point', 'coordinates': [-75.0996997, 38.6945036]}",19971,DISABLT,COGNITION,CrdPrv,Cognitive Disability
2022,19971,BRFSS,Prevention,Colorectal cancer screening among adults aged 45–75 years,%,Crude prevalence,76.7,73.3,80.2,12899,14348,"{'type': 'Point', 'coordinates': [-75.0996997, 38.6945036]}",19971,PREVENT,COLON_SCREEN,CrdPrv,Colorectal Cancer Screening
2022,19971,BRFSS,Health Outcomes,Chronic obstructive pulmonary disease among adults,%,Crude prevalence,6.9,6.2,7.7,12899,14348,"{'type': 'Point', 'coordinates': [-75.0996997, 38.6945036]}",19971,HLTHOUT,COPD,CrdPrv,COPD
2022,19971,BRFSS,Health Risk Behaviors,Current cigarette smoking among adults,%,Crude prevalence,8.9,7.9,10.3,12899,14348,"{'type': 'Point', 'coordinates': [-75.0996997, 38.6945036]}",19971,RISKBEH,CSMOKING,CrdPrv,Current Cigarette Smoking
2022,19971,BRFSS,Prevention,Visited dentist or dental clinic in the past year among adults,%,Crude prevalence,73.6,70.7,76.5,12899,14348,"{'type': 'Point', 'coordinates': [-75.0996997, 38.6945036]}",19971,PREVENT,DENTAL,CrdPrv,Dental Visit
2022,19971,BRFSS,Health Outcomes,Depression among adults,%,Crude prevalence,17.4,15.1,20.3,12899,14348,"{'type': 'Point', 'coordinates': [-75.0996997, 38.6945036]}",19971,HLTHOUT,DEPRESSION,CrdPrv,Depression
2022,19971,BRFSS,Health Outcomes,Diagnosed diabetes among adults,%,Crude prevalence,12.1,10.7,13.8,12899,14348,"{'type': 'Point', 'coordinates': [-75.0996997, 38.6945036]}",19971,HLTHOUT,DIABETES,CrdPrv,Diabetes
2022,19971,BRFSS,Disability,Any disability among adults,%,Crude prevalence,23.5,20.9,26.6,12899,14348,"{'type': 'Point', 'coordinates': [-75.0996997, 38.6945036]}",19971,DISABLT,DISABILITY,CrdPrv,Any Disability
2022,19971,BRFSS,Health-Related Social Needs,Lack of social and emotional support among adults,%,Crude prevalence,17.3,14.8,19.8,12899,14348,"{'type': 'Point', 'coordinates': [-75.0996997, 38.6945036]}",19971,SOCLNEED,EMOTIONSPT,CrdPrv,Lack of Social/Emotional Support
2022,19971,BRFSS,Health-Related Social Needs,Food insecurity in the past 12 months among adults,%,Crude prevalence,5.8,5.1,6.5,12899,14348,"{'type': 'Point', 'coordinates': [-75.0996997, 38.6945036]}",19971,SOCLNEED,FOODINSECU,CrdPrv,Food Insecurity
2022,19971,BRFSS,Health-Related Social Needs,Received food stamps in the past 12 months among adults,%,Crude prevalence,4.2,3.6,4.9,12899,14348,"{'type': 'Point', 'coordinates': [-75.0996997, 38.6945036]}",19971,SOCLNEED,FOODSTAMP,CrdPrv,Food Stamps
2022,19971,BRFSS,Health Status,Fair or poor self-rated health status among adults,%,Crude prevalence,12.5,11.2,14.1,12899,14348,"{'type': 'Point', 'coordinates': [-75.0996997, 38.6945036]}",19971,HLTHSTAT,GHLTH,CrdPrv,General Health
2022,19971,BRFSS,Disability,Hearing disability among adults,%,Crude prevalence,8.2,7.4,9.2,12899,14348,"{'type': 'Point', 'coordinates': [-75.0996997, 38.6945036]}",19971,DISABLT,HEARING,CrdPrv,Hearing Disability
2021,19971,BRFSS,Health Outcomes,High cholesterol among adults who have ever been screened,%,Crude prevalence,43.2,39.0,47.4,12899,14348,"{'type': 'Point', 'coordinates': [-75.0996997, 38.6945036]}",19971,HLTHOUT,HIGHCHOL,CrdPrv,High Cholesterol
2022,19971,BRFSS,Health-Related Social Needs,Housing insecurity in the past 12 months among adults,%,Crude prevalence,5.4,4.8,6.1,12899,14348,"{'type': 'Point', 'coordinates': [-75.0996997, 38.6945036]}",19971,SOCLNEED,HOUSINSECU,CrdPrv,Housing Insecurity
2022,19971,BRFSS,Disability,Independent living disability among adults,%,Crude prevalence,5.1,4.6,5.7,12899,14348,"{'type': 'Point', 'coordinates': [-75.0996997, 38.6945036]}",19971,DISABLT,INDEPLIVE,CrdPrv,Independent Living Disability
2022,19971,BRFSS,Health-Related Social Needs,Feeling socially isolated among adults,%,Crude prevalence,23.7,20.4,27.1,12899,14348,"{'type': 'Point', 'coordinates': [-75.0996997, 38.6945036]}",19971,SOCLNEED,ISOLATION,CrdPrv,Social Isolation
2022,19971,BRFSS,Health-Related Social Needs,Lack of reliable transportation in the past 12 months among adults,%,Crude prevalence,4.1,3.6,4.5,12899,14348,"{'type': 'Point', 'coordinates': [-75.0996997, 38.6945036]}",19971,SOCLNEED,LACKTRPT,CrdPrv,Transportation Barriers
2022,19971,BRFSS,Health Risk Behaviors,No leisure-time physical activity among adults,%,Crude prevalence,18.0,15.6,21.0,12899,14348,"{'type': 'Point', 'coordinates': [-75.0996997, 38.6945036]}",19971,RISKBEH,LPA,CrdPrv,Physical Inactivity
2022,19971,BRFSS,Prevention,Mammography use among women aged 50-74 years,%,Crude prevalence,82.5,78.0,86.9,12899,14348,"{'type': 'Point', 'coordinates': [-75.0996997, 38.6945036]}",19971,PREVENT,MAMMOUSE,CrdPrv,Mammography
2022,19971,BRFSS,Health Status,Frequent mental distress among adults,%,Crude prevalence,10.6,9.5,11.8,12899,14348,"{'type': 'Point', 'coordinates': [-75.0996997, 38.6945036]}",19971,HLTHSTAT,MHLTH,CrdPrv,Frequent Mental Distress
2022,19971,BRFSS,Disability,Mobility disability among adults,%,Crude prevalence,11.8,10.5,13.3,12899,14348,"{'type': 'Point', 'coordinates': [-75.0996997, 38.6945036]}",19971,DISABLT,MOBILITY,CrdPrv,Mobility Disability
2022,19971,BRFSS,Health Outcomes,Obesity among adults,%,Crude prevalence,32.5,27.6,38.2,12899,14348,"{'type': 'Point', 'coordinates': [-75.0996997, 38.6945036]}",19971,HLTHOUT,OBESITY,CrdPrv,Obesity
2022,19971,BRFSS,Health Status,Frequent physical distress among adults,%,Crude prevalence,10.3,9.2,11.5,12899,14348,"{'type': 'Point', 'coordinates': [-75.0996997, 38.6945036]}",19971,HLTHSTAT,PHLTH,CrdPrv,Frequent Physical Distress
2022,19971,BRFSS,Disability,Self-care disability among adults,%,Crude prevalence,2.6,2.4,2.9,12899,14348,"{'type': 'Point', 'coordinates': [-75.0996997, 38.6945036]}",19971,DISABLT,SELFCARE,CrdPrv,Self-care Disability
2022,19971,BRFSS,Health-Related Social Needs,Utility services shut-off threat in the past 12 months among adults,%,Crude prevalence,3.5,3.1,4.1,12899,14348,"{'type': 'Point', 'coordinates': [-75.0996997, 38.6945036]}",19971,SOCLNEED,SHUTUTILITY,CrdPrv,Utility Services Threat
2022,19971,BRFSS,Health Risk Behaviors,Short sleep duration among adults,%,Crude prevalence,27.1,23.3,31.8,12899,14348,"{'type': 'Point', 'coordinates': [-75.0996997, 38.6945036]}",19971,RISKBEH,SLEEP,CrdPrv,Short Sleep Duration
2022,19971,BRFSS,Health Outcomes,Stroke among adults,%,Crude prevalence,3.7,3.5,4.0,12899,14348,"{'type': 'Point', 'coordinates': [-75.0996997, 38.6945036]}",19971,HLTHOUT,STROKE,CrdPrv,Stroke
2022,19971,BRFSS,Health Outcomes,All teeth lost among adults aged >=65 years,%,Crude prevalence,7.3,6.0,8.8,12899,14348,"{'type': 'Point', 'coordinates': [-75.0996997, 38.6945036]}",19971,HLTHOUT,TEETHLOST,CrdPrv,All Teeth Lost
2022,19971,BRFSS,Disability,Vision disability among adults,%,Crude prevalence,3.5,3.2,3.9,12899,14348,"{'type': 'Point', 'coordinates': [-75.0996997, 38.6945036]}",19971,DISABLT,VISION,CrdPrv,Vision Disability
2022,19973,BRFSS,Prevention,Current lack of health insurance among adults aged 18-64 years,%,Crude prevalence,12.0,10.5,13.6,19726,25550,"{'type': 'Point', 'coordinates': [-75.6235719, 38.6344621]}",19973,PREVENT,ACCESS2,CrdPrv,Health Insurance
2022,19973,BRFSS,Health Outcomes,Arthritis among adults,%,Crude prevalence,33.1,30.3,36.2,19726,25550,"{'type': 'Point', 'coordinates': [-75.6235719, 38.6344621]}",19973,HLTHOUT,ARTHRITIS,CrdPrv,Arthritis
2022,19973,BRFSS,Health Risk Behaviors,Binge drinking among adults,%,Crude prevalence,14.3,12.2,16.9,19726,25550,"{'type': 'Point', 'coordinates': [-75.6235719, 38.6344621]}",19973,RISKBEH,BINGE,CrdPrv,Binge Drinking
2021,19973,BRFSS,Health Outcomes,High blood pressure among adults,%,Crude prevalence,39.8,36.2,43.4,19726,25550,"{'type': 'Point', 'coordinates': [-75.6235719, 38.6344621]}",19973,HLTHOUT,BPHIGH,CrdPrv,High Blood Pressure
2021,19973,BRFSS,Prevention,Taking medicine to control high blood pressure among adults with high blood pressure,%,Crude prevalence,83.4,81.1,85.6,19726,25550,"{'type': 'Point', 'coordinates': [-75.6235719, 38.6344621]}",19973,PREVENT,BPMED,CrdPrv,High Blood Pressure Medication
2022,19973,BRFSS,Health Outcomes,Cancer (non-skin) or melanoma among adults,%,Crude prevalence,8.9,8.1,9.7,19726,25550,"{'type': 'Point', 'coordinates': [-75.6235719, 38.6344621]}",19973,HLTHOUT,CANCER,CrdPrv,Cancer (non-skin) or Melanoma
2022,19973,BRFSS,Health Outcomes,Current asthma among adults,%,Crude prevalence,11.3,10.2,12.8,19726,25550,"{'type': 'Point', 'coordinates': [-75.6235719, 38.6344621]}",19973,HLTHOUT,CASTHMA,CrdPrv,Current Asthma
2022,19973,BRFSS,Health Outcomes,Coronary heart disease among adults,%,Crude prevalence,9.0,8.3,9.9,19726,25550,"{'type': 'Point', 'coordinates': [-75.6235719, 38.6344621]}",19973,HLTHOUT,CHD,CrdPrv,Coronary Heart Disease
2022,19973,BRFSS,Prevention,Visits to doctor for routine checkup within the past year among adults,%,Crude prevalence,80.8,77.9,83.8,19726,25550,"{'type': 'Point', 'coordinates': [-75.6235719, 38.6344621]}",19973,PREVENT,CHECKUP,CrdPrv,Annual Checkup
2021,19973,BRFSS,Prevention,Cholesterol screening among adults,%,Crude prevalence,87.2,84.9,89.3,19726,25550,"{'type': 'Point', 'coordinates': [-75.6235719, 38.6344621]}",19973,PREVENT,CHOLSCREEN,CrdPrv,Cholesterol Screening
2022,19973,BRFSS,Disability,Cognitive disability among adults,%,Crude prevalence,15.0,13.6,16.7,19726,25550,"{'type': 'Point', 'coordinates': [-75.6235719, 38.6344621]}",19973,DISABLT,COGNITION,CrdPrv,Cognitive Disability
2022,19973,BRFSS,Prevention,Colorectal cancer screening among adults aged 45–75 years,%,Crude prevalence,65.8,61.8,70.1,19726,25550,"{'type': 'Point', 'coordinates': [-75.6235719, 38.6344621]}",19973,PREVENT,COLON_SCREEN,CrdPrv,Colorectal Cancer Screening
2022,19973,BRFSS,Health Outcomes,Chronic obstructive pulmonary disease among adults,%,Crude prevalence,10.0,9.1,11.1,19726,25550,"{'type': 'Point', 'coordinates': [-75.6235719, 38.6344621]}",19973,HLTHOUT,COPD,CrdPrv,COPD
2022,19973,BRFSS,Health Risk Behaviors,Current cigarette smoking among adults,%,Crude prevalence,17.4,15.6,19.7,19726,25550,"{'type': 'Point', 'coordinates': [-75.6235719, 38.6344621]}",19973,RISKBEH,CSMOKING,CrdPrv,Current Cigarette Smoking
2022,19973,BRFSS,Prevention,Visited dentist or dental clinic in the past year among adults,%,Crude prevalence,55.6,52.1,59.3,19726,25550,"{'type': 'Point', 'coordinates': [-75.6235719, 38.6344621]}",19973,PREVENT,DENTAL,CrdPrv,Dental Visit
2022,19973,BRFSS,Health Outcomes,Depression among adults,%,Crude prevalence,20.6,18.0,23.8,19726,25550,"{'type': 'Point', 'coordinates': [-75.6235719, 38.6344621]}",19973,HLTHOUT,DEPRESSION,CrdPrv,Depression
2022,19973,BRFSS,Health Outcomes,Diagnosed diabetes among adults,%,Crude prevalence,14.9,13.3,16.8,19726,25550,"{'type': 'Point', 'coordinates': [-75.6235719, 38.6344621]}",19973,HLTHOUT,DIABETES,CrdPrv,Diabetes
2022,19973,BRFSS,Disability,Any disability among adults,%,Crude prevalence,32.9,29.8,36.5,19726,25550,"{'type': 'Point', 'coordinates': [-75.6235719, 38.6344621]}",19973,DISABLT,DISABILITY,CrdPrv,Any Disability
2022,19973,BRFSS,Health-Related Social Needs,Lack of social and emotional support among adults,%,Crude prevalence,24.4,21.3,27.6,19726,25550,"{'type': 'Point', 'coordinates': [-75.6235719, 38.6344621]}",19973,SOCLNEED,EMOTIONSPT,CrdPrv,Lack of Social/Emotional Support
2022,19973,BRFSS,Health-Related Social Needs,Food insecurity in the past 12 months among adults,%,Crude prevalence,17.3,15.6,19.1,19726,25550,"{'type': 'Point', 'coordinates': [-75.6235719, 38.6344621]}",19973,SOCLNEED,FOODINSECU,CrdPrv,Food Insecurity
2022,19973,BRFSS,Health-Related Social Needs,Received food stamps in the past 12 months among adults,%,Crude prevalence,16.5,14.5,18.5,19726,25550,"{'type': 'Point', 'coordinates': [-75.6235719, 38.6344621]}",19973,SOCLNEED,FOODSTAMP,CrdPrv,Food Stamps
2022,19973,BRFSS,Health Status,Fair or poor self-rated health status among adults,%,Crude prevalence,21.8,19.8,24.1,19726,25550,"{'type': 'Point', 'coordinates': [-75.6235719, 38.6344621]}",19973,HLTHSTAT,GHLTH,CrdPrv,General Health
2022,19973,BRFSS,Disability,Hearing disability among adults,%,Crude prevalence,8.6,7.8,9.6,19726,25550,"{'type': 'Point', 'coordinates': [-75.6235719, 38.6344621]}",19973,DISABLT,HEARING,CrdPrv,Hearing Disability
2021,19973,BRFSS,Health Outcomes,High cholesterol among adults who have ever been screened,%,Crude prevalence,38.4,34.8,42.2,19726,25550,"{'type': 'Point', 'coordinates': [-75.6235719, 38.6344621]}",19973,HLTHOUT,HIGHCHOL,CrdPrv,High Cholesterol
2022,19973,BRFSS,Health-Related Social Needs,Housing insecurity in the past 12 months among adults,%,Crude prevalence,14.9,13.4,16.5,19726,25550,"{'type': 'Point', 'coordinates': [-75.6235719, 38.6344621]}",19973,SOCLNEED,HOUSINSECU,CrdPrv,Housing Insecurity
2022,19973,BRFSS,Disability,Independent living disability among adults,%,Crude prevalence,9.7,8.8,10.7,19726,25550,"{'type': 'Point', 'coordinates': [-75.6235719, 38.6344621]}",19973,DISABLT,INDEPLIVE,CrdPrv,Independent Living Disability
2022,19973,BRFSS,Health-Related Social Needs,Feeling socially isolated among adults,%,Crude prevalence,29.2,25.4,33.0,19726,25550,"{'type': 'Point', 'coordinates': [-75.6235719, 38.6344621]}",19973,SOCLNEED,ISOLATION,CrdPrv,Social Isolation
2022,19973,BRFSS,Health-Related Social Needs,Lack of reliable transportation in the past 12 months among adults,%,Crude prevalence,10.1,9.2,11.1,19726,25550,"{'type': 'Point', 'coordinates': [-75.6235719, 38.6344621]}",19973,SOCLNEED,LACKTRPT,CrdPrv,Transportation Barriers
2022,19973,BRFSS,Health Risk Behaviors,No leisure-time physical activity among adults,%,Crude prevalence,28.8,25.4,32.7,19726,25550,"{'type': 'Point', 'coordinates': [-75.6235719, 38.6344621]}",19973,RISKBEH,LPA,CrdPrv,Physical Inactivity
2022,19973,BRFSS,Prevention,Mammography use among women aged 50-74 years,%,Crude prevalence,77.5,72.1,82.8,19726,25550,"{'type': 'Point', 'coordinates': [-75.6235719, 38.6344621]}",19973,PREVENT,MAMMOUSE,CrdPrv,Mammography
2022,19973,BRFSS,Health Status,Frequent mental distress among adults,%,Crude prevalence,16.6,15.1,18.4,19726,25550,"{'type': 'Point', 'coordinates': [-75.6235719, 38.6344621]}",19973,HLTHSTAT,MHLTH,CrdPrv,Frequent Mental Distress
2022,19973,BRFSS,Disability,Mobility disability among adults,%,Crude prevalence,17.5,15.9,19.5,19726,25550,"{'type': 'Point', 'coordinates': [-75.6235719, 38.6344621]}",19973,DISABLT,MOBILITY,CrdPrv,Mobility Disability
2022,19973,BRFSS,Health Outcomes,Obesity among adults,%,Crude prevalence,41.1,35.7,47.2,19726,25550,"{'type': 'Point', 'coordinates': [-75.6235719, 38.6344621]}",19973,HLTHOUT,OBESITY,CrdPrv,Obesity
2022,19973,BRFSS,Health Status,Frequent physical distress among adults,%,Crude prevalence,14.8,13.4,16.4,19726,25550,"{'type': 'Point', 'coordinates': [-75.6235719, 38.6344621]}",19973,HLTHSTAT,PHLTH,CrdPrv,Frequent Physical Distress
2022,19973,BRFSS,Health-Related Social Needs,Utility services shut-off threat in the past 12 months among adults,%,Crude prevalence,9.9,8.7,11.1,19726,25550,"{'type': 'Point', 'coordinates': [-75.6235719, 38.6344621]}",19973,SOCLNEED,SHUTUTILITY,CrdPrv,Utility Services Threat
2022,19973,BRFSS,Health Risk Behaviors,Short sleep duration among adults,%,Crude prevalence,36.2,31.7,41.4,19726,25550,"{'type': 'Point', 'coordinates': [-75.6235719, 38.6344621]}",19973,RISKBEH,SLEEP,CrdPrv,Short Sleep Duration
2022,19973,BRFSS,Health Outcomes,Stroke among adults,%,Crude prevalence,5.0,4.6,5.4,19726,25550,"{'type': 'Point', 'coordinates': [-75.6235719, 38.6344621]}",19973,HLTHOUT,STROKE,CrdPrv,Stroke
2022,19973,BRFSS,Health Outcomes,All teeth lost among adults aged >=65 years,%,Crude prevalence,17.2,14.6,20.3,19726,25550,"{'type': 'Point', 'coordinates': [-75.6235719, 38.6344621]}",19973,HLTHOUT,TEETHLOST,CrdPrv,All Teeth Lost
2022,19973,BRFSS,Disability,Vision disability among adults,%,Crude prevalence,6.9,6.3,7.5,19726,25550,"{'type': 'Point', 'coordinates': [-75.6235719, 38.6344621]}",19973,DISABLT,VISION,CrdPrv,Vision Disability
2022,19975,BRFSS,Prevention,Current lack of health insurance among adults aged 18-64 years,%,Crude prevalence,8.3,7.1,9.7,9182,10476,"{'type': 'Point', 'coordinates': [-75.1668798, 38.4683272]}",19975,PREVENT,ACCESS2,CrdPrv,Health Insurance
2022,19975,BRFSS,Health Outcomes,Arthritis among adults,%,Crude prevalence,38.3,35.1,42.0,9182,10476,"{'type': 'Point', 'coordinates': [-75.1668798, 38.4683272]}",19975,HLTHOUT,ARTHRITIS,CrdPrv,Arthritis
2022,19975,BRFSS,Health Risk Behaviors,Binge drinking among adults,%,Crude prevalence,12.9,10.9,15.4,9182,10476,"{'type': 'Point', 'coordinates': [-75.1668798, 38.4683272]}",19975,RISKBEH,BINGE,CrdPrv,Binge Drinking
2021,19975,BRFSS,Health Outcomes,High blood pressure among adults,%,Crude prevalence,43.0,39.0,47.1,9182,10476,"{'type': 'Point', 'coordinates': [-75.1668798, 38.4683272]}",19975,HLTHOUT,BPHIGH,CrdPrv,High Blood Pressure
2021,19975,BRFSS,Prevention,Taking medicine to control high blood pressure among adults with high blood pressure,%,Crude prevalence,87.4,85.0,89.5,9182,10476,"{'type': 'Point', 'coordinates': [-75.1668798, 38.4683272]}",19975,PREVENT,BPMED,CrdPrv,High Blood Pressure Medication
2022,19975,BRFSS,Health Outcomes,Cancer (non-skin) or melanoma among adults,%,Crude prevalence,13.3,12.2,14.5,9182,10476,"{'type': 'Point', 'coordinates': [-75.1668798, 38.4683272]}",19975,HLTHOUT,CANCER,CrdPrv,Cancer (non-skin) or Melanoma
2022,19975,BRFSS,Health Outcomes,Current asthma among adults,%,Crude prevalence,9.9,8.8,11.2,9182,10476,"{'type': 'Point', 'coordinates': [-75.1668798, 38.4683272]}",19975,HLTHOUT,CASTHMA,CrdPrv,Current Asthma
2022,19975,BRFSS,Health Outcomes,Coronary heart disease among adults,%,Crude prevalence,10.2,9.3,11.2,9182,10476,"{'type': 'Point', 'coordinates': [-75.1668798, 38.4683272]}",19975,HLTHOUT,CHD,CrdPrv,Coronary Heart Disease
2022,19975,BRFSS,Prevention,Visits to doctor for routine checkup within the past year among adults,%,Crude prevalence,84.2,81.6,86.8,9182,10476,"{'type': 'Point', 'coordinates': [-75.1668798, 38.4683272]}",19975,PREVENT,CHECKUP,CrdPrv,Annual Checkup
2021,19975,BRFSS,Prevention,Cholesterol screening among adults,%,Crude prevalence,92.1,90.5,93.5,9182,10476,"{'type': 'Point', 'coordinates': [-75.1668798, 38.4683272]}",19975,PREVENT,CHOLSCREEN,CrdPrv,Cholesterol Screening
2022,19975,BRFSS,Disability,Cognitive disability among adults,%,Crude prevalence,10.5,9.4,11.8,9182,10476,"{'type': 'Point', 'coordinates': [-75.1668798, 38.4683272]}",19975,DISABLT,COGNITION,CrdPrv,Cognitive Disability
2022,19975,BRFSS,Prevention,Colorectal cancer screening among adults aged 45–75 years,%,Crude prevalence,74.9,71.3,78.7,9182,10476,"{'type': 'Point', 'coordinates': [-75.1668798, 38.4683272]}",19975,PREVENT,COLON_SCREEN,CrdPrv,Colorectal Cancer Screening
2022,19975,BRFSS,Health Outcomes,Chronic obstructive pulmonary disease among adults,%,Crude prevalence,9.5,8.5,10.5,9182,10476,"{'type': 'Point', 'coordinates': [-75.1668798, 38.4683272]}",19975,HLTHOUT,COPD,CrdPrv,COPD
2022,19975,BRFSS,Health Risk Behaviors,Current cigarette smoking among adults,%,Crude prevalence,12.2,10.8,14.0,9182,10476,"{'type': 'Point', 'coordinates': [-75.1668798, 38.4683272]}",19975,RISKBEH,CSMOKING,CrdPrv,Current Cigarette Smoking
2022,19975,BRFSS,Prevention,Visited dentist or dental clinic in the past year among adults,%,Crude prevalence,67.3,64.1,70.8,9182,10476,"{'type': 'Point', 'coordinates': [-75.1668798, 38.4683272]}",19975,PREVENT,DENTAL,CrdPrv,Dental Visit
2022,19975,BRFSS,Health Outcomes,Depression among adults,%,Crude prevalence,18.2,15.7,21.2,9182,10476,"{'type': 'Point', 'coordinates': [-75.1668798, 38.4683272]}",19975,HLTHOUT,DEPRESSION,CrdPrv,Depression
2022,19975,BRFSS,Health Outcomes,Diagnosed diabetes among adults,%,Crude prevalence,14.5,12.8,16.5,9182,10476,"{'type': 'Point', 'coordinates': [-75.1668798, 38.4683272]}",19975,HLTHOUT,DIABETES,CrdPrv,Diabetes
2022,19975,BRFSS,Disability,Any disability among adults,%,Crude prevalence,29.1,26.1,32.6,9182,10476,"{'type': 'Point', 'coordinates': [-75.1668798, 38.4683272]}",19975,DISABLT,DISABILITY,CrdPrv,Any Disability
2022,19975,BRFSS,Health-Related Social Needs,Lack of social and emotional support among adults,%,Crude prevalence,19.3,16.7,22.1,9182,10476,"{'type': 'Point', 'coordinates': [-75.1668798, 38.4683272]}",19975,SOCLNEED,EMOTIONSPT,CrdPrv,Lack of Social/Emotional Support
2022,19975,BRFSS,Health-Related Social Needs,Food insecurity in the past 12 months among adults,%,Crude prevalence,8.4,7.4,9.4,9182,10476,"{'type': 'Point', 'coordinates': [-75.1668798, 38.4683272]}",19975,SOCLNEED,FOODINSECU,CrdPrv,Food Insecurity
2022,19975,BRFSS,Health-Related Social Needs,Received food stamps in the past 12 months among adults,%,Crude prevalence,6.5,5.6,7.4,9182,10476,"{'type': 'Point', 'coordinates': [-75.1668798, 38.4683272]}",19975,SOCLNEED,FOODSTAMP,CrdPrv,Food Stamps
2022,19975,BRFSS,Health Status,Fair or poor self-rated health status among adults,%,Crude prevalence,16.8,15.1,18.8,9182,10476,"{'type': 'Point', 'coordinates': [-75.1668798, 38.4683272]}",19975,HLTHSTAT,GHLTH,CrdPrv,General Health
2022,19975,BRFSS,Disability,Hearing disability among adults,%,Crude prevalence,9.5,8.6,10.7,9182,10476,"{'type': 'Point', 'coordinates': [-75.1668798, 38.4683272]}",19975,DISABLT,HEARING,CrdPrv,Hearing Disability
2021,19975,BRFSS,Health Outcomes,High cholesterol among adults who have ever been screened,%,Crude prevalence,44.6,40.4,48.8,9182,10476,"{'type': 'Point', 'coordinates': [-75.1668798, 38.4683272]}",19975,HLTHOUT,HIGHCHOL,CrdPrv,High Cholesterol
2022,19975,BRFSS,Health-Related Social Needs,Housing insecurity in the past 12 months among adults,%,Crude prevalence,7.3,6.5,8.2,9182,10476,"{'type': 'Point', 'coordinates': [-75.1668798, 38.4683272]}",19975,SOCLNEED,HOUSINSECU,CrdPrv,Housing Insecurity
2022,19975,BRFSS,Disability,Independent living disability among adults,%,Crude prevalence,7.0,6.3,7.7,9182,10476,"{'type': 'Point', 'coordinates': [-75.1668798, 38.4683272]}",19975,DISABLT,INDEPLIVE,CrdPrv,Independent Living Disability
2022,19975,BRFSS,Health-Related Social Needs,Feeling socially isolated among adults,%,Crude prevalence,24.8,21.4,28.3,9182,10476,"{'type': 'Point', 'coordinates': [-75.1668798, 38.4683272]}",19975,SOCLNEED,ISOLATION,CrdPrv,Social Isolation
2022,19975,BRFSS,Health-Related Social Needs,Lack of reliable transportation in the past 12 months among adults,%,Crude prevalence,5.3,4.8,5.8,9182,10476,"{'type': 'Point', 'coordinates': [-75.1668798, 38.4683272]}",19975,SOCLNEED,LACKTRPT,CrdPrv,Transportation Barriers
2022,19975,BRFSS,Health Risk Behaviors,No leisure-time physical activity among adults,%,Crude prevalence,23.7,20.7,27.4,9182,10476,"{'type': 'Point', 'coordinates': [-75.1668798, 38.4683272]}",19975,RISKBEH,LPA,CrdPrv,Physical Inactivity
2022,19975,BRFSS,Prevention,Mammography use among women aged 50-74 years,%,Crude prevalence,80.8,75.9,85.6,9182,10476,"{'type': 'Point', 'coordinates': [-75.1668798, 38.4683272]}",19975,PREVENT,MAMMOUSE,CrdPrv,Mammography
2022,19975,BRFSS,Health Status,Frequent mental distress among adults,%,Crude prevalence,12.1,10.9,13.6,9182,10476,"{'type': 'Point', 'coordinates': [-75.1668798, 38.4683272]}",19975,HLTHSTAT,MHLTH,CrdPrv,Frequent Mental Distress
2022,19975,BRFSS,Disability,Mobility disability among adults,%,Crude prevalence,15.7,14.1,17.6,9182,10476,"{'type': 'Point', 'coordinates': [-75.1668798, 38.4683272]}",19975,DISABLT,MOBILITY,CrdPrv,Mobility Disability
2022,19975,BRFSS,Health Outcomes,Obesity among adults,%,Crude prevalence,35.3,30.1,41.4,9182,10476,"{'type': 'Point', 'coordinates': [-75.1668798, 38.4683272]}",19975,HLTHOUT,OBESITY,CrdPrv,Obesity
2022,19975,BRFSS,Health Status,Frequent physical distress among adults,%,Crude prevalence,12.8,11.5,14.4,9182,10476,"{'type': 'Point', 'coordinates': [-75.1668798, 38.4683272]}",19975,HLTHSTAT,PHLTH,CrdPrv,Frequent Physical Distress
2022,19975,BRFSS,Disability,Self-care disability among adults,%,Crude prevalence,3.6,3.3,3.9,9182,10476,"{'type': 'Point', 'coordinates': [-75.1668798, 38.4683272]}",19975,DISABLT,SELFCARE,CrdPrv,Self-care Disability
2022,19975,BRFSS,Health-Related Social Needs,Utility services shut-off threat in the past 12 months among adults,%,Crude prevalence,4.6,4.0,5.2,9182,10476,"{'type': 'Point', 'coordinates': [-75.1668798, 38.4683272]}",19975,SOCLNEED,SHUTUTILITY,CrdPrv,Utility Services Threat
2022,19975,BRFSS,Health Risk Behaviors,Short sleep duration among adults,%,Crude prevalence,29.6,25.4,34.5,9182,10476,"{'type': 'Point', 'coordinates': [-75.1668798, 38.4683272]}",19975,RISKBEH,SLEEP,CrdPrv,Short Sleep Duration
2022,19975,BRFSS,Health Outcomes,Stroke among adults,%,Crude prevalence,4.7,4.3,5.0,9182,10476,"{'type': 'Point', 'coordinates': [-75.1668798, 38.4683272]}",19975,HLTHOUT,STROKE,CrdPrv,Stroke
2022,19975,BRFSS,Health Outcomes,All teeth lost among adults aged >=65 years,%,Crude prevalence,9.3,7.8,11.3,9182,10476,"{'type': 'Point', 'coordinates': [-75.1668798, 38.4683272]}",19975,HLTHOUT,TEETHLOST,CrdPrv,All Teeth Lost
2022,19975,BRFSS,Disability,Vision disability among adults,%,Crude prevalence,4.8,4.4,5.3,9182,10476,"{'type': 'Point', 'coordinates': [-75.1668798, 38.4683272]}",19975,DISABLT,VISION,CrdPrv,Vision Disability
2022,19977,BRFSS,Prevention,Current lack of health insurance among adults aged 18-64 years,%,Crude prevalence,9.2,8.0,10.5,21311,27505,"{'type': 'Point', 'coordinates': [-75.5461219, 39.2989462]}",19977,PREVENT,ACCESS2,CrdPrv,Health Insurance
2022,19977,BRFSS,Health Outcomes,Arthritis among adults,%,Crude prevalence,28.8,26.1,31.5,21311,27505,"{'type': 'Point', 'coordinates': [-75.5461219, 39.2989462]}",19977,HLTHOUT,ARTHRITIS,CrdPrv,Arthritis
2022,19977,BRFSS,Health Risk Behaviors,Binge drinking among adults,%,Crude prevalence,15.3,13.0,17.7,21311,27505,"{'type': 'Point', 'coordinates': [-75.5461219, 39.2989462]}",19977,RISKBEH,BINGE,CrdPrv,Binge Drinking
2021,19977,BRFSS,Health Outcomes,High blood pressure among adults,%,Crude prevalence,37.3,34.0,40.5,21311,27505,"{'type': 'Point', 'coordinates': [-75.5461219, 39.2989462]}",19977,HLTHOUT,BPHIGH,CrdPrv,High Blood Pressure
2021,19977,BRFSS,Prevention,Taking medicine to control high blood pressure among adults with high blood pressure,%,Crude prevalence,79.2,76.7,81.5,21311,27505,"{'type': 'Point', 'coordinates': [-75.5461219, 39.2989462]}",19977,PREVENT,BPMED,CrdPrv,High Blood Pressure Medication
2022,19977,BRFSS,Health Outcomes,Cancer (non-skin) or melanoma among adults,%,Crude prevalence,8.0,7.3,8.7,21311,27505,"{'type': 'Point', 'coordinates': [-75.5461219, 39.2989462]}",19977,HLTHOUT,CANCER,CrdPrv,Cancer (non-skin) or Melanoma
2022,19977,BRFSS,Health Outcomes,Current asthma among adults,%,Crude prevalence,11.7,10.5,13.0,21311,27505,"{'type': 'Point', 'coordinates': [-75.5461219, 39.2989462]}",19977,HLTHOUT,CASTHMA,CrdPrv,Current Asthma
2022,19977,BRFSS,Health Outcomes,Coronary heart disease among adults,%,Crude prevalence,6.7,6.1,7.4,21311,27505,"{'type': 'Point', 'coordinates': [-75.5461219, 39.2989462]}",19977,HLTHOUT,CHD,CrdPrv,Coronary Heart Disease
2022,19977,BRFSS,Prevention,Visits to doctor for routine checkup within the past year among adults,%,Crude prevalence,78.1,74.8,81.1,21311,27505,"{'type': 'Point', 'coordinates': [-75.5461219, 39.2989462]}",19977,PREVENT,CHECKUP,CrdPrv,Annual Checkup
2021,19977,BRFSS,Prevention,Cholesterol screening among adults,%,Crude prevalence,87.2,85.0,89.1,21311,27505,"{'type': 'Point', 'coordinates': [-75.5461219, 39.2989462]}",19977,PREVENT,CHOLSCREEN,CrdPrv,Cholesterol Screening
2022,19977,BRFSS,Disability,Cognitive disability among adults,%,Crude prevalence,13.5,12.2,14.9,21311,27505,"{'type': 'Point', 'coordinates': [-75.5461219, 39.2989462]}",19977,DISABLT,COGNITION,CrdPrv,Cognitive Disability
2022,19977,BRFSS,Prevention,Colorectal cancer screening among adults aged 45–75 years,%,Crude prevalence,66.3,62.3,70.2,21311,27505,"{'type': 'Point', 'coordinates': [-75.5461219, 39.2989462]}",19977,PREVENT,COLON_SCREEN,CrdPrv,Colorectal Cancer Screening
2022,19977,BRFSS,Health Outcomes,Chronic obstructive pulmonary disease among adults,%,Crude prevalence,7.7,6.9,8.5,21311,27505,"{'type': 'Point', 'coordinates': [-75.5461219, 39.2989462]}",19977,HLTHOUT,COPD,CrdPrv,COPD
2022,19977,BRFSS,Health Risk Behaviors,Current cigarette smoking among adults,%,Crude prevalence,16.3,14.5,18.1,21311,27505,"{'type': 'Point', 'coordinates': [-75.5461219, 39.2989462]}",19977,RISKBEH,CSMOKING,CrdPrv,Current Cigarette Smoking
2022,19977,BRFSS,Prevention,Visited dentist or dental clinic in the past year among adults,%,Crude prevalence,61.7,58.2,65.0,21311,27505,"{'type': 'Point', 'coordinates': [-75.5461219, 39.2989462]}",19977,PREVENT,DENTAL,CrdPrv,Dental Visit
2022,19977,BRFSS,Health Outcomes,Depression among adults,%,Crude prevalence,19.5,16.9,22.3,21311,27505,"{'type': 'Point', 'coordinates': [-75.5461219, 39.2989462]}",19977,HLTHOUT,DEPRESSION,CrdPrv,Depression
2022,19977,BRFSS,Health Outcomes,Diagnosed diabetes among adults,%,Crude prevalence,13.3,11.9,14.9,21311,27505,"{'type': 'Point', 'coordinates': [-75.5461219, 39.2989462]}",19977,HLTHOUT,DIABETES,CrdPrv,Diabetes
2022,19977,BRFSS,Disability,Any disability among adults,%,Crude prevalence,28.7,25.7,31.7,21311,27505,"{'type': 'Point', 'coordinates': [-75.5461219, 39.2989462]}",19977,DISABLT,DISABILITY,CrdPrv,Any Disability
2022,19977,BRFSS,Health-Related Social Needs,Lack of social and emotional support among adults,%,Crude prevalence,24.4,21.7,27.5,21311,27505,"{'type': 'Point', 'coordinates': [-75.5461219, 39.2989462]}",19977,SOCLNEED,EMOTIONSPT,CrdPrv,Lack of Social/Emotional Support
2022,19977,BRFSS,Health-Related Social Needs,Food insecurity in the past 12 months among adults,%,Crude prevalence,15.4,14.1,16.9,21311,27505,"{'type': 'Point', 'coordinates': [-75.5461219, 39.2989462]}",19977,SOCLNEED,FOODINSECU,CrdPrv,Food Insecurity
2022,19977,BRFSS,Health-Related Social Needs,Received food stamps in the past 12 months among adults,%,Crude prevalence,13.6,12.1,15.2,21311,27505,"{'type': 'Point', 'coordinates': [-75.5461219, 39.2989462]}",19977,SOCLNEED,FOODSTAMP,CrdPrv,Food Stamps
2022,19977,BRFSS,Health Status,Fair or poor self-rated health status among adults,%,Crude prevalence,18.0,16.2,19.8,21311,27505,"{'type': 'Point', 'coordinates': [-75.5461219, 39.2989462]}",19977,HLTHSTAT,GHLTH,CrdPrv,General Health
2022,19977,BRFSS,Disability,Hearing disability among adults,%,Crude prevalence,6.5,5.9,7.2,21311,27505,"{'type': 'Point', 'coordinates': [-75.5461219, 39.2989462]}",19977,DISABLT,HEARING,CrdPrv,Hearing Disability
2021,19977,BRFSS,Health Outcomes,High cholesterol among adults who have ever been screened,%,Crude prevalence,35.7,32.3,39.0,21311,27505,"{'type': 'Point', 'coordinates': [-75.5461219, 39.2989462]}",19977,HLTHOUT,HIGHCHOL,CrdPrv,High Cholesterol
2022,19977,BRFSS,Health-Related Social Needs,Housing insecurity in the past 12 months among adults,%,Crude prevalence,13.9,12.7,15.3,21311,27505,"{'type': 'Point', 'coordinates': [-75.5461219, 39.2989462]}",19977,SOCLNEED,HOUSINSECU,CrdPrv,Housing Insecurity
2022,19977,BRFSS,Disability,Independent living disability among adults,%,Crude prevalence,7.7,7.0,8.4,21311,27505,"{'type': 'Point', 'coordinates': [-75.5461219, 39.2989462]}",19977,DISABLT,INDEPLIVE,CrdPrv,Independent Living Disability
2022,19977,BRFSS,Health-Related Social Needs,Feeling socially isolated among adults,%,Crude prevalence,31.2,27.7,35.0,21311,27505,"{'type': 'Point', 'coordinates': [-75.5461219, 39.2989462]}",19977,SOCLNEED,ISOLATION,CrdPrv,Social Isolation
2022,19977,BRFSS,Health-Related Social Needs,Lack of reliable transportation in the past 12 months among adults,%,Crude prevalence,8.8,8.2,9.6,21311,27505,"{'type': 'Point', 'coordinates': [-75.5461219, 39.2989462]}",19977,SOCLNEED,LACKTRPT,CrdPrv,Transportation Barriers
2022,19977,BRFSS,Health Risk Behaviors,No leisure-time physical activity among adults,%,Crude prevalence,26.1,22.9,29.5,21311,27505,"{'type': 'Point', 'coordinates': [-75.5461219, 39.2989462]}",19977,RISKBEH,LPA,CrdPrv,Physical Inactivity
2022,19977,BRFSS,Prevention,Mammography use among women aged 50-74 years,%,Crude prevalence,75.1,69.0,80.4,21311,27505,"{'type': 'Point', 'coordinates': [-75.5461219, 39.2989462]}",19977,PREVENT,MAMMOUSE,CrdPrv,Mammography
2022,19977,BRFSS,Health Status,Frequent mental distress among adults,%,Crude prevalence,16.1,14.6,17.7,21311,27505,"{'type': 'Point', 'coordinates': [-75.5461219, 39.2989462]}",19977,HLTHSTAT,MHLTH,CrdPrv,Frequent Mental Distress
2022,19977,BRFSS,Disability,Mobility disability among adults,%,Crude prevalence,13.7,12.3,15.1,21311,27505,"{'type': 'Point', 'coordinates': [-75.5461219, 39.2989462]}",19977,DISABLT,MOBILITY,CrdPrv,Mobility Disability
2022,19977,BRFSS,Health Outcomes,Obesity among adults,%,Crude prevalence,40.0,34.5,45.6,21311,27505,"{'type': 'Point', 'coordinates': [-75.5461219, 39.2989462]}",19977,HLTHOUT,OBESITY,CrdPrv,Obesity
2022,19977,BRFSS,Health Status,Frequent physical distress among adults,%,Crude prevalence,12.5,11.3,13.8,21311,27505,"{'type': 'Point', 'coordinates': [-75.5461219, 39.2989462]}",19977,HLTHSTAT,PHLTH,CrdPrv,Frequent Physical Distress
2022,19977,BRFSS,Disability,Self-care disability among adults,%,Crude prevalence,4.0,3.7,4.3,21311,27505,"{'type': 'Point', 'coordinates': [-75.5461219, 39.2989462]}",19977,DISABLT,SELFCARE,CrdPrv,Self-care Disability
2022,19977,BRFSS,Health-Related Social Needs,Utility services shut-off threat in the past 12 months among adults,%,Crude prevalence,9.5,8.5,10.6,21311,27505,"{'type': 'Point', 'coordinates': [-75.5461219, 39.2989462]}",19977,SOCLNEED,SHUTUTILITY,CrdPrv,Utility Services Threat
2022,19977,BRFSS,Health Risk Behaviors,Short sleep duration among adults,%,Crude prevalence,40.6,35.7,45.6,21311,27505,"{'type': 'Point', 'coordinates': [-75.5461219, 39.2989462]}",19977,RISKBEH,SLEEP,CrdPrv,Short Sleep Duration
2022,19977,BRFSS,Health Outcomes,Stroke among adults,%,Crude prevalence,4.0,3.7,4.2,21311,27505,"{'type': 'Point', 'coordinates': [-75.5461219, 39.2989462]}",19977,HLTHOUT,STROKE,CrdPrv,Stroke
2022,19977,BRFSS,Health Outcomes,All teeth lost among adults aged >=65 years,%,Crude prevalence,13.6,11.4,16.0,21311,27505,"{'type': 'Point', 'coordinates': [-75.5461219, 39.2989462]}",19977,HLTHOUT,TEETHLOST,CrdPrv,All Teeth Lost
2022,19977,BRFSS,Disability,Vision disability among adults,%,Crude prevalence,5.3,4.9,5.7,21311,27505,"{'type': 'Point', 'coordinates': [-75.5461219, 39.2989462]}",19977,DISABLT,VISION,CrdPrv,Vision Disability
2022,19979,BRFSS,Prevention,Current lack of health insurance among adults aged 18-64 years,%,Crude prevalence,9.4,7.2,12.0,581,722,"{'type': 'Point', 'coordinates': [-75.5764624, 39.0503674]}",19979,PREVENT,ACCESS2,CrdPrv,Health Insurance
2022,19979,BRFSS,Health Outcomes,Arthritis among adults,%,Crude prevalence,32.0,28.9,35.1,581,722,"{'type': 'Point', 'coordinates': [-75.5764624, 39.0503674]}",19979,HLTHOUT,ARTHRITIS,CrdPrv,Arthritis
2022,19979,BRFSS,Health Risk Behaviors,Binge drinking among adults,%,Crude prevalence,15.7,13.1,18.5,581,722,"{'type': 'Point', 'coordinates': [-75.5764624, 39.0503674]}",19979,RISKBEH,BINGE,CrdPrv,Binge Drinking
2021,19979,BRFSS,Health Outcomes,High blood pressure among adults,%,Crude prevalence,38.1,34.4,41.6,581,722,"{'type': 'Point', 'coordinates': [-75.5764624, 39.0503674]}",19979,HLTHOUT,BPHIGH,CrdPrv,High Blood Pressure
2021,19979,BRFSS,Prevention,Taking medicine to control high blood pressure among adults with high blood pressure,%,Crude prevalence,80.5,77.7,83.0,581,722,"{'type': 'Point', 'coordinates': [-75.5764624, 39.0503674]}",19979,PREVENT,BPMED,CrdPrv,High Blood Pressure Medication
2022,19979,BRFSS,Health Outcomes,Cancer (non-skin) or melanoma among adults,%,Crude prevalence,9.5,8.6,10.5,581,722,"{'type': 'Point', 'coordinates': [-75.5764624, 39.0503674]}",19979,HLTHOUT,CANCER,CrdPrv,Cancer (non-skin) or Melanoma
2022,19979,BRFSS,Health Outcomes,Current asthma among adults,%,Crude prevalence,11.8,10.5,13.3,581,722,"{'type': 'Point', 'coordinates': [-75.5764624, 39.0503674]}",19979,HLTHOUT,CASTHMA,CrdPrv,Current Asthma
2022,19979,BRFSS,Health Outcomes,Coronary heart disease among adults,%,Crude prevalence,7.7,6.9,8.5,581,722,"{'type': 'Point', 'coordinates': [-75.5764624, 39.0503674]}",19979,HLTHOUT,CHD,CrdPrv,Coronary Heart Disease
2022,19979,BRFSS,Prevention,Visits to doctor for routine checkup within the past year among adults,%,Crude prevalence,77.1,73.5,80.4,581,722,"{'type': 'Point', 'coordinates': [-75.5764624, 39.0503674]}",19979,PREVENT,CHECKUP,CrdPrv,Annual Checkup
2021,19979,BRFSS,Prevention,Cholesterol screening among adults,%,Crude prevalence,85.2,82.6,87.5,581,722,"{'type': 'Point', 'coordinates': [-75.5764624, 39.0503674]}",19979,PREVENT,CHOLSCREEN,CrdPrv,Cholesterol Screening
2022,19979,BRFSS,Disability,Cognitive disability among adults,%,Crude prevalence,14.3,12.7,15.9,581,722,"{'type': 'Point', 'coordinates': [-75.5764624, 39.0503674]}",19979,DISABLT,COGNITION,CrdPrv,Cognitive Disability
2022,19979,BRFSS,Prevention,Colorectal cancer screening among adults aged 45–75 years,%,Crude prevalence,68.9,64.7,72.9,581,722,"{'type': 'Point', 'coordinates': [-75.5764624, 39.0503674]}",19979,PREVENT,COLON_SCREEN,CrdPrv,Colorectal Cancer Screening
2022,19979,BRFSS,Health Outcomes,Chronic obstructive pulmonary disease among adults,%,Crude prevalence,9.0,8.0,10.1,581,722,"{'type': 'Point', 'coordinates': [-75.5764624, 39.0503674]}",19979,HLTHOUT,COPD,CrdPrv,COPD
2022,19979,BRFSS,Health Risk Behaviors,Current cigarette smoking among adults,%,Crude prevalence,18.0,15.9,20.3,581,722,"{'type': 'Point', 'coordinates': [-75.5764624, 39.0503674]}",19979,RISKBEH,CSMOKING,CrdPrv,Current Cigarette Smoking
2022,19979,BRFSS,Prevention,Visited dentist or dental clinic in the past year among adults,%,Crude prevalence,60.9,57.0,64.6,581,722,"{'type': 'Point', 'coordinates': [-75.5764624, 39.0503674]}",19979,PREVENT,DENTAL,CrdPrv,Dental Visit
2022,19979,BRFSS,Health Outcomes,Depression among adults,%,Crude prevalence,21.7,18.6,25.0,581,722,"{'type': 'Point', 'coordinates': [-75.5764624, 39.0503674]}",19979,HLTHOUT,DEPRESSION,CrdPrv,Depression
2022,19979,BRFSS,Health Outcomes,Diagnosed diabetes among adults,%,Crude prevalence,13.0,11.3,14.7,581,722,"{'type': 'Point', 'coordinates': [-75.5764624, 39.0503674]}",19979,HLTHOUT,DIABETES,CrdPrv,Diabetes
2022,19979,BRFSS,Disability,Any disability among adults,%,Crude prevalence,30.5,27.1,34.2,581,722,"{'type': 'Point', 'coordinates': [-75.5764624, 39.0503674]}",19979,DISABLT,DISABILITY,CrdPrv,Any Disability
2022,19979,BRFSS,Health-Related Social Needs,Lack of social and emotional support among adults,%,Crude prevalence,22.3,19.4,25.6,581,722,"{'type': 'Point', 'coordinates': [-75.5764624, 39.0503674]}",19979,SOCLNEED,EMOTIONSPT,CrdPrv,Lack of Social/Emotional Support
2022,19979,BRFSS,Health-Related Social Needs,Food insecurity in the past 12 months among adults,%,Crude prevalence,13.5,12.1,15.0,581,722,"{'type': 'Point', 'coordinates': [-75.5764624, 39.0503674]}",19979,SOCLNEED,FOODINSECU,CrdPrv,Food Insecurity
2022,19979,BRFSS,Health-Related Social Needs,Received food stamps in the past 12 months among adults,%,Crude prevalence,12.2,10.7,13.9,581,722,"{'type': 'Point', 'coordinates': [-75.5764624, 39.0503674]}",19979,SOCLNEED,FOODSTAMP,CrdPrv,Food Stamps
2022,19979,BRFSS,Health Status,Fair or poor self-rated health status among adults,%,Crude prevalence,18.1,16.1,20.2,581,722,"{'type': 'Point', 'coordinates': [-75.5764624, 39.0503674]}",19979,HLTHSTAT,GHLTH,CrdPrv,General Health
2022,19979,BRFSS,Disability,Hearing disability among adults,%,Crude prevalence,7.9,7.0,8.9,581,722,"{'type': 'Point', 'coordinates': [-75.5764624, 39.0503674]}",19979,DISABLT,HEARING,CrdPrv,Hearing Disability
2021,19979,BRFSS,Health Outcomes,High cholesterol among adults who have ever been screened,%,Crude prevalence,37.8,33.9,41.5,581,722,"{'type': 'Point', 'coordinates': [-75.5764624, 39.0503674]}",19979,HLTHOUT,HIGHCHOL,CrdPrv,High Cholesterol
2022,19979,BRFSS,Health-Related Social Needs,Housing insecurity in the past 12 months among adults,%,Crude prevalence,11.5,10.3,12.9,581,722,"{'type': 'Point', 'coordinates': [-75.5764624, 39.0503674]}",19979,SOCLNEED,HOUSINSECU,CrdPrv,Housing Insecurity
2022,19979,BRFSS,Disability,Independent living disability among adults,%,Crude prevalence,8.0,7.2,8.8,581,722,"{'type': 'Point', 'coordinates': [-75.5764624, 39.0503674]}",19979,DISABLT,INDEPLIVE,CrdPrv,Independent Living Disability
2022,19979,BRFSS,Health-Related Social Needs,Feeling socially isolated among adults,%,Crude prevalence,30.7,27.0,35.0,581,722,"{'type': 'Point', 'coordinates': [-75.5764624, 39.0503674]}",19979,SOCLNEED,ISOLATION,CrdPrv,Social Isolation
2022,19979,BRFSS,Health-Related Social Needs,Lack of reliable transportation in the past 12 months among adults,%,Crude prevalence,8.1,7.3,8.9,581,722,"{'type': 'Point', 'coordinates': [-75.5764624, 39.0503674]}",19979,SOCLNEED,LACKTRPT,CrdPrv,Transportation Barriers
2022,19979,BRFSS,Health Risk Behaviors,No leisure-time physical activity among adults,%,Crude prevalence,27.2,23.5,31.1,581,722,"{'type': 'Point', 'coordinates': [-75.5764624, 39.0503674]}",19979,RISKBEH,LPA,CrdPrv,Physical Inactivity
2022,19979,BRFSS,Prevention,Mammography use among women aged 50-74 years,%,Crude prevalence,73.6,66.8,79.5,581,722,"{'type': 'Point', 'coordinates': [-75.5764624, 39.0503674]}",19979,PREVENT,MAMMOUSE,CrdPrv,Mammography
2022,19979,BRFSS,Health Status,Frequent mental distress among adults,%,Crude prevalence,17.0,15.3,18.8,581,722,"{'type': 'Point', 'coordinates': [-75.5764624, 39.0503674]}",19979,HLTHSTAT,MHLTH,CrdPrv,Frequent Mental Distress
2022,19979,BRFSS,Disability,Mobility disability among adults,%,Crude prevalence,14.4,12.7,16.1,581,722,"{'type': 'Point', 'coordinates': [-75.5764624, 39.0503674]}",19979,DISABLT,MOBILITY,CrdPrv,Mobility Disability
2022,19979,BRFSS,Health Outcomes,Obesity among adults,%,Crude prevalence,39.2,33.3,45.2,581,722,"{'type': 'Point', 'coordinates': [-75.5764624, 39.0503674]}",19979,HLTHOUT,OBESITY,CrdPrv,Obesity
2022,19979,BRFSS,Health Status,Frequent physical distress among adults,%,Crude prevalence,13.6,12.1,15.2,581,722,"{'type': 'Point', 'coordinates': [-75.5764624, 39.0503674]}",19979,HLTHSTAT,PHLTH,CrdPrv,Frequent Physical Distress
2022,19979,BRFSS,Disability,Self-care disability among adults,%,Crude prevalence,4.0,3.6,4.3,581,722,"{'type': 'Point', 'coordinates': [-75.5764624, 39.0503674]}",19979,DISABLT,SELFCARE,CrdPrv,Self-care Disability
2022,19979,BRFSS,Health-Related Social Needs,Utility services shut-off threat in the past 12 months among adults,%,Crude prevalence,8.0,7.1,9.1,581,722,"{'type': 'Point', 'coordinates': [-75.5764624, 39.0503674]}",19979,SOCLNEED,SHUTUTILITY,CrdPrv,Utility Services Threat
2022,19979,BRFSS,Health Risk Behaviors,Short sleep duration among adults,%,Crude prevalence,39.3,34.1,44.6,581,722,"{'type': 'Point', 'coordinates': [-75.5764624, 39.0503674]}",19979,RISKBEH,SLEEP,CrdPrv,Short Sleep Duration
2022,19979,BRFSS,Health Outcomes,Stroke among adults,%,Crude prevalence,4.1,3.8,4.5,581,722,"{'type': 'Point', 'coordinates': [-75.5764624, 39.0503674]}",19979,HLTHOUT,STROKE,CrdPrv,Stroke
2022,19979,BRFSS,Health Outcomes,All teeth lost among adults aged >=65 years,%,Crude prevalence,16.3,13.5,19.4,581,722,"{'type': 'Point', 'coordinates': [-75.5764624, 39.0503674]}",19979,HLTHOUT,TEETHLOST,CrdPrv,All Teeth Lost
2022,19979,BRFSS,Disability,Vision disability among adults,%,Crude prevalence,5.1,4.6,5.6,581,722,"{'type': 'Point', 'coordinates': [-75.5764624, 39.0503674]}",19979,DISABLT,VISION,CrdPrv,Vision Disability
2022,19980,BRFSS,Prevention,Current lack of health insurance among adults aged 18-64 years,%,Crude prevalence,8.6,6.7,10.9,200,235,"{'type': 'Point', 'coordinates': [-75.5701686, 39.0735222]}",19980,PREVENT,ACCESS2,CrdPrv,Health Insurance
2022,19980,BRFSS,Health Outcomes,Arthritis among adults,%,Crude prevalence,34.4,31.1,37.6,200,235,"{'type': 'Point', 'coordinates': [-75.5701686, 39.0735222]}",19980,HLTHOUT,ARTHRITIS,CrdPrv,Arthritis
2022,19980,BRFSS,Health Risk Behaviors,Binge drinking among adults,%,Crude prevalence,14.6,12.2,17.2,200,235,"{'type': 'Point', 'coordinates': [-75.5701686, 39.0735222]}",19980,RISKBEH,BINGE,CrdPrv,Binge Drinking
2021,19980,BRFSS,Health Outcomes,High blood pressure among adults,%,Crude prevalence,40.2,36.1,43.8,200,235,"{'type': 'Point', 'coordinates': [-75.5701686, 39.0735222]}",19980,HLTHOUT,BPHIGH,CrdPrv,High Blood Pressure
2021,19980,BRFSS,Prevention,Taking medicine to control high blood pressure among adults with high blood pressure,%,Crude prevalence,81.5,78.6,83.9,200,235,"{'type': 'Point', 'coordinates': [-75.5701686, 39.0735222]}",19980,PREVENT,BPMED,CrdPrv,High Blood Pressure Medication
2022,19980,BRFSS,Health Outcomes,Cancer (non-skin) or melanoma among adults,%,Crude prevalence,10.3,9.3,11.3,200,235,"{'type': 'Point', 'coordinates': [-75.5701686, 39.0735222]}",19980,HLTHOUT,CANCER,CrdPrv,Cancer (non-skin) or Melanoma
2022,19980,BRFSS,Health Outcomes,Current asthma among adults,%,Crude prevalence,12.6,11.1,14.1,200,235,"{'type': 'Point', 'coordinates': [-75.5701686, 39.0735222]}",19980,HLTHOUT,CASTHMA,CrdPrv,Current Asthma
2022,19980,BRFSS,Health Outcomes,Coronary heart disease among adults,%,Crude prevalence,8.8,8.0,9.8,200,235,"{'type': 'Point', 'coordinates': [-75.5701686, 39.0735222]}",19980,HLTHOUT,CHD,CrdPrv,Coronary Heart Disease
2022,19980,BRFSS,Prevention,Visits to doctor for routine checkup within the past year among adults,%,Crude prevalence,77.7,74.1,81.0,200,235,"{'type': 'Point', 'coordinates': [-75.5701686, 39.0735222]}",19980,PREVENT,CHECKUP,CrdPrv,Annual Checkup
2021,19980,BRFSS,Prevention,Cholesterol screening among adults,%,Crude prevalence,85.7,83.1,88.0,200,235,"{'type': 'Point', 'coordinates': [-75.5701686, 39.0735222]}",19980,PREVENT,CHOLSCREEN,CrdPrv,Cholesterol Screening
2022,19980,BRFSS,Disability,Cognitive disability among adults,%,Crude prevalence,16.3,14.6,18.1,200,235,"{'type': 'Point', 'coordinates': [-75.5701686, 39.0735222]}",19980,DISABLT,COGNITION,CrdPrv,Cognitive Disability
2022,19980,BRFSS,Prevention,Colorectal cancer screening among adults aged 45–75 years,%,Crude prevalence,68.1,63.7,72.4,200,235,"{'type': 'Point', 'coordinates': [-75.5701686, 39.0735222]}",19980,PREVENT,COLON_SCREEN,CrdPrv,Colorectal Cancer Screening
2022,19980,BRFSS,Health Outcomes,Chronic obstructive pulmonary disease among adults,%,Crude prevalence,11.4,10.2,12.6,200,235,"{'type': 'Point', 'coordinates': [-75.5701686, 39.0735222]}",19980,HLTHOUT,COPD,CrdPrv,COPD
2022,19980,BRFSS,Health Risk Behaviors,Current cigarette smoking among adults,%,Crude prevalence,19.2,16.9,21.5,200,235,"{'type': 'Point', 'coordinates': [-75.5701686, 39.0735222]}",19980,RISKBEH,CSMOKING,CrdPrv,Current Cigarette Smoking
2022,19980,BRFSS,Prevention,Visited dentist or dental clinic in the past year among adults,%,Crude prevalence,58.8,54.9,62.5,200,235,"{'type': 'Point', 'coordinates': [-75.5701686, 39.0735222]}",19980,PREVENT,DENTAL,CrdPrv,Dental Visit
2022,19980,BRFSS,Health Outcomes,Depression among adults,%,Crude prevalence,22.2,19.0,25.5,200,235,"{'type': 'Point', 'coordinates': [-75.5701686, 39.0735222]}",19980,HLTHOUT,DEPRESSION,CrdPrv,Depression
2022,19980,BRFSS,Health Outcomes,Diagnosed diabetes among adults,%,Crude prevalence,14.4,12.6,16.3,200,235,"{'type': 'Point', 'coordinates': [-75.5701686, 39.0735222]}",19980,HLTHOUT,DIABETES,CrdPrv,Diabetes
2022,19980,BRFSS,Disability,Any disability among adults,%,Crude prevalence,34.8,31.1,38.4,200,235,"{'type': 'Point', 'coordinates': [-75.5701686, 39.0735222]}",19980,DISABLT,DISABILITY,CrdPrv,Any Disability
2022,19980,BRFSS,Health-Related Social Needs,Lack of social and emotional support among adults,%,Crude prevalence,21.9,19.1,25.1,200,235,"{'type': 'Point', 'coordinates': [-75.5701686, 39.0735222]}",19980,SOCLNEED,EMOTIONSPT,CrdPrv,Lack of Social/Emotional Support
2022,19980,BRFSS,Health-Related Social Needs,Food insecurity in the past 12 months among adults,%,Crude prevalence,13.5,12.2,15.2,200,235,"{'type': 'Point', 'coordinates': [-75.5701686, 39.0735222]}",19980,SOCLNEED,FOODINSECU,CrdPrv,Food Insecurity
2022,19980,BRFSS,Health-Related Social Needs,Received food stamps in the past 12 months among adults,%,Crude prevalence,12.0,10.5,13.6,200,235,"{'type': 'Point', 'coordinates': [-75.5701686, 39.0735222]}",19980,SOCLNEED,FOODSTAMP,CrdPrv,Food Stamps
2022,19980,BRFSS,Health Status,Fair or poor self-rated health status among adults,%,Crude prevalence,22.2,19.9,24.4,200,235,"{'type': 'Point', 'coordinates': [-75.5701686, 39.0735222]}",19980,HLTHSTAT,GHLTH,CrdPrv,General Health
2022,19980,BRFSS,Disability,Hearing disability among adults,%,Crude prevalence,9.0,8.0,10.0,200,235,"{'type': 'Point', 'coordinates': [-75.5701686, 39.0735222]}",19980,DISABLT,HEARING,CrdPrv,Hearing Disability
2021,19980,BRFSS,Health Outcomes,High cholesterol among adults who have ever been screened,%,Crude prevalence,40.3,36.3,44.0,200,235,"{'type': 'Point', 'coordinates': [-75.5701686, 39.0735222]}",19980,HLTHOUT,HIGHCHOL,CrdPrv,High Cholesterol
2022,19980,BRFSS,Health-Related Social Needs,Housing insecurity in the past 12 months among adults,%,Crude prevalence,10.9,9.7,12.2,200,235,"{'type': 'Point', 'coordinates': [-75.5701686, 39.0735222]}",19980,SOCLNEED,HOUSINSECU,CrdPrv,Housing Insecurity
2022,19980,BRFSS,Disability,Independent living disability among adults,%,Crude prevalence,9.9,8.9,10.9,200,235,"{'type': 'Point', 'coordinates': [-75.5701686, 39.0735222]}",19980,DISABLT,INDEPLIVE,CrdPrv,Independent Living Disability
2022,19980,BRFSS,Health-Related Social Needs,Feeling socially isolated among adults,%,Crude prevalence,30.4,26.7,34.5,200,235,"{'type': 'Point', 'coordinates': [-75.5701686, 39.0735222]}",19980,SOCLNEED,ISOLATION,CrdPrv,Social Isolation
2022,19980,BRFSS,Health-Related Social Needs,Lack of reliable transportation in the past 12 months among adults,%,Crude prevalence,8.1,7.3,8.9,200,235,"{'type': 'Point', 'coordinates': [-75.5701686, 39.0735222]}",19980,SOCLNEED,LACKTRPT,CrdPrv,Transportation Barriers
2022,19980,BRFSS,Health Risk Behaviors,No leisure-time physical activity among adults,%,Crude prevalence,30.4,26.5,34.3,200,235,"{'type': 'Point', 'coordinates': [-75.5701686, 39.0735222]}",19980,RISKBEH,LPA,CrdPrv,Physical Inactivity
2022,19980,BRFSS,Prevention,Mammography use among women aged 50-74 years,%,Crude prevalence,67.6,60.1,74.5,200,235,"{'type': 'Point', 'coordinates': [-75.5701686, 39.0735222]}",19980,PREVENT,MAMMOUSE,CrdPrv,Mammography
2022,19980,BRFSS,Health Status,Frequent mental distress among adults,%,Crude prevalence,17.6,15.8,19.4,200,235,"{'type': 'Point', 'coordinates': [-75.5701686, 39.0735222]}",19980,HLTHSTAT,MHLTH,CrdPrv,Frequent Mental Distress
2022,19980,BRFSS,Disability,Mobility disability among adults,%,Crude prevalence,17.9,16.0,19.8,200,235,"{'type': 'Point', 'coordinates': [-75.5701686, 39.0735222]}",19980,DISABLT,MOBILITY,CrdPrv,Mobility Disability
2022,19980,BRFSS,Health Outcomes,Obesity among adults,%,Crude prevalence,38.3,32.4,44.3,200,235,"{'type': 'Point', 'coordinates': [-75.5701686, 39.0735222]}",19980,HLTHOUT,OBESITY,CrdPrv,Obesity
2022,19980,BRFSS,Health Status,Frequent physical distress among adults,%,Crude prevalence,15.9,14.3,17.6,200,235,"{'type': 'Point', 'coordinates': [-75.5701686, 39.0735222]}",19980,HLTHSTAT,PHLTH,CrdPrv,Frequent Physical Distress
2022,19980,BRFSS,Disability,Self-care disability among adults,%,Crude prevalence,5.0,4.6,5.5,200,235,"{'type': 'Point', 'coordinates': [-75.5701686, 39.0735222]}",19980,DISABLT,SELFCARE,CrdPrv,Self-care Disability
2022,19980,BRFSS,Health-Related Social Needs,Utility services shut-off threat in the past 12 months among adults,%,Crude prevalence,7.6,6.7,8.6,200,235,"{'type': 'Point', 'coordinates': [-75.5701686, 39.0735222]}",19980,SOCLNEED,SHUTUTILITY,CrdPrv,Utility Services Threat
2022,19980,BRFSS,Health Risk Behaviors,Short sleep duration among adults,%,Crude prevalence,38.4,33.2,43.6,200,235,"{'type': 'Point', 'coordinates': [-75.5701686, 39.0735222]}",19980,RISKBEH,SLEEP,CrdPrv,Short Sleep Duration
2022,19980,BRFSS,Health Outcomes,Stroke among adults,%,Crude prevalence,4.9,4.5,5.3,200,235,"{'type': 'Point', 'coordinates': [-75.5701686, 39.0735222]}",19980,HLTHOUT,STROKE,CrdPrv,Stroke
2022,19980,BRFSS,Health Outcomes,All teeth lost among adults aged >=65 years,%,Crude prevalence,18.4,15.2,21.7,200,235,"{'type': 'Point', 'coordinates': [-75.5701686, 39.0735222]}",19980,HLTHOUT,TEETHLOST,CrdPrv,All Teeth Lost
2022,19980,BRFSS,Disability,Vision disability among adults,%,Crude prevalence,6.5,5.9,7.1,200,235,"{'type': 'Point', 'coordinates': [-75.5701686, 39.0735222]}",19980,DISABLT,VISION,CrdPrv,Vision Disability
