CensusTractFIPS,CountyName,Category,Measure,Pct_Value,CI_Low,CI_High,TotalPopulation,TotalPop18plus
10003014810,New Castle,Health Outcomes,Obesity,32.7,27.2,38.4,7083,5613
10003014813,New Castle,Health Outcomes,Obesity,29.7,24.4,35.2,4889,3848
10001041701,Kent,Health Risk Behaviors,Binge Drinking,12.9,10.8,15.2,6164,4781
10001041200,Kent,Health-Related Social Needs,Utility Services Threat,8.4,7.3,9.7,4368,3262
10001040205,Kent,Health Risk Behaviors,Current Cigarette Smoking,13.4,11.5,15.5,4699,3533
10001040201,Kent,Health-Related Social Needs,Transportation Barriers,7.6,6.7,8.7,5446,4042
10001040203,Kent,Disability,Independent Living Disability,9.4,8.3,10.6,5182,3975
10001040700,Kent,Health Status,Frequent Physical Distress,14.1,12.2,16.2,5461,4265
10001041400,Kent,Prevention,Health Insurance,12.7,10.3,15.3,3839,2982
10001041500,Kent,Disability,Vision Disability,6.7,6.1,7.4,4085,3030
10001041000,Kent,Health Risk Behaviors,Short Sleep Duration,44.1,38.7,49.5,7443,5657
10001040502,Kent,Health Outcomes,Obesity,43.1,36.8,49.7,2645,2038
10001040100,Kent,Health-Related Social Needs,Food Insecurity,14.1,12.0,16.5,7315,5611
10001041300,Kent,Disability,Hearing Disability,8.3,7.3,9.3,2059,1505
10001040201,Kent,Prevention,Colorectal Cancer Screening,65.9,61.5,70.0,5446,4042
10001041702,Kent,Health Outcomes,Current Asthma,11.9,10.6,13.4,4472,3405
10001041600,Kent,Disability,Mobility Disability,21.2,18.5,23.8,2107,1707
10001040700,Kent,Disability,Vision Disability,5.3,4.6,6.2,5461,4265
10001041200,Kent,Health Outcomes,Depression,20.9,18.0,24.2,4368,3262
10001040502,Kent,Prevention,Dental Visit,61.2,57.3,64.9,2645,2038
10001040204,Kent,Health Outcomes,High Cholesterol,37.2,33.5,41.1,6451,4663
10001041000,Kent,Health Risk Behaviors,Binge Drinking,12.6,10.5,15.0,7443,5657
10001041000,Kent,Health Outcomes,High Cholesterol,36.2,32.6,39.9,7443,5657
10001040204,Kent,Disability,Any Disability,30.4,26.7,34.3,6451,4663
10001040205,Kent,Health Risk Behaviors,Physical Inactivity,31.0,26.8,35.5,4699,3533
10001040900,Kent,Disability,Mobility Disability,22.1,19.4,24.8,2374,2045
10001041300,Kent,Health-Related Social Needs,Loneliness,37.2,33.1,41.4,2059,1505
10001041000,Kent,Disability,Self-care Disability,5.1,4.5,5.7,7443,5657
10001040501,Kent,Disability,Vision Disability,7.5,6.7,8.3,4605,3611
10001040204,Kent,Health Outcomes,All Teeth Lost,11.9,9.8,14.3,6451,4663
10001040900,Kent,Disability,Independent Living Disability,12.3,10.7,14.0,2374,2045
10001041300,Kent,Health Outcomes,Coronary Heart Disease,8.7,7.8,9.7,2059,1505
10001041702,Kent,Health Risk Behaviors,Current Cigarette Smoking,11.4,9.7,13.4,4472,3405
10001041200,Kent,Health Outcomes,High Blood Pressure,40.8,37.1,44.5,4368,3262
10001040201,Kent,Prevention,Mammography,76.0,69.7,81.6,5446,4042
10001041500,Kent,Health Outcomes,Coronary Heart Disease,7.3,6.6,8.1,4085,3030
10001040203,Kent,Prevention,Dental Visit,57.7,53.8,61.6,5182,3975
10001040203,Kent,Health-Related Social Needs,Utility Services Threat,9.4,8.2,10.8,5182,3975
10001041101,Kent,Health Outcomes,Depression,26.2,22.6,30.2,2816,1805
10001040100,Kent,Health Risk Behaviors,Binge Drinking,13.9,11.7,16.5,7315,5611
10001041000,Kent,Prevention,High Blood Pressure Medication,74.5,71.9,77.0,7443,5657
10001041400,Kent,Health-Related Social Needs,Food Insecurity,26.5,22.8,30.7,3839,2982
10001040204,Kent,Health Outcomes,Current Asthma,12.3,10.9,13.9,6451,4663
10001040502,Kent,Prevention,Health Insurance,9.7,8.1,11.5,2645,2038
10001041600,Kent,Health Outcomes,COPD,10.3,8.8,11.9,2107,1707
10001040201,Kent,Disability,Vision Disability,4.3,3.9,4.8,5446,4042
10001040206,Kent,Disability,Independent Living Disability,6.4,5.6,7.3,7643,5825
10001041300,Kent,Prevention,Annual Checkup,82.0,78.9,84.9,2059,1505
10001041701,Kent,Health Status,General Health,18.5,16.2,20.9,6164,4781
10001040700,Kent,Health Outcomes,Current Asthma,12.4,10.9,14.0,5461,4265
10001041702,Kent,Health Outcomes,High Blood Pressure,40.3,36.7,44.1,4472,3405
10001040203,Kent,Health-Related Social Needs,Loneliness,35.1,31.3,39.3,5182,3975
10001041500,Kent,Health-Related Social Needs,Utility Services Threat,11.6,10.1,13.3,4085,3030
10001041701,Kent,Health Outcomes,Obesity,40.9,34.7,47.4,6164,4781
10001041400,Kent,Disability,Hearing Disability,6.0,5.3,6.8,3839,2982
10001040501,Kent,Health Outcomes,Coronary Heart Disease,8.0,7.1,8.8,4605,3611
10001040900,Kent,Disability,Cognitive Disability,17.5,15.3,20.0,2374,2045
10001040206,Kent,Health Outcomes,Depression,19.9,16.9,23.1,7643,5825
10001040201,Kent,Prevention,Dental Visit,63.9,60.1,67.4,5446,4042
10001040501,Kent,Disability,Hearing Disability,7.5,6.7,8.5,4605,3611
10001040201,Kent,Health Status,General Health,18.0,15.9,20.3,5446,4042
10001040205,Kent,Health-Related Social Needs,Housing Insecurity,14.5,12.5,16.9,4699,3533
10001041101,Kent,Prevention,Cholesterol Screening,78.7,75.2,81.8,2816,1805
10001041600,Kent,Health-Related Social Needs,Utility Services Threat,8.2,7.1,9.4,2107,1707
10001041300,Kent,Health Outcomes,Depression,25.1,21.7,28.9,2059,1505
10001040204,Kent,Health-Related Social Needs,Loneliness,35.1,31.3,39.4,6451,4663
10001040203,Kent,Disability,Cognitive Disability,15.0,13.2,17.0,5182,3975
10001041101,Kent,Health Outcomes,High Cholesterol,24.4,21.4,27.6,2816,1805
10001040100,Kent,Disability,Self-care Disability,4.2,3.7,4.7,7315,5611
10001041701,Kent,Health Outcomes,Current Asthma,12.2,10.8,13.7,6164,4781
10001040204,Kent,Health Risk Behaviors,Binge Drinking,14.1,11.9,16.6,6451,4663
10001040205,Kent,Health Risk Behaviors,Binge Drinking,13.1,11.0,15.5,4699,3533
10001040700,Kent,Health-Related Social Needs,Lack of Social/Emotional Support,22.1,19.1,25.5,5461,4265
10001041500,Kent,Health Outcomes,High Blood Pressure,42.7,39.1,46.4,4085,3030
10001040100,Kent,Disability,Hearing Disability,7.4,6.5,8.3,7315,5611
10001040206,Kent,Health Status,Frequent Mental Distress,14.8,13.1,16.7,7643,5825
10001040201,Kent,Health-Related Social Needs,Utility Services Threat,7.9,6.8,9.0,5446,4042
10001040700,Kent,Health Outcomes,Arthritis,32.5,29.3,35.8,5461,4265
10001040100,Kent,Prevention,Mammography,71.7,64.9,77.9,7315,5611
10001040205,Kent,Prevention,Cholesterol Screening,86.9,85.0,88.8,4699,3533
10001041500,Kent,Health-Related Social Needs,Lack of Social/Emotional Support,24.1,21.1,27.4,4085,3030
10001041400,Kent,Health Outcomes,Coronary Heart Disease,6.6,5.8,7.3,3839,2982
10001041701,Kent,Disability,Any Disability,32.7,29.0,36.5,6164,4781
10001041200,Kent,Health Status,Frequent Mental Distress,16.5,14.6,18.5,4368,3262
10001041600,Kent,Disability,Cognitive Disability,15.1,13.1,17.2,2107,1707
10001041000,Kent,Disability,Any Disability,38.7,34.2,43.1,7443,5657
10001041101,Kent,Health Outcomes,All Teeth Lost,11.3,9.2,13.5,2816,1805
10001040203,Kent,Disability,Mobility Disability,18.1,16.1,20.4,5182,3975
10001041500,Kent,Disability,Mobility Disability,19.1,17.0,21.3,4085,3030
10001040206,Kent,Health Status,General Health,16.2,14.1,18.7,7643,5825
10001041701,Kent,Disability,Vision Disability,4.7,4.2,5.2,6164,4781
10001041300,Kent,Health Status,Frequent Mental Distress,21.8,19.5,24.3,2059,1505
10001041701,Kent,Health Risk Behaviors,Physical Inactivity,28.6,24.6,32.8,6164,4781
10001040502,Kent,Prevention,Cholesterol Screening,88.6,86.8,90.1,2645,2038
10001041400,Kent,Health-Related Social Needs,Transportation Barriers,13.8,12.1,16.0,3839,2982
10001040201,Kent,Health-Related Social Needs,Lack of Social/Emotional Support,23.1,20.2,26.3,5446,4042
10001040900,Kent,Health Outcomes,Current Asthma,13.3,11.8,15.0,2374,2045
10001041500,Kent,Health-Related Social Needs,Housing Insecurity,17.3,15.1,19.6,4085,3030
10001041101,Kent,Health-Related Social Needs,Utility Services Threat,8.4,7.0,10.0,2816,1805
10001041101,Kent,Health Outcomes,Cancer (non-skin) or Melanoma,2.9,2.6,3.2,2816,1805
10001040205,Kent,Health-Related Social Needs,Food Stamps,13.8,11.4,16.6,4699,3533
10001041300,Kent,Health-Related Social Needs,Food Insecurity,30.6,26.7,34.6,2059,1505
10001040100,Kent,Health Outcomes,Cancer (non-skin) or Melanoma,9.2,8.3,10.1,7315,5611
10001040501,Kent,Health Status,Frequent Mental Distress,18.4,16.5,20.5,4605,3611
10001040203,Kent,Health Outcomes,Current Asthma,12.9,11.4,14.5,5182,3975
10001040501,Kent,Health Risk Behaviors,Binge Drinking,11.2,9.3,13.3,4605,3611
10001041200,Kent,Health-Related Social Needs,Loneliness,34.5,30.7,38.5,4368,3262
10001041600,Kent,Health Outcomes,High Cholesterol,44.1,40.2,48.2,2107,1707
10001040502,Kent,Disability,Hearing Disability,7.9,7.0,8.9,2645,2038
10001041701,Kent,Disability,Cognitive Disability,13.0,11.4,14.7,6164,4781
10001040203,Kent,Health Outcomes,All Teeth Lost,18.0,15.0,21.3,5182,3975
10001040206,Kent,Disability,Cognitive Disability,11.1,9.6,12.8,7643,5825
10001040100,Kent,Health-Related Social Needs,Transportation Barriers,7.8,6.7,8.9,7315,5611
10001041400,Kent,Disability,Vision Disability,7.8,6.9,8.8,3839,2982
10001040201,Kent,Health Outcomes,Arthritis,25.8,23.1,28.6,5446,4042
10001040700,Kent,Prevention,Dental Visit,60.0,56.1,63.6,5461,4265
10001040205,Kent,Disability,Vision Disability,5.2,4.6,5.7,4699,3533
10001040204,Kent,Health Status,Frequent Mental Distress,17.1,15.1,19.2,6451,4663
10001041400,Kent,Prevention,Colorectal Cancer Screening,62.0,57.5,66.2,3839,2982
10001041300,Kent,Health Risk Behaviors,Binge Drinking,11.2,9.4,13.3,2059,1505
10001041000,Kent,Health Risk Behaviors,Current Cigarette Smoking,16.0,13.5,18.7,7443,5657
10001041701,Kent,Health Risk Behaviors,Current Cigarette Smoking,11.5,9.7,13.3,6164,4781
10001040201,Kent,Health Outcomes,High Blood Pressure,35.1,31.6,38.7,5446,4042
10001040205,Kent,Health Outcomes,Cancer (non-skin) or Melanoma,8.0,7.3,8.8,4699,3533
10001040204,Kent,Health Outcomes,High Blood Pressure,36.3,32.9,40.0,6451,4663
10001041500,Kent,Prevention,Dental Visit,54.9,51.0,58.8,4085,3030
10001041200,Kent,Disability,Cognitive Disability,13.6,11.9,15.5,4368,3262
10001041600,Kent,Health Outcomes,Current Asthma,12.4,11.0,13.9,2107,1707
10001040501,Kent,Health Risk Behaviors,Current Cigarette Smoking,15.9,13.6,18.3,4605,3611
10001040205,Kent,Disability,Any Disability,34.2,30.4,38.2,4699,3533
10001041600,Kent,Health Outcomes,All Teeth Lost,14.7,12.1,17.6,2107,1707
10001040700,Kent,Prevention,Mammography,75.8,69.2,81.4,5461,4265
10001041300,Kent,Disability,Self-care Disability,7.2,6.4,8.0,2059,1505
10001040201,Kent,Disability,Hearing Disability,5.2,4.6,5.9,5446,4042
10001041101,Kent,Prevention,Health Insurance,9.9,7.7,12.5,2816,1805
10001041101,Kent,Disability,Cognitive Disability,15.9,13.3,18.9,2816,1805
10001040203,Kent,Health Status,General Health,22.5,19.9,25.3,5182,3975
10001040100,Kent,Health Outcomes,Depression,24.8,21.4,28.6,7315,5611
10001041600,Kent,Health Outcomes,High Blood Pressure,45.0,41.4,48.8,2107,1707
10001040700,Kent,Health-Related Social Needs,Housing Insecurity,11.9,10.1,14.0,5461,4265
10001040502,Kent,Health Outcomes,Stroke,4.4,4.0,4.8,2645,2038
10001040201,Kent,Health Outcomes,Coronary Heart Disease,5.0,4.5,5.5,5446,4042
10001040206,Kent,Health Outcomes,All Teeth Lost,10.4,8.5,12.6,7643,5825
10001041400,Kent,Health Outcomes,Obesity,49.0,42.7,55.6,3839,2982
10001041101,Kent,Disability,Mobility Disability,6.6,5.6,7.7,2816,1805
10001040501,Kent,Disability,Self-care Disability,5.6,5.0,6.2,4605,3611
10001041702,Kent,Disability,Cognitive Disability,12.2,10.8,14.0,4472,3405
10001041300,Kent,Health Outcomes,High Cholesterol,39.6,35.9,43.5,2059,1505
10001040204,Kent,Health-Related Social Needs,Utility Services Threat,7.3,6.3,8.5,6451,4663
10001040204,Kent,Health Risk Behaviors,Current Cigarette Smoking,12.3,10.5,14.4,6451,4663
10001041200,Kent,Health Outcomes,High Cholesterol,40.2,36.4,44.2,4368,3262
10001040205,Kent,Health Outcomes,Obesity,43.7,37.3,50.2,4699,3533
10001040900,Kent,Health Outcomes,All Teeth Lost,21.2,17.8,24.7,2374,2045
10001041000,Kent,Health Status,Frequent Mental Distress,20.5,18.0,22.8,7443,5657
10001040100,Kent,Prevention,Colorectal Cancer Screening,65.6,61.0,69.8,7315,5611
10001040502,Kent,Health-Related Social Needs,Transportation Barriers,8.2,7.1,9.4,2645,2038
10001040100,Kent,Prevention,Cholesterol Screening,86.3,84.2,88.2,7315,5611
10001040206,Kent,Health Outcomes,Current Asthma,11.8,10.4,13.2,7643,5825
10001040203,Kent,Health Outcomes,High Blood Pressure,42.1,38.5,45.9,5182,3975
10001041600,Kent,Health Outcomes,Diabetes,17.1,15.1,19.3,2107,1707
10001041500,Kent,Prevention,Colorectal Cancer Screening,64.8,60.1,69.3,4085,3030
10001040203,Kent,Health-Related Social Needs,Lack of Social/Emotional Support,23.7,20.7,27.0,5182,3975
10001040201,Kent,Health Status,Frequent Physical Distress,13.1,11.7,14.7,5446,4042
10001040204,Kent,Disability,Cognitive Disability,13.2,11.6,15.1,6451,4663
10001040100,Kent,Health Outcomes,Stroke,3.9,3.5,4.3,7315,5611
10001040700,Kent,Health Outcomes,Coronary Heart Disease,7.3,6.4,8.4,5461,4265
10001041000,Kent,Health-Related Social Needs,Utility Services Threat,13.3,11.6,15.3,7443,5657
10001041200,Kent,Health Outcomes,Current Asthma,12.4,11.0,13.9,4368,3262
10001040502,Kent,Health Outcomes,Cancer (non-skin) or Melanoma,9.9,9.0,10.9,2645,2038
10001040900,Kent,Health Outcomes,Diabetes,17.8,15.7,20.0,2374,2045
10001041702,Kent,Health Outcomes,COPD,6.7,5.9,7.8,4472,3405
10001041200,Kent,Health Outcomes,All Teeth Lost,15.7,13.0,18.6,4368,3262
10001040900,Kent,Health Status,General Health,26.6,23.5,30.1,2374,2045
10001041400,Kent,Health Outcomes,Depression,23.0,19.8,26.5,3839,2982
10001040501,Kent,Disability,Any Disability,39.7,35.6,43.9,4605,3611
10001041701,Kent,Disability,Independent Living Disability,7.8,6.8,8.8,6164,4781
10001041000,Kent,Prevention,Annual Checkup,80.7,77.4,83.8,7443,5657
10001041500,Kent,Health Outcomes,High Cholesterol,39.4,35.7,43.3,4085,3030
10001041702,Kent,Health Outcomes,Coronary Heart Disease,6.5,5.8,7.3,4472,3405
10001041101,Kent,Prevention,Dental Visit,58.1,54.2,62.0,2816,1805
10001041200,Kent,Health-Related Social Needs,Food Insecurity,15.6,13.5,17.8,4368,3262
10001041400,Kent,Health-Related Social Needs,Lack of Social/Emotional Support,27.1,23.9,30.7,3839,2982
10001041101,Kent,Health Outcomes,Obesity,39.4,33.3,46.1,2816,1805
10001040201,Kent,Health Outcomes,All Teeth Lost,12.7,10.5,15.3,5446,4042
10001040501,Kent,Health-Related Social Needs,Transportation Barriers,11.4,9.9,13.0,4605,3611
10001040900,Kent,Health Outcomes,Depression,23.9,20.6,27.5,2374,2045
10001041701,Kent,Health-Related Social Needs,Food Stamps,10.4,8.6,12.5,6164,4781
10001041000,Kent,Health Outcomes,High Blood Pressure,38.8,35.2,42.4,7443,5657
10001041101,Kent,Health Outcomes,Stroke,1.3,1.2,1.5,2816,1805
10001040501,Kent,Prevention,Colorectal Cancer Screening,65.6,61.1,69.9,4605,3611
10001041000,Kent,Health-Related Social Needs,Lack of Social/Emotional Support,25.9,22.6,29.6,7443,5657
10001040900,Kent,Health Status,Frequent Mental Distress,19.1,16.9,21.5,2374,2045
10001040700,Kent,Health Outcomes,High Cholesterol,41.9,38.0,45.9,5461,4265
10001040201,Kent,Disability,Cognitive Disability,14.2,12.5,16.0,5446,4042
10001040501,Kent,Health Outcomes,All Teeth Lost,18.8,15.8,22.1,4605,3611
10001040206,Kent,Health-Related Social Needs,Food Insecurity,10.5,8.8,12.3,7643,5825
10001040201,Kent,Disability,Independent Living Disability,7.7,6.9,8.6,5446,4042
10001041500,Kent,Health Outcomes,Obesity,46.9,40.5,53.6,4085,3030
10001041600,Kent,Health Outcomes,Depression,23.1,19.9,26.6,2107,1707
10001041400,Kent,Health Risk Behaviors,Short Sleep Duration,46.5,41.0,51.8,3839,2982
10001041400,Kent,Disability,Mobility Disability,19.4,17.1,21.7,3839,2982
10001041300,Kent,Health Outcomes,Current Asthma,14.3,12.7,16.0,2059,1505
10001041101,Kent,Health-Related Social Needs,Loneliness,38.2,34.0,42.8,2816,1805
10001040205,Kent,Health Outcomes,COPD,7.1,6.2,8.1,4699,3533
10001040100,Kent,Health Outcomes,COPD,8.8,7.5,10.0,7315,5611
10001040203,Kent,Health Status,Frequent Mental Distress,18.0,16.0,20.1,5182,3975
10001041300,Kent,Health Outcomes,All Teeth Lost,27.5,23.5,31.7,2059,1505
10001040501,Kent,Health Status,General Health,26.3,23.3,29.4,4605,3611
10001040206,Kent,Disability,Self-care Disability,3.0,2.6,3.4,7643,5825
10001041701,Kent,Health-Related Social Needs,Lack of Social/Emotional Support,21.6,18.7,24.8,6164,4781
10001040700,Kent,Health Outcomes,All Teeth Lost,17.4,14.4,20.7,5461,4265
10001041200,Kent,Prevention,Mammography,73.8,67.2,79.6,4368,3262
10001040100,Kent,Health Status,Frequent Physical Distress,15.7,13.8,17.7,7315,5611
10001040204,Kent,Disability,Hearing Disability,5.3,4.7,6.0,6451,4663
10001040204,Kent,Health Outcomes,Stroke,3.1,2.8,3.4,6451,4663
10001040502,Kent,Health Status,Frequent Mental Distress,16.6,14.8,18.6,2645,2038
10001040205,Kent,Disability,Mobility Disability,15.9,14.0,17.8,4699,3533
10001041701,Kent,Health Outcomes,Cancer (non-skin) or Melanoma,9.4,8.6,10.3,6164,4781
10001041200,Kent,Health-Related Social Needs,Housing Insecurity,13.7,11.8,15.6,4368,3262
10001041200,Kent,Disability,Self-care Disability,4.1,3.7,4.6,4368,3262
10001041400,Kent,Health Outcomes,High Blood Pressure,41.6,38.0,45.2,3839,2982
10001041500,Kent,Health Outcomes,All Teeth Lost,19.8,16.4,23.4,4085,3030
10001041000,Kent,Disability,Vision Disability,7.3,6.5,8.2,7443,5657
10001040502,Kent,Health-Related Social Needs,Utility Services Threat,8.2,7.1,9.6,2645,2038
10001041200,Kent,Health Risk Behaviors,Binge Drinking,11.8,9.8,14.0,4368,3262
10001040100,Kent,Health-Related Social Needs,Lack of Social/Emotional Support,21.6,18.7,25.0,7315,5611
10001041500,Kent,Health Outcomes,Current Asthma,13.2,11.7,14.7,4085,3030
10001041101,Kent,Health-Related Social Needs,Lack of Social/Emotional Support,22.3,19.0,26.1,2816,1805
10001040900,Kent,Prevention,Colorectal Cancer Screening,65.6,61.2,69.8,2374,2045
10001040205,Kent,Disability,Independent Living Disability,8.7,7.6,9.8,4699,3533
10001041600,Kent,Health Status,Frequent Mental Distress,17.1,15.2,19.2,2107,1707
10001040201,Kent,Health Outcomes,Depression,23.6,20.3,27.2,5446,4042
10001041101,Kent,Health Outcomes,Diabetes,5.5,4.8,6.4,2816,1805
10001040502,Kent,Health Risk Behaviors,Current Cigarette Smoking,12.7,10.9,14.6,2645,2038
10001041000,Kent,Disability,Hearing Disability,6.2,5.4,7.0,7443,5657
10001041300,Kent,Health-Related Social Needs,Transportation Barriers,16.0,14.0,18.2,2059,1505
10001040700,Kent,Health Outcomes,Cancer (non-skin) or Melanoma,10.2,9.3,11.2,5461,4265
10001041702,Kent,Health Risk Behaviors,Binge Drinking,12.4,10.4,14.8,4472,3405
10001041200,Kent,Prevention,Dental Visit,62.8,59.1,66.4,4368,3262
10001040502,Kent,Health-Related Social Needs,Lack of Social/Emotional Support,23.7,20.7,27.1,2645,2038
10001041400,Kent,Health Risk Behaviors,Current Cigarette Smoking,17.1,14.4,19.9,3839,2982
10001041300,Kent,Disability,Mobility Disability,23.2,20.8,25.9,2059,1505
10001040206,Kent,Prevention,Health Insurance,6.8,5.6,8.1,7643,5825
10001040100,Kent,Health Outcomes,High Cholesterol,41.1,37.3,45.2,7315,5611
10001041600,Kent,Health-Related Social Needs,Food Insecurity,15.6,13.3,18.1,2107,1707
10001040502,Kent,Health Outcomes,All Teeth Lost,15.5,12.8,18.3,2645,2038
10001041500,Kent,Prevention,Health Insurance,10.1,8.4,11.8,4085,3030
10001040203,Kent,Health Risk Behaviors,Current Cigarette Smoking,14.8,12.7,17.2,5182,3975
10001040201,Kent,Health Status,Frequent Mental Distress,18.3,16.4,20.5,5446,4042
10001040501,Kent,Health Outcomes,Current Asthma,13.2,11.7,14.7,4605,3611
10001040700,Kent,Health-Related Social Needs,Food Insecurity,13.4,11.0,16.1,5461,4265
10001040100,Kent,Health Outcomes,Arthritis,31.1,28.1,34.4,7315,5611
10001040206,Kent,Prevention,Dental Visit,71.6,68.3,74.7,7643,5825
10001040502,Kent,Health Outcomes,High Blood Pressure,43.0,39.4,46.8,2645,2038
10001040204,Kent,Health Outcomes,Cancer (non-skin) or Melanoma,7.4,6.7,8.2,6451,4663
10001040201,Kent,Health-Related Social Needs,Food Stamps,11.6,9.7,13.7,5446,4042
10001040100,Kent,Health Outcomes,All Teeth Lost,12.4,10.2,14.9,7315,5611
10001040100,Kent,Health Risk Behaviors,Current Cigarette Smoking,15.9,13.1,18.6,7315,5611
10001040203,Kent,Prevention,Colorectal Cancer Screening,64.5,59.9,68.9,5182,3975
10001040204,Kent,Health-Related Social Needs,Transportation Barriers,7.2,6.3,8.2,6451,4663
10001041300,Kent,Prevention,Colorectal Cancer Screening,61.9,57.1,66.4,2059,1505
10001041000,Kent,Health Outcomes,Coronary Heart Disease,6.3,5.5,7.0,7443,5657
10001040205,Kent,Health-Related Social Needs,Utility Services Threat,8.7,7.5,10.2,4699,3533
10001041101,Kent,Disability,Hearing Disability,3.1,2.7,3.6,2816,1805
10001041600,Kent,Health-Related Social Needs,Housing Insecurity,12.3,10.6,14.2,2107,1707
10001040502,Kent,Health Outcomes,High Cholesterol,41.5,37.7,45.4,2645,2038
10001041300,Kent,Health Outcomes,High Blood Pressure,44.9,41.1,48.7,2059,1505
10001041101,Kent,Health Outcomes,High Blood Pressure,21.0,18.5,24.0,2816,1805
10001040900,Kent,Health-Related Social Needs,Transportation Barriers,11.7,10.2,13.5,2374,2045
10001041701,Kent,Health Status,Frequent Physical Distress,13.5,12.0,15.2,6164,4781
10001041400,Kent,Health Outcomes,High Cholesterol,37.1,33.5,40.8,3839,2982
10001040206,Kent,Prevention,Mammography,77.2,71.2,82.5,7643,5825
10001040700,Kent,Disability,Cognitive Disability,12.6,10.8,14.8,5461,4265
10001040100,Kent,Health Risk Behaviors,Physical Inactivity,31.8,26.9,36.6,7315,5611
10001041300,Kent,Health Status,General Health,31.3,27.9,34.8,2059,1505
10001040700,Kent,Disability,Self-care Disability,4.0,3.4,4.7,5461,4265
10003016404,New Castle,Disability,Hearing Disability,6.1,5.4,6.9,3334,2622
10001040201,Kent,Health-Related Social Needs,Food Insecurity,13.5,11.6,15.4,5446,4042
10001040900,Kent,Health Outcomes,Coronary Heart Disease,9.2,8.2,10.3,2374,2045
10003014909,New Castle,Disability,Hearing Disability,4.5,4.0,5.1,6186,4652
10001040203,Kent,Disability,Any Disability,36.5,32.6,40.8,5182,3975
10001041101,Kent,Health Outcomes,Current Asthma,12.0,10.7,13.7,2816,1805
10001040502,Kent,Health Outcomes,Current Asthma,12.4,11.0,13.9,2645,2038
10001041600,Kent,Disability,Self-care Disability,5.0,4.4,5.7,2107,1707
10001040205,Kent,Health Status,General Health,20.5,18.0,23.1,4699,3533
10001041000,Kent,Health-Related Social Needs,Transportation Barriers,13.1,11.4,15.0,7443,5657
10001040203,Kent,Health Outcomes,COPD,8.4,7.4,9.6,5182,3975
10001040501,Kent,Health Outcomes,High Blood Pressure,44.6,41.0,48.4,4605,3611
10001041600,Kent,Health Outcomes,Coronary Heart Disease,9.3,8.2,10.4,2107,1707
10001041200,Kent,Health-Related Social Needs,Food Stamps,13.6,11.4,15.9,4368,3262
10001040501,Kent,Health-Related Social Needs,Lack of Social/Emotional Support,25.2,22.0,28.6,4605,3611
10003013610,New Castle,Health Outcomes,Depression,20.6,17.6,23.6,5460,4534
10001041600,Kent,Disability,Vision Disability,6.6,5.8,7.4,2107,1707
10001040203,Kent,Disability,Hearing Disability,7.1,6.3,8.0,5182,3975
10001041701,Kent,Health Outcomes,All Teeth Lost,12.6,10.4,15.1,6164,4781
10001040206,Kent,Prevention,Colorectal Cancer Screening,70.8,66.7,74.6,7643,5825
10001040100,Kent,Health-Related Social Needs,Loneliness,33.8,30.0,38.1,7315,5611
10001040205,Kent,Health Risk Behaviors,Short Sleep Duration,42.0,36.5,47.4,4699,3533
10001040700,Kent,Health Outcomes,Depression,20.3,17.2,23.7,5461,4265
10001040204,Kent,Prevention,Cholesterol Screening,87.6,85.8,89.3,6451,4663
10001040700,Kent,Health Risk Behaviors,Binge Drinking,11.0,9.2,13.1,5461,4265
10001040204,Kent,Disability,Mobility Disability,13.4,11.7,15.2,6451,4663
10001041400,Kent,Prevention,Annual Checkup,81.4,78.3,84.5,3839,2982
10001040205,Kent,Health Outcomes,Current Asthma,12.9,11.5,14.4,4699,3533
10001041500,Kent,Health Outcomes,Depression,22.7,19.5,26.2,4085,3030
10001040203,Kent,Health Outcomes,Coronary Heart Disease,7.1,6.4,7.9,5182,3975
10003016200,New Castle,Health Outcomes,Stroke,3.1,2.7,3.5,3051,2509
10001040501,Kent,Disability,Mobility Disability,20.9,18.6,23.3,4605,3611
10001040206,Kent,Health-Related Social Needs,Transportation Barriers,5.9,5.2,6.9,7643,5825
10001041600,Kent,Health-Related Social Needs,Food Stamps,15.1,12.5,17.8,2107,1707
10001040204,Kent,Prevention,Dental Visit,64.0,60.2,67.6,6451,4663
10001040900,Kent,Disability,Hearing Disability,9.2,8.1,10.4,2374,2045
10001041000,Kent,Prevention,Colorectal Cancer Screening,62.7,58.3,66.9,7443,5657
10005050200,Sussex,Health Outcomes,Depression,21.9,18.8,25.0,3744,2777
10001041000,Kent,Disability,Mobility Disability,18.0,15.8,20.2,7443,5657
10001040502,Kent,Health-Related Social Needs,Loneliness,34.9,31.1,39.1,2645,2038
10001040700,Kent,Health Status,Frequent Mental Distress,15.4,13.5,17.4,5461,4265
10001040700,Kent,Health Outcomes,Stroke,4.3,3.7,4.9,5461,4265
10001041300,Kent,Health Outcomes,Diabetes,18.8,16.7,21.0,2059,1505
10005050105,Sussex,Health Outcomes,Diabetes,13.6,11.9,15.3,5939,4388
10001041701,Kent,Prevention,Mammography,75.6,69.2,81.2,6164,4781
10001040206,Kent,Health Status,Frequent Physical Distress,12.0,10.5,13.6,7643,5825
10005050603,Sussex,Disability,Any Disability,26.1,22.7,30.1,3956,3165
10001041500,Kent,Health-Related Social Needs,Loneliness,35.6,31.8,39.7,4085,3030
10001040206,Kent,Disability,Vision Disability,3.9,3.5,4.4,7643,5825
10001041400,Kent,Prevention,Dental Visit,51.8,47.8,55.6,3839,2982
10001040900,Kent,Health-Related Social Needs,Food Insecurity,20.8,17.9,24.1,2374,2045
10001040502,Kent,Disability,Cognitive Disability,13.9,12.3,15.7,2645,2038
10001041702,Kent,Prevention,Colorectal Cancer Screening,70.9,66.8,74.7,4472,3405
10001041200,Kent,Disability,Vision Disability,5.5,5.0,6.2,4368,3262
10001041000,Kent,Prevention,Dental Visit,52.4,48.5,56.2,7443,5657
10001043100,Kent,Health Outcomes,High Blood Pressure,39.5,35.8,43.4,2573,2087
10001041701,Kent,Health-Related Social Needs,Housing Insecurity,11.3,9.7,13.1,6164,4781
10001040201,Kent,Health Outcomes,Current Asthma,12.6,11.2,14.1,5446,4042
10001040700,Kent,Health-Related Social Needs,Loneliness,33.5,29.8,37.7,5461,4265
10001040205,Kent,Health Outcomes,Diabetes,13.7,12.1,15.5,4699,3533
10001041500,Kent,Health Risk Behaviors,Physical Inactivity,35.7,31.0,40.2,4085,3030
10003016100,New Castle,Health Outcomes,Arthritis,31.2,28.0,34.5,1961,1661
10001041101,Kent,Health Risk Behaviors,Physical Inactivity,23.0,18.7,27.8,2816,1805
10001040206,Kent,Health Outcomes,Coronary Heart Disease,5.7,5.0,6.5,7643,5825
10001041400,Kent,Health-Related Social Needs,Utility Services Threat,14.6,12.6,16.7,3839,2982
10001040203,Kent,Health Risk Behaviors,Binge Drinking,12.0,10.0,14.3,5182,3975
10005051302,Sussex,Disability,Vision Disability,4.0,3.5,4.6,4907,4337
10001041000,Kent,Health-Related Social Needs,Food Insecurity,24.8,21.4,28.5,7443,5657
10001040203,Kent,Disability,Self-care Disability,4.4,4.0,4.9,5182,3975
10001041400,Kent,Prevention,High Blood Pressure Medication,75.7,73.3,78.2,3839,2982
10001041300,Kent,Health Outcomes,COPD,11.7,10.2,13.2,2059,1505
10001041701,Kent,Prevention,Dental Visit,65.9,62.3,69.3,6164,4781
10001040900,Kent,Disability,Vision Disability,8.0,7.0,9.0,2374,2045
10001040501,Kent,Health-Related Social Needs,Utility Services Threat,11.9,10.3,13.7,4605,3611
10001041200,Kent,Health Outcomes,Coronary Heart Disease,6.7,6.0,7.5,4368,3262
10001040100,Kent,Health Outcomes,Current Asthma,12.6,11.2,14.2,7315,5611
10001040501,Kent,Prevention,Dental Visit,56.7,52.7,60.4,4605,3611
10001041300,Kent,Disability,Vision Disability,9.7,8.7,10.8,2059,1505
10001040203,Kent,Disability,Vision Disability,5.8,5.2,6.4,5182,3975
10001040900,Kent,Disability,Self-care Disability,5.8,5.0,6.6,2374,2045
10001041701,Kent,Prevention,Cholesterol Screening,88.2,86.6,89.8,6164,4781
10001040205,Kent,Health Outcomes,Arthritis,28.5,25.6,31.3,4699,3533
10001041500,Kent,Disability,Cognitive Disability,16.0,14.1,17.8,4085,3030
10001040206,Kent,Disability,Hearing Disability,5.7,5.1,6.6,7643,5825
10001040100,Kent,Prevention,Dental Visit,61.3,57.4,65.0,7315,5611
10001040900,Kent,Health Risk Behaviors,Binge Drinking,11.2,9.3,13.2,2374,2045
10001041101,Kent,Prevention,Colorectal Cancer Screening,57.9,53.5,62.2,2816,1805
10001040502,Kent,Disability,Mobility Disability,18.3,16.1,20.5,2645,2038
10001041600,Kent,Health Risk Behaviors,Binge Drinking,11.3,9.5,13.4,2107,1707
10001040502,Kent,Disability,Any Disability,36.5,32.6,40.6,2645,2038
10001041000,Kent,Health Status,General Health,25.5,22.3,28.9,7443,5657
10003001600,New Castle,Health Outcomes,Depression,23.8,20.4,27.2,2419,1765
10001040204,Kent,Prevention,Health Insurance,8.1,6.7,9.7,6451,4663
10001040206,Kent,Prevention,Annual Checkup,84.0,81.2,86.6,7643,5825
10001040700,Kent,Health Outcomes,COPD,7.5,6.1,9.1,5461,4265
10001040206,Kent,Health Outcomes,High Blood Pressure,38.7,35.0,42.6,7643,5825
10001040700,Kent,Prevention,Cholesterol Screening,89.6,87.9,91.0,5461,4265
10001041500,Kent,Health Outcomes,Arthritis,30.6,27.7,33.7,4085,3030
10001041900,Kent,Health Outcomes,Current Asthma,12.9,11.5,14.5,5289,4044
10001041500,Kent,Disability,Hearing Disability,7.2,6.4,8.1,4085,3030
10001041101,Kent,Health Risk Behaviors,Current Cigarette Smoking,10.9,8.5,13.7,2816,1805
10001041200,Kent,Health-Related Social Needs,Lack of Social/Emotional Support,23.2,20.3,26.4,4368,3262
10001041701,Kent,Health-Related Social Needs,Food Insecurity,12.2,10.4,14.3,6164,4781
10001041200,Kent,Health Risk Behaviors,Physical Inactivity,31.6,27.2,36.4,4368,3262
10001041400,Kent,Disability,Any Disability,39.6,35.2,43.9,3839,2982
10005051310,Sussex,Health Outcomes,Diabetes,13.4,11.3,15.6,1933,1765
10001041500,Kent,Health Outcomes,COPD,8.6,7.6,9.7,4085,3030
10001040900,Kent,Prevention,Dental Visit,55.6,51.6,59.4,2374,2045
10001041600,Kent,Prevention,Annual Checkup,83.8,81.0,86.4,2107,1707
10001041200,Kent,Prevention,Annual Checkup,83.4,80.5,86.2,4368,3262
10001040501,Kent,Disability,Cognitive Disability,16.4,14.5,18.5,4605,3611
10001041701,Kent,Prevention,High Blood Pressure Medication,79.0,76.5,81.5,6164,4781
10001040700,Kent,Disability,Hearing Disability,7.4,6.4,8.5,5461,4265
10001041200,Kent,Health Risk Behaviors,Current Cigarette Smoking,12.2,10.4,14.3,4368,3262
10001040205,Kent,Health Outcomes,Depression,22.8,19.6,26.2,4699,3533
10001040206,Kent,Health-Related Social Needs,Lack of Social/Emotional Support,21.8,18.9,25.0,7643,5825
10001040201,Kent,Health-Related Social Needs,Housing Insecurity,13.0,11.3,14.8,5446,4042
10001041500,Kent,Health Status,Frequent Physical Distress,15.8,14.1,17.6,4085,3030
10001041701,Kent,Disability,Self-care Disability,3.5,3.2,3.9,6164,4781
10001041400,Kent,Health Status,Frequent Mental Distress,20.6,18.3,23.0,3839,2982
10001040100,Kent,Disability,Any Disability,35.7,31.4,40.0,7315,5611
10001040501,Kent,Health Outcomes,Cancer (non-skin) or Melanoma,8.1,7.3,8.8,4605,3611
10001041101,Kent,Health-Related Social Needs,Transportation Barriers,9.0,7.6,10.7,2816,1805
10001040900,Kent,Prevention,High Blood Pressure Medication,79.8,77.8,81.7,2374,2045
10001040206,Kent,Health-Related Social Needs,Utility Services Threat,6.1,5.2,7.0,7643,5825
10001040205,Kent,Health-Related Social Needs,Transportation Barriers,8.6,7.5,9.9,4699,3533
10001040204,Kent,Health Status,General Health,17.7,15.5,20.2,6451,4663
10001041300,Kent,Disability,Independent Living Disability,14.3,12.7,16.1,2059,1505
10001040100,Kent,Health Outcomes,Obesity,43.4,37.1,50.1,7315,5611
10001041101,Kent,Health Status,Frequent Physical Distress,9.9,8.5,11.6,2816,1805
10001040204,Kent,Health Risk Behaviors,Short Sleep Duration,41.3,35.9,46.7,6451,4663
10001041600,Kent,Prevention,Mammography,72.8,65.8,78.8,2107,1707
10001040203,Kent,Prevention,Annual Checkup,83.1,80.2,85.9,5182,3975
10001040100,Kent,Health Outcomes,Coronary Heart Disease,7.1,6.3,7.9,7315,5611
10001040501,Kent,Prevention,Health Insurance,11.7,9.8,13.9,4605,3611
10001041000,Kent,Health Outcomes,Obesity,46.9,40.4,53.6,7443,5657
10001040502,Kent,Health-Related Social Needs,Food Insecurity,15.3,13.1,17.7,2645,2038
10001040501,Kent,Health Outcomes,Stroke,4.9,4.5,5.4,4605,3611
10001040900,Kent,Health-Related Social Needs,Loneliness,35.6,31.7,39.8,2374,2045
10001041300,Kent,Health Outcomes,Cancer (non-skin) or Melanoma,7.3,6.6,8.0,2059,1505
10001041600,Kent,Prevention,Dental Visit,64.7,61.0,68.1,2107,1707
10001041200,Kent,Health Outcomes,Arthritis,29.6,26.7,32.6,4368,3262
10001040206,Kent,Health Outcomes,Arthritis,28.3,25.3,31.5,7643,5825
10001040206,Kent,Health Risk Behaviors,Physical Inactivity,26.0,22.2,30.5,7643,5825
10001040204,Kent,Health Outcomes,Obesity,41.9,35.8,48.4,6451,4663
10001041500,Kent,Health Outcomes,Cancer (non-skin) or Melanoma,8.0,7.3,8.8,4085,3030
10001040201,Kent,Disability,Mobility Disability,13.3,11.7,14.9,5446,4042
10001040700,Kent,Health Outcomes,Diabetes,15.4,13.3,17.6,5461,4265
10001041500,Kent,Health Outcomes,Diabetes,16.3,14.4,18.3,4085,3030
10001041300,Kent,Health Outcomes,Stroke,5.3,4.8,5.9,2059,1505
10001040100,Kent,Prevention,Health Insurance,9.0,7.4,11.0,7315,5611
10001040502,Kent,Health Risk Behaviors,Binge Drinking,11.4,9.5,13.5,2645,2038
10001040204,Kent,Prevention,High Blood Pressure Medication,76.0,73.2,78.8,6451,4663
10001040502,Kent,Health Outcomes,Coronary Heart Disease,7.7,6.9,8.6,2645,2038
10001040100,Kent,Disability,Vision Disability,5.3,4.7,5.9,7315,5611
10001040201,Kent,Health Outcomes,Stroke,3.0,2.8,3.3,5446,4042
10001040502,Kent,Prevention,Mammography,74.6,67.9,80.3,2645,2038
10001041300,Kent,Disability,Cognitive Disability,20.4,18.0,23.0,2059,1505
10001041101,Kent,Health Risk Behaviors,Short Sleep Duration,42.2,36.8,47.8,2816,1805
10001041701,Kent,Health Outcomes,High Cholesterol,40.0,36.3,44.0,6164,4781
10001041000,Kent,Health Outcomes,Current Asthma,13.5,11.9,15.1,7443,5657
10001040700,Kent,Prevention,High Blood Pressure Medication,81.4,79.1,83.7,5461,4265
10001040203,Kent,Prevention,Mammography,73.9,67.2,79.8,5182,3975
10001041701,Kent,Prevention,Health Insurance,7.8,6.5,9.2,6164,4781
10001040900,Kent,Prevention,Mammography,72.7,65.9,78.7,2374,2045
10001041400,Kent,Health Risk Behaviors,Binge Drinking,12.1,10.1,14.4,3839,2982
10001040201,Kent,Prevention,Cholesterol Screening,86.4,84.4,88.2,5446,4042
10001041702,Kent,Health Outcomes,Arthritis,30.0,27.0,33.2,4472,3405
10001041400,Kent,Health Outcomes,COPD,8.5,7.4,9.7,3839,2982
10001040205,Kent,Health-Related Social Needs,Food Insecurity,15.7,13.4,18.5,4699,3533
10001041200,Kent,Health Status,Frequent Physical Distress,14.2,12.5,15.9,4368,3262
10001041000,Kent,Health Outcomes,All Teeth Lost,19.1,16.0,22.4,7443,5657
10001040502,Kent,Disability,Self-care Disability,4.2,3.8,4.7,2645,2038
10001040502,Kent,Disability,Vision Disability,5.6,5.0,6.2,2645,2038
10003014501,New Castle,Disability,Any Disability,43.8,36.1,51.1,2134,1931
10001041500,Kent,Health Outcomes,Stroke,4.5,4.1,4.8,4085,3030
10001040700,Kent,Health-Related Social Needs,Utility Services Threat,7.4,6.3,8.8,5461,4265
10001041300,Kent,Health-Related Social Needs,Food Stamps,33.9,29.5,38.5,2059,1505
10001041702,Kent,Prevention,High Blood Pressure Medication,79.9,77.1,82.4,4472,3405
10001040201,Kent,Prevention,High Blood Pressure Medication,74.7,71.7,77.4,5446,4042
10001040501,Kent,Health-Related Social Needs,Food Stamps,21.6,18.3,25.2,4605,3611
10001040900,Kent,Prevention,Annual Checkup,83.2,80.2,85.8,2374,2045
10001040206,Kent,Health Risk Behaviors,Current Cigarette Smoking,10.0,8.4,11.9,7643,5825
10001041000,Kent,Health-Related Social Needs,Loneliness,38.3,34.3,42.7,7443,5657
10001041101,Kent,Health Status,General Health,14.5,12.2,17.4,2816,1805
10001040502,Kent,Health Outcomes,COPD,8.0,7.0,9.1,2645,2038
10001041000,Kent,Prevention,Health Insurance,13.0,10.6,15.4,7443,5657
10001040501,Kent,Health-Related Social Needs,Loneliness,36.2,32.3,40.3,4605,3611
10001040501,Kent,Disability,Independent Living Disability,11.0,9.7,12.4,4605,3611
10001040205,Kent,Health Status,Frequent Mental Distress,18.1,16.2,20.1,4699,3533
10001041600,Kent,Disability,Independent Living Disability,10.3,8.9,11.7,2107,1707
10001040501,Kent,Health-Related Social Needs,Food Insecurity,22.3,19.3,25.4,4605,3611
10001040502,Kent,Health-Related Social Needs,Housing Insecurity,13.6,11.8,15.6,2645,2038
10001041500,Kent,Prevention,Cholesterol Screening,86.1,84.2,87.9,4085,3030
10003016610,New Castle,Health Outcomes,Current Asthma,10.8,9.5,12.0,7062,5510
10001041101,Kent,Prevention,Mammography,74.8,68.2,80.5,2816,1805
10001041000,Kent,Health Risk Behaviors,Physical Inactivity,36.5,31.4,41.6,7443,5657
10001041300,Kent,Disability,Any Disability,44.3,40.0,48.7,2059,1505
10001040700,Kent,Health Risk Behaviors,Short Sleep Duration,40.9,35.6,46.2,5461,4265
10001040100,Kent,Health-Related Social Needs,Housing Insecurity,12.0,10.2,14.0,7315,5611
10001040203,Kent,Health Outcomes,Arthritis,31.5,28.4,34.7,5182,3975
10001040205,Kent,Health Outcomes,Stroke,3.7,3.3,4.0,4699,3533
10001040900,Kent,Health Outcomes,Arthritis,33.5,30.6,36.5,2374,2045
10001041600,Kent,Health-Related Social Needs,Lack of Social/Emotional Support,20.9,18.1,24.1,2107,1707
10001040206,Kent,Health Outcomes,Obesity,40.3,34.1,47.0,7643,5825
10001040204,Kent,Prevention,Annual Checkup,81.7,78.5,84.6,6451,4663
10001040204,Kent,Health Risk Behaviors,Physical Inactivity,27.8,23.9,32.3,6451,4663
10001041400,Kent,Prevention,Cholesterol Screening,83.1,80.6,85.5,3839,2982
10001040203,Kent,Health Status,Frequent Physical Distress,15.4,13.8,17.3,5182,3975
10001040205,Kent,Health Outcomes,Coronary Heart Disease,6.1,5.4,6.8,4699,3533
10001041701,Kent,Health-Related Social Needs,Loneliness,33.6,29.8,37.7,6164,4781
10001040502,Kent,Prevention,Colorectal Cancer Screening,69.3,64.9,73.3,2645,2038
10001041200,Kent,Prevention,Health Insurance,9.3,7.8,11.0,4368,3262
10001041200,Kent,Health Risk Behaviors,Short Sleep Duration,40.5,35.3,45.8,4368,3262
10001040206,Kent,Health-Related Social Needs,Loneliness,33.0,29.2,37.1,7643,5825
10001040900,Kent,Health Outcomes,High Cholesterol,41.6,38.0,45.4,2374,2045
10001041000,Kent,Health Outcomes,Depression,23.5,20.1,27.1,7443,5657
10001041500,Kent,Prevention,High Blood Pressure Medication,78.4,75.9,80.8,4085,3030
10001041000,Kent,Disability,Cognitive Disability,18.1,15.7,20.6,7443,5657
10001040900,Kent,Health Status,Frequent Physical Distress,17.2,15.2,19.4,2374,2045
10001041600,Kent,Health Risk Behaviors,Short Sleep Duration,37.2,32.2,42.4,2107,1707
10001040201,Kent,Health Outcomes,Cancer (non-skin) or Melanoma,7.2,6.5,7.8,5446,4042
10001040900,Kent,Health-Related Social Needs,Utility Services Threat,10.7,9.3,12.4,2374,2045
10001040203,Kent,Health Outcomes,High Cholesterol,40.6,36.8,44.5,5182,3975
10001041300,Kent,Health Outcomes,Obesity,51.0,44.5,57.7,2059,1505
10001041101,Kent,Health Risk Behaviors,Binge Drinking,19.3,16.3,22.6,2816,1805
10001040700,Kent,Disability,Mobility Disability,17.6,14.9,20.6,5461,4265
10001040501,Kent,Health-Related Social Needs,Housing Insecurity,18.1,15.7,20.8,4605,3611
10001040700,Kent,Health Outcomes,High Blood Pressure,42.8,39.0,46.8,5461,4265
10001041400,Kent,Health-Related Social Needs,Housing Insecurity,21.9,19.0,25.2,3839,2982
10001041600,Kent,Health Outcomes,Arthritis,35.7,32.7,39.0,2107,1707
10001040900,Kent,Health Risk Behaviors,Physical Inactivity,37.0,32.1,42.2,2374,2045
10001042100,Kent,Health-Related Social Needs,Loneliness,33.9,30.1,38.0,3997,3098
10001040206,Kent,Disability,Any Disability,28.9,25.4,32.9,7643,5825
10001040201,Kent,Health Outcomes,Diabetes,11.7,10.4,13.3,5446,4042
10001040700,Kent,Health Status,General Health,20.0,16.9,23.3,5461,4265
10005051308,Sussex,Prevention,Mammography,82.6,78.0,87.0,4074,3530
10001041702,Kent,Prevention,Annual Checkup,83.7,80.8,86.4,4472,3405
10001040203,Kent,Health Outcomes,Diabetes,15.4,13.6,17.4,5182,3975
10001040501,Kent,Health Outcomes,Obesity,47.1,40.7,53.7,4605,3611
10001041101,Kent,Health Outcomes,Coronary Heart Disease,2.1,1.9,2.4,2816,1805
10003016608,New Castle,Health Outcomes,Obesity,30.8,25.2,36.3,6561,5064
10001041400,Kent,Prevention,Mammography,73.3,66.6,79.1,3839,2982
10001040900,Kent,Health Risk Behaviors,Short Sleep Duration,40.7,35.4,46.1,2374,2045
10001041600,Kent,Health Status,General Health,24.2,21.1,27.3,2107,1707
10005051015,Sussex,Disability,Vision Disability,4.0,3.4,4.7,1877,1626
10003013610,New Castle,Health Outcomes,Arthritis,24.7,22.0,27.5,5460,4534
10001041200,Kent,Health Status,General Health,20.9,18.4,23.6,4368,3262
10001040205,Kent,Disability,Self-care Disability,3.9,3.5,4.3,4699,3533
10001041101,Kent,Disability,Independent Living Disability,7.1,5.9,8.6,2816,1805
10001040205,Kent,Disability,Cognitive Disability,14.7,12.9,16.6,4699,3533
10001041701,Kent,Prevention,Annual Checkup,82.9,80.0,85.8,6164,4781
10001040203,Kent,Health Risk Behaviors,Short Sleep Duration,41.8,36.4,47.3,5182,3975
10001040502,Kent,Health-Related Social Needs,Food Stamps,13.2,11.1,15.7,2645,2038
10001040205,Kent,Prevention,Health Insurance,9.5,7.8,11.5,4699,3533
10001040206,Kent,Prevention,High Blood Pressure Medication,79.4,76.8,82.0,7643,5825
10001041400,Kent,Health Outcomes,Stroke,4.4,4.0,4.9,3839,2982
10001040900,Kent,Health Outcomes,High Blood Pressure,44.0,40.5,47.6,2374,2045
10001040700,Kent,Prevention,Colorectal Cancer Screening,70.2,66.0,74.1,5461,4265
10001041101,Kent,Disability,Any Disability,27.0,22.9,31.7,2816,1805
10001041400,Kent,Health Outcomes,Cancer (non-skin) or Melanoma,5.9,5.4,6.6,3839,2982
10001041200,Kent,Prevention,High Blood Pressure Medication,79.5,77.0,82.0,4368,3262
10001041300,Kent,Prevention,Health Insurance,13.3,11.0,15.9,2059,1505
10001040100,Kent,Health-Related Social Needs,Food Stamps,13.0,10.7,15.6,7315,5611
10001040900,Kent,Health-Related Social Needs,Lack of Social/Emotional Support,22.4,19.5,25.8,2374,2045
10001041701,Kent,Health Outcomes,Depression,22.0,18.8,25.4,6164,4781
10001040206,Kent,Health Outcomes,High Cholesterol,39.6,35.8,43.6,7643,5825
10001040501,Kent,Health Outcomes,Depression,21.8,18.7,25.2,4605,3611
10001041600,Kent,Prevention,High Blood Pressure Medication,81.8,79.3,84.0,2107,1707
10001041300,Kent,Health Risk Behaviors,Physical Inactivity,42.0,37.1,46.9,2059,1505
10001040700,Kent,Health-Related Social Needs,Transportation Barriers,7.5,6.4,8.7,5461,4265
10001041500,Kent,Prevention,Mammography,71.2,64.1,77.6,4085,3030
10001041701,Kent,Health-Related Social Needs,Utility Services Threat,6.9,5.9,8.0,6164,4781
10001041400,Kent,Disability,Self-care Disability,5.7,5.0,6.5,3839,2982
10001041701,Kent,Health Status,Frequent Mental Distress,16.3,14.5,18.3,6164,4781
10001041400,Kent,Health-Related Social Needs,Food Stamps,26.3,22.3,30.8,3839,2982
10001041701,Kent,Health Outcomes,High Blood Pressure,39.0,35.5,42.7,6164,4781
10001041500,Kent,Health-Related Social Needs,Transportation Barriers,10.8,9.5,12.2,4085,3030
10001040206,Kent,Health Risk Behaviors,Short Sleep Duration,37.8,32.7,43.1,7643,5825
10001040201,Kent,Health Outcomes,COPD,6.1,5.4,6.8,5446,4042
10001041600,Kent,Health Status,Frequent Physical Distress,16.9,14.9,19.0,2107,1707
10001041300,Kent,Health Risk Behaviors,Current Cigarette Smoking,20.5,17.5,23.5,2059,1505
10005051900,Sussex,Disability,Hearing Disability,7.4,6.5,8.3,4760,3685
10001040205,Kent,Disability,Hearing Disability,6.2,5.5,7.0,4699,3533
10001040204,Kent,Disability,Independent Living Disability,7.3,6.5,8.3,6451,4663
10001040501,Kent,Health Risk Behaviors,Physical Inactivity,37.5,32.9,42.3,4605,3611
10001041000,Kent,Disability,Independent Living Disability,11.3,9.8,12.8,7443,5657
10001040203,Kent,Prevention,High Blood Pressure Medication,79.1,76.4,81.7,5182,3975
10001040205,Kent,Health-Related Social Needs,Loneliness,35.9,32.1,40.2,4699,3533
10001040204,Kent,Health Outcomes,Depression,21.8,18.7,25.2,6451,4663
10001041200,Kent,Disability,Independent Living Disability,8.5,7.5,9.6,4368,3262
10001040100,Kent,Health Outcomes,High Blood Pressure,39.4,35.7,43.3,7315,5611
10001041000,Kent,Health Outcomes,Cancer (non-skin) or Melanoma,6.2,5.6,6.8,7443,5657
10001040204,Kent,Health Outcomes,Coronary Heart Disease,5.2,4.6,5.8,6451,4663
10001041500,Kent,Disability,Any Disability,38.1,34.0,42.0,4085,3030
10001040502,Kent,Health Outcomes,Arthritis,32.3,29.3,35.4,2645,2038
10001041600,Kent,Health Risk Behaviors,Current Cigarette Smoking,14.8,12.4,17.4,2107,1707
10001040206,Kent,Health-Related Social Needs,Housing Insecurity,10.3,8.8,11.9,7643,5825
10001040204,Kent,Health-Related Social Needs,Lack of Social/Emotional Support,23.7,20.6,27.1,6451,4663
10001040204,Kent,Health Outcomes,Diabetes,12.1,10.6,13.6,6451,4663
10001040205,Kent,Prevention,Mammography,74.5,67.8,80.3,4699,3533
10001041300,Kent,Prevention,Cholesterol Screening,82.2,79.7,84.6,2059,1505
10001041600,Kent,Health-Related Social Needs,Transportation Barriers,8.4,7.3,9.5,2107,1707
10001040203,Kent,Prevention,Cholesterol Screening,87.4,85.6,89.2,5182,3975
10001040100,Kent,Health-Related Social Needs,Utility Services Threat,7.5,6.4,8.8,7315,5611
10001041802,Kent,Health-Related Social Needs,Loneliness,34.8,31.1,38.9,6720,5103
10001041400,Kent,Health Outcomes,Arthritis,27.6,25.0,30.5,3839,2982
10001040204,Kent,Health Outcomes,Arthritis,26.1,23.4,29.0,6451,4663
10001040204,Kent,Disability,Vision Disability,4.3,3.8,4.8,6451,4663
10001040700,Kent,Health Risk Behaviors,Physical Inactivity,30.3,25.4,35.3,5461,4265
10001040900,Kent,Health-Related Social Needs,Housing Insecurity,15.5,13.4,17.9,2374,2045
10001041000,Kent,Health Outcomes,Stroke,4.0,3.6,4.4,7443,5657
10001040204,Kent,Health-Related Social Needs,Food Stamps,10.7,8.9,12.7,6451,4663
10005051015,Sussex,Health Outcomes,Current Asthma,10.0,8.8,11.2,1877,1626
10001040502,Kent,Health Status,Frequent Physical Distress,14.9,13.2,16.7,2645,2038
10001040100,Kent,Health Outcomes,Diabetes,14.1,12.3,15.9,7315,5611
10001040100,Kent,Health Status,Frequent Mental Distress,18.4,16.2,20.7,7315,5611
10001040700,Kent,Prevention,Annual Checkup,84.9,82.2,87.3,5461,4265
10001040900,Kent,Prevention,Cholesterol Screening,84.0,81.5,86.2,2374,2045
10001041101,Kent,Health Outcomes,COPD,3.3,2.7,4.0,2816,1805
10001041600,Kent,Health Risk Behaviors,Physical Inactivity,35.3,30.6,40.3,2107,1707
10003000900,New Castle,Disability,Any Disability,40.9,35.9,45.6,2267,1563
10001040201,Kent,Health Risk Behaviors,Current Cigarette Smoking,13.1,11.2,15.1,5446,4042
10001041701,Kent,Health Outcomes,Stroke,3.7,3.3,4.0,6164,4781
10003013608,New Castle,Health Outcomes,Obesity,32.2,26.6,37.9,1959,1543
10001040502,Kent,Health Outcomes,Depression,20.9,17.9,24.2,2645,2038
10001041400,Kent,Health Outcomes,Diabetes,16.7,14.8,18.7,3839,2982
10001041600,Kent,Prevention,Cholesterol Screening,87.8,86.0,89.4,2107,1707
10001041000,Kent,Health-Related Social Needs,Food Stamps,24.1,20.5,28.2,7443,5657
10001041600,Kent,Prevention,Colorectal Cancer Screening,69.2,64.7,73.4,2107,1707
10001041300,Kent,Health-Related Social Needs,Housing Insecurity,23.3,20.4,26.4,2059,1505
10001040201,Kent,Health-Related Social Needs,Loneliness,35.3,31.6,39.4,5446,4042
10001040501,Kent,Health Outcomes,Diabetes,17.9,15.9,20.0,4605,3611
10001040203,Kent,Health-Related Social Needs,Housing Insecurity,14.9,13.1,16.9,5182,3975
10001040201,Kent,Prevention,Annual Checkup,80.7,77.4,83.8,5446,4042
10001040502,Kent,Health Outcomes,Diabetes,15.6,13.7,17.5,2645,2038
10001041702,Kent,Prevention,Health Insurance,7.3,6.0,8.7,4472,3405
10003016306,New Castle,Health Outcomes,Stroke,3.7,3.3,4.0,4598,3569
10001040206,Kent,Prevention,Cholesterol Screening,90.2,88.7,91.5,7643,5825
10001040700,Kent,Health Risk Behaviors,Current Cigarette Smoking,11.0,9.0,13.2,5461,4265
10001040206,Kent,Health Risk Behaviors,Binge Drinking,12.8,10.7,15.1,7643,5825
10003002700,New Castle,Disability,Any Disability,25.3,22.0,28.9,2990,2310
10001040204,Kent,Prevention,Colorectal Cancer Screening,65.7,61.2,69.9,6451,4663
10001040203,Kent,Health Outcomes,Depression,22.6,19.4,26.1,5182,3975
10001040203,Kent,Health Risk Behaviors,Physical Inactivity,33.9,29.5,38.7,5182,3975
10001040501,Kent,Health Outcomes,High Cholesterol,40.7,36.9,44.6,4605,3611
10001040205,Kent,Prevention,Annual Checkup,82.1,79.0,85.0,4699,3533
10001041500,Kent,Health-Related Social Needs,Food Insecurity,20.4,17.8,23.2,4085,3030
10001041300,Kent,Health Risk Behaviors,Short Sleep Duration,45.0,39.5,50.5,2059,1505
10001041400,Kent,Health Outcomes,Current Asthma,13.9,12.3,15.6,3839,2982
10001041200,Kent,Disability,Mobility Disability,16.8,14.9,19.0,4368,3262
10001041701,Kent,Health Outcomes,Diabetes,13.5,11.9,15.3,6164,4781
10001040206,Kent,Health Outcomes,COPD,5.6,4.8,6.5,7643,5825
10001041101,Kent,Health-Related Social Needs,Food Stamps,12.0,9.3,15.3,2816,1805
10001041000,Kent,Health Outcomes,Arthritis,26.4,23.7,29.2,7443,5657
10001040502,Kent,Health Risk Behaviors,Physical Inactivity,33.0,28.5,37.8,2645,2038
10001041200,Kent,Health Outcomes,Obesity,42.9,36.6,49.4,4368,3262
10001041701,Kent,Health Outcomes,Coronary Heart Disease,6.6,5.8,7.4,6164,4781
10001040700,Kent,Health Outcomes,Obesity,41.5,35.2,48.3,5461,4265
10001041000,Kent,Health Status,Frequent Physical Distress,15.7,13.8,17.6,7443,5657
10001041500,Kent,Health Risk Behaviors,Short Sleep Duration,43.7,38.3,49.2,4085,3030
10001040205,Kent,Health Outcomes,High Blood Pressure,38.7,35.0,42.2,4699,3533
10001040206,Kent,Disability,Mobility Disability,13.3,11.6,15.4,7643,5825
10001041400,Kent,Health-Related Social Needs,Loneliness,38.5,34.6,42.8,3839,2982
10001041500,Kent,Health Status,General Health,24.1,21.5,26.8,4085,3030
10001041200,Kent,Disability,Any Disability,34.1,30.2,38.3,4368,3262
10001041101,Kent,Prevention,Annual Checkup,74.4,70.2,78.4,2816,1805
10001040201,Kent,Health Risk Behaviors,Short Sleep Duration,41.0,35.6,46.4,5446,4042
10001042801,Kent,Health-Related Social Needs,Loneliness,32.4,28.4,36.9,2007,1606
10001040900,Kent,Health Risk Behaviors,Current Cigarette Smoking,14.9,12.6,17.3,2374,2045
10001041101,Kent,Disability,Vision Disability,3.5,3.0,4.1,2816,1805
10001041701,Kent,Disability,Hearing Disability,6.9,6.1,7.8,6164,4781
10001041000,Kent,Health Outcomes,Diabetes,15.0,13.2,16.8,7443,5657
10001040501,Kent,Prevention,Cholesterol Screening,86.1,84.1,87.9,4605,3611
10001040201,Kent,Health Risk Behaviors,Binge Drinking,14.9,12.5,17.6,5446,4042
10001041200,Kent,Health Outcomes,COPD,7.1,6.3,8.2,4368,3262
10001040205,Kent,Prevention,Dental Visit,60.4,56.5,64.1,4699,3533
10001041701,Kent,Health Outcomes,Arthritis,29.7,26.7,32.8,6164,4781
10001040203,Kent,Health-Related Social Needs,Transportation Barriers,9.0,8.0,10.2,5182,3975
10001041500,Kent,Disability,Self-care Disability,5.0,4.5,5.5,4085,3030
10001040501,Kent,Health Risk Behaviors,Short Sleep Duration,43.3,37.9,48.6,4605,3611
10001041300,Kent,Prevention,High Blood Pressure Medication,77.0,74.5,79.4,2059,1505
10001041500,Kent,Health Risk Behaviors,Binge Drinking,11.8,9.8,14.1,4085,3030
10003014501,New Castle,Health Outcomes,Diabetes,8.7,7.7,9.6,2134,1931
10001040201,Kent,Disability,Self-care Disability,3.3,3.0,3.6,5446,4042
10001040204,Kent,Health Status,Frequent Physical Distress,12.7,11.3,14.4,6451,4663
10001040501,Kent,Prevention,High Blood Pressure Medication,79.7,77.2,82.0,4605,3611
10001040700,Kent,Disability,Any Disability,34.5,30.1,39.1,5461,4265
10001041400,Kent,Disability,Cognitive Disability,18.4,15.9,20.8,3839,2982
10001040203,Kent,Health Outcomes,Obesity,45.1,38.8,51.7,5182,3975
10001040206,Kent,Health Outcomes,Diabetes,12.8,11.2,14.6,7643,5825
10001040700,Kent,Health-Related Social Needs,Food Stamps,11.7,9.2,14.4,5461,4265
10001041200,Kent,Health Outcomes,Cancer (non-skin) or Melanoma,8.3,7.5,9.1,4368,3262
10001040205,Kent,Prevention,High Blood Pressure Medication,77.2,74.5,79.8,4699,3533
10001041701,Kent,Health Outcomes,COPD,6.9,5.9,7.8,6164,4781
10001040501,Kent,Health Status,Frequent Physical Distress,16.6,14.8,18.5,4605,3611
10001041400,Kent,Health Status,Frequent Physical Distress,16.2,14.4,18.1,3839,2982
10001040900,Kent,Health Outcomes,Stroke,5.3,4.7,5.9,2374,2045
10001041400,Kent,Health Risk Behaviors,Physical Inactivity,37.7,32.7,42.6,3839,2982
10001040100,Kent,Prevention,High Blood Pressure Medication,77.8,75.0,80.6,7315,5611
10001041200,Kent,Prevention,Colorectal Cancer Screening,66.0,61.7,70.2,4368,3262
10001041300,Kent,Prevention,Dental Visit,48.2,44.2,52.1,2059,1505
10001040501,Kent,Health Outcomes,COPD,9.3,8.2,10.5,4605,3611
10001041200,Kent,Health-Related Social Needs,Transportation Barriers,8.4,7.4,9.5,4368,3262
10001041101,Kent,Health-Related Social Needs,Housing Insecurity,14.1,11.6,16.8,2816,1805
10001041000,Kent,Prevention,Mammography,72.7,65.9,78.8,7443,5657
10001041101,Kent,Health-Related Social Needs,Food Insecurity,14.4,11.5,17.6,2816,1805
10001041701,Kent,Prevention,Colorectal Cancer Screening,69.4,65.1,73.5,6164,4781
10001040900,Kent,Health Outcomes,Obesity,44.8,38.5,51.4,2374,2045
10001040502,Kent,Disability,Independent Living Disability,8.9,7.9,10.0,2645,2038
10001040206,Kent,Health Outcomes,Stroke,3.3,2.9,3.7,7643,5825
10005050501,Sussex,Prevention,Mammography,78.9,73.9,84.0,4201,3285
10001041400,Kent,Disability,Independent Living Disability,11.7,10.3,13.3,3839,2982
10001041600,Kent,Prevention,Health Insurance,9.4,7.8,11.1,2107,1707
10001041500,Kent,Disability,Independent Living Disability,10.4,9.2,11.5,4085,3030
10001043100,Kent,Health-Related Social Needs,Loneliness,32.7,29.0,37.1,2573,2087
10001041000,Kent,Health Outcomes,COPD,8.1,7.0,9.2,7443,5657
10001041702,Kent,Health Outcomes,Cancer (non-skin) or Melanoma,9.2,8.4,10.1,4472,3405
10001040205,Kent,Health Outcomes,High Cholesterol,38.5,34.8,42.3,4699,3533
10001041101,Kent,Prevention,High Blood Pressure Medication,52.8,49.0,56.6,2816,1805
10001041101,Kent,Disability,Self-care Disability,2.0,1.8,2.4,2816,1805
10001040203,Kent,Prevention,Health Insurance,9.6,8.0,11.4,5182,3975
10001040502,Kent,Prevention,Annual Checkup,84.0,81.2,86.7,2645,2038
10001040900,Kent,Disability,Any Disability,42.5,38.1,47.3,2374,2045
10001041200,Kent,Health Outcomes,Stroke,4.0,3.6,4.4,4368,3262
10001041701,Kent,Health-Related Social Needs,Transportation Barriers,7.0,6.1,8.1,6164,4781
10003012900,New Castle,Health Outcomes,Obesity,39.4,33.3,45.4,4823,3565
10005050105,Sussex,Disability,Mobility Disability,15.9,13.9,17.8,5939,4388
10001041500,Kent,Health-Related Social Needs,Food Stamps,20.3,17.3,23.5,4085,3030
10001040205,Kent,Health-Related Social Needs,Lack of Social/Emotional Support,24.1,21.0,27.7,4699,3533
10001041500,Kent,Health Status,Frequent Mental Distress,18.8,16.8,20.9,4085,3030
10001041300,Kent,Health-Related Social Needs,Utility Services Threat,17.2,15.0,19.6,2059,1505
10001041600,Kent,Health Outcomes,Stroke,5.0,4.4,5.6,2107,1707
10001041200,Kent,Health Outcomes,Diabetes,15.3,13.6,17.4,4368,3262
10001040100,Kent,Disability,Independent Living Disability,9.1,8.0,10.4,7315,5611
10001040501,Kent,Prevention,Annual Checkup,83.2,80.2,85.9,4605,3611
10001041400,Kent,Health Outcomes,All Teeth Lost,25.7,21.9,29.9,3839,2982
10001040204,Kent,Prevention,Mammography,75.5,69.2,81.0,6451,4663
10001040201,Kent,Prevention,Health Insurance,8.3,7.0,9.9,5446,4042
10001041300,Kent,Health Status,Frequent Physical Distress,18.8,16.9,21.0,2059,1505
10001040900,Kent,Health Outcomes,COPD,10.9,9.3,12.6,2374,2045
10001040201,Kent,Health Outcomes,Obesity,42.9,36.7,49.6,5446,4042
10001040700,Kent,Prevention,Health Insurance,8.2,6.6,10.1,5461,4265
10001040100,Kent,Health Risk Behaviors,Short Sleep Duration,39.0,33.6,44.3,7315,5611
10001041500,Kent,Health Risk Behaviors,Current Cigarette Smoking,15.3,13.1,17.6,4085,3030
10001040501,Kent,Prevention,Mammography,72.5,65.8,78.6,4605,3611
10001041300,Kent,Health-Related Social Needs,Lack of Social/Emotional Support,25.0,21.7,28.5,2059,1505
10001040204,Kent,Health-Related Social Needs,Housing Insecurity,12.5,10.8,14.3,6451,4663
10001041200,Kent,Prevention,Cholesterol Screening,88.1,86.3,89.7,4368,3262
10001040203,Kent,Health Outcomes,Cancer (non-skin) or Melanoma,8.9,8.1,9.8,5182,3975
10001040100,Kent,Disability,Mobility Disability,17.1,14.8,19.2,7315,5611
10001041000,Kent,Prevention,Cholesterol Screening,82.4,80.0,84.9,7443,5657
10001040900,Kent,Health-Related Social Needs,Food Stamps,21.0,17.7,24.6,2374,2045
10001040204,Kent,Health Outcomes,COPD,5.8,5.1,6.7,6451,4663
10001041600,Kent,Disability,Hearing Disability,9.6,8.5,10.8,2107,1707
10001040205,Kent,Health Status,Frequent Physical Distress,14.3,12.8,16.0,4699,3533
10001040502,Kent,Health Status,General Health,21.5,19.0,24.1,2645,2038
10001041500,Kent,Prevention,Annual Checkup,82.9,79.9,85.8,4085,3030
10001040100,Kent,Disability,Cognitive Disability,15.4,13.3,17.6,7315,5611
10001040100,Kent,Prevention,Annual Checkup,81.2,78.0,84.2,7315,5611
10001040206,Kent,Health-Related Social Needs,Food Stamps,8.3,6.8,10.1,7643,5825
10001040203,Kent,Health Outcomes,Stroke,4.2,3.8,4.6,5182,3975
10001041101,Kent,Health Outcomes,Arthritis,12.6,11.0,14.5,2816,1805
10001040900,Kent,Prevention,Health Insurance,10.9,8.9,13.3,2374,2045
10001041701,Kent,Disability,Mobility Disability,15.3,13.5,17.3,6164,4781
10001040204,Kent,Health-Related Social Needs,Food Insecurity,12.9,11.2,14.9,6451,4663
10001041600,Kent,Health-Related Social Needs,Loneliness,32.8,29.1,37.0,2107,1707
10001041400,Kent,Health Status,General Health,27.0,23.6,30.4,3839,2982
10001040201,Kent,Disability,Any Disability,31.0,27.5,34.9,5446,4042
10001040900,Kent,Health Outcomes,Cancer (non-skin) or Melanoma,9.7,8.8,10.6,2374,2045
10001041600,Kent,Health Outcomes,Obesity,43.7,37.5,50.2,2107,1707
10001040502,Kent,Prevention,High Blood Pressure Medication,80.7,78.2,83.1,2645,2038
10001041000,Kent,Health-Related Social Needs,Housing Insecurity,20.4,17.8,23.4,7443,5657
10001041101,Kent,Health Status,Frequent Mental Distress,20.8,18.1,23.9,2816,1805
10001041600,Kent,Health Outcomes,Cancer (non-skin) or Melanoma,11.2,10.1,12.3,2107,1707
10003014403,New Castle,Health Risk Behaviors,Binge Drinking,16.8,14.2,19.5,3611,2955
10001041300,Kent,Health Outcomes,Arthritis,31.6,28.6,34.7,2059,1505
10001040204,Kent,Disability,Self-care Disability,3.2,2.9,3.6,6451,4663
10001041702,Kent,Prevention,Cholesterol Screening,89.2,87.6,90.6,4472,3405
10001040501,Kent,Health Outcomes,Arthritis,31.7,28.7,34.8,4605,3611
10001041200,Kent,Disability,Hearing Disability,6.6,5.8,7.4,4368,3262
10005051102,Sussex,Disability,Hearing Disability,8.9,7.8,10.0,1029,970
10001040201,Kent,Health Outcomes,High Cholesterol,36.4,32.8,40.3,5446,4042
10001041300,Kent,Prevention,Mammography,72.1,65.0,78.3,2059,1505
10001041701,Kent,Health Risk Behaviors,Short Sleep Duration,38.4,33.3,43.7,6164,4781
10001040203,Kent,Health-Related Social Needs,Food Stamps,16.0,13.7,18.6,5182,3975
10001040206,Kent,Health Outcomes,Cancer (non-skin) or Melanoma,9.0,8.1,9.8,7643,5825
10001041600,Kent,Disability,Any Disability,39.7,35.4,44.1,2107,1707
10001040100,Kent,Health Status,General Health,21.6,18.7,24.5,7315,5611
10001040203,Kent,Health-Related Social Needs,Food Insecurity,17.1,15.0,19.6,5182,3975
10001040205,Kent,Health Outcomes,All Teeth Lost,11.6,9.6,14.0,4699,3533
10001040502,Kent,Health Risk Behaviors,Short Sleep Duration,40.4,35.2,45.7,2645,2038
10001040700,Kent,Disability,Independent Living Disability,8.3,7.1,9.8,5461,4265
10001040205,Kent,Prevention,Colorectal Cancer Screening,66.2,61.7,70.4,4699,3533
10001040201,Kent,Health Risk Behaviors,Physical Inactivity,28.2,24.3,32.5,5446,4042
10003010703,New Castle,Health-Related Social Needs,Food Stamps,16.1,12.9,19.5,2036,1556
10005051102,Sussex,Health-Related Social Needs,Housing Insecurity,3.9,3.1,4.7,1029,970
10001042900,Kent,Health-Related Social Needs,Food Insecurity,16.4,14.1,18.7,5105,4056
10001980000,Kent,Health-Related Social Needs,Loneliness,46.4,41.8,51.1,108,104
10001041803,Kent,Health Outcomes,High Blood Pressure,45.5,41.8,49.5,4384,3459
10003015000,New Castle,Health Risk Behaviors,Binge Drinking,14.7,12.5,17.2,5659,4542
10003016200,New Castle,Health-Related Social Needs,Loneliness,31.4,27.6,35.4,3051,2509
10005050601,Sussex,Health Outcomes,Obesity,35.2,29.2,41.2,5391,4138
10003015802,New Castle,Health Risk Behaviors,Short Sleep Duration,37.2,32.3,42.4,2276,1726
10003010704,New Castle,Health Outcomes,Diabetes,12.1,10.6,13.6,3947,3149
10005050903,Sussex,Disability,Vision Disability,3.9,3.3,4.8,2161,1968
10003012200,New Castle,Health Outcomes,All Teeth Lost,11.4,9.3,13.7,4676,3581
10005051017,Sussex,Health Status,Frequent Physical Distress,12.3,10.2,14.5,3804,3435
10003015100,New Castle,Prevention,Dental Visit,62.7,59.0,66.3,3594,2808
10003001400,New Castle,Health-Related Social Needs,Food Insecurity,23.0,19.5,26.9,2103,1727
10003002600,New Castle,Health Risk Behaviors,Binge Drinking,13.5,11.4,15.8,3730,2585
10003015400,New Castle,Health Outcomes,Current Asthma,12.1,10.7,13.5,2932,2209
10003015900,New Castle,Health Outcomes,High Cholesterol,38.8,35.1,42.5,3344,2595
10003000500,New Castle,Health Risk Behaviors,Current Cigarette Smoking,14.7,12.2,17.4,3453,2515
10003011700,New Castle,Disability,Vision Disability,2.5,2.2,3.1,4260,3465
10005050506,Sussex,Health Outcomes,Arthritis,27.5,24.6,30.4,4112,3099
10005051312,Sussex,Health Risk Behaviors,Physical Inactivity,24.9,20.4,29.6,2290,2046
10003011300,New Castle,Health Outcomes,Coronary Heart Disease,6.6,5.6,7.7,2244,1847
10003013612,New Castle,Disability,Cognitive Disability,9.1,7.9,10.4,6158,4926
10003013905,New Castle,Health Outcomes,Cancer (non-skin) or Melanoma,4.7,4.3,5.2,4169,3100
10003002400,New Castle,Health Outcomes,High Blood Pressure,40.5,36.8,43.8,4250,3346
10005051102,Sussex,Health-Related Social Needs,Utility Services Threat,2.8,2.3,3.3,1029,970
10003002100,New Castle,Health Outcomes,All Teeth Lost,39.0,33.7,44.3,1809,1283
10003013905,New Castle,Health-Related Social Needs,Lack of Social/Emotional Support,24.8,21.2,28.6,4169,3100
10003011202,New Castle,Prevention,Mammography,76.8,70.8,82.1,4003,3308
10005051308,Sussex,Disability,Any Disability,30.6,26.0,35.3,4074,3530
10005051702,Sussex,Disability,Hearing Disability,7.7,6.8,8.7,6577,4982
10001043300,Kent,Health Outcomes,High Cholesterol,29.1,26.2,32.3,6553,5692
10005050601,Sussex,Health Status,Frequent Mental Distress,16.1,14.2,18.0,5391,4138
10005051307,Sussex,Health-Related Social Needs,Loneliness,25.5,21.8,29.4,2975,2708
10003014404,New Castle,Disability,Any Disability,25.9,22.3,29.9,4159,3562
10005050711,Sussex,Health Outcomes,High Cholesterol,48.5,44.6,52.4,1505,1256
10003014302,New Castle,Health-Related Social Needs,Housing Insecurity,9.4,7.7,11.4,4908,4464
10003013614,New Castle,Health-Related Social Needs,Food Insecurity,17.9,15.4,20.7,3258,2555
10003010104,New Castle,Health Outcomes,Diabetes,12.3,10.7,13.8,3620,2830
10003015000,New Castle,Disability,Vision Disability,6.2,5.6,6.9,5659,4542
10003001400,New Castle,Disability,Self-care Disability,5.5,4.8,6.2,2103,1727
10003002700,New Castle,Health Outcomes,Depression,20.8,17.7,24.0,2990,2310
10003010400,New Castle,Disability,Mobility Disability,12.2,10.5,13.9,4591,3725
10005050302,Sussex,Health Risk Behaviors,Current Cigarette Smoking,19.3,16.6,21.9,5521,4001
10003015200,New Castle,Health Outcomes,Current Asthma,11.1,9.9,12.5,5783,4501
10005051314,Sussex,Disability,Independent Living Disability,6.3,5.4,7.3,2525,2271
10003013614,New Castle,Health Outcomes,Arthritis,23.9,21.4,26.6,3258,2555
10003001600,New Castle,Health Risk Behaviors,Physical Inactivity,42.1,36.7,47.5,2419,1765
10005050604,Sussex,Prevention,High Blood Pressure Medication,81.4,79.0,83.7,4674,3611
10003016805,New Castle,Prevention,High Blood Pressure Medication,76.5,73.3,79.3,1723,1396
10001042900,Kent,Health Outcomes,High Blood Pressure,43.4,39.6,47.4,5105,4056
10005051009,Sussex,Health Outcomes,High Blood Pressure,39.7,35.9,43.5,2313,1978
10003013612,New Castle,Health-Related Social Needs,Food Stamps,4.3,3.4,5.4,6158,4926
10003014814,New Castle,Health Risk Behaviors,Current Cigarette Smoking,10.3,8.5,12.2,4361,3290
10003016805,New Castle,Disability,Hearing Disability,7.0,6.1,7.9,1723,1396
10005051801,Sussex,Health-Related Social Needs,Utility Services Threat,11.4,10.0,13.0,5359,3933
10003015502,New Castle,Health-Related Social Needs,Lack of Social/Emotional Support,28.4,24.4,32.2,2686,2035
10005050401,Sussex,Health Risk Behaviors,Short Sleep Duration,33.2,28.9,38.3,3606,2872
10003011206,New Castle,Prevention,Mammography,81.8,76.5,86.3,4319,3345
10003013800,New Castle,Disability,Mobility Disability,11.1,9.7,12.7,5901,4752
10003016609,New Castle,Health-Related Social Needs,Housing Insecurity,7.5,5.9,9.1,5595,4312
10003000500,New Castle,Health Outcomes,Arthritis,26.6,23.8,29.5,3453,2515
10003016307,New Castle,Health Outcomes,Depression,20.1,17.2,23.1,2756,2221
10003002100,New Castle,Health Outcomes,Current Asthma,13.9,12.3,15.6,1809,1283
10005050505,Sussex,Prevention,Cholesterol Screening,81.2,78.1,84.1,2420,2212
10005051014,Sussex,Health Outcomes,Depression,18.6,15.6,21.7,1881,1709
10001042205,Kent,Health-Related Social Needs,Food Insecurity,19.4,17.2,22.0,3019,2312
10003014813,New Castle,Disability,Independent Living Disability,6.3,5.3,7.4,4889,3848
10005051501,Sussex,Disability,Cognitive Disability,13.9,12.3,15.6,2246,1737
10003011600,New Castle,Health Outcomes,Arthritis,26.1,23.3,29.1,3287,2573
10003001500,New Castle,Health-Related Social Needs,Transportation Barriers,12.1,10.5,13.9,2231,1748
10003014803,New Castle,Health Outcomes,COPD,6.2,5.2,7.2,4150,3432
10001041804,Kent,Health Outcomes,Obesity,44.8,38.4,51.3,5980,4654
10005050103,Sussex,Health Outcomes,Current Asthma,10.5,9.2,11.8,5063,4221
10003016614,New Castle,Health Outcomes,COPD,3.9,3.3,4.6,6239,4474
10003011900,New Castle,Health-Related Social Needs,Transportation Barriers,4.5,3.7,5.3,3298,2592
10003003002,New Castle,Prevention,Health Insurance,24.1,19.6,29.4,3060,2329
10003001100,New Castle,Health Outcomes,Coronary Heart Disease,6.2,5.5,7.1,3375,3187
10003000900,New Castle,Disability,Independent Living Disability,14.6,12.5,16.8,2267,1563
10003010900,New Castle,Health Outcomes,Obesity,32.1,26.5,38.0,2773,2237
10003011000,New Castle,Health Outcomes,High Blood Pressure,33.5,30.1,37.2,3201,2542
10005050805,Sussex,Health-Related Social Needs,Loneliness,26.8,23.5,30.4,3038,2464
10003014404,New Castle,Health Risk Behaviors,Physical Inactivity,21.3,17.7,25.5,4159,3562
10003012300,New Castle,Health Status,Frequent Mental Distress,18.7,16.6,20.9,2739,2159
10003013800,New Castle,Health Outcomes,All Teeth Lost,9.1,7.4,10.9,5901,4752
10003014302,New Castle,Health-Related Social Needs,Loneliness,38.5,34.1,42.9,4908,4464
10003013200,New Castle,Health Risk Behaviors,Binge Drinking,15.8,13.4,18.5,2653,2074
10001043202,Kent,Prevention,Dental Visit,58.7,54.8,62.4,3722,2979
10003013615,New Castle,Disability,Hearing Disability,6.5,5.6,7.4,4107,3324
10003016301,New Castle,Disability,Self-care Disability,3.6,3.2,4.0,7385,5955
10003014402,New Castle,Health Outcomes,Arthritis,22.6,20.2,25.0,2807,2383
10003011000,New Castle,Health Outcomes,All Teeth Lost,6.3,5.1,7.7,3201,2542
10001041803,Kent,Health-Related Social Needs,Utility Services Threat,10.2,8.9,11.6,4384,3459
10003011000,New Castle,Health Status,Frequent Physical Distress,10.4,9.1,12.0,3201,2542
10005051311,Sussex,Prevention,Dental Visit,71.3,68.1,74.4,1832,1712
10003012200,New Castle,Disability,Independent Living Disability,9.2,8.0,10.6,4676,3581
10003010502,New Castle,Health Outcomes,Current Asthma,10.5,9.3,11.8,5779,4788
10003014803,New Castle,Health Outcomes,Arthritis,27.8,25.0,30.6,4150,3432
10003015600,New Castle,Disability,Cognitive Disability,16.6,14.5,18.9,2343,1791
10003010502,New Castle,Health Risk Behaviors,Physical Inactivity,23.6,19.9,27.6,5779,4788
10003001902,New Castle,Disability,Mobility Disability,15.9,13.6,18.7,2113,1554
10005050804,Sussex,Disability,Mobility Disability,14.0,11.8,16.3,4188,3465
10003014809,New Castle,Health Outcomes,Current Asthma,11.1,9.8,12.4,8360,6692
10003010300,New Castle,Prevention,Annual Checkup,77.2,73.6,80.4,4106,3232
10003014814,New Castle,Health Status,Frequent Physical Distress,10.7,9.4,12.0,4361,3290
10005051008,Sussex,Prevention,Colorectal Cancer Screening,76.0,72.5,79.6,4100,3626
10005050807,Sussex,Health Status,Frequent Mental Distress,12.6,10.7,14.6,1824,1622
10003016808,New Castle,Health-Related Social Needs,Loneliness,32.2,28.3,36.1,7377,5511
10005050706,Sussex,Health-Related Social Needs,Transportation Barriers,4.6,3.9,5.5,1772,1557
10003016306,New Castle,Health Status,Frequent Physical Distress,13.1,11.6,14.7,4598,3569
10003002500,New Castle,Disability,Cognitive Disability,15.7,13.5,17.9,3235,2443
10003016611,New Castle,Prevention,Annual Checkup,78.0,74.5,81.2,7851,5645
10003011600,New Castle,Health-Related Social Needs,Utility Services Threat,4.4,3.5,5.3,3287,2573
10005051011,Sussex,Disability,Independent Living Disability,6.2,5.2,7.4,3580,3083
10005050709,Sussex,Health Risk Behaviors,Physical Inactivity,25.0,19.8,30.2,1956,1774
10003010400,New Castle,Prevention,Cholesterol Screening,88.0,86.2,89.6,4591,3725
10003014906,New Castle,Health Outcomes,Stroke,3.5,3.1,3.8,5339,4098
10003013906,New Castle,Disability,Vision Disability,3.4,3.0,3.8,4648,3670
10003014908,New Castle,Health-Related Social Needs,Transportation Barriers,13.3,11.4,15.3,2425,1792
10005051201,Sussex,Prevention,Health Insurance,4.8,3.6,6.2,1513,1391
10005050904,Sussex,Disability,Self-care Disability,4.3,3.5,5.3,2592,2256
10005050401,Sussex,Health Status,Frequent Physical Distress,15.5,13.6,17.6,3606,2872
10003013508,New Castle,Health Outcomes,All Teeth Lost,4.0,3.2,4.9,5655,4419
10005050604,Sussex,Disability,Hearing Disability,8.6,7.6,9.8,4674,3611
10003013700,New Castle,Disability,Vision Disability,4.7,4.1,5.3,4071,3177
10003002800,New Castle,Health-Related Social Needs,Housing Insecurity,17.9,15.0,21.1,2378,2071
10003013300,New Castle,Health Outcomes,Diabetes,11.0,9.5,12.4,1907,1543
10003010200,New Castle,Health Outcomes,COPD,5.4,4.5,6.6,2034,1607
10003010900,New Castle,Prevention,Health Insurance,5.9,4.5,7.7,2773,2237
10003016901,New Castle,Health Outcomes,Arthritis,31.2,28.0,34.4,2364,1876
10003013613,New Castle,Health-Related Social Needs,Loneliness,29.3,25.7,33.1,5657,4676
10003013903,New Castle,Health-Related Social Needs,Transportation Barriers,8.5,7.3,9.8,4820,3768
10001042208,Kent,Health Risk Behaviors,Current Cigarette Smoking,13.2,11.1,15.5,4016,3108
10003014808,New Castle,Health Risk Behaviors,Short Sleep Duration,37.4,32.4,42.6,6476,5078
10003002300,New Castle,Health Outcomes,Diabetes,16.3,14.5,18.2,3003,2091
10005050104,Sussex,Prevention,Cholesterol Screening,84.7,82.3,86.8,5031,3785
10003000602,New Castle,Health Risk Behaviors,Binge Drinking,11.5,9.6,13.6,2876,2134
10001042205,Kent,Health Outcomes,Arthritis,32.7,29.7,35.9,3019,2312
10003013604,New Castle,Health Outcomes,High Blood Pressure,33.9,30.4,37.3,4156,3372
10003014703,New Castle,Health-Related Social Needs,Transportation Barriers,9.3,8.0,10.6,4827,3890
10003013615,New Castle,Disability,Vision Disability,4.3,3.8,4.9,4107,3324
10005051900,Sussex,Health Risk Behaviors,Current Cigarette Smoking,15.4,13.1,17.7,4760,3685
10005051313,Sussex,Health Outcomes,Stroke,4.6,4.1,5.2,3144,2742
10003002700,New Castle,Health-Related Social Needs,Transportation Barriers,9.6,8.1,11.1,2990,2310
10003016308,New Castle,Health Outcomes,Coronary Heart Disease,5.1,4.5,5.7,3728,2990
10005050101,Sussex,Health Risk Behaviors,Physical Inactivity,24.9,21.2,29.1,4013,3236
10003013400,New Castle,Prevention,Colorectal Cancer Screening,67.5,63.3,71.6,2504,2036
10003012600,New Castle,Health-Related Social Needs,Housing Insecurity,10.2,8.4,12.2,2945,2351
10005050806,Sussex,Health-Related Social Needs,Food Insecurity,10.2,8.4,12.3,4454,3735
10005050905,Sussex,Prevention,Colorectal Cancer Screening,75.7,72.2,79.2,2848,2485
10005051017,Sussex,Prevention,Colorectal Cancer Screening,76.3,72.8,79.8,3804,3435
10003011201,New Castle,Prevention,Mammography,78.8,73.1,83.9,2421,1946
10005051308,Sussex,Health Status,Frequent Physical Distress,14.2,12.1,16.5,4074,3530
10003011900,New Castle,Health Risk Behaviors,Current Cigarette Smoking,8.0,6.2,10.0,3298,2592
10003001200,New Castle,Prevention,Dental Visit,76.0,72.9,78.9,1605,1454
10005050709,Sussex,Disability,Cognitive Disability,9.2,7.6,11.1,1956,1774
10001043400,Kent,Health-Related Social Needs,Food Stamps,11.6,9.9,13.6,5648,4415
10003014908,New Castle,Disability,Any Disability,34.8,30.7,39.3,2425,1792
10003016612,New Castle,Health-Related Social Needs,Food Stamps,6.8,5.4,8.5,6450,4739
10003013905,New Castle,Prevention,Health Insurance,7.5,6.0,9.2,4169,3100
10003000200,New Castle,Health Outcomes,Current Asthma,12.4,11.0,13.9,5298,4193
10003012000,New Castle,Health-Related Social Needs,Lack of Social/Emotional Support,22.1,19.0,25.3,4334,3536
10005051802,Sussex,Disability,Hearing Disability,7.4,6.6,8.3,4354,3076
10003014000,New Castle,Health-Related Social Needs,Loneliness,34.7,30.5,38.8,5441,4349
10005051012,Sussex,Health-Related Social Needs,Utility Services Threat,5.1,4.2,6.0,1908,1715
10003013501,New Castle,Prevention,Dental Visit,75.6,72.7,78.4,7213,5880
10003013604,New Castle,Health-Related Social Needs,Utility Services Threat,4.4,3.6,5.2,4156,3372
10001042204,Kent,Health-Related Social Needs,Loneliness,33.9,30.2,38.2,4773,3481
10001042900,Kent,Health Risk Behaviors,Binge Drinking,12.5,10.4,14.8,5105,4056
10003013614,New Castle,Health Risk Behaviors,Short Sleep Duration,35.8,30.9,40.9,3258,2555
10003000500,New Castle,Prevention,Annual Checkup,81.7,78.6,84.4,3453,2515
10001042100,Kent,Health Outcomes,High Cholesterol,42.1,38.2,46.2,3997,3098
10005050708,Sussex,Health Outcomes,Stroke,4.4,3.7,5.1,2774,2424
10005050406,Sussex,Health Outcomes,Stroke,5.4,4.9,6.0,5475,4063
10003015000,New Castle,Health Outcomes,Coronary Heart Disease,6.6,6.0,7.4,5659,4542
10003016612,New Castle,Disability,Hearing Disability,5.0,4.4,5.7,6450,4739
10005051011,Sussex,Health-Related Social Needs,Food Stamps,5.6,4.1,7.2,3580,3083
10003011203,New Castle,Prevention,Health Insurance,7.6,6.1,9.3,4805,3884
10005050801,Sussex,Health Outcomes,Depression,21.1,18.1,24.3,3979,3225
10003013300,New Castle,Prevention,Dental Visit,65.3,61.7,68.7,1907,1543
10005051017,Sussex,Prevention,High Blood Pressure Medication,85.1,82.3,87.2,3804,3435
10003010104,New Castle,Health Risk Behaviors,Short Sleep Duration,38.0,33.0,43.3,3620,2830
10001980000,Kent,Health Risk Behaviors,Physical Inactivity,21.1,17.1,25.4,108,104
10003003002,New Castle,Disability,Any Disability,48.4,43.2,53.6,3060,2329
10003013506,New Castle,Health Outcomes,All Teeth Lost,3.4,2.7,4.2,4567,3785
10005050302,Sussex,Health Outcomes,Obesity,38.2,32.1,44.5,5521,4001
10003014803,New Castle,Prevention,Mammography,78.3,72.5,83.5,4150,3432
10005050408,Sussex,Prevention,Health Insurance,13.0,11.0,15.5,4534,3546
10003001400,New Castle,Health Outcomes,COPD,9.0,7.7,10.4,2103,1727
10003013612,New Castle,Prevention,Health Insurance,4.9,3.9,5.9,6158,4926
10005051204,Sussex,Health Outcomes,Arthritis,38.2,34.4,42.0,652,627
10003013611,New Castle,Health Outcomes,Coronary Heart Disease,5.2,4.6,5.9,5572,4648
10003016806,New Castle,Prevention,Annual Checkup,78.6,75.2,81.7,6347,4487
10003011700,New Castle,Prevention,High Blood Pressure Medication,81.1,78.0,83.7,4260,3465
10003015802,New Castle,Disability,Mobility Disability,14.3,12.4,16.2,2276,1726
10003015900,New Castle,Health Risk Behaviors,Current Cigarette Smoking,13.6,11.5,15.7,3344,2595
10003011206,New Castle,Health Outcomes,COPD,4.7,3.7,5.8,4319,3345
10003016613,New Castle,Prevention,Dental Visit,62.5,58.9,66.0,6109,4337
10001042500,Kent,Health Outcomes,COPD,9.6,8.3,11.0,3590,2590
10005050808,Sussex,Health Outcomes,Coronary Heart Disease,8.5,7.2,9.8,4150,3726
10003003002,New Castle,Health-Related Social Needs,Loneliness,41.7,37.0,46.3,3060,2329
10003011203,New Castle,Health Risk Behaviors,Short Sleep Duration,36.0,31.2,41.2,4805,3884
10003016808,New Castle,Prevention,Cholesterol Screening,87.0,84.8,88.9,7377,5511
10003011202,New Castle,Prevention,High Blood Pressure Medication,79.7,76.6,82.4,4003,3308
10003011203,New Castle,Disability,Any Disability,29.6,25.7,33.6,4805,3884
10003013614,New Castle,Health-Related Social Needs,Transportation Barriers,9.5,8.3,10.8,3258,2555
10005050903,Sussex,Health Outcomes,Coronary Heart Disease,10.0,8.6,11.5,2161,1968
10005051311,Sussex,Health Risk Behaviors,Current Cigarette Smoking,9.9,7.0,13.1,1832,1712
10005051205,Sussex,Health-Related Social Needs,Food Stamps,4.0,2.8,5.3,580,543
10003000601,New Castle,Health-Related Social Needs,Food Stamps,37.8,31.7,44.0,2773,2035
10003000300,New Castle,Health-Related Social Needs,Food Insecurity,31.3,25.5,36.9,3012,2233
10003010106,New Castle,Disability,Vision Disability,4.9,4.2,5.7,1760,1509
10001042208,Kent,Health Risk Behaviors,Binge Drinking,12.8,10.7,15.1,4016,3108
10005051011,Sussex,Health Outcomes,High Blood Pressure,42.8,38.9,46.8,3580,3083
10003011205,New Castle,Health Outcomes,Diabetes,10.9,9.4,12.5,1968,1585
10003014904,New Castle,Disability,Hearing Disability,5.0,4.4,5.6,5003,4117
10003016608,New Castle,Health-Related Social Needs,Lack of Social/Emotional Support,20.5,17.6,23.5,6561,5064
10003013400,New Castle,Health-Related Social Needs,Transportation Barriers,5.5,4.5,6.5,2504,2036
10003016609,New Castle,Prevention,Mammography,77.2,71.2,82.5,5595,4312
10003013615,New Castle,Health Outcomes,Obesity,31.0,25.4,36.7,4107,3324
10003016404,New Castle,Prevention,Colorectal Cancer Screening,65.2,60.9,69.4,3334,2622
10005050200,Sussex,Health Risk Behaviors,Short Sleep Duration,37.7,33.0,43.0,3744,2777
10001042100,Kent,Prevention,Annual Checkup,82.2,79.1,85.0,3997,3098
10003011205,New Castle,Health Outcomes,Arthritis,27.8,24.8,30.9,1968,1585
10003016806,New Castle,Disability,Independent Living Disability,6.3,5.5,7.1,6347,4487
10003016309,New Castle,Health Outcomes,Diabetes,14.9,12.9,16.7,4125,3307
10003016100,New Castle,Health-Related Social Needs,Utility Services Threat,6.4,5.4,7.5,1961,1661
10003000200,New Castle,Health Outcomes,All Teeth Lost,12.4,10.3,15.0,5298,4193
10003016901,New Castle,Health Outcomes,COPD,9.0,7.7,10.3,2364,1876
10001041702,Kent,Prevention,Dental Visit,68.2,64.6,71.6,4472,3405
10003013613,New Castle,Health-Related Social Needs,Housing Insecurity,6.9,5.8,8.0,5657,4676
10005050302,Sussex,Disability,Hearing Disability,7.9,7.0,8.8,5521,4001
10005050403,Sussex,Health Outcomes,High Blood Pressure,39.1,35.5,42.7,3517,2621
10005050406,Sussex,Prevention,Cholesterol Screening,85.1,82.9,87.0,5475,4063
10005051103,Sussex,Health Outcomes,High Cholesterol,49.8,45.7,53.9,952,866
10003000900,New Castle,Health Risk Behaviors,Short Sleep Duration,48.1,42.7,53.6,2267,1563
10005051702,Sussex,Health Risk Behaviors,Physical Inactivity,29.6,25.4,34.2,6577,4982
10005050103,Sussex,Health-Related Social Needs,Loneliness,28.6,25.1,32.3,5063,4221
10003016401,New Castle,Health-Related Social Needs,Food Insecurity,12.7,10.5,15.0,6711,5269
10005051014,Sussex,Health Outcomes,Obesity,30.3,24.6,36.5,1881,1709
10003011000,New Castle,Health Risk Behaviors,Physical Inactivity,18.7,15.3,22.4,3201,2542
10003014702,New Castle,Health-Related Social Needs,Food Insecurity,14.5,12.4,16.8,1910,1510
10003016000,New Castle,Health Status,Frequent Mental Distress,18.1,16.0,20.3,2999,2265
10005051103,Sussex,Health Outcomes,Diabetes,11.2,9.5,13.0,952,866
10003016612,New Castle,Prevention,Health Insurance,5.3,4.3,6.4,6450,4739
10005051016,Sussex,Health Outcomes,COPD,5.9,4.7,7.5,1879,1685
10001043202,Kent,Disability,Mobility Disability,18.1,16.1,20.2,3722,2979
10005051302,Sussex,Health-Related Social Needs,Housing Insecurity,6.0,5.0,7.1,4907,4337
10003013506,New Castle,Health Outcomes,High Cholesterol,41.8,37.9,45.5,4567,3785
10001042801,Kent,Prevention,Cholesterol Screening,87.8,85.8,89.7,2007,1606
10003014812,New Castle,Health Outcomes,Cancer (non-skin) or Melanoma,8.4,7.5,9.2,4559,3628
10003016901,New Castle,Health Outcomes,High Cholesterol,42.5,38.7,46.3,2364,1876
10003014703,New Castle,Disability,Independent Living Disability,8.9,7.8,10.1,4827,3890
10005050401,Sussex,Prevention,Colorectal Cancer Screening,68.4,64.4,72.6,3606,2872
10005050505,Sussex,Disability,Hearing Disability,6.7,5.9,7.6,2420,2212
10001043000,Kent,Prevention,Health Insurance,8.9,7.3,10.9,5414,4110
10003014808,New Castle,Prevention,Dental Visit,64.0,60.4,67.5,6476,5078
10005051203,Sussex,Health Outcomes,COPD,7.2,5.8,8.8,792,726
10003002900,New Castle,Health-Related Social Needs,Utility Services Threat,27.4,23.9,31.1,3499,2540
10005051311,Sussex,Health Risk Behaviors,Physical Inactivity,23.0,18.0,28.4,1832,1712
10005051205,Sussex,Health Outcomes,Cancer (non-skin) or Melanoma,16.7,15.3,18.3,580,543
10005050603,Sussex,Health Risk Behaviors,Current Cigarette Smoking,10.7,8.7,13.0,3956,3165
10003016309,New Castle,Disability,Mobility Disability,15.9,13.7,18.1,4125,3307
10005051502,Sussex,Health Risk Behaviors,Binge Drinking,14.3,12.1,16.7,3228,2586
10003001300,New Castle,Health Outcomes,Obesity,27.0,22.0,32.1,3588,3013
10003016808,New Castle,Health-Related Social Needs,Housing Insecurity,9.4,7.8,11.2,7377,5511
10005051314,Sussex,Disability,Vision Disability,3.8,3.3,4.4,2525,2271
10003010106,New Castle,Health Risk Behaviors,Current Cigarette Smoking,11.1,9.1,13.2,1760,1509
10003015502,New Castle,Disability,Vision Disability,8.2,7.2,9.2,2686,2035
10003010106,New Castle,Health Outcomes,Coronary Heart Disease,5.8,5.0,6.6,1760,1509
10003014811,New Castle,Prevention,Cholesterol Screening,89.4,87.5,90.9,6677,4822
10003014814,New Castle,Health Risk Behaviors,Physical Inactivity,21.3,18.0,24.9,4361,3290
10003016614,New Castle,Disability,Mobility Disability,9.0,7.7,10.4,6239,4474
10001041803,Kent,Disability,Hearing Disability,8.8,7.8,9.9,4384,3459
10005050904,Sussex,Prevention,Dental Visit,64.6,61.3,68.0,2592,2256
10005050806,Sussex,Prevention,Health Insurance,7.6,6.1,9.2,4454,3735
10003002300,New Castle,Health Outcomes,Current Asthma,11.9,10.6,13.3,3003,2091
10003010900,New Castle,Disability,Any Disability,29.5,25.3,33.8,2773,2237
10005050706,Sussex,Health Outcomes,Current Asthma,10.4,9.2,11.6,1772,1557
10003002300,New Castle,Prevention,Colorectal Cancer Screening,56.7,52.2,61.2,3003,2091
10003014809,New Castle,Health Outcomes,Arthritis,25.9,23.1,28.7,8360,6692
10005051009,Sussex,Disability,Any Disability,22.8,19.4,26.4,2313,1978
10003000602,New Castle,Health Outcomes,Coronary Heart Disease,6.8,6.0,7.6,2876,2134
10003012600,New Castle,Prevention,Mammography,78.4,72.8,83.7,2945,2351
10005051801,Sussex,Prevention,Dental Visit,49.0,45.4,53.0,5359,3933
10005051310,Sussex,Prevention,Cholesterol Screening,94.5,93.4,95.3,1933,1765
10003002600,New Castle,Health Outcomes,High Cholesterol,36.2,32.5,39.5,3730,2585
10001042208,Kent,Health Outcomes,Depression,22.9,19.7,26.3,4016,3108
10003013903,New Castle,Health Outcomes,High Cholesterol,38.2,34.5,41.8,4820,3768
10001042205,Kent,Health Outcomes,Current Asthma,13.1,11.6,14.7,3019,2312
10005050200,Sussex,Disability,Independent Living Disability,10.0,8.9,11.0,3744,2777
10003010800,New Castle,Health-Related Social Needs,Loneliness,27.6,24.1,31.0,4796,3948
10003011100,New Castle,Health-Related Social Needs,Food Stamps,5.3,4.1,6.6,2654,2282
10003003002,New Castle,Health Outcomes,Obesity,51.0,44.6,57.3,3060,2329
10003013604,New Castle,Disability,Any Disability,25.0,21.6,28.9,4156,3372
10003001100,New Castle,Disability,Any Disability,27.3,23.7,31.4,3375,3187
10003015100,New Castle,Health Status,General Health,19.6,17.1,22.4,3594,2808
10003010400,New Castle,Prevention,Dental Visit,67.1,63.6,70.4,4591,3725
10005051400,Sussex,Health-Related Social Needs,Lack of Social/Emotional Support,21.9,18.9,25.0,3878,3033
10003013700,New Castle,Health-Related Social Needs,Food Stamps,12.5,10.2,14.9,4071,3177
10003013505,New Castle,Disability,Mobility Disability,11.5,9.7,13.6,3489,2807
10003016608,New Castle,Disability,Vision Disability,3.4,3.0,3.9,6561,5064
10003014809,New Castle,Health Risk Behaviors,Physical Inactivity,26.5,22.7,30.6,8360,6692
10005050707,Sussex,Health-Related Social Needs,Lack of Social/Emotional Support,17.6,15.1,20.5,2578,2285
10005051502,Sussex,Disability,Vision Disability,5.2,4.6,5.8,3228,2586
10003015100,New Castle,Disability,Mobility Disability,15.6,13.5,17.9,3594,2808
10003016401,New Castle,Disability,Self-care Disability,3.2,2.8,3.6,6711,5269
10003002800,New Castle,Health Outcomes,Coronary Heart Disease,4.4,3.9,4.9,2378,2071
10003012700,New Castle,Health Risk Behaviors,Binge Drinking,14.8,12.5,17.2,4392,3592
10005051205,Sussex,Health Outcomes,Obesity,26.9,21.9,32.1,580,543
10001042206,Kent,Disability,Hearing Disability,6.7,5.8,7.5,2822,2203
10003000300,New Castle,Disability,Self-care Disability,6.9,5.8,8.1,3012,2233
10005050808,Sussex,Disability,Hearing Disability,8.5,7.2,9.8,4150,3726
10001041900,Kent,Health-Related Social Needs,Housing Insecurity,13.2,11.3,15.2,5289,4044
10003016306,New Castle,Health-Related Social Needs,Utility Services Threat,10.0,8.5,11.7,4598,3569
10003016309,New Castle,Disability,Vision Disability,5.7,5.0,6.5,4125,3307
10003013604,New Castle,Health-Related Social Needs,Lack of Social/Emotional Support,17.3,14.6,20.0,4156,3372
10003016904,New Castle,Prevention,High Blood Pressure Medication,71.3,67.9,74.5,3096,2872
10005050405,Sussex,Disability,Any Disability,32.2,28.2,36.3,4378,3304
10005050200,Sussex,Prevention,Annual Checkup,80.1,76.9,83.1,3744,2777
10005051014,Sussex,Disability,Self-care Disability,3.2,2.6,3.8,1881,1709
10003001100,New Castle,Health Risk Behaviors,Physical Inactivity,21.5,17.9,26.0,3375,3187
10003013615,New Castle,Health Outcomes,Coronary Heart Disease,6.3,5.5,7.1,4107,3324
10005051309,Sussex,Health Outcomes,Stroke,4.4,3.7,5.2,1488,1407
10005050805,Sussex,Disability,Independent Living Disability,6.4,5.5,7.4,3038,2464
10003016404,New Castle,Prevention,Health Insurance,7.9,6.6,9.2,3334,2622
10003014703,New Castle,Prevention,Colorectal Cancer Screening,63.2,58.9,67.4,4827,3890
10001042500,Kent,Disability,Any Disability,40.4,36.3,45.0,3590,2590
10003013700,New Castle,Prevention,Dental Visit,58.3,54.6,62.0,4071,3177
10005050805,Sussex,Health Outcomes,High Cholesterol,48.4,44.3,52.4,3038,2464
10003000900,New Castle,Health Outcomes,Depression,21.7,18.5,24.9,2267,1563
10003011000,New Castle,Health Outcomes,Current Asthma,9.7,8.5,10.9,3201,2542
10003011204,New Castle,Prevention,Cholesterol Screening,90.7,89.2,92.1,3313,2741
10001042801,Kent,Health Risk Behaviors,Short Sleep Duration,36.1,31.0,41.3,2007,1606
10003012100,New Castle,Health Status,Frequent Physical Distress,11.9,10.4,13.3,2901,2301
10001043202,Kent,Health Outcomes,Diabetes,14.6,12.9,16.5,3722,2979
10003014200,New Castle,Health Status,Frequent Physical Distress,11.4,10.0,12.9,1600,1313
10003016901,New Castle,Health Status,Frequent Physical Distress,15.1,13.3,16.9,2364,1876
10005050701,Sussex,Prevention,Dental Visit,60.0,56.5,63.7,5068,4322
10003012400,New Castle,Prevention,Cholesterol Screening,84.1,81.9,86.3,4637,3486
10005050806,Sussex,Health Risk Behaviors,Binge Drinking,12.9,10.8,15.1,4454,3735
10005051302,Sussex,Health-Related Social Needs,Food Stamps,6.1,4.8,7.7,4907,4337
10005051015,Sussex,Health-Related Social Needs,Loneliness,26.0,22.7,29.5,1877,1626
10003010105,New Castle,Health Status,General Health,16.1,14.0,18.3,2916,2113
10003000400,New Castle,Disability,Hearing Disability,5.8,5.1,6.7,2957,2436
10003010704,New Castle,Health-Related Social Needs,Loneliness,33.7,29.6,37.6,3947,3149
10005050707,Sussex,Health Risk Behaviors,Current Cigarette Smoking,12.5,10.3,14.8,2578,2285
10005050905,Sussex,Health-Related Social Needs,Transportation Barriers,4.2,3.5,4.9,2848,2485
10003010502,New Castle,Prevention,Dental Visit,68.3,64.9,71.6,5779,4788
10005050806,Sussex,Health Outcomes,Stroke,4.2,3.6,4.7,4454,3735
10003016609,New Castle,Disability,Self-care Disability,2.6,2.1,3.1,5595,4312
10003012000,New Castle,Health Outcomes,Stroke,3.8,3.4,4.3,4334,3536
10005050806,Sussex,Health Outcomes,Obesity,33.3,27.5,39.3,4454,3735
10003002400,New Castle,Health Risk Behaviors,Current Cigarette Smoking,16.6,13.8,19.3,4250,3346
10003014814,New Castle,Health Outcomes,All Teeth Lost,7.7,6.2,9.3,4361,3290
10003001600,New Castle,Health Outcomes,High Cholesterol,35.7,32.2,39.2,2419,1765
10001041804,Kent,Prevention,Cholesterol Screening,85.8,83.7,87.7,5980,4654
10003010502,New Castle,Health Outcomes,Arthritis,27.5,24.7,30.4,5779,4788
10003014906,New Castle,Health Risk Behaviors,Binge Drinking,14.9,12.6,17.5,5339,4098
10005050406,Sussex,Health-Related Social Needs,Food Stamps,23.8,20.3,27.6,5475,4063
10005050401,Sussex,Health Outcomes,Arthritis,32.4,29.2,35.7,3606,2872
10003013100,New Castle,Prevention,Dental Visit,60.7,57.0,64.4,2248,1833
10005050903,Sussex,Health Status,General Health,15.2,12.5,18.6,2161,1968
10003014903,New Castle,Disability,Independent Living Disability,10.8,9.2,12.4,7365,5269
10003013906,New Castle,Health Outcomes,High Blood Pressure,31.0,27.8,34.2,4648,3670
10005050601,Sussex,Health Outcomes,Depression,22.1,18.9,25.5,5391,4138
10005050304,Sussex,Health Outcomes,Depression,20.8,17.8,24.0,4616,3670
10005050703,Sussex,Prevention,Dental Visit,57.2,53.7,60.9,2153,1786
10003014402,New Castle,Health Outcomes,Stroke,2.9,2.5,3.2,2807,2383
10005051202,Sussex,Health-Related Social Needs,Food Stamps,2.5,1.8,3.3,856,822
10005051015,Sussex,Prevention,Colorectal Cancer Screening,76.4,73.0,80.0,1877,1626
10005050408,Sussex,Health Status,General Health,25.5,22.4,28.6,4534,3546
10005050603,Sussex,Health-Related Social Needs,Transportation Barriers,5.1,4.3,5.9,3956,3165
10003014100,New Castle,Health Risk Behaviors,Short Sleep Duration,37.5,32.5,42.6,4985,3693
10003016000,New Castle,Health Outcomes,Depression,20.8,17.7,23.9,2999,2265
10001043000,Kent,Disability,Any Disability,34.6,30.6,38.8,5414,4110
10001043100,Kent,Health-Related Social Needs,Housing Insecurity,9.9,8.4,11.8,2573,2087
10003013800,New Castle,Health Outcomes,COPD,5.2,4.5,6.0,5901,4752
10003001300,New Castle,Health-Related Social Needs,Loneliness,25.4,22.0,29.1,3588,3013
10003010104,New Castle,Health-Related Social Needs,Food Insecurity,17.4,14.5,20.5,3620,2830
10001042000,Kent,Disability,Mobility Disability,16.9,14.8,19.1,3064,2380
10001042203,Kent,Disability,Cognitive Disability,12.9,11.3,14.6,5705,4255
10005050303,Sussex,Health Outcomes,Cancer (non-skin) or Melanoma,9.1,8.2,10.0,2935,2313
10005051313,Sussex,Health-Related Social Needs,Food Stamps,6.9,5.4,8.6,3144,2742
10003010800,New Castle,Prevention,Annual Checkup,82.0,79.0,84.6,4796,3948
10003011206,New Castle,Disability,Vision Disability,2.8,2.4,3.3,4319,3345
10005051701,Sussex,Health Status,Frequent Mental Distress,16.5,14.5,18.6,4103,3258
10003016609,New Castle,Health-Related Social Needs,Food Insecurity,8.0,6.1,10.0,5595,4312
10005051701,Sussex,Prevention,Annual Checkup,80.1,76.8,83.2,4103,3258
10003016807,New Castle,Health Outcomes,Obesity,31.0,25.4,36.8,1901,1411
10003000601,New Castle,Health Outcomes,Cancer (non-skin) or Melanoma,5.0,4.4,5.5,2773,2035
10003013611,New Castle,Health-Related Social Needs,Utility Services Threat,5.7,4.8,6.8,5572,4648
10005050601,Sussex,Disability,Self-care Disability,4.1,3.6,4.7,5391,4138
10005050403,Sussex,Disability,Independent Living Disability,8.9,7.9,10.0,3517,2621
10005051400,Sussex,Health Risk Behaviors,Physical Inactivity,28.6,24.5,33.0,3878,3033
10003014100,New Castle,Prevention,Annual Checkup,77.9,74.4,81.1,4985,3693
10003011700,New Castle,Disability,Independent Living Disability,4.3,3.6,5.3,4260,3465
10003013613,New Castle,Health Risk Behaviors,Binge Drinking,16.3,13.8,19.0,5657,4676
10003002200,New Castle,Health-Related Social Needs,Food Insecurity,50.3,44.9,55.5,2874,1942
10003016608,New Castle,Health Outcomes,High Blood Pressure,34.0,30.4,37.5,6561,5064
10003015600,New Castle,Health Outcomes,Arthritis,27.4,24.8,30.2,2343,1791
10003015900,New Castle,Health Status,Frequent Physical Distress,13.7,12.1,15.3,3344,2595
10005051204,Sussex,Prevention,Dental Visit,79.8,77.3,82.3,652,627
10003013608,New Castle,Health-Related Social Needs,Food Insecurity,11.1,9.0,13.4,1959,1543
10003011300,New Castle,Health Status,General Health,13.2,10.7,16.2,2244,1847
10005050103,Sussex,Health Outcomes,Obesity,32.1,26.6,37.9,5063,4221
10003014403,New Castle,Health Outcomes,COPD,5.8,4.9,6.9,3611,2955
10003013610,New Castle,Health Status,Frequent Mental Distress,12.9,11.2,14.6,5460,4534
10003011203,New Castle,Health Outcomes,Obesity,33.1,27.8,38.8,4805,3884
10003012900,New Castle,Health Outcomes,Coronary Heart Disease,6.2,5.6,6.9,4823,3565
10003011100,New Castle,Health Outcomes,All Teeth Lost,8.7,7.1,10.6,2654,2282
10005050904,Sussex,Health-Related Social Needs,Food Insecurity,9.2,7.4,11.4,2592,2256
10003014907,New Castle,Prevention,Mammography,78.4,72.5,83.7,4921,3708
10005050303,Sussex,Health-Related Social Needs,Food Stamps,14.8,12.4,17.4,2935,2313
10005050708,Sussex,Health-Related Social Needs,Lack of Social/Emotional Support,17.6,14.8,20.7,2774,2424
10005050105,Sussex,Health Outcomes,Arthritis,28.7,25.7,31.5,5939,4388
10003014813,New Castle,Health Outcomes,Current Asthma,10.0,8.8,11.3,4889,3848
10003015802,New Castle,Health Status,General Health,21.8,18.8,24.6,2276,1726
10005050807,Sussex,Health Outcomes,Depression,20.4,17.3,23.6,1824,1622
10003011201,New Castle,Health Outcomes,COPD,4.3,3.4,5.5,2421,1946
10003012000,New Castle,Health Outcomes,Cancer (non-skin) or Melanoma,9.6,8.7,10.5,4334,3536
10003016301,New Castle,Health-Related Social Needs,Food Insecurity,15.3,13.0,17.7,7385,5955
10003010300,New Castle,Disability,Vision Disability,3.9,3.5,4.4,4106,3232
10003013506,New Castle,Health Outcomes,Current Asthma,9.2,8.1,10.3,4567,3785
10003016807,New Castle,Prevention,Health Insurance,5.0,4.0,6.3,1901,1411
10003001902,New Castle,Health-Related Social Needs,Food Stamps,24.2,18.9,29.7,2113,1554
10003014811,New Castle,Disability,Any Disability,20.1,17.1,23.3,6677,4822
10005051202,Sussex,Health Outcomes,Current Asthma,9.1,8.0,10.2,856,822
10003011600,New Castle,Health Status,Frequent Physical Distress,10.6,9.1,12.3,3287,2573
10003002900,New Castle,Disability,Independent Living Disability,17.6,15.1,20.2,3499,2540
10003011300,New Castle,Health Risk Behaviors,Short Sleep Duration,28.0,23.9,32.6,2244,1847
10003013300,New Castle,Disability,Self-care Disability,3.1,2.6,3.6,1907,1543
10005051702,Sussex,Prevention,Health Insurance,10.7,8.8,12.6,6577,4982
10003016610,New Castle,Health Risk Behaviors,Short Sleep Duration,36.2,31.3,41.3,7062,5510
10003013505,New Castle,Health Outcomes,Current Asthma,9.1,8.0,10.2,3489,2807
10003014906,New Castle,Health-Related Social Needs,Food Insecurity,24.0,20.9,27.5,5339,4098
10005051801,Sussex,Health Status,Frequent Physical Distress,17.4,15.5,19.4,5359,3933
10005051014,Sussex,Health-Related Social Needs,Food Insecurity,6.1,4.5,7.8,1881,1709
10003002400,New Castle,Health-Related Social Needs,Utility Services Threat,14.0,12.0,16.2,4250,3346
10005050407,Sussex,Prevention,Mammography,78.0,72.6,83.4,5238,4210
10003016904,New Castle,Health Risk Behaviors,Short Sleep Duration,41.5,36.4,46.9,3096,2872
10003013000,New Castle,Disability,Hearing Disability,6.4,5.5,7.3,1927,1515
10003016610,New Castle,Health Outcomes,Diabetes,12.9,11.3,14.6,7062,5510
10005050200,Sussex,Health Status,Frequent Mental Distress,17.4,15.5,19.4,3744,2777
10003013200,New Castle,Disability,Self-care Disability,3.9,3.3,4.5,2653,2074
10003000400,New Castle,Prevention,Colorectal Cancer Screening,68.5,64.5,72.5,2957,2436
10003011204,New Castle,Health-Related Social Needs,Housing Insecurity,7.3,6.0,8.7,3313,2741
10003012300,New Castle,Disability,Any Disability,34.7,30.5,38.8,2739,2159
10005051502,Sussex,Health Status,General Health,20.2,17.7,22.9,3228,2586
10003000601,New Castle,Disability,Any Disability,40.0,35.3,45.3,2773,2035
10003014301,New Castle,Prevention,Annual Checkup,83.0,80.1,85.6,1317,1092
10003012600,New Castle,Disability,Cognitive Disability,13.4,11.2,15.7,2945,2351
10005050506,Sussex,Health-Related Social Needs,Food Insecurity,14.8,12.4,17.3,4112,3099
10005051204,Sussex,Health Risk Behaviors,Physical Inactivity,17.9,14.5,21.6,652,627
10005051312,Sussex,Disability,Any Disability,30.3,26.0,34.5,2290,2046
10003012100,New Castle,Disability,Cognitive Disability,12.5,10.7,14.2,2901,2301
10003011206,New Castle,Health Outcomes,Coronary Heart Disease,5.9,5.1,6.8,4319,3345
10003016806,New Castle,Health-Related Social Needs,Utility Services Threat,7.2,6.1,8.3,6347,4487
10005051310,Sussex,Disability,Hearing Disability,9.3,7.9,10.7,1933,1765
10003014907,New Castle,Disability,Self-care Disability,3.9,3.5,4.4,4921,3708
10003001600,New Castle,Health-Related Social Needs,Lack of Social/Emotional Support,31.1,27.0,35.3,2419,1765
10005051201,Sussex,Health-Related Social Needs,Food Insecurity,5.6,4.1,7.4,1513,1391
10003013400,New Castle,Health Outcomes,Stroke,3.3,2.8,3.9,2504,2036
10003001600,New Castle,Disability,Vision Disability,11.2,9.8,12.7,2419,1765
10001042204,Kent,Health Risk Behaviors,Binge Drinking,14.1,11.8,16.7,4773,3481
10005050303,Sussex,Health Outcomes,Stroke,4.3,3.9,4.8,2935,2313
10005051016,Sussex,Prevention,Health Insurance,4.2,3.1,5.7,1879,1685
10003012100,New Castle,Prevention,High Blood Pressure Medication,74.8,71.8,77.6,2901,2301
10003002300,New Castle,Health-Related Social Needs,Transportation Barriers,17.6,15.3,20.2,3003,2091
10003010105,New Castle,Health Risk Behaviors,Short Sleep Duration,39.8,34.7,45.1,2916,2113
10003014702,New Castle,Disability,Self-care Disability,3.7,3.2,4.2,1910,1510
10003013614,New Castle,Health Outcomes,Diabetes,11.6,10.2,13.2,3258,2555
10005050200,Sussex,Health Risk Behaviors,Current Cigarette Smoking,18.5,16.0,21.0,3744,2777
10003010800,New Castle,Disability,Independent Living Disability,5.8,5.0,6.7,4796,3948
10005050905,Sussex,Health Outcomes,Depression,19.3,16.4,22.2,2848,2485
10003014706,New Castle,Health-Related Social Needs,Housing Insecurity,13.8,11.6,16.1,2929,2180
10003016306,New Castle,Health Outcomes,Depression,20.5,17.7,23.6,4598,3569
10003013613,New Castle,Prevention,Cholesterol Screening,89.4,87.8,90.8,5657,4676
10003012400,New Castle,Health-Related Social Needs,Utility Services Threat,10.4,8.9,11.9,4637,3486
10001043100,Kent,Health-Related Social Needs,Utility Services Threat,6.2,5.3,7.3,2573,2087
10005051201,Sussex,Health Outcomes,Obesity,28.7,23.5,34.3,1513,1391
10003000601,New Castle,Disability,Cognitive Disability,19.2,16.5,22.2,2773,2035
10003015802,New Castle,Health Risk Behaviors,Binge Drinking,16.4,13.9,19.1,2276,1726
10005050710,Sussex,Health Outcomes,High Cholesterol,47.5,43.6,51.4,1870,1457
10003011400,New Castle,Prevention,Annual Checkup,81.7,78.7,84.4,3456,2735
10003016806,New Castle,Health-Related Social Needs,Lack of Social/Emotional Support,21.8,18.8,24.8,6347,4487
10003002300,New Castle,Health Outcomes,Arthritis,23.6,21.1,26.1,3003,2091
10003011400,New Castle,Health Risk Behaviors,Current Cigarette Smoking,7.1,5.3,9.4,3456,2735
10003010200,New Castle,Disability,Mobility Disability,12.1,10.3,14.3,2034,1607
10003013613,New Castle,Health Outcomes,Coronary Heart Disease,5.4,4.8,6.0,5657,4676
10003016200,New Castle,Disability,Cognitive Disability,12.2,10.5,14.1,3051,2509
10003014903,New Castle,Health Status,Frequent Mental Distress,18.6,16.5,20.9,7365,5269
10005051012,Sussex,Health Outcomes,COPD,10.3,8.4,12.3,1908,1715
10003014810,New Castle,Disability,Any Disability,26.5,23.1,30.1,7083,5613
10003016613,New Castle,Health-Related Social Needs,Food Stamps,12.9,10.3,15.9,6109,4337
10005050601,Sussex,Disability,Independent Living Disability,8.6,7.5,9.8,5391,4138
10005050105,Sussex,Health Status,Frequent Physical Distress,15.1,13.4,16.9,5939,4388
10001041702,Kent,Health-Related Social Needs,Food Insecurity,12.0,10.3,13.9,4472,3405
10003002700,New Castle,Disability,Independent Living Disability,6.9,6.0,8.0,2990,2310
10005051502,Sussex,Disability,Self-care Disability,4.0,3.5,4.5,3228,2586
10005050503,Sussex,Health Status,Frequent Mental Distress,20.6,18.2,22.9,5604,3737
10005051015,Sussex,Health-Related Social Needs,Housing Insecurity,5.7,4.6,6.9,1877,1626
10003012500,New Castle,Health Outcomes,Cancer (non-skin) or Melanoma,7.4,6.7,8.1,5660,4358
10003016613,New Castle,Health-Related Social Needs,Utility Services Threat,8.8,7.3,10.4,6109,4337
10005050501,Sussex,Health Outcomes,Depression,21.8,18.7,25.1,4201,3285
10005051011,Sussex,Prevention,Annual Checkup,85.6,83.0,88.0,3580,3083
10003014703,New Castle,Prevention,Annual Checkup,77.9,74.4,81.0,4827,3890
10005050302,Sussex,Health Outcomes,Coronary Heart Disease,8.1,7.1,8.9,5521,4001
10005051802,Sussex,Health Outcomes,Current Asthma,12.2,10.8,13.6,4354,3076
10003014501,New Castle,Health-Related Social Needs,Food Stamps,36.8,26.7,48.0,2134,1931
10003016308,New Castle,Disability,Vision Disability,5.6,4.9,6.4,3728,2990
10001980000,Kent,Health Outcomes,Coronary Heart Disease,0.9,0.8,1.0,108,104
10003012200,New Castle,Prevention,Mammography,75.3,69.0,81.0,4676,3581
10003001100,New Castle,Disability,Hearing Disability,6.2,5.4,7.1,3375,3187
10001042207,Kent,Health Outcomes,High Cholesterol,40.2,36.3,44.2,2576,1977
10005051310,Sussex,Health Risk Behaviors,Short Sleep Duration,27.3,23.4,32.0,1933,1765
10001041804,Kent,Prevention,Dental Visit,60.5,56.6,64.2,5980,4654
10003010400,New Castle,Health Risk Behaviors,Short Sleep Duration,33.8,29.0,38.8,4591,3725
10005051008,Sussex,Health-Related Social Needs,Transportation Barriers,4.1,3.4,4.9,4100,3626
10003014906,New Castle,Health Outcomes,Arthritis,22.9,20.5,25.5,5339,4098
10003010900,New Castle,Health-Related Social Needs,Food Insecurity,9.6,7.5,11.8,2773,2237
10001042100,Kent,Health Status,General Health,22.4,19.7,25.4,3997,3098
10003002400,New Castle,Prevention,Annual Checkup,79.4,76.0,82.4,4250,3346
10003015900,New Castle,Health Outcomes,Current Asthma,10.9,9.6,12.2,3344,2595
10005050506,Sussex,Prevention,Mammography,81.0,76.1,85.7,4112,3099
10005051314,Sussex,Prevention,Annual Checkup,86.3,83.8,88.6,2525,2271
10003016806,New Castle,Health Outcomes,High Blood Pressure,31.8,28.5,35.2,6347,4487
10003010502,New Castle,Prevention,Colorectal Cancer Screening,69.7,65.8,73.6,5779,4788
10003015000,New Castle,Disability,Hearing Disability,6.2,5.4,6.9,5659,4542
10003011800,New Castle,Prevention,Dental Visit,76.1,73.1,78.8,4927,4135
10003000602,New Castle,Disability,Vision Disability,8.2,7.1,9.3,2876,2134
10001042205,Kent,Health Status,Frequent Physical Distress,16.6,14.8,18.4,3019,2312
10003001300,New Castle,Health Outcomes,Current Asthma,9.3,8.3,10.5,3588,3013
10005050804,Sussex,Health-Related Social Needs,Loneliness,27.7,24.3,31.4,4188,3465
10001980000,Kent,Health Risk Behaviors,Current Cigarette Smoking,6.8,5.5,8.2,108,104
10003014100,New Castle,Health Outcomes,High Cholesterol,38.0,34.4,41.5,4985,3693
10003014907,New Castle,Health Risk Behaviors,Binge Drinking,14.1,11.9,16.5,4921,3708
10001042207,Kent,Prevention,Dental Visit,59.3,55.2,63.0,2576,1977
10001042900,Kent,Prevention,Mammography,70.2,63.1,76.7,5105,4056
10003013501,New Castle,Health-Related Social Needs,Utility Services Threat,3.0,2.5,3.5,7213,5880
10001042500,Kent,Health Outcomes,Cancer (non-skin) or Melanoma,7.1,6.4,7.8,3590,2590
10003013905,New Castle,Health Outcomes,Obesity,29.9,24.7,35.3,4169,3100
10003011100,New Castle,Health Outcomes,Stroke,3.4,3.0,3.8,2654,2282
10005050408,Sussex,Disability,Vision Disability,7.2,6.4,8.0,4534,3546
10003010106,New Castle,Health Risk Behaviors,Physical Inactivity,27.5,23.2,32.0,1760,1509
10005051308,Sussex,Prevention,Health Insurance,6.3,4.8,7.9,4074,3530
10005050711,Sussex,Health Outcomes,All Teeth Lost,12.6,10.5,15.2,1505,1256
10005050703,Sussex,Health Risk Behaviors,Current Cigarette Smoking,17.6,14.3,20.6,2153,1786
10003015900,New Castle,Health Risk Behaviors,Physical Inactivity,28.8,24.5,33.0,3344,2595
10003002900,New Castle,Disability,Cognitive Disability,23.0,19.6,26.2,3499,2540
10003014501,New Castle,Disability,Mobility Disability,13.1,11.3,15.5,2134,1931
10003013300,New Castle,Health-Related Social Needs,Food Insecurity,10.8,8.7,13.0,1907,1543
10003011800,New Castle,Disability,Mobility Disability,11.2,9.5,12.9,4927,4135
10003002200,New Castle,Health Status,Frequent Mental Distress,22.0,19.6,24.4,2874,1942
10003014906,New Castle,Prevention,Dental Visit,53.6,49.7,57.3,5339,4098
10005051101,Sussex,Health-Related Social Needs,Food Stamps,2.6,1.9,3.5,629,589
10001042802,Kent,Health Risk Behaviors,Physical Inactivity,30.4,26.1,35.2,5612,4350
10003002600,New Castle,Prevention,Mammography,75.6,69.4,81.2,3730,2585
10005051307,Sussex,Disability,Independent Living Disability,8.0,6.3,9.8,2975,2708
10003014502,New Castle,Prevention,Health Insurance,12.0,9.7,14.8,7374,7189
10005051702,Sussex,Disability,Any Disability,32.9,29.0,36.9,6577,4982
10003014301,New Castle,Disability,Independent Living Disability,5.1,4.4,6.0,1317,1092
10003016401,New Castle,Prevention,Annual Checkup,80.1,76.7,83.0,6711,5269
10003015400,New Castle,Health-Related Social Needs,Transportation Barriers,13.0,11.3,14.8,2932,2209
10003014810,New Castle,Health Status,Frequent Mental Distress,15.7,13.9,17.6,7083,5613
10001042203,Kent,Health Outcomes,High Blood Pressure,35.2,31.8,39.0,5705,4255
10001043000,Kent,Prevention,Colorectal Cancer Screening,65.7,61.0,70.1,5414,4110
10005050903,Sussex,Disability,Hearing Disability,10.2,8.7,11.8,2161,1968
10003016904,New Castle,Health-Related Social Needs,Food Insecurity,22.9,18.9,26.9,3096,2872
10005050506,Sussex,Health Outcomes,All Teeth Lost,9.1,7.6,11.0,4112,3099
10005051309,Sussex,Health Outcomes,Cancer (non-skin) or Melanoma,15.8,14.2,17.5,1488,1407
10003014909,New Castle,Health Outcomes,Cancer (non-skin) or Melanoma,5.6,5.1,6.1,6186,4652
10003015000,New Castle,Prevention,Health Insurance,12.1,10.1,14.4,5659,4542
10003016309,New Castle,Disability,Self-care Disability,4.4,3.8,5.0,4125,3307
10005050501,Sussex,Disability,Independent Living Disability,8.7,7.7,9.9,4201,3285
10005051313,Sussex,Prevention,Cholesterol Screening,92.6,91.4,93.7,3144,2742
10003001400,New Castle,Health Risk Behaviors,Binge Drinking,14.0,11.8,16.4,2103,1727
10001042000,Kent,Health Outcomes,Diabetes,13.0,11.3,14.7,3064,2380
10005051013,Sussex,Health Outcomes,High Cholesterol,50.8,46.7,54.8,3686,3150
10001042802,Kent,Prevention,Colorectal Cancer Screening,66.5,62.1,70.8,5612,4350
10003015600,New Castle,Disability,Mobility Disability,19.2,16.7,21.6,2343,1791
10005051701,Sussex,Health Status,General Health,20.6,17.5,23.7,4103,3258
10003014705,New Castle,Prevention,High Blood Pressure Medication,74.2,71.3,76.9,5891,4572
10003001902,New Castle,Prevention,Dental Visit,50.4,46.5,54.2,2113,1554
10005051312,Sussex,Health Outcomes,Obesity,30.2,24.8,35.9,2290,2046
10003014402,New Castle,Health-Related Social Needs,Housing Insecurity,9.0,7.3,10.8,2807,2383
10003016807,New Castle,Disability,Any Disability,22.7,19.2,26.4,1901,1411
10005050104,Sussex,Prevention,Mammography,78.2,72.9,83.4,5031,3785
10003014501,New Castle,Prevention,Cholesterol Screening,62.9,56.7,68.8,2134,1931
10005051501,Sussex,Health Outcomes,Cancer (non-skin) or Melanoma,8.4,7.7,9.2,2246,1737
10003016610,New Castle,Disability,Mobility Disability,15.0,12.9,17.1,7062,5510
10005051309,Sussex,Health-Related Social Needs,Food Stamps,5.1,3.5,7.0,1488,1407
10003000500,New Castle,Health-Related Social Needs,Lack of Social/Emotional Support,29.9,25.7,34.0,3453,2515
10001043400,Kent,Health-Related Social Needs,Utility Services Threat,6.9,6.0,8.0,5648,4415
10003013200,New Castle,Disability,Vision Disability,5.3,4.5,6.1,2653,2074
10003014402,New Castle,Health Outcomes,Diabetes,9.6,8.4,11.0,2807,2383
10003016610,New Castle,Prevention,Colorectal Cancer Screening,66.2,62.0,70.3,7062,5510
10003000900,New Castle,Health Status,Frequent Mental Distress,22.0,19.4,24.5,2267,1563
10003002100,New Castle,Health Outcomes,High Cholesterol,39.8,36.1,43.5,1809,1283
10003014403,New Castle,Prevention,Mammography,75.6,69.3,81.2,3611,2955
10003016612,New Castle,Health Outcomes,Obesity,31.1,25.8,36.5,6450,4739
10005050801,Sussex,Health Status,Frequent Mental Distress,14.1,12.4,15.9,3979,3225
10003015200,New Castle,Health Outcomes,All Teeth Lost,15.7,13.1,18.8,5783,4501
10003013901,New Castle,Health Risk Behaviors,Binge Drinking,16.1,13.6,18.7,3492,2741
10005050801,Sussex,Disability,Cognitive Disability,11.6,10.1,13.3,3979,3225
10003013611,New Castle,Disability,Independent Living Disability,6.4,5.5,7.5,5572,4648
10005051012,Sussex,Disability,Any Disability,33.5,29.1,38.4,1908,1715
10003002100,New Castle,Disability,Self-care Disability,10.5,9.1,12.0,1809,1283
10001041702,Kent,Health-Related Social Needs,Housing Insecurity,10.8,9.3,12.4,4472,3405
10003010704,New Castle,Health Outcomes,COPD,5.5,4.8,6.3,3947,3149
10003002700,New Castle,Health Risk Behaviors,Binge Drinking,17.1,14.5,20.0,2990,2310
10003012200,New Castle,Disability,Self-care Disability,4.2,3.7,4.9,4676,3581
10003014404,New Castle,Prevention,Health Insurance,6.0,4.9,7.7,4159,3562
10003016808,New Castle,Health-Related Social Needs,Food Insecurity,9.6,7.8,11.6,7377,5511
10003016308,New Castle,Health-Related Social Needs,Housing Insecurity,18.5,15.8,21.4,3728,2990
10003015100,New Castle,Health Risk Behaviors,Binge Drinking,15.0,12.7,17.5,3594,2808
10003015502,New Castle,Health Outcomes,Coronary Heart Disease,7.5,6.7,8.4,2686,2035
10003000601,New Castle,Health Outcomes,Depression,20.1,17.2,23.1,2773,2035
10003002900,New Castle,Health Outcomes,Cancer (non-skin) or Melanoma,5.4,4.8,5.9,3499,2540
10003014814,New Castle,Disability,Any Disability,23.7,20.6,26.9,4361,3290
10003001902,New Castle,Health Outcomes,High Blood Pressure,38.7,35.2,42.3,2113,1554
10005050401,Sussex,Health Risk Behaviors,Physical Inactivity,28.9,24.5,33.9,3606,2872
10003012700,New Castle,Disability,Self-care Disability,4.5,3.9,5.1,4392,3592
10003013505,New Castle,Health-Related Social Needs,Loneliness,27.4,23.8,31.1,3489,2807
10003016612,New Castle,Health Outcomes,Depression,21.0,18.1,24.0,6450,4739
10003016200,New Castle,Disability,Mobility Disability,12.4,10.4,14.3,3051,2509
10003013906,New Castle,Prevention,Colorectal Cancer Screening,66.1,62.0,70.1,4648,3670
10005051314,Sussex,Health Outcomes,Arthritis,37.1,33.4,40.6,2525,2271
10003002600,New Castle,Prevention,Annual Checkup,77.8,74.2,81.1,3730,2585
10005051202,Sussex,Health Status,Frequent Mental Distress,8.5,7.3,9.8,856,822
10003014812,New Castle,Prevention,Dental Visit,71.2,68.0,74.4,4559,3628
10003013610,New Castle,Prevention,Colorectal Cancer Screening,69.9,66.0,73.7,5460,4534
10003016805,New Castle,Prevention,Annual Checkup,78.5,74.9,81.5,1723,1396
10003002400,New Castle,Disability,Independent Living Disability,11.2,9.7,12.7,4250,3346
10005051008,Sussex,Disability,Vision Disability,3.8,3.2,4.5,4100,3626
10005050904,Sussex,Health Outcomes,All Teeth Lost,10.9,9.1,13.0,2592,2256
10003014502,New Castle,Disability,Cognitive Disability,28.9,25.1,32.5,7374,7189
10003014301,New Castle,Health-Related Social Needs,Food Stamps,3.8,2.9,5.0,1317,1092
10003013400,New Castle,Health Outcomes,Diabetes,11.1,9.4,13.0,2504,2036
10001042205,Kent,Disability,Vision Disability,6.8,6.2,7.4,3019,2312
10005050105,Sussex,Health Status,General Health,22.2,19.4,25.0,5939,4388
10005051203,Sussex,Disability,Hearing Disability,9.7,8.5,11.1,792,726
10001042205,Kent,Health Outcomes,All Teeth Lost,25.2,21.5,29.0,3019,2312
10001041802,Kent,Health Status,Frequent Mental Distress,17.4,15.5,19.5,6720,5103
10003013800,New Castle,Health-Related Social Needs,Loneliness,33.1,29.1,37.1,5901,4752
10003002500,New Castle,Health Outcomes,Obesity,38.1,32.0,44.0,3235,2443
10003014909,New Castle,Health-Related Social Needs,Lack of Social/Emotional Support,27.0,23.3,30.4,6186,4652
10005051308,Sussex,Health-Related Social Needs,Food Stamps,6.9,5.2,8.9,4074,3530
10005051314,Sussex,Prevention,Mammography,82.3,77.7,86.7,2525,2271
10005051900,Sussex,Health Outcomes,High Cholesterol,44.3,40.4,48.0,4760,3685
10003012500,New Castle,Disability,Any Disability,30.6,27.0,34.5,5660,4358
10003016808,New Castle,Health Risk Behaviors,Binge Drinking,18.2,15.5,21.1,7377,5511
10003013400,New Castle,Health Outcomes,Current Asthma,10.0,8.8,11.3,2504,2036
10005051012,Sussex,Health Outcomes,Obesity,33.4,27.7,39.4,1908,1715
10005051801,Sussex,Health Outcomes,Stroke,4.6,4.2,5.1,5359,3933
10005050501,Sussex,Health-Related Social Needs,Food Stamps,13.1,10.8,15.3,4201,3285
10003016805,New Castle,Health-Related Social Needs,Lack of Social/Emotional Support,21.4,18.4,24.7,1723,1396
10003015502,New Castle,Disability,Hearing Disability,6.0,5.3,6.8,2686,2035
10005051101,Sussex,Prevention,Annual Checkup,86.9,84.5,89.0,629,589
10003012300,New Castle,Health-Related Social Needs,Transportation Barriers,11.4,9.9,13.1,2739,2159
10003013608,New Castle,Health Risk Behaviors,Binge Drinking,17.5,14.9,20.3,1959,1543
10005050807,Sussex,Health-Related Social Needs,Lack of Social/Emotional Support,17.3,14.4,20.6,1824,1622
10003014301,New Castle,Health-Related Social Needs,Utility Services Threat,3.1,2.6,3.8,1317,1092
10003014703,New Castle,Health Risk Behaviors,Short Sleep Duration,36.7,31.8,41.8,4827,3890
10003000602,New Castle,Disability,Self-care Disability,6.4,5.4,7.4,2876,2134
10005050604,Sussex,Prevention,Annual Checkup,82.2,79.1,84.9,4674,3611
10005051312,Sussex,Health-Related Social Needs,Housing Insecurity,5.5,4.5,6.5,2290,2046
10003015600,New Castle,Health Outcomes,Current Asthma,11.4,10.1,12.8,2343,1791
10003011206,New Castle,Health-Related Social Needs,Housing Insecurity,5.0,4.0,6.2,4319,3345
10003011400,New Castle,Health Outcomes,High Cholesterol,41.5,37.6,45.5,3456,2735
10005050304,Sussex,Health Risk Behaviors,Short Sleep Duration,32.8,28.4,37.9,4616,3670
10005051103,Sussex,Health Outcomes,COPD,6.2,5.1,7.6,952,866
10003002800,New Castle,Health Risk Behaviors,Current Cigarette Smoking,13.6,11.1,16.3,2378,2071
10003014404,New Castle,Health Outcomes,Obesity,28.5,23.4,33.9,4159,3562
10005051400,Sussex,Disability,Cognitive Disability,13.0,11.4,14.8,3878,3033
10005051008,Sussex,Health Outcomes,Coronary Heart Disease,8.5,7.4,9.7,4100,3626
10005051015,Sussex,Health Outcomes,Coronary Heart Disease,8.5,7.4,9.7,1877,1626
10005050709,Sussex,Disability,Self-care Disability,3.4,2.8,4.2,1956,1774
10005050706,Sussex,Health Status,Frequent Mental Distress,12.7,11.1,14.4,1772,1557
10005050709,Sussex,Health Outcomes,Obesity,29.5,23.9,35.2,1956,1774
10003016307,New Castle,Health Outcomes,High Blood Pressure,34.6,31.2,38.0,2756,2221
10003001400,New Castle,Health Outcomes,Coronary Heart Disease,7.8,6.9,8.7,2103,1727
10001042500,Kent,Health-Related Social Needs,Loneliness,36.3,32.2,40.6,3590,2590
10003012200,New Castle,Health Status,General Health,21.8,18.9,24.9,4676,3581
10003010300,New Castle,Health Outcomes,COPD,4.9,4.1,5.6,4106,3232
10005050603,Sussex,Disability,Hearing Disability,7.1,6.2,8.1,3956,3165
10003014803,New Castle,Health Outcomes,Diabetes,11.8,10.3,13.4,4150,3432
10005050103,Sussex,Health Outcomes,COPD,7.8,6.5,9.1,5063,4221
10003013100,New Castle,Prevention,Mammography,75.2,69.1,80.9,2248,1833
10003014502,New Castle,Health-Related Social Needs,Housing Insecurity,21.7,18.2,25.0,7374,7189
10003016611,New Castle,Health Outcomes,High Cholesterol,35.0,31.4,38.7,7851,5645
10003013200,New Castle,Health-Related Social Needs,Housing Insecurity,13.2,11.2,15.5,2653,2074
10003016100,New Castle,Health Outcomes,COPD,7.1,5.8,8.5,1961,1661
10003013508,New Castle,Disability,Independent Living Disability,4.4,3.6,5.2,5655,4419
10003012500,New Castle,Health Outcomes,Obesity,36.2,30.4,42.0,5660,4358
10003013800,New Castle,Disability,Self-care Disability,2.7,2.4,3.1,5901,4752
10003013613,New Castle,Disability,Vision Disability,3.1,2.8,3.5,5657,4676
10005051101,Sussex,Disability,Independent Living Disability,4.6,3.9,5.4,629,589
10003013615,New Castle,Health Risk Behaviors,Physical Inactivity,25.3,21.3,29.6,4107,3324
10001042801,Kent,Prevention,High Blood Pressure Medication,77.7,74.8,80.6,2007,1606
10003013508,New Castle,Health-Related Social Needs,Transportation Barriers,3.7,3.0,4.4,5655,4419
10003014808,New Castle,Health Status,General Health,17.3,15.1,19.5,6476,5078
10003013200,New Castle,Disability,Hearing Disability,6.4,5.5,7.2,2653,2074
10005050706,Sussex,Health Risk Behaviors,Current Cigarette Smoking,12.8,10.4,15.3,1772,1557
10001041804,Kent,Health Risk Behaviors,Short Sleep Duration,40.5,35.2,45.9,5980,4654
10003014808,New Castle,Health Outcomes,Coronary Heart Disease,5.0,4.5,5.5,6476,5078
10005051310,Sussex,Prevention,Mammography,83.1,78.5,87.3,1933,1765
10003011500,New Castle,Health Outcomes,Stroke,3.1,2.6,3.5,2908,2308
10005050103,Sussex,Health Risk Behaviors,Binge Drinking,13.5,11.4,15.8,5063,4221
10003016614,New Castle,Health Outcomes,Diabetes,8.9,7.7,10.1,6239,4474
10003012000,New Castle,Health Outcomes,Depression,21.4,18.3,24.4,4334,3536
10005051102,Sussex,Disability,Vision Disability,3.2,2.8,3.7,1029,970
10003013700,New Castle,Health Outcomes,High Blood Pressure,31.0,27.9,34.3,4071,3177
10003012300,New Castle,Health Status,General Health,23.3,20.4,26.3,2739,2159
10003014907,New Castle,Disability,Independent Living Disability,8.4,7.4,9.4,4921,3708
10003002700,New Castle,Health Outcomes,Obesity,35.2,29.4,41.1,2990,2310
10005051307,Sussex,Disability,Cognitive Disability,10.5,8.5,12.7,2975,2708
10005051308,Sussex,Health Outcomes,All Teeth Lost,6.2,5.1,7.5,4074,3530
10005050805,Sussex,Disability,Cognitive Disability,10.0,8.6,11.4,3038,2464
10005050703,Sussex,Health Status,General Health,25.1,21.3,28.8,2153,1786
10005050804,Sussex,Health Outcomes,Arthritis,32.7,29.5,36.1,4188,3465
10005051307,Sussex,Health Outcomes,COPD,10.7,8.2,13.5,2975,2708
10003016608,New Castle,Health-Related Social Needs,Housing Insecurity,8.6,7.2,10.2,6561,5064
10005050407,Sussex,Health Outcomes,COPD,11.0,9.5,12.5,5238,4210
10005051302,Sussex,Health Outcomes,Diabetes,13.5,11.7,15.4,4907,4337
10003013901,New Castle,Health Outcomes,Coronary Heart Disease,5.7,5.0,6.4,3492,2741
10003010104,New Castle,Prevention,High Blood Pressure Medication,73.6,70.6,76.3,3620,2830
10001042208,Kent,Disability,Self-care Disability,4.0,3.6,4.5,4016,3108
10003013905,New Castle,Health Outcomes,Stroke,2.0,1.8,2.2,4169,3100
10003014403,New Castle,Disability,Independent Living Disability,8.0,6.8,9.3,3611,2955
10003010704,New Castle,Health Outcomes,Arthritis,24.8,22.2,27.4,3947,3149
10003012600,New Castle,Health Outcomes,Obesity,31.0,25.7,36.7,2945,2351
10005050903,Sussex,Disability,Self-care Disability,3.1,2.6,3.8,2161,1968
10005051203,Sussex,Prevention,High Blood Pressure Medication,87.9,85.6,89.9,792,726
10003000900,New Castle,Health Status,General Health,31.8,27.6,36.1,2267,1563
10005051400,Sussex,Health Outcomes,All Teeth Lost,12.4,10.4,14.9,3878,3033
10003010200,New Castle,Health Outcomes,Diabetes,11.1,9.6,12.6,2034,1607
10005050406,Sussex,Health Status,Frequent Physical Distress,17.7,15.6,19.8,5475,4063
10001043300,Kent,Prevention,Colorectal Cancer Screening,65.3,60.8,69.6,6553,5692
10005051013,Sussex,Disability,Cognitive Disability,10.3,8.8,11.9,3686,3150
10003011000,New Castle,Health Risk Behaviors,Current Cigarette Smoking,8.1,6.5,10.0,3201,2542
10003013400,New Castle,Health Outcomes,High Cholesterol,41.6,37.6,45.2,2504,2036
10005051801,Sussex,Health Outcomes,Cancer (non-skin) or Melanoma,8.6,7.8,9.4,5359,3933
10005051201,Sussex,Prevention,High Blood Pressure Medication,86.7,84.3,88.9,1513,1391
10005051016,Sussex,Health-Related Social Needs,Loneliness,23.7,20.4,27.2,1879,1685
10005051017,Sussex,Health Outcomes,Diabetes,12.3,10.3,14.3,3804,3435
10001043100,Kent,Prevention,Cholesterol Screening,87.2,85.3,89.2,2573,2087
10003011202,New Castle,Disability,Independent Living Disability,5.9,4.9,7.0,4003,3308
10003016404,New Castle,Health-Related Social Needs,Transportation Barriers,7.7,6.7,8.7,3334,2622
10003013100,New Castle,Health-Related Social Needs,Utility Services Threat,6.7,5.8,7.8,2248,1833
10003012000,New Castle,Health Status,Frequent Mental Distress,15.6,13.7,17.5,4334,3536
10005050709,Sussex,Health Outcomes,Current Asthma,9.8,8.5,11.1,1956,1774
10005050104,Sussex,Health-Related Social Needs,Housing Insecurity,15.6,13.4,18.1,5031,3785
10003001300,New Castle,Health Outcomes,COPD,4.4,3.6,5.4,3588,3013
10003010502,New Castle,Health Outcomes,All Teeth Lost,9.5,7.7,11.5,5779,4788
10003014908,New Castle,Health Risk Behaviors,Current Cigarette Smoking,15.2,12.7,17.9,2425,1792
10005050701,Sussex,Health Status,General Health,20.8,17.9,24.0,5068,4322
10005050101,Sussex,Health Outcomes,Obesity,32.6,27.0,38.3,4013,3236
10003014906,New Castle,Disability,Self-care Disability,4.6,4.1,5.2,5339,4098
10003014502,New Castle,Health Outcomes,Depression,32.7,28.5,36.7,7374,7189
10005050601,Sussex,Health Risk Behaviors,Binge Drinking,15.0,12.6,17.5,5391,4138
10003011202,New Castle,Prevention,Colorectal Cancer Screening,72.1,68.3,75.8,4003,3308
10005051011,Sussex,Health-Related Social Needs,Utility Services Threat,4.0,3.3,4.7,3580,3083
10003016805,New Castle,Health Status,Frequent Physical Distress,14.1,12.2,16.1,1723,1396
10005051012,Sussex,Disability,Vision Disability,5.2,4.4,6.1,1908,1715
10003014903,New Castle,Health Outcomes,High Blood Pressure,37.3,33.8,40.6,7365,5269
10005050807,Sussex,Health Outcomes,Current Asthma,10.5,9.2,11.9,1824,1622
10003010104,New Castle,Prevention,Cholesterol Screening,86.6,84.6,88.5,3620,2830
10003011500,New Castle,Prevention,Cholesterol Screening,89.2,87.3,91.0,2908,2308
10001042208,Kent,Health Outcomes,Current Asthma,12.5,11.0,14.0,4016,3108
10003015900,New Castle,Health Outcomes,All Teeth Lost,11.7,9.7,13.9,3344,2595
10003013507,New Castle,Health Status,Frequent Physical Distress,10.4,8.9,12.1,1819,1428
10003001200,New Castle,Disability,Cognitive Disability,9.9,8.1,12.1,1605,1454
10003016808,New Castle,Health Outcomes,COPD,4.4,3.7,5.1,7377,5511
10005051802,Sussex,Disability,Mobility Disability,17.2,15.2,19.4,4354,3076
10003014000,New Castle,Health Outcomes,Diabetes,12.6,11.0,14.1,5441,4349
10005050302,Sussex,Health Risk Behaviors,Physical Inactivity,33.1,28.2,37.6,5521,4001
10005050701,Sussex,Prevention,High Blood Pressure Medication,84.3,81.9,86.4,5068,4322
10003013608,New Castle,Health Outcomes,All Teeth Lost,7.8,6.3,9.4,1959,1543
10003014803,New Castle,Health Status,Frequent Physical Distress,11.9,10.4,13.5,4150,3432
10003014302,New Castle,Disability,Any Disability,26.1,22.3,30.0,4908,4464
10001043300,Kent,Health Risk Behaviors,Physical Inactivity,29.5,25.1,34.3,6553,5692
10005051314,Sussex,Health-Related Social Needs,Utility Services Threat,3.4,2.9,4.1,2525,2271
10003001400,New Castle,Health-Related Social Needs,Housing Insecurity,17.5,14.8,20.2,2103,1727
10005050101,Sussex,Prevention,Colorectal Cancer Screening,70.9,67.1,74.9,4013,3236
10005051309,Sussex,Disability,Any Disability,29.5,24.8,34.5,1488,1407
10003013604,New Castle,Health Status,Frequent Mental Distress,13.2,11.6,15.1,4156,3372
10003014404,New Castle,Health Status,General Health,14.3,12.3,16.6,4159,3562
10003016404,New Castle,Health Outcomes,Depression,23.2,19.9,26.5,3334,2622
10003014502,New Castle,Health-Related Social Needs,Loneliness,45.2,40.4,49.6,7374,7189
10005051013,Sussex,Health-Related Social Needs,Loneliness,26.8,23.4,30.6,3686,3150
10003016000,New Castle,Disability,Cognitive Disability,16.8,14.7,19.0,2999,2265
10003011203,New Castle,Health Risk Behaviors,Current Cigarette Smoking,12.5,10.1,15.0,4805,3884
10003014903,New Castle,Health-Related Social Needs,Food Stamps,25.8,21.7,30.2,7365,5269
10003011300,New Castle,Prevention,High Blood Pressure Medication,79.6,76.7,82.2,2244,1847
10005050408,Sussex,Prevention,High Blood Pressure Medication,80.7,78.2,83.0,4534,3546
10003010703,New Castle,Disability,Independent Living Disability,8.9,7.8,10.2,2036,1556
10003001200,New Castle,Health Outcomes,Stroke,1.9,1.6,2.2,1605,1454
10001043000,Kent,Health Outcomes,Obesity,42.7,36.5,49.5,5414,4110
10003013700,New Castle,Health-Related Social Needs,Utility Services Threat,8.3,7.0,9.6,4071,3177
10003015900,New Castle,Prevention,Colorectal Cancer Screening,62.3,57.8,66.8,3344,2595
10003010105,New Castle,Health Outcomes,Diabetes,9.9,8.7,11.2,2916,2113
10005051308,Sussex,Prevention,High Blood Pressure Medication,85.5,83.0,87.6,4074,3530
10003012900,New Castle,Health Status,Frequent Mental Distress,18.7,16.7,20.8,4823,3565
10003010200,New Castle,Health Outcomes,Cancer (non-skin) or Melanoma,9.1,8.2,10.0,2034,1607
10003013611,New Castle,Health Outcomes,High Blood Pressure,31.0,27.7,34.2,5572,4648
10005051701,Sussex,Health Risk Behaviors,Current Cigarette Smoking,17.1,14.1,20.1,4103,3258
10005050603,Sussex,Disability,Vision Disability,3.7,3.2,4.2,3956,3165
10003011202,New Castle,Health Risk Behaviors,Short Sleep Duration,30.7,26.3,35.5,4003,3308
10005051009,Sussex,Health-Related Social Needs,Loneliness,25.1,21.9,28.5,2313,1978
10003016611,New Castle,Health-Related Social Needs,Lack of Social/Emotional Support,20.8,17.8,23.8,7851,5645
10003013300,New Castle,Disability,Mobility Disability,13.7,11.5,16.0,1907,1543
10003002800,New Castle,Health-Related Social Needs,Lack of Social/Emotional Support,23.7,20.4,27.3,2378,2071
10003001400,New Castle,Disability,Vision Disability,7.5,6.7,8.4,2103,1727
10003012500,New Castle,Health-Related Social Needs,Lack of Social/Emotional Support,22.3,19.2,25.5,5660,4358
10005050501,Sussex,Health Outcomes,Cancer (non-skin) or Melanoma,8.5,7.7,9.3,4201,3285
10003014903,New Castle,Health-Related Social Needs,Lack of Social/Emotional Support,27.6,24.0,31.3,7365,5269
10003014000,New Castle,Disability,Mobility Disability,15.1,13.1,17.1,5441,4349
10001043202,Kent,Health Outcomes,Arthritis,31.8,28.7,35.0,3722,2979
10003000200,New Castle,Disability,Cognitive Disability,14.7,12.5,17.3,5298,4193
10003016901,New Castle,Prevention,Annual Checkup,78.8,75.4,81.9,2364,1876
10003013501,New Castle,Health-Related Social Needs,Lack of Social/Emotional Support,16.7,14.3,19.4,7213,5880
10005050103,Sussex,Disability,Any Disability,29.1,25.3,33.1,5063,4221
10005051014,Sussex,Health Risk Behaviors,Binge Drinking,10.9,9.1,12.7,1881,1709
10003013906,New Castle,Health-Related Social Needs,Housing Insecurity,9.9,8.2,11.7,4648,3670
10003014811,New Castle,Disability,Hearing Disability,3.7,3.2,4.2,6677,4822
10003013506,New Castle,Health-Related Social Needs,Food Insecurity,4.7,3.4,6.3,4567,3785
10005051900,Sussex,Health Outcomes,Current Asthma,11.0,9.7,12.3,4760,3685
10005050403,Sussex,Health Risk Behaviors,Current Cigarette Smoking,16.1,13.9,18.6,3517,2621
10003002500,New Castle,Disability,Any Disability,32.1,28.0,35.9,3235,2443
10003011205,New Castle,Health Outcomes,Stroke,3.1,2.7,3.6,1968,1585
10005050406,Sussex,Health Outcomes,Cancer (non-skin) or Melanoma,8.8,8.0,9.6,5475,4063
10003011900,New Castle,Health Outcomes,All Teeth Lost,4.9,4.0,6.1,3298,2592
10005050805,Sussex,Prevention,Annual Checkup,84.1,81.4,86.5,3038,2464
10003000300,New Castle,Health Risk Behaviors,Binge Drinking,11.4,9.5,13.3,3012,2233
10005050604,Sussex,Prevention,Mammography,80.4,75.4,85.2,4674,3611
10003013100,New Castle,Disability,Cognitive Disability,14.7,12.7,17.0,2248,1833
10005051205,Sussex,Health Outcomes,Depression,17.9,15.2,20.8,580,543
10003016100,New Castle,Disability,Vision Disability,4.5,3.9,5.1,1961,1661
10003016613,New Castle,Health Status,Frequent Physical Distress,11.9,10.3,13.6,6109,4337
10003014903,New Castle,Health-Related Social Needs,Utility Services Threat,14.7,12.7,16.9,7365,5269
10003016608,New Castle,Prevention,Dental Visit,72.4,69.2,75.4,6561,5064
10003000601,New Castle,Prevention,Health Insurance,12.6,9.8,16.0,2773,2035
10003016000,New Castle,Health Outcomes,Cancer (non-skin) or Melanoma,7.1,6.5,7.8,2999,2265
10003016614,New Castle,Health-Related Social Needs,Loneliness,31.2,27.4,35.0,6239,4474
10005051103,Sussex,Health-Related Social Needs,Loneliness,24.4,21.3,27.8,952,866
10003010106,New Castle,Prevention,Colorectal Cancer Screening,66.3,62.2,70.4,1760,1509
10005050710,Sussex,Health Risk Behaviors,Current Cigarette Smoking,19.0,16.3,21.7,1870,1457
10003015802,New Castle,Health Risk Behaviors,Current Cigarette Smoking,14.3,12.1,16.7,2276,1726
10003011800,New Castle,Health Status,General Health,11.8,10.1,13.7,4927,4135
10001042204,Kent,Disability,Self-care Disability,3.1,2.8,3.4,4773,3481
10005051302,Sussex,Health-Related Social Needs,Lack of Social/Emotional Support,16.8,14.3,19.7,4907,4337
10005050200,Sussex,Health Status,General Health,23.5,20.9,26.1,3744,2777
10005050808,Sussex,Prevention,Mammography,82.5,77.8,86.9,4150,3726
10003014302,New Castle,Health Outcomes,COPD,3.7,3.2,4.3,4908,4464
10003013506,New Castle,Disability,Self-care Disability,2.0,1.6,2.4,4567,3785
10005050303,Sussex,Disability,Mobility Disability,17.2,14.8,19.3,2935,2313
10003010300,New Castle,Health-Related Social Needs,Food Insecurity,13.6,11.3,16.0,4106,3232
10005051009,Sussex,Health Status,General Health,12.4,10.4,14.6,2313,1978
10005051501,Sussex,Health Outcomes,Depression,20.4,17.5,23.5,2246,1737
10005051801,Sussex,Disability,Cognitive Disability,17.3,15.1,19.5,5359,3933
10001042500,Kent,Health Outcomes,Obesity,49.4,43.2,56.4,3590,2590
10003001500,New Castle,Prevention,Colorectal Cancer Screening,66.4,62.2,70.5,2231,1748
10001041900,Kent,Health Outcomes,Coronary Heart Disease,7.6,6.7,8.4,5289,4044
10005051400,Sussex,Health Outcomes,High Cholesterol,44.8,40.9,48.6,3878,3033
10005050807,Sussex,Health Outcomes,Stroke,5.3,4.5,6.2,1824,1622
10003010703,New Castle,Health Outcomes,High Blood Pressure,37.7,34.2,41.2,2036,1556
10003014810,New Castle,Health Outcomes,Stroke,3.0,2.7,3.3,7083,5613
10005050303,Sussex,Prevention,Dental Visit,56.9,53.3,60.7,2935,2313
10005050711,Sussex,Health Outcomes,Cancer (non-skin) or Melanoma,11.1,9.9,12.2,1505,1256
10003002200,New Castle,Prevention,High Blood Pressure Medication,73.5,70.7,76.1,2874,1942
10003001100,New Castle,Disability,Vision Disability,4.0,3.5,4.7,3375,3187
10003000200,New Castle,Health-Related Social Needs,Loneliness,33.8,29.8,37.9,5298,4193
10003013612,New Castle,Health Outcomes,Obesity,25.8,21.1,30.7,6158,4926
10003013607,New Castle,Prevention,Dental Visit,68.6,65.2,71.9,6255,5031
10003014904,New Castle,Prevention,Cholesterol Screening,87.2,85.4,88.9,5003,4117
10003011100,New Castle,Disability,Any Disability,26.6,23.0,30.1,2654,2282
10005050101,Sussex,Disability,Any Disability,29.4,26.0,33.3,4013,3236
10003014705,New Castle,Health-Related Social Needs,Food Insecurity,16.8,14.3,19.6,5891,4572
10003001902,New Castle,Health-Related Social Needs,Utility Services Threat,14.5,12.0,17.2,2113,1554
10003014903,New Castle,Health Outcomes,Obesity,40.0,34.0,46.1,7365,5269
10005051203,Sussex,Prevention,Cholesterol Screening,95.1,94.2,95.9,792,726
10005051900,Sussex,Health Outcomes,Stroke,3.9,3.5,4.2,4760,3685
10005050501,Sussex,Health Outcomes,Stroke,3.8,3.4,4.2,4201,3285
10005051802,Sussex,Health-Related Social Needs,Lack of Social/Emotional Support,24.4,21.2,27.6,4354,3076
10003015000,New Castle,Prevention,Mammography,76.3,70.3,81.7,5659,4542
10001043000,Kent,Prevention,High Blood Pressure Medication,77.3,74.6,79.9,5414,4110
10003016401,New Castle,Health Outcomes,High Cholesterol,38.7,34.9,42.3,6711,5269
10003013000,New Castle,Health Risk Behaviors,Current Cigarette Smoking,12.1,9.7,14.6,1927,1515
10003011205,New Castle,Health Outcomes,Obesity,29.0,23.8,34.5,1968,1585
10005051012,Sussex,Prevention,Health Insurance,6.7,5.2,8.6,1908,1715
10003014809,New Castle,Health Outcomes,All Teeth Lost,13.4,11.0,16.1,8360,6692
10001043400,Kent,Health Outcomes,High Blood Pressure,40.8,37.1,44.5,5648,4415
10005050707,Sussex,Disability,Hearing Disability,10.2,8.9,11.5,2578,2285
10003013200,New Castle,Health-Related Social Needs,Loneliness,32.2,28.3,36.2,2653,2074
10005050804,Sussex,Health-Related Social Needs,Utility Services Threat,5.0,4.2,5.8,4188,3465
10005051801,Sussex,Health-Related Social Needs,Food Stamps,21.3,18.4,24.9,5359,3933
10001041900,Kent,Health Risk Behaviors,Physical Inactivity,34.6,29.9,39.4,5289,4044
10003000601,New Castle,Health Outcomes,Obesity,46.9,40.4,53.2,2773,2035
10001042206,Kent,Health-Related Social Needs,Lack of Social/Emotional Support,20.9,18.2,24.1,2822,2203
10005050405,Sussex,Health Outcomes,Cancer (non-skin) or Melanoma,8.8,8.0,9.7,4378,3304
10003013100,New Castle,Health Outcomes,Obesity,32.8,27.2,38.4,2248,1833
10005051307,Sussex,Prevention,Annual Checkup,86.9,84.5,89.1,2975,2708
10005051801,Sussex,Health Outcomes,Arthritis,31.3,28.4,34.3,5359,3933
10003001100,New Castle,Health Risk Behaviors,Current Cigarette Smoking,8.1,6.3,10.5,3375,3187
10005050804,Sussex,Health Outcomes,Diabetes,12.8,11.1,14.6,4188,3465
10003016608,New Castle,Health-Related Social Needs,Utility Services Threat,5.4,4.4,6.3,6561,5064
10003013700,New Castle,Health-Related Social Needs,Housing Insecurity,13.9,11.7,16.0,4071,3177
10005050408,Sussex,Disability,Independent Living Disability,10.9,9.6,12.2,4534,3546
10003002800,New Castle,Health Outcomes,High Blood Pressure,31.1,27.9,34.2,2378,2071
10003012500,New Castle,Prevention,Health Insurance,11.7,9.6,14.0,5660,4358
10001980000,Kent,Disability,Self-care Disability,1.1,1.0,1.2,108,104
10001041900,Kent,Disability,Vision Disability,5.9,5.2,6.6,5289,4044
10005051205,Sussex,Health Risk Behaviors,Physical Inactivity,22.1,17.8,27.0,580,543
10003016611,New Castle,Health Risk Behaviors,Current Cigarette Smoking,9.2,7.2,11.4,7851,5645
10003014706,New Castle,Prevention,Cholesterol Screening,86.9,84.9,88.9,2929,2180
10003003002,New Castle,Health Outcomes,COPD,11.1,9.6,12.7,3060,2329
10003013611,New Castle,Health Risk Behaviors,Current Cigarette Smoking,10.0,8.1,12.3,5572,4648
10003010704,New Castle,Health Status,Frequent Physical Distress,11.8,10.5,13.3,3947,3149
10005050403,Sussex,Health-Related Social Needs,Utility Services Threat,8.6,7.5,9.9,3517,2621
10003016901,New Castle,Health-Related Social Needs,Loneliness,30.9,27.1,34.8,2364,1876
10003014200,New Castle,Prevention,Health Insurance,6.3,5.2,7.6,1600,1313
10003012900,New Castle,Health Risk Behaviors,Current Cigarette Smoking,16.6,14.1,19.1,4823,3565
10005051802,Sussex,Health Risk Behaviors,Current Cigarette Smoking,18.6,16.0,21.4,4354,3076
10003013508,New Castle,Health Outcomes,Current Asthma,9.1,8.0,10.2,5655,4419
10003011100,New Castle,Health Outcomes,Cancer (non-skin) or Melanoma,12.4,11.3,13.5,2654,2282
10005051205,Sussex,Disability,Independent Living Disability,6.2,5.1,7.6,580,543
10003013200,New Castle,Health Outcomes,Coronary Heart Disease,6.4,5.6,7.3,2653,2074
10003014906,New Castle,Prevention,High Blood Pressure Medication,71.3,68.1,74.3,5339,4098
10003016807,New Castle,Health Outcomes,High Blood Pressure,31.1,27.6,34.6,1901,1411
10003000400,New Castle,Health-Related Social Needs,Lack of Social/Emotional Support,22.8,19.5,26.1,2957,2436
10003016000,New Castle,Health Outcomes,Stroke,4.9,4.4,5.5,2999,2265
10005050304,Sussex,Prevention,Colorectal Cancer Screening,70.4,66.8,74.4,4616,3670
10003013506,New Castle,Health Risk Behaviors,Binge Drinking,16.1,13.7,18.8,4567,3785
10003011500,New Castle,Health-Related Social Needs,Food Stamps,6.3,4.5,8.5,2908,2308
10005050807,Sussex,Health Outcomes,Arthritis,39.5,35.8,43.3,1824,1622
10003012100,New Castle,Prevention,Mammography,78.2,72.3,83.4,2901,2301
10003013508,New Castle,Prevention,Colorectal Cancer Screening,71.4,67.4,75.1,5655,4419
10005051311,Sussex,Health Outcomes,Arthritis,39.6,35.6,43.5,1832,1712
10003013901,New Castle,Disability,Vision Disability,4.8,4.2,5.5,3492,2741
10003010300,New Castle,Health Outcomes,High Cholesterol,35.1,31.6,38.7,4106,3232
10003014906,New Castle,Prevention,Mammography,78.5,73.0,83.5,5339,4098
10003016308,New Castle,Disability,Self-care Disability,4.3,3.7,5.0,3728,2990
10003016611,New Castle,Health Risk Behaviors,Physical Inactivity,19.0,15.4,22.8,7851,5645
10005050406,Sussex,Health Outcomes,Arthritis,32.1,29.2,35.1,5475,4063
10005050304,Sussex,Health Outcomes,Current Asthma,11.0,9.7,12.3,4616,3670
10003013608,New Castle,Health Outcomes,High Cholesterol,37.6,34.0,41.1,1959,1543
10003011202,New Castle,Prevention,Cholesterol Screening,91.2,89.6,92.6,4003,3308
10003013615,New Castle,Prevention,Colorectal Cancer Screening,68.4,64.2,72.4,4107,3324
10003010105,New Castle,Prevention,Colorectal Cancer Screening,61.7,57.3,66.1,2916,2113
10003011203,New Castle,Health Risk Behaviors,Physical Inactivity,26.7,22.3,31.2,4805,3884
10003001200,New Castle,Health-Related Social Needs,Food Stamps,4.2,2.9,6.1,1605,1454
10003015000,New Castle,Disability,Cognitive Disability,16.0,14.0,18.0,5659,4542
10005051501,Sussex,Prevention,Mammography,78.7,73.4,83.9,2246,1737
10005050904,Sussex,Health Outcomes,High Cholesterol,52.8,48.5,56.8,2592,2256
10005051302,Sussex,Health-Related Social Needs,Utility Services Threat,4.1,3.4,4.8,4907,4337
10003000602,New Castle,Health-Related Social Needs,Housing Insecurity,25.0,21.3,29.1,2876,2134
10005050708,Sussex,Prevention,Dental Visit,64.3,60.8,67.9,2774,2424
10003011600,New Castle,Health-Related Social Needs,Food Stamps,5.4,3.8,7.2,3287,2573
10003013613,New Castle,Health Outcomes,COPD,5.0,4.3,5.8,5657,4676
10003016612,New Castle,Health Outcomes,Cancer (non-skin) or Melanoma,8.9,8.1,9.8,6450,4739
10003011205,New Castle,Health Outcomes,Cancer (non-skin) or Melanoma,10.8,9.9,11.9,1968,1585
10003015200,New Castle,Health Outcomes,High Cholesterol,36.4,32.8,39.9,5783,4501
10003002800,New Castle,Disability,Vision Disability,5.3,4.7,6.1,2378,2071
10005051012,Sussex,Disability,Hearing Disability,10.5,9.1,11.9,1908,1715
10003013501,New Castle,Disability,Vision Disability,3.2,2.8,3.8,7213,5880
10001041802,Kent,Health Outcomes,Diabetes,12.5,11.0,14.2,6720,5103
10003012200,New Castle,Health Risk Behaviors,Binge Drinking,16.2,13.7,18.9,4676,3581
10003014402,New Castle,Health Status,Frequent Physical Distress,11.2,9.8,12.8,2807,2383
10003016307,New Castle,Health Outcomes,Obesity,33.4,27.7,38.8,2756,2221
10003010800,New Castle,Prevention,High Blood Pressure Medication,79.6,76.7,82.2,4796,3948
10003001600,New Castle,Prevention,Annual Checkup,78.4,74.9,81.6,2419,1765
10005050406,Sussex,Health Outcomes,Diabetes,16.4,14.4,18.4,5475,4063
10003002300,New Castle,Health Status,Frequent Physical Distress,16.0,14.2,17.8,3003,2091
10003014814,New Castle,Health-Related Social Needs,Food Stamps,8.1,6.6,9.9,4361,3290
10005051017,Sussex,Health Risk Behaviors,Short Sleep Duration,27.0,23.1,31.6,3804,3435
10003015400,New Castle,Health Outcomes,Depression,18.1,15.4,21.1,2932,2209
10003012900,New Castle,Health-Related Social Needs,Transportation Barriers,12.9,11.4,14.6,4823,3565
10003014200,New Castle,Health Risk Behaviors,Physical Inactivity,22.0,18.4,25.7,1600,1313
10003013800,New Castle,Health Outcomes,Diabetes,9.7,8.5,11.0,5901,4752
10001043202,Kent,Health Risk Behaviors,Short Sleep Duration,39.4,34.0,44.8,3722,2979
10003001902,New Castle,Health-Related Social Needs,Lack of Social/Emotional Support,26.7,22.8,30.6,2113,1554
10005050303,Sussex,Prevention,Cholesterol Screening,85.1,82.9,87.1,2935,2313
10003014000,New Castle,Health Outcomes,High Blood Pressure,35.0,31.5,38.2,5441,4349
10005050701,Sussex,Health Risk Behaviors,Short Sleep Duration,32.7,28.4,37.8,5068,4322
10003016614,New Castle,Health Outcomes,All Teeth Lost,6.1,4.9,7.3,6239,4474
10005051204,Sussex,Health Status,Frequent Physical Distress,10.9,9.4,12.6,652,627
10005050303,Sussex,Health-Related Social Needs,Housing Insecurity,12.9,11.2,14.7,2935,2313
10005051101,Sussex,Health-Related Social Needs,Utility Services Threat,2.3,1.9,2.8,629,589
10003010200,New Castle,Health Outcomes,Stroke,3.2,2.8,3.6,2034,1607
10001043400,Kent,Health Outcomes,Depression,22.5,19.3,26.0,5648,4415
10003013505,New Castle,Disability,Cognitive Disability,9.0,7.6,10.5,3489,2807
10001042206,Kent,Disability,Mobility Disability,15.0,13.1,16.9,2822,2203
10001041702,Kent,Health Outcomes,All Teeth Lost,10.0,8.2,12.0,4472,3405
10005050101,Sussex,Prevention,Health Insurance,8.4,7.0,10.1,4013,3236
10003016100,New Castle,Health Risk Behaviors,Binge Drinking,13.8,11.7,16.1,1961,1661
10005050710,Sussex,Disability,Mobility Disability,19.2,16.8,21.9,1870,1457
10003014904,New Castle,Health Outcomes,COPD,5.8,5.1,6.6,5003,4117
10005050407,Sussex,Health Status,Frequent Physical Distress,17.2,15.3,19.1,5238,4210
10005050905,Sussex,Health Status,Frequent Mental Distress,11.6,10.1,13.1,2848,2485
10003014702,New Castle,Health Outcomes,Diabetes,11.9,10.4,13.5,1910,1510
10005050503,Sussex,Health Outcomes,COPD,11.3,10.0,12.5,5604,3737
10003000300,New Castle,Health Status,Frequent Mental Distress,19.0,16.5,21.4,3012,2233
10001980000,Kent,Health-Related Social Needs,Food Stamps,8.0,6.5,9.8,108,104
10003014501,New Castle,Health-Related Social Needs,Utility Services Threat,16.4,12.7,20.0,2134,1931
10003012400,New Castle,Disability,Independent Living Disability,9.5,8.4,10.7,4637,3486
10005051310,Sussex,Prevention,High Blood Pressure Medication,87.0,84.5,89.2,1933,1765
10003013608,New Castle,Disability,Self-care Disability,2.9,2.5,3.4,1959,1543
10003000500,New Castle,Health Outcomes,High Cholesterol,36.7,33.2,40.3,3453,2515
10005051701,Sussex,Health Risk Behaviors,Short Sleep Duration,34.0,29.5,39.1,4103,3258
10003015200,New Castle,Health Risk Behaviors,Current Cigarette Smoking,14.8,12.6,17.1,5783,4501
10005051311,Sussex,Health Status,Frequent Physical Distress,13.5,11.2,15.9,1832,1712
10003016904,New Castle,Prevention,Health Insurance,13.5,10.6,16.6,3096,2872
10001042204,Kent,Disability,Any Disability,29.3,25.7,33.1,4773,3481
10003016309,New Castle,Health-Related Social Needs,Transportation Barriers,10.3,8.7,11.8,4125,3307
10005051313,Sussex,Health Outcomes,Diabetes,14.3,12.4,16.3,3144,2742
10001042203,Kent,Disability,Hearing Disability,5.7,5.0,6.4,5705,4255
10005051010,Sussex,Health Outcomes,Diabetes,13.5,11.7,15.5,2795,2452
10003016307,New Castle,Health-Related Social Needs,Lack of Social/Emotional Support,24.1,20.9,27.6,2756,2221
10003002400,New Castle,Health Status,Frequent Mental Distress,18.5,16.3,20.6,4250,3346
10005050710,Sussex,Health-Related Social Needs,Transportation Barriers,8.5,7.4,9.7,1870,1457
10003013100,New Castle,Health Outcomes,Cancer (non-skin) or Melanoma,8.8,8.0,9.7,2248,1833
10003010200,New Castle,Health-Related Social Needs,Loneliness,30.7,26.9,34.6,2034,1607
10005050503,Sussex,Disability,Any Disability,45.5,40.7,50.0,5604,3737
10005050304,Sussex,Health Outcomes,Arthritis,36.4,33.0,39.8,4616,3670
10003010105,New Castle,Health Outcomes,Obesity,34.0,28.5,39.7,2916,2113
10003013614,New Castle,Prevention,High Blood Pressure Medication,72.1,69.0,75.0,3258,2555
10005051314,Sussex,Health Outcomes,COPD,7.9,6.7,9.4,2525,2271
10003014706,New Castle,Health-Related Social Needs,Food Stamps,12.2,9.8,14.7,2929,2180
10003013901,New Castle,Health Status,General Health,18.9,16.3,21.6,3492,2741
10003002500,New Castle,Health-Related Social Needs,Loneliness,33.5,29.6,37.5,3235,2443
10005050506,Sussex,Health Outcomes,High Cholesterol,43.4,39.6,47.1,4112,3099
10003013607,New Castle,Health-Related Social Needs,Loneliness,29.8,26.2,33.6,6255,5031
10003016301,New Castle,Health Risk Behaviors,Binge Drinking,14.8,12.5,17.2,7385,5955
10003016000,New Castle,Health-Related Social Needs,Food Stamps,23.4,19.6,27.0,2999,2265
10003016307,New Castle,Health-Related Social Needs,Utility Services Threat,7.3,6.2,8.5,2756,2221
10003002500,New Castle,Disability,Hearing Disability,5.5,4.8,6.2,3235,2443
10003010105,New Castle,Health-Related Social Needs,Lack of Social/Emotional Support,25.4,22.2,28.7,2916,2113
10003014812,New Castle,Health Status,Frequent Physical Distress,10.5,9.2,12.0,4559,3628
10003016100,New Castle,Health-Related Social Needs,Loneliness,30.3,26.5,34.3,1961,1661
10005051016,Sussex,Prevention,Cholesterol Screening,93.8,92.7,94.7,1879,1685
10005051302,Sussex,Health Outcomes,High Blood Pressure,44.0,39.9,47.8,4907,4337
10005051201,Sussex,Prevention,Annual Checkup,87.1,84.6,89.2,1513,1391
10005051010,Sussex,Health Status,Frequent Physical Distress,13.6,11.9,15.5,2795,2452
10003011900,New Castle,Health Outcomes,High Cholesterol,43.8,39.8,47.5,3298,2592
10003014809,New Castle,Health Risk Behaviors,Current Cigarette Smoking,13.0,11.2,15.1,8360,6692
10003016307,New Castle,Prevention,Health Insurance,7.3,5.9,8.7,2756,2221
10005050905,Sussex,Health-Related Social Needs,Food Insecurity,7.1,5.8,8.7,2848,2485
10003001500,New Castle,Health Outcomes,Diabetes,15.2,13.4,17.1,2231,1748
10003002400,New Castle,Health-Related Social Needs,Lack of Social/Emotional Support,24.3,21.2,27.8,4250,3346
10005050601,Sussex,Health Status,General Health,20.6,17.9,23.3,5391,4138
10003001600,New Castle,Health Outcomes,High Blood Pressure,43.4,39.9,47.0,2419,1765
10003013000,New Castle,Health-Related Social Needs,Lack of Social/Emotional Support,20.5,17.6,23.7,1927,1515
10003013501,New Castle,Health Outcomes,High Blood Pressure,37.2,33.6,40.9,7213,5880
10003014907,New Castle,Health Outcomes,All Teeth Lost,12.2,10.0,14.6,4921,3708
10003013905,New Castle,Health Outcomes,Depression,20.2,17.3,23.3,4169,3100
10005051702,Sussex,Health Risk Behaviors,Current Cigarette Smoking,18.8,16.1,21.7,6577,4982
10001042203,Kent,Health-Related Social Needs,Utility Services Threat,6.4,5.5,7.4,5705,4255
10005051202,Sussex,Health Risk Behaviors,Binge Drinking,10.0,8.4,11.7,856,822
10003013612,New Castle,Health-Related Social Needs,Utility Services Threat,3.5,2.9,4.1,6158,4926
10005051802,Sussex,Health Risk Behaviors,Binge Drinking,13.8,11.6,16.2,4354,3076
10003010400,New Castle,Health-Related Social Needs,Food Insecurity,10.6,9.0,12.5,4591,3725
10005051008,Sussex,Disability,Hearing Disability,8.7,7.6,10.0,4100,3626
10005050804,Sussex,Health Status,Frequent Physical Distress,13.3,11.5,15.1,4188,3465
10003012500,New Castle,Health Outcomes,Stroke,3.2,2.9,3.6,5660,4358
10003013700,New Castle,Health Outcomes,Coronary Heart Disease,5.2,4.6,5.9,4071,3177
10003013901,New Castle,Disability,Self-care Disability,3.6,3.1,4.1,3492,2741
10003002700,New Castle,Health Status,General Health,16.3,14.0,18.6,2990,2310
10003002100,New Castle,Health Outcomes,COPD,12.7,10.9,14.6,1809,1283
10005050601,Sussex,Prevention,Health Insurance,11.8,9.8,14.0,5391,4138
10005051016,Sussex,Health-Related Social Needs,Housing Insecurity,4.0,3.1,5.1,1879,1685
10001042204,Kent,Prevention,Dental Visit,63.4,59.7,66.9,4773,3481
10003013610,New Castle,Health-Related Social Needs,Transportation Barriers,4.4,3.7,5.2,5460,4534
10003016613,New Castle,Disability,Vision Disability,4.6,4.0,5.3,6109,4337
10003010703,New Castle,Health Status,Frequent Mental Distress,17.2,15.1,19.3,2036,1556
10005050105,Sussex,Prevention,Colorectal Cancer Screening,65.7,61.6,70.1,5939,4388
10005051201,Sussex,Health Outcomes,Depression,18.4,15.7,21.5,1513,1391
10001042801,Kent,Health-Related Social Needs,Food Insecurity,9.9,7.9,12.3,2007,1606
10003016613,New Castle,Health Outcomes,High Blood Pressure,33.2,29.8,36.7,6109,4337
10003014501,New Castle,Health-Related Social Needs,Housing Insecurity,20.7,15.7,26.4,2134,1931
10005050903,Sussex,Health Risk Behaviors,Binge Drinking,10.4,8.7,12.2,2161,1968
10003001500,New Castle,Health Outcomes,High Cholesterol,38.2,34.6,41.7,2231,1748
10005051313,Sussex,Health Outcomes,Cancer (non-skin) or Melanoma,14.7,13.4,16.0,3144,2742
10005051012,Sussex,Health-Related Social Needs,Loneliness,27.6,23.9,31.4,1908,1715
10003016306,New Castle,Prevention,Colorectal Cancer Screening,65.1,60.9,69.2,4598,3569
10003016404,New Castle,Disability,Vision Disability,4.6,4.1,5.0,3334,2622
10005051101,Sussex,Health Outcomes,High Blood Pressure,42.6,38.7,46.6,629,589
10003011204,New Castle,Health Risk Behaviors,Current Cigarette Smoking,9.3,7.3,11.6,3313,2741
10005051201,Sussex,Health Risk Behaviors,Short Sleep Duration,26.1,22.2,30.7,1513,1391
10003011201,New Castle,Disability,Any Disability,22.7,19.4,26.5,2421,1946
10005051017,Sussex,Health Outcomes,Arthritis,34.7,30.9,38.4,3804,3435
10003014705,New Castle,Disability,Any Disability,31.3,27.3,35.3,5891,4572
10003014810,New Castle,Health-Related Social Needs,Food Stamps,9.1,7.5,11.0,7083,5613
10005050711,Sussex,Health-Related Social Needs,Lack of Social/Emotional Support,20.3,17.2,23.7,1505,1256
10005051203,Sussex,Health Risk Behaviors,Short Sleep Duration,23.7,20.1,28.1,792,726
10003002700,New Castle,Prevention,Health Insurance,9.8,8.0,11.9,2990,2310
10003010400,New Castle,Prevention,High Blood Pressure Medication,75.1,72.0,77.9,4591,3725
10003011800,New Castle,Health Risk Behaviors,Binge Drinking,14.6,12.4,17.0,4927,4135
10003002200,New Castle,Health-Related Social Needs,Transportation Barriers,25.3,22.1,28.5,2874,1942
10003010106,New Castle,Health-Related Social Needs,Housing Insecurity,13.3,11.1,15.7,1760,1509
10003016807,New Castle,Health-Related Social Needs,Food Stamps,6.2,4.7,7.9,1901,1411
10003014702,New Castle,Health Risk Behaviors,Binge Drinking,16.1,13.7,18.7,1910,1510
10003014100,New Castle,Health-Related Social Needs,Food Insecurity,20.4,17.3,23.7,4985,3693
10003011700,New Castle,Health Risk Behaviors,Short Sleep Duration,26.5,22.4,30.8,4260,3465
10003013903,New Castle,Health Risk Behaviors,Current Cigarette Smoking,12.9,10.7,15.2,4820,3768
10001042207,Kent,Disability,Cognitive Disability,15.2,13.2,17.4,2576,1977
10003014907,New Castle,Health Outcomes,Current Asthma,11.4,10.1,12.7,4921,3708
10003002900,New Castle,Health-Related Social Needs,Food Stamps,51.7,44.7,57.9,3499,2540
10003016904,New Castle,Disability,Independent Living Disability,9.5,8.2,10.9,3096,2872
10003013612,New Castle,Disability,Any Disability,22.5,19.4,25.6,6158,4926
10003013612,New Castle,Health Outcomes,Depression,19.3,16.6,22.1,6158,4926
10003010502,New Castle,Health Status,Frequent Physical Distress,12.2,10.8,13.8,5779,4788
10005051309,Sussex,Health Status,Frequent Mental Distress,10.7,9.2,12.4,1488,1407
10001041802,Kent,Prevention,Colorectal Cancer Screening,67.0,62.7,71.0,6720,5103
10003016100,New Castle,Health Outcomes,Coronary Heart Disease,7.3,6.4,8.3,1961,1661
10003010105,New Castle,Health Outcomes,Arthritis,19.8,17.7,22.1,2916,2113
10003016612,New Castle,Health Risk Behaviors,Physical Inactivity,20.3,17.0,23.7,6450,4739
10005051702,Sussex,Prevention,Colorectal Cancer Screening,62.4,58.3,66.8,6577,4982
10003002200,New Castle,Health Outcomes,Depression,21.8,18.8,25.0,2874,1942
10005050806,Sussex,Health Outcomes,Depression,20.4,17.4,23.6,4454,3735
10003001300,New Castle,Health Risk Behaviors,Binge Drinking,15.9,13.5,18.5,3588,3013
10003014501,New Castle,Health-Related Social Needs,Loneliness,41.4,35.9,47.1,2134,1931
10005050405,Sussex,Health-Related Social Needs,Food Stamps,14.3,11.8,16.8,4378,3304
10003014810,New Castle,Health Outcomes,Cancer (non-skin) or Melanoma,7.9,7.2,8.7,7083,5613
10003011204,New Castle,Health Risk Behaviors,Physical Inactivity,21.9,17.8,26.1,3313,2741
10003016609,New Castle,Disability,Vision Disability,3.2,2.7,3.8,5595,4312
10005050408,Sussex,Health-Related Social Needs,Utility Services Threat,10.8,9.4,12.5,4534,3546
10005051010,Sussex,Health Outcomes,Arthritis,36.5,32.9,40.2,2795,2452
10005050707,Sussex,Prevention,Cholesterol Screening,92.5,91.3,93.5,2578,2285
10003014402,New Castle,Prevention,High Blood Pressure Medication,72.8,70.1,75.3,2807,2383
10003011201,New Castle,Disability,Hearing Disability,5.0,4.3,5.8,2421,1946
10003001200,New Castle,Health Outcomes,Cancer (non-skin) or Melanoma,7.5,6.8,8.2,1605,1454
10003002500,New Castle,Prevention,Health Insurance,13.4,10.8,16.2,3235,2443
10003002100,New Castle,Health-Related Social Needs,Food Insecurity,47.5,41.9,53.0,1809,1283
10003013507,New Castle,Prevention,Dental Visit,72.7,69.4,75.6,1819,1428
10001041702,Kent,Disability,Vision Disability,4.6,4.2,5.2,4472,3405
10003001200,New Castle,Disability,Mobility Disability,7.1,5.9,8.4,1605,1454
10003013604,New Castle,Disability,Independent Living Disability,5.8,4.9,6.7,4156,3372
10005050506,Sussex,Prevention,Annual Checkup,80.1,76.8,83.1,4112,3099
10003014705,New Castle,Health Outcomes,Obesity,34.5,28.7,40.3,5891,4572
10005050708,Sussex,Health Outcomes,Cancer (non-skin) or Melanoma,13.8,12.4,15.2,2774,2424
10003015600,New Castle,Health Outcomes,All Teeth Lost,16.7,13.9,19.8,2343,1791
10003011900,New Castle,Health Outcomes,Current Asthma,9.4,8.3,10.6,3298,2592
10005050808,Sussex,Disability,Cognitive Disability,9.3,7.7,11.0,4150,3726
10003014403,New Castle,Prevention,Annual Checkup,76.2,72.5,79.6,3611,2955
10003014812,New Castle,Health Outcomes,Arthritis,24.5,21.7,27.2,4559,3628
10003013906,New Castle,Health-Related Social Needs,Transportation Barriers,6.3,5.3,7.4,4648,3670
10003014909,New Castle,Prevention,Cholesterol Screening,85.5,83.3,87.5,6186,4652
10003016200,New Castle,Prevention,Dental Visit,68.3,64.8,71.6,3051,2509
10003014908,New Castle,Disability,Vision Disability,7.2,6.3,8.2,2425,1792
10003010104,New Castle,Health-Related Social Needs,Housing Insecurity,15.2,12.8,17.7,3620,2830
10005051102,Sussex,Health-Related Social Needs,Food Stamps,3.5,2.6,4.5,1029,970
10005050603,Sussex,Health Outcomes,Coronary Heart Disease,6.9,6.1,7.9,3956,3165
10003015400,New Castle,Health Status,Frequent Mental Distress,17.0,15.1,19.0,2932,2209
10003014301,New Castle,Health Outcomes,High Blood Pressure,37.4,33.6,41.1,1317,1092
10001042900,Kent,Disability,Independent Living Disability,10.4,9.1,11.7,5105,4056
10005051102,Sussex,Prevention,Health Insurance,4.4,3.4,5.4,1029,970
10005051312,Sussex,Health Risk Behaviors,Current Cigarette Smoking,11.2,9.0,13.6,2290,2046
10003012100,New Castle,Prevention,Dental Visit,66.9,63.5,70.2,2901,2301
10001042100,Kent,Disability,Mobility Disability,18.3,16.2,20.6,3997,3098
10005050104,Sussex,Prevention,High Blood Pressure Medication,79.0,76.4,81.3,5031,3785
10005051312,Sussex,Health-Related Social Needs,Food Stamps,5.6,4.4,7.1,2290,2046
10005050603,Sussex,Health Outcomes,High Blood Pressure,37.9,34.4,41.5,3956,3165
10005051008,Sussex,Health-Related Social Needs,Utility Services Threat,3.5,2.9,4.2,4100,3626
10005050701,Sussex,Health Status,Frequent Physical Distress,15.4,13.5,17.5,5068,4322
10003013610,New Castle,Health Outcomes,Stroke,2.7,2.3,3.0,5460,4534
10003013612,New Castle,Health Risk Behaviors,Physical Inactivity,19.1,16.0,22.5,6158,4926
10003015502,New Castle,Disability,Cognitive Disability,17.8,15.5,20.2,2686,2035
10003014502,New Castle,Prevention,Dental Visit,43.7,39.8,47.7,7374,7189
10003011300,New Castle,Disability,Mobility Disability,12.4,9.9,15.3,2244,1847
10001042206,Kent,Health Outcomes,High Blood Pressure,39.0,35.2,42.7,2822,2203
10003002500,New Castle,Health Outcomes,Cancer (non-skin) or Melanoma,6.5,5.9,7.1,3235,2443
10003012900,New Castle,Disability,Independent Living Disability,10.3,9.1,11.5,4823,3565
10001041802,Kent,Health-Related Social Needs,Transportation Barriers,7.9,6.9,8.9,6720,5103
10003000500,New Castle,Health Outcomes,Obesity,41.7,35.4,48.0,3453,2515
10003001600,New Castle,Health-Related Social Needs,Transportation Barriers,22.5,19.6,25.8,2419,1765
10005051502,Sussex,Prevention,Mammography,80.0,74.8,84.9,3228,2586
10001043100,Kent,Health-Related Social Needs,Lack of Social/Emotional Support,20.4,17.6,23.7,2573,2087
10003013906,New Castle,Health Outcomes,Depression,18.8,16.0,21.6,4648,3670
10003012700,New Castle,Health Status,General Health,22.2,19.1,25.2,4392,3592
10003016308,New Castle,Disability,Cognitive Disability,14.6,12.5,16.9,3728,2990
10005051102,Sussex,Health-Related Social Needs,Loneliness,23.9,20.6,27.4,1029,970
10003014403,New Castle,Health Risk Behaviors,Short Sleep Duration,33.4,28.6,38.3,3611,2955
10003013400,New Castle,Health-Related Social Needs,Food Insecurity,9.0,6.9,11.4,2504,2036
10005051801,Sussex,Health-Related Social Needs,Housing Insecurity,15.9,14.0,18.2,5359,3933
10003016100,New Castle,Disability,Hearing Disability,6.8,5.9,7.8,1961,1661
10003013000,New Castle,Prevention,Health Insurance,9.3,7.3,11.3,1927,1515
10005051501,Sussex,Health Outcomes,Stroke,4.0,3.6,4.4,2246,1737
10005051310,Sussex,Health Status,Frequent Physical Distress,12.9,10.9,15.2,1933,1765
10003014302,New Castle,Health Outcomes,Diabetes,6.1,5.2,6.9,4908,4464
10003001300,New Castle,Health-Related Social Needs,Housing Insecurity,4.3,3.5,5.3,3588,3013
10005050503,Sussex,Health-Related Social Needs,Lack of Social/Emotional Support,27.9,24.5,31.6,5604,3737
10005050801,Sussex,Health Outcomes,Coronary Heart Disease,7.6,6.7,8.5,3979,3225
10003012700,New Castle,Health Outcomes,All Teeth Lost,15.0,12.3,17.9,4392,3592
10003014404,New Castle,Health Outcomes,High Blood Pressure,29.9,26.9,33.0,4159,3562
10005050707,Sussex,Health Outcomes,Stroke,4.8,4.2,5.4,2578,2285
10001041702,Kent,Health Risk Behaviors,Physical Inactivity,28.3,24.3,32.9,4472,3405
10005050105,Sussex,Health Outcomes,High Cholesterol,42.9,39.0,46.6,5939,4388
10003002700,New Castle,Health Outcomes,Current Asthma,10.5,9.3,11.9,2990,2310
10003015100,New Castle,Health Outcomes,Current Asthma,10.7,9.5,12.0,3594,2808
10005050303,Sussex,Prevention,Mammography,77.6,72.2,82.9,2935,2313
10003015600,New Castle,Health Risk Behaviors,Binge Drinking,13.4,11.3,15.6,2343,1791
10003013614,New Castle,Health Status,Frequent Physical Distress,13.8,12.1,15.5,3258,2555
10003011206,New Castle,Health-Related Social Needs,Food Stamps,3.6,2.6,4.9,4319,3345
10003011000,New Castle,Disability,Independent Living Disability,5.3,4.6,6.2,3201,2542
10003012000,New Castle,Health Risk Behaviors,Current Cigarette Smoking,12.7,10.5,15.1,4334,3536
10003014403,New Castle,Health Status,General Health,16.8,14.3,19.3,3611,2955
10003013613,New Castle,Health-Related Social Needs,Utility Services Threat,4.3,3.7,5.1,5657,4676
10003012700,New Castle,Health Outcomes,COPD,8.5,7.1,9.9,4392,3592
10005051313,Sussex,Prevention,Mammography,82.1,77.4,86.5,3144,2742
10005050505,Sussex,Prevention,Dental Visit,51.7,48.1,55.5,2420,2212
10003012300,New Castle,Health Outcomes,Current Asthma,11.2,9.9,12.6,2739,2159
10005051016,Sussex,Health Outcomes,Stroke,3.4,2.9,3.9,1879,1685
10003014200,New Castle,Health Outcomes,Cancer (non-skin) or Melanoma,9.5,8.6,10.4,1600,1313
10005051501,Sussex,Health-Related Social Needs,Housing Insecurity,13.1,11.3,15.0,2246,1737
10001042801,Kent,Health-Related Social Needs,Housing Insecurity,8.8,7.2,10.6,2007,1606
10005050505,Sussex,Health Outcomes,Diabetes,11.4,9.9,12.9,2420,2212
10003014705,New Castle,Prevention,Health Insurance,10.2,8.3,12.4,5891,4572
10005050806,Sussex,Prevention,Colorectal Cancer Screening,72.0,68.2,75.9,4454,3735
10003013400,New Castle,Health Risk Behaviors,Binge Drinking,15.7,13.3,18.2,2504,2036
10003014908,New Castle,Health Outcomes,High Blood Pressure,41.4,37.8,44.9,2425,1792
10003014808,New Castle,Health Outcomes,High Blood Pressure,33.3,30.0,36.6,6476,5078
10003014808,New Castle,Health Status,Frequent Physical Distress,12.0,10.7,13.5,6476,5078
10003016901,New Castle,Prevention,Cholesterol Screening,87.1,85.1,88.8,2364,1876
10003016611,New Castle,Health-Related Social Needs,Food Insecurity,9.4,7.4,11.6,7851,5645
10003002900,New Castle,Prevention,Cholesterol Screening,82.9,80.1,85.5,3499,2540
10003001902,New Castle,Health Outcomes,Coronary Heart Disease,5.6,5.0,6.4,2113,1554
10005051311,Sussex,Health Risk Behaviors,Short Sleep Duration,27.1,23.1,31.7,1832,1712
10003013508,New Castle,Health Status,General Health,10.6,8.8,12.5,5655,4419
10005050503,Sussex,Disability,Vision Disability,13.3,11.8,14.7,5604,3737
10003011500,New Castle,Health Outcomes,Obesity,29.3,24.0,34.7,2908,2308
10003011700,New Castle,Disability,Mobility Disability,10.2,8.4,12.3,4260,3465
10003014404,New Castle,Health-Related Social Needs,Food Stamps,8.1,6.4,10.2,4159,3562
10005050709,Sussex,Health Outcomes,All Teeth Lost,9.1,7.5,11.1,1956,1774
10003010200,New Castle,Health Risk Behaviors,Binge Drinking,15.8,13.4,18.3,2034,1607
10003014301,New Castle,Disability,Vision Disability,3.0,2.6,3.5,1317,1092
10005051308,Sussex,Health-Related Social Needs,Housing Insecurity,6.1,4.9,7.4,4074,3530
10003010300,New Castle,Health Outcomes,Diabetes,10.0,8.7,11.4,4106,3232
10003013000,New Castle,Health Outcomes,COPD,6.4,5.3,7.7,1927,1515
10001041900,Kent,Health Outcomes,All Teeth Lost,17.6,14.5,21.0,5289,4044
10005051016,Sussex,Disability,Mobility Disability,11.3,9.3,13.8,1879,1685
10003016401,New Castle,Prevention,Colorectal Cancer Screening,65.2,60.8,69.4,6711,5269
10005051311,Sussex,Prevention,High Blood Pressure Medication,87.5,85.1,89.6,1832,1712
10003016401,New Castle,Health Outcomes,Diabetes,12.2,10.7,13.8,6711,5269
10005050804,Sussex,Health Risk Behaviors,Binge Drinking,13.6,11.4,15.9,4188,3465
10005050709,Sussex,Health Status,Frequent Physical Distress,14.1,11.8,16.5,1956,1774
10005051702,Sussex,Health-Related Social Needs,Loneliness,32.2,28.6,36.2,6577,4982
10003011400,New Castle,Health-Related Social Needs,Utility Services Threat,3.4,2.7,4.1,3456,2735
10003016808,New Castle,Health-Related Social Needs,Utility Services Threat,5.8,4.8,6.8,7377,5511
10003002800,New Castle,Disability,Any Disability,29.4,25.4,33.3,2378,2071
10003012500,New Castle,Health Risk Behaviors,Physical Inactivity,27.5,23.5,31.8,5660,4358
10003014810,New Castle,Health Risk Behaviors,Current Cigarette Smoking,11.1,9.2,13.1,7083,5613
10005051015,Sussex,Health Outcomes,High Blood Pressure,42.5,38.3,46.2,1877,1626
10003002500,New Castle,Health Outcomes,Stroke,3.5,3.1,3.9,3235,2443
10005051309,Sussex,Health Risk Behaviors,Current Cigarette Smoking,10.5,7.7,13.6,1488,1407
10003001300,New Castle,Health-Related Social Needs,Utility Services Threat,2.9,2.4,3.5,3588,3013
10005050603,Sussex,Health-Related Social Needs,Utility Services Threat,4.8,4.0,5.7,3956,3165
10003016306,New Castle,Health-Related Social Needs,Food Stamps,15.5,12.8,18.5,4598,3569
10003013800,New Castle,Health Outcomes,Coronary Heart Disease,5.1,4.5,5.7,5901,4752
10005051302,Sussex,Health Outcomes,COPD,8.3,7.0,9.7,4907,4337
10003012500,New Castle,Health Risk Behaviors,Current Cigarette Smoking,13.7,11.5,16.0,5660,4358
10003011400,New Castle,Prevention,High Blood Pressure Medication,78.8,75.9,81.7,3456,2735
10005050603,Sussex,Health-Related Social Needs,Lack of Social/Emotional Support,18.1,15.4,21.0,3956,3165
10001043100,Kent,Health Risk Behaviors,Current Cigarette Smoking,14.3,11.7,17.0,2573,2087
10005050904,Sussex,Health-Related Social Needs,Transportation Barriers,5.0,4.2,5.9,2592,2256
10003013903,New Castle,Prevention,Annual Checkup,79.1,75.6,82.1,4820,3768
10005051010,Sussex,Health Risk Behaviors,Binge Drinking,12.3,10.4,14.5,2795,2452
10003016901,New Castle,Prevention,High Blood Pressure Medication,77.2,74.2,80.0,2364,1876
10003016612,New Castle,Prevention,Colorectal Cancer Screening,65.5,61.3,69.6,6450,4739
10003011000,New Castle,Health Risk Behaviors,Short Sleep Duration,31.1,26.6,36.0,3201,2542
10003014702,New Castle,Prevention,Mammography,77.3,71.3,82.7,1910,1510
10003014907,New Castle,Health Status,General Health,19.6,17.3,21.9,4921,3708
10005051801,Sussex,Prevention,Cholesterol Screening,84.4,82.2,86.4,5359,3933
10001043202,Kent,Disability,Vision Disability,5.7,5.2,6.3,3722,2979
10003012300,New Castle,Health Outcomes,High Cholesterol,38.2,34.6,41.9,2739,2159
10005051314,Sussex,Health Status,Frequent Physical Distress,13.1,11.5,15.0,2525,2271
10003013604,New Castle,Health-Related Social Needs,Transportation Barriers,4.8,4.0,5.6,4156,3372
10005051802,Sussex,Health Outcomes,Arthritis,28.9,26.1,31.6,4354,3076
10003016404,New Castle,Health Outcomes,Obesity,34.2,28.5,40.1,3334,2622
10003014301,New Castle,Health Outcomes,Obesity,27.2,22.3,32.4,1317,1092
10003013100,New Castle,Disability,Vision Disability,4.7,4.0,5.4,2248,1833
10003016100,New Castle,Health Outcomes,Diabetes,13.6,11.8,15.5,1961,1661
10005051311,Sussex,Health Status,General Health,15.9,12.7,19.5,1832,1712
10003010900,New Castle,Health Outcomes,Current Asthma,10.3,9.1,11.6,2773,2237
10003011600,New Castle,Health Outcomes,COPD,5.0,4.0,6.3,3287,2573
10005050801,Sussex,Disability,Vision Disability,4.4,3.9,4.9,3979,3225
10001042205,Kent,Health-Related Social Needs,Transportation Barriers,10.3,9.2,11.6,3019,2312
10005050406,Sussex,Prevention,Mammography,76.1,70.4,81.8,5475,4063
10005050403,Sussex,Prevention,High Blood Pressure Medication,79.1,76.3,81.5,3517,2621
10005050709,Sussex,Health-Related Social Needs,Food Stamps,5.1,3.6,6.7,1956,1774
10005051013,Sussex,Prevention,Dental Visit,70.4,67.2,73.6,3686,3150
10003013501,New Castle,Health Outcomes,Obesity,25.6,20.9,30.8,7213,5880
10003016307,New Castle,Health Outcomes,Coronary Heart Disease,5.1,4.5,5.6,2756,2221
10005051017,Sussex,Health Outcomes,COPD,7.0,5.4,8.9,3804,3435
10001042208,Kent,Health Outcomes,All Teeth Lost,11.1,9.2,13.3,4016,3108
10003013906,New Castle,Health Outcomes,Arthritis,21.1,18.7,23.5,4648,3670
10003010104,New Castle,Prevention,Annual Checkup,78.7,75.3,81.8,3620,2830
10005050505,Sussex,Disability,Mobility Disability,13.3,11.4,15.1,2420,2212
10005050303,Sussex,Health Outcomes,Depression,22.8,19.6,26.2,2935,2313
10003013506,New Castle,Disability,Mobility Disability,8.9,7.3,10.9,4567,3785
10005051204,Sussex,Health Outcomes,High Cholesterol,53.9,49.7,58.1,652,627
10003014904,New Castle,Health Outcomes,Cancer (non-skin) or Melanoma,7.1,6.5,7.8,5003,4117
10005051103,Sussex,Health-Related Social Needs,Housing Insecurity,3.9,3.1,4.7,952,866
10005050104,Sussex,Health-Related Social Needs,Food Stamps,19.6,16.3,23.1,5031,3785
10003014705,New Castle,Health-Related Social Needs,Lack of Social/Emotional Support,23.1,20.0,26.3,5891,4572
10005050703,Sussex,Disability,Independent Living Disability,10.4,8.8,11.9,2153,1786
10003012300,New Castle,Health Outcomes,All Teeth Lost,18.0,15.3,21.1,2739,2159
10003016806,New Castle,Prevention,Health Insurance,6.5,5.3,7.8,6347,4487
10005050601,Sussex,Health Outcomes,Current Asthma,11.0,9.7,12.4,5391,4138
10005051312,Sussex,Disability,Independent Living Disability,6.9,5.7,8.1,2290,2046
10001041804,Kent,Prevention,High Blood Pressure Medication,78.1,75.5,80.6,5980,4654
10003011500,New Castle,Health Outcomes,Cancer (non-skin) or Melanoma,10.3,9.3,11.3,2908,2308
10003013610,New Castle,Health Outcomes,All Teeth Lost,6.6,5.3,8.1,5460,4534
10005050105,Sussex,Health Outcomes,Current Asthma,11.4,10.1,12.7,5939,4388
10003010105,New Castle,Prevention,High Blood Pressure Medication,69.8,66.6,72.7,2916,2113
10003014813,New Castle,Health Outcomes,Arthritis,21.1,18.6,23.5,4889,3848
10003011203,New Castle,Health Outcomes,All Teeth Lost,10.2,8.4,12.3,4805,3884
10003014907,New Castle,Prevention,Colorectal Cancer Screening,65.4,61.2,69.4,4921,3708
10003016404,New Castle,Health Outcomes,High Blood Pressure,35.8,32.3,39.2,3334,2622
10003014502,New Castle,Disability,Mobility Disability,7.5,6.4,8.6,7374,7189
10003013507,New Castle,Disability,Self-care Disability,2.3,1.9,2.7,1819,1428
10003001400,New Castle,Health-Related Social Needs,Loneliness,32.7,28.8,36.4,2103,1727
10003013611,New Castle,Health Outcomes,Obesity,30.5,25.2,36.1,5572,4648
10003011202,New Castle,Health Status,General Health,14.1,11.7,16.7,4003,3308
10003003002,New Castle,Health Outcomes,Stroke,5.2,4.6,5.7,3060,2329
10003001300,New Castle,Health Outcomes,Arthritis,27.9,24.9,30.9,3588,3013
10003014100,New Castle,Disability,Mobility Disability,16.3,14.3,18.4,4985,3693
10003016614,New Castle,Health Outcomes,Coronary Heart Disease,3.9,3.5,4.4,6239,4474
10003010704,New Castle,Disability,Self-care Disability,3.5,3.1,3.9,3947,3149
10005050807,Sussex,Health Risk Behaviors,Binge Drinking,10.9,9.1,12.9,1824,1622
10005050711,Sussex,Health Risk Behaviors,Physical Inactivity,33.7,28.5,39.5,1505,1256
10001042802,Kent,Health Outcomes,Arthritis,30.4,27.4,33.5,5612,4350
10003001400,New Castle,Health-Related Social Needs,Food Stamps,23.1,19.3,27.4,2103,1727
10003013507,New Castle,Prevention,Mammography,81.0,75.6,85.7,1819,1428
10005051308,Sussex,Prevention,Annual Checkup,85.5,82.9,87.8,4074,3530
10003012600,New Castle,Health Outcomes,Cancer (non-skin) or Melanoma,8.5,7.7,9.4,2945,2351
10003013508,New Castle,Health Status,Frequent Mental Distress,11.7,10.1,13.5,5655,4419
10001042802,Kent,Health Status,Frequent Physical Distress,14.8,13.0,16.7,5612,4350
10001043400,Kent,Health Outcomes,COPD,8.1,7.1,9.2,5648,4415
10003002200,New Castle,Prevention,Annual Checkup,77.0,73.2,80.3,2874,1942
10005050703,Sussex,Health Outcomes,All Teeth Lost,20.3,17.1,24.0,2153,1786
10005051205,Sussex,Prevention,Colorectal Cancer Screening,79.6,76.3,83.0,580,543
10005051204,Sussex,Health Risk Behaviors,Binge Drinking,10.3,8.7,12.2,652,627
10003010900,New Castle,Prevention,Colorectal Cancer Screening,69.9,65.8,73.9,2773,2237
10005050708,Sussex,Prevention,Mammography,79.6,74.6,84.6,2774,2424
10003016808,New Castle,Health Outcomes,High Blood Pressure,30.2,27.0,33.4,7377,5511
10003000200,New Castle,Prevention,Dental Visit,65.0,61.5,68.4,5298,4193
10001043000,Kent,Health Risk Behaviors,Short Sleep Duration,39.8,34.5,45.2,5414,4110
10001043202,Kent,Health Outcomes,Cancer (non-skin) or Melanoma,9.6,8.7,10.5,3722,2979
10003013501,New Castle,Disability,Hearing Disability,7.6,6.6,8.7,7213,5880
10005051204,Sussex,Prevention,High Blood Pressure Medication,88.1,85.8,90.2,652,627
10003014705,New Castle,Health-Related Social Needs,Utility Services Threat,8.9,7.6,10.2,5891,4572
10001043300,Kent,Health Outcomes,Diabetes,10.0,8.9,11.3,6553,5692
10005050805,Sussex,Prevention,Dental Visit,68.1,64.9,71.5,3038,2464
10005051701,Sussex,Disability,Any Disability,32.3,28.0,36.5,4103,3258
10001041804,Kent,Health-Related Social Needs,Food Insecurity,17.6,15.0,20.3,5980,4654
10001042204,Kent,Health Outcomes,All Teeth Lost,13.2,10.9,15.7,4773,3481
10005051009,Sussex,Disability,Mobility Disability,10.8,9.0,12.7,2313,1978
10003013608,New Castle,Health Status,Frequent Physical Distress,11.9,10.3,13.6,1959,1543
10005051307,Sussex,Health Outcomes,Diabetes,16.2,13.7,18.8,2975,2708
10005050401,Sussex,Disability,Independent Living Disability,9.0,7.8,10.4,3606,2872
10003011400,New Castle,Health-Related Social Needs,Food Insecurity,5.4,4.1,7.0,3456,2735
10003012500,New Castle,Disability,Hearing Disability,5.8,5.1,6.6,5660,4358
10005051017,Sussex,Health-Related Social Needs,Food Insecurity,6.2,4.6,8.2,3804,3435
10003003002,New Castle,Health Outcomes,High Blood Pressure,43.7,39.9,47.5,3060,2329
10003014903,New Castle,Health Outcomes,Coronary Heart Disease,6.1,5.4,6.8,7365,5269
10005050103,Sussex,Health Risk Behaviors,Current Cigarette Smoking,12.3,10.1,14.6,5063,4221
10003013901,New Castle,Health-Related Social Needs,Loneliness,33.9,29.9,38.0,3492,2741
10003013505,New Castle,Disability,Vision Disability,3.1,2.7,3.6,3489,2807
10003016613,New Castle,Health Outcomes,COPD,5.3,4.4,6.3,6109,4337
10005051103,Sussex,Disability,Mobility Disability,11.9,9.9,14.1,952,866
10003001400,New Castle,Disability,Cognitive Disability,16.9,14.6,19.3,2103,1727
10003001300,New Castle,Health Outcomes,Diabetes,9.3,8.1,10.8,3588,3013
10003014000,New Castle,Health Outcomes,COPD,7.0,6.0,8.0,5441,4349
10003014200,New Castle,Health Outcomes,Current Asthma,9.9,8.7,11.1,1600,1313
10005050904,Sussex,Health Outcomes,Current Asthma,10.4,9.2,11.8,2592,2256
10005051502,Sussex,Health Outcomes,COPD,8.6,7.4,9.9,3228,2586
10003014814,New Castle,Health-Related Social Needs,Loneliness,31.6,27.9,35.4,4361,3290
10003013300,New Castle,Health-Related Social Needs,Loneliness,32.0,27.9,36.3,1907,1543
10005050805,Sussex,Prevention,High Blood Pressure Medication,83.5,80.9,85.8,3038,2464
10003010704,New Castle,Health Risk Behaviors,Binge Drinking,14.7,12.4,17.2,3947,3149
10003014903,New Castle,Disability,Any Disability,35.4,30.9,39.8,7365,5269
10003002300,New Castle,Disability,Self-care Disability,6.2,5.5,7.0,3003,2091
10003001902,New Castle,Health Outcomes,Obesity,40.3,34.1,46.6,2113,1554
10003013000,New Castle,Disability,Any Disability,29.5,25.6,33.5,1927,1515
10005050104,Sussex,Disability,Cognitive Disability,16.4,14.1,18.9,5031,3785
10005051009,Sussex,Disability,Independent Living Disability,4.9,4.1,5.7,2313,1978
10003013608,New Castle,Health Outcomes,Current Asthma,10.3,9.1,11.5,1959,1543
10003016608,New Castle,Disability,Cognitive Disability,11.2,9.6,13.0,6561,5064
10003014903,New Castle,Disability,Vision Disability,7.6,6.6,8.6,7365,5269
10003013611,New Castle,Disability,Hearing Disability,5.4,4.7,6.1,5572,4648
10003011205,New Castle,Health-Related Social Needs,Food Insecurity,7.3,5.7,9.3,1968,1585
10005051008,Sussex,Health Outcomes,High Blood Pressure,42.1,38.2,46.0,4100,3626
10003013700,New Castle,Prevention,Health Insurance,11.3,9.1,13.8,4071,3177
10003015802,New Castle,Disability,Any Disability,32.1,28.0,36.2,2276,1726
10003012400,New Castle,Health-Related Social Needs,Transportation Barriers,10.7,9.4,12.2,4637,3486
10003011203,New Castle,Disability,Independent Living Disability,7.9,6.8,9.2,4805,3884
10005051013,Sussex,Disability,Mobility Disability,15.5,13.2,17.9,3686,3150
10003003002,New Castle,Prevention,Cholesterol Screening,69.7,65.6,74.0,3060,2329
10003011900,New Castle,Disability,Self-care Disability,2.8,2.4,3.3,3298,2592
10003000200,New Castle,Disability,Mobility Disability,19.7,16.9,22.9,5298,4193
10001042205,Kent,Prevention,Colorectal Cancer Screening,61.9,57.2,66.4,3019,2312
10003001100,New Castle,Prevention,Annual Checkup,79.3,76.0,82.2,3375,3187
10005050101,Sussex,Disability,Vision Disability,4.3,3.9,4.8,4013,3236
10003013608,New Castle,Health Outcomes,Arthritis,24.4,21.8,27.1,1959,1543
10003016309,New Castle,Health Outcomes,High Cholesterol,38.9,35.1,42.5,4125,3307
10003016806,New Castle,Prevention,Colorectal Cancer Screening,64.1,59.9,68.3,6347,4487
10003016309,New Castle,Health Outcomes,Current Asthma,11.3,10.0,12.7,4125,3307
10003016613,New Castle,Prevention,Mammography,78.5,72.7,83.6,6109,4337
10003016000,New Castle,Prevention,Cholesterol Screening,86.0,84.0,87.8,2999,2265
10003016808,New Castle,Health Outcomes,Diabetes,9.2,8.0,10.5,7377,5511
10005051400,Sussex,Health Outcomes,Coronary Heart Disease,7.3,6.5,8.2,3878,3033
10003010200,New Castle,Prevention,Cholesterol Screening,89.4,87.7,91.0,2034,1607
10005050403,Sussex,Disability,Any Disability,32.2,28.6,36.1,3517,2621
10003014907,New Castle,Health-Related Social Needs,Transportation Barriers,10.1,8.7,11.4,4921,3708
10003016000,New Castle,Health Outcomes,High Blood Pressure,42.4,38.9,45.9,2999,2265
10003014404,New Castle,Disability,Independent Living Disability,6.6,5.6,7.7,4159,3562
10003013200,New Castle,Disability,Cognitive Disability,14.8,12.6,17.1,2653,2074
10003014811,New Castle,Health Outcomes,Arthritis,20.1,17.7,22.6,6677,4822
10005050808,Sussex,Disability,Vision Disability,3.8,3.2,4.5,4150,3726
10003013610,New Castle,Health-Related Social Needs,Food Stamps,4.4,3.3,5.5,5460,4534
10003011203,New Castle,Health Outcomes,High Blood Pressure,36.4,32.9,39.9,4805,3884
10003014814,New Castle,Health Outcomes,Cancer (non-skin) or Melanoma,6.8,6.2,7.5,4361,3290
10003010502,New Castle,Health Outcomes,High Cholesterol,39.6,35.9,43.3,5779,4788
10001042000,Kent,Disability,Cognitive Disability,16.0,14.1,18.2,3064,2380
10005051010,Sussex,Health-Related Social Needs,Food Insecurity,7.6,6.1,9.4,2795,2452
10003014705,New Castle,Health Outcomes,High Cholesterol,38.3,34.7,41.9,5891,4572
10003001902,New Castle,Disability,Vision Disability,6.6,5.6,7.7,2113,1554
10003014302,New Castle,Health Outcomes,Cancer (non-skin) or Melanoma,5.4,4.9,5.9,4908,4464
10005050711,Sussex,Prevention,Health Insurance,12.4,10.1,15.1,1505,1256
10003000500,New Castle,Health Risk Behaviors,Short Sleep Duration,43.6,38.4,49.0,3453,2515
10003000602,New Castle,Prevention,Mammography,78.6,72.7,83.7,2876,2134
10003016610,New Castle,Disability,Independent Living Disability,8.2,7.1,9.3,7062,5510
10003012300,New Castle,Health-Related Social Needs,Food Stamps,19.1,15.9,22.5,2739,2159
10005050303,Sussex,Disability,Cognitive Disability,16.2,14.1,18.3,2935,2313
10003016301,New Castle,Health Risk Behaviors,Current Cigarette Smoking,12.0,10.2,14.1,7385,5955
10003000300,New Castle,Health Outcomes,Current Asthma,13.1,11.5,14.7,3012,2233
10005050101,Sussex,Health-Related Social Needs,Food Stamps,7.9,6.5,9.5,4013,3236
10003011600,New Castle,Health Risk Behaviors,Binge Drinking,16.8,14.3,19.5,3287,2573
10005051302,Sussex,Disability,Any Disability,28.3,24.6,32.3,4907,4337
10003011205,New Castle,Health Risk Behaviors,Physical Inactivity,20.3,16.7,24.4,1968,1585
10003013607,New Castle,Disability,Cognitive Disability,11.3,9.8,13.0,6255,5031
10005051203,Sussex,Disability,Cognitive Disability,7.5,6.3,9.0,792,726
10003011100,New Castle,Health Risk Behaviors,Current Cigarette Smoking,8.9,7.1,10.7,2654,2282
10005050709,Sussex,Health Risk Behaviors,Binge Drinking,10.4,8.7,12.3,1956,1774
10001042500,Kent,Health Risk Behaviors,Short Sleep Duration,43.9,38.4,49.4,3590,2590
10001042207,Kent,Disability,Self-care Disability,4.5,3.9,5.2,2576,1977
10003014907,New Castle,Health Outcomes,Diabetes,13.3,11.7,15.0,4921,3708
10003015100,New Castle,Health Outcomes,All Teeth Lost,10.5,8.4,12.7,3594,2808
10003013906,New Castle,Health-Related Social Needs,Food Stamps,7.6,5.8,9.5,4648,3670
10001041900,Kent,Prevention,Colorectal Cancer Screening,62.3,57.5,66.7,5289,4044
10005051203,Sussex,Health Outcomes,Cancer (non-skin) or Melanoma,17.2,15.7,18.8,792,726
10005050403,Sussex,Health Risk Behaviors,Physical Inactivity,29.7,25.7,34.2,3517,2621
10003016608,New Castle,Health-Related Social Needs,Loneliness,30.1,26.3,33.9,6561,5064
10003011500,New Castle,Prevention,Health Insurance,6.3,4.8,8.5,2908,2308
10003016404,New Castle,Prevention,Annual Checkup,78.6,75.2,81.7,3334,2622
10005051010,Sussex,Disability,Self-care Disability,3.4,2.9,3.9,2795,2452
10003014906,New Castle,Prevention,Annual Checkup,77.8,74.2,81.0,5339,4098
10005051203,Sussex,Health-Related Social Needs,Loneliness,23.9,20.6,27.3,792,726
10005051205,Sussex,Health-Related Social Needs,Transportation Barriers,3.4,2.8,4.1,580,543
10005051307,Sussex,Prevention,High Blood Pressure Medication,87.3,85.0,89.4,2975,2708
10005051702,Sussex,Health Outcomes,Stroke,4.0,3.6,4.4,6577,4982
10005050804,Sussex,Health Outcomes,COPD,7.7,6.4,9.2,4188,3465
10003002300,New Castle,Health Risk Behaviors,Binge Drinking,13.4,11.3,15.8,3003,2091
10003011201,New Castle,Health Outcomes,Stroke,2.4,2.1,2.8,2421,1946
10005050808,Sussex,Prevention,Dental Visit,71.9,69.0,75.0,4150,3726
10003010105,New Castle,Health-Related Social Needs,Food Insecurity,16.0,13.7,18.7,2916,2113
10001043300,Kent,Disability,Mobility Disability,13.1,11.5,14.7,6553,5692
10003011400,New Castle,Health Risk Behaviors,Physical Inactivity,18.0,14.4,22.1,3456,2735
10005050408,Sussex,Health Risk Behaviors,Current Cigarette Smoking,19.2,16.5,22.1,4534,3546
10005050804,Sussex,Disability,Vision Disability,4.2,3.6,4.8,4188,3465
10003016309,New Castle,Health-Related Social Needs,Loneliness,33.9,29.8,37.9,4125,3307
10001980000,Kent,Disability,Vision Disability,3.7,3.2,4.1,108,104
10005050905,Sussex,Health-Related Social Needs,Lack of Social/Emotional Support,16.2,13.9,19.0,2848,2485
10003016611,New Castle,Disability,Any Disability,21.8,18.5,25.4,7851,5645
10005050711,Sussex,Prevention,Colorectal Cancer Screening,68.5,64.4,72.8,1505,1256
10001042801,Kent,Health Risk Behaviors,Current Cigarette Smoking,12.9,10.3,15.7,2007,1606
10003016401,New Castle,Health-Related Social Needs,Transportation Barriers,7.2,6.1,8.3,6711,5269
10003012400,New Castle,Health Risk Behaviors,Short Sleep Duration,36.3,31.4,41.4,4637,3486
10003002900,New Castle,Disability,Any Disability,47.0,41.4,51.9,3499,2540
10005051011,Sussex,Health Outcomes,Depression,19.2,16.4,22.2,3580,3083
10003014908,New Castle,Health-Related Social Needs,Utility Services Threat,14.7,12.5,16.9,2425,1792
10005050903,Sussex,Disability,Mobility Disability,15.2,12.6,18.6,2161,1968
10003016611,New Castle,Health Status,Frequent Mental Distress,14.5,12.5,16.6,7851,5645
10003011500,New Castle,Disability,Cognitive Disability,11.5,9.5,13.7,2908,2308
10003013901,New Castle,Health Outcomes,Diabetes,11.6,10.2,13.2,3492,2741
10003013505,New Castle,Prevention,Dental Visit,73.1,69.9,76.1,3489,2807
10003013615,New Castle,Health Outcomes,Depression,21.1,18.1,24.4,4107,3324
10001042900,Kent,Health Outcomes,COPD,10.6,9.2,12.0,5105,4056
10001043400,Kent,Health-Related Social Needs,Loneliness,33.4,29.7,37.5,5648,4415
10003013611,New Castle,Disability,Any Disability,25.7,22.2,29.5,5572,4648
10003010104,New Castle,Prevention,Mammography,77.3,71.3,82.5,3620,2830
10003014909,New Castle,Health Outcomes,COPD,6.0,5.1,6.9,6186,4652
10003013501,New Castle,Prevention,Health Insurance,4.5,3.6,5.4,7213,5880
10003001500,New Castle,Health Risk Behaviors,Short Sleep Duration,38.9,33.9,44.3,2231,1748
10003013200,New Castle,Disability,Mobility Disability,14.7,12.5,17.1,2653,2074
10003013300,New Castle,Health Risk Behaviors,Binge Drinking,16.2,13.7,18.9,1907,1543
10005051102,Sussex,Health Outcomes,Coronary Heart Disease,8.7,7.6,9.8,1029,970
10003016306,New Castle,Health Outcomes,Cancer (non-skin) or Melanoma,6.7,6.1,7.4,4598,3569
10005050710,Sussex,Prevention,Annual Checkup,81.2,78.1,84.0,1870,1457
10003014906,New Castle,Health Status,Frequent Physical Distress,13.7,12.3,15.3,5339,4098
10003011800,New Castle,Disability,Self-care Disability,2.3,2.0,2.6,4927,4135
10003014200,New Castle,Disability,Cognitive Disability,11.6,10.0,13.4,1600,1313
10005050103,Sussex,Health-Related Social Needs,Lack of Social/Emotional Support,18.3,15.7,21.1,5063,4221
10003016306,New Castle,Health Outcomes,High Blood Pressure,37.1,33.6,40.5,4598,3569
10003016807,New Castle,Health Outcomes,Coronary Heart Disease,4.6,4.0,5.1,1901,1411
10003014904,New Castle,Disability,Mobility Disability,13.4,11.7,15.1,5003,4117
10003015600,New Castle,Disability,Hearing Disability,6.1,5.4,6.9,2343,1791
10003014803,New Castle,Disability,Vision Disability,4.0,3.5,4.5,4150,3432
10003014706,New Castle,Health Outcomes,Cancer (non-skin) or Melanoma,6.2,5.6,6.8,2929,2180
10005051014,Sussex,Health Outcomes,Current Asthma,9.8,8.5,11.1,1881,1709
10003010703,New Castle,Health-Related Social Needs,Transportation Barriers,9.5,8.1,11.0,2036,1556
10003016806,New Castle,Health Outcomes,Obesity,33.0,27.5,38.7,6347,4487
10003011201,New Castle,Health-Related Social Needs,Food Stamps,5.4,3.9,7.2,2421,1946
10003013508,New Castle,Health Outcomes,Depression,19.6,16.7,22.6,5655,4419
10003000601,New Castle,Health-Related Social Needs,Housing Insecurity,28.8,24.6,33.2,2773,2035
10005051802,Sussex,Disability,Any Disability,35.0,31.1,39.0,4354,3076
10003002200,New Castle,Prevention,Colorectal Cancer Screening,51.5,46.9,56.0,2874,1942
10001042000,Kent,Health Outcomes,High Blood Pressure,37.7,34.2,41.6,3064,2380
10003014501,New Castle,Disability,Self-care Disability,4.9,4.1,5.8,2134,1931
10003015400,New Castle,Health-Related Social Needs,Lack of Social/Emotional Support,29.9,26.2,33.8,2932,2209
10001041702,Kent,Disability,Self-care Disability,3.6,3.2,4.0,4472,3405
10005050304,Sussex,Health Risk Behaviors,Binge Drinking,12.0,10.1,14.1,4616,3670
10003014904,New Castle,Health Outcomes,Diabetes,12.2,10.7,13.8,5003,4117
10003000900,New Castle,Prevention,High Blood Pressure Medication,74.4,71.4,77.1,2267,1563
10003016904,New Castle,Health Risk Behaviors,Physical Inactivity,32.1,27.4,37.1,3096,2872
10003016805,New Castle,Health Risk Behaviors,Current Cigarette Smoking,14.1,11.5,16.9,1723,1396
10005050407,Sussex,Health Status,General Health,26.4,23.4,29.5,5238,4210
10003013905,New Castle,Prevention,Colorectal Cancer Screening,63.3,59.1,67.4,4169,3100
10003001200,New Castle,Health-Related Social Needs,Housing Insecurity,6.2,4.7,8.1,1605,1454
10003014200,New Castle,Health Outcomes,Depression,21.9,18.9,25.0,1600,1313
10003010300,New Castle,Health-Related Social Needs,Transportation Barriers,7.7,6.6,8.8,4106,3232
10003014814,New Castle,Health-Related Social Needs,Housing Insecurity,10.2,8.8,11.9,4361,3290
10003011205,New Castle,Prevention,Cholesterol Screening,90.3,88.5,91.9,1968,1585
10003016807,New Castle,Disability,Vision Disability,3.1,2.7,3.5,1901,1411
10003001400,New Castle,Health Outcomes,Diabetes,15.4,13.6,17.3,2103,1727
10005050501,Sussex,Health-Related Social Needs,Transportation Barriers,8.4,7.3,9.5,4201,3285
10005051012,Sussex,Health Outcomes,Coronary Heart Disease,10.5,9.1,11.9,1908,1715
10003002700,New Castle,Health Outcomes,Arthritis,17.7,15.6,19.9,2990,2310
10003016200,New Castle,Health-Related Social Needs,Food Insecurity,10.8,8.9,13.0,3051,2509
10001042206,Kent,Health-Related Social Needs,Utility Services Threat,6.6,5.7,7.6,2822,2203
10001980000,Kent,Prevention,High Blood Pressure Medication,16.9,13.7,20.7,108,104
10005050801,Sussex,Health-Related Social Needs,Food Stamps,8.6,6.9,10.4,3979,3225
10005051204,Sussex,Health Risk Behaviors,Short Sleep Duration,23.1,19.6,27.3,652,627
10003010104,New Castle,Health-Related Social Needs,Loneliness,33.2,29.3,37.3,3620,2830
10003016609,New Castle,Health Outcomes,Current Asthma,10.2,9.0,11.5,5595,4312
10005050401,Sussex,Prevention,Annual Checkup,81.9,78.7,84.9,3606,2872
10005050405,Sussex,Health Outcomes,Stroke,4.0,3.6,4.5,4378,3304
10005051313,Sussex,Health Outcomes,COPD,9.2,7.8,10.8,3144,2742
10005050101,Sussex,Health Outcomes,High Blood Pressure,38.3,34.8,41.8,4013,3236
10003013903,New Castle,Health Risk Behaviors,Short Sleep Duration,38.5,33.6,43.8,4820,3768
10005051202,Sussex,Prevention,Dental Visit,79.7,77.2,82.2,856,822
10003014904,New Castle,Disability,Cognitive Disability,13.4,11.7,15.1,5003,4117
10003015600,New Castle,Health Status,General Health,25.8,22.7,29.1,2343,1791
10003016614,New Castle,Health Risk Behaviors,Short Sleep Duration,34.0,29.3,39.2,6239,4474
10005051101,Sussex,Health Risk Behaviors,Physical Inactivity,17.3,14.2,20.8,629,589
10003016613,New Castle,Health Outcomes,Coronary Heart Disease,4.7,4.1,5.3,6109,4337
10003014702,New Castle,Health Outcomes,Arthritis,26.1,23.4,28.9,1910,1510
10003011600,New Castle,Health-Related Social Needs,Housing Insecurity,6.7,5.3,8.3,3287,2573
10003002700,New Castle,Health Outcomes,All Teeth Lost,12.2,9.9,14.7,2990,2310
10003016901,New Castle,Health Risk Behaviors,Short Sleep Duration,34.0,29.3,39.1,2364,1876
10003002100,New Castle,Health Outcomes,Diabetes,23.4,21.0,25.9,1809,1283
10005051016,Sussex,Health Outcomes,Cancer (non-skin) or Melanoma,14.2,12.8,15.6,1879,1685
10001041802,Kent,Health-Related Social Needs,Food Stamps,11.8,9.8,13.8,6720,5103
10003016904,New Castle,Health Outcomes,Diabetes,14.8,13.0,16.7,3096,2872
10003002400,New Castle,Health-Related Social Needs,Transportation Barriers,13.0,11.2,15.0,4250,3346
10003014402,New Castle,Prevention,Mammography,77.7,71.7,83.0,2807,2383
10003015000,New Castle,Prevention,Dental Visit,54.0,50.2,57.9,5659,4542
10003015600,New Castle,Disability,Vision Disability,7.4,6.6,8.3,2343,1791
10003000300,New Castle,Health-Related Social Needs,Transportation Barriers,16.2,13.4,18.9,3012,2233
10001041803,Kent,Health-Related Social Needs,Loneliness,35.1,31.3,39.2,4384,3459
10003011100,New Castle,Health Status,Frequent Mental Distress,13.0,11.4,14.7,2654,2282
10001042802,Kent,Health-Related Social Needs,Food Stamps,12.4,10.3,14.9,5612,4350
10003014501,New Castle,Disability,Vision Disability,9.6,7.9,12.0,2134,1931
10003014908,New Castle,Health-Related Social Needs,Food Stamps,25.1,20.7,29.7,2425,1792
10003014809,New Castle,Disability,Independent Living Disability,7.9,7.0,8.9,8360,6692
10003001500,New Castle,Prevention,High Blood Pressure Medication,76.0,73.2,78.5,2231,1748
10003002300,New Castle,Prevention,Mammography,74.0,67.5,79.7,3003,2091
10005051102,Sussex,Disability,Any Disability,25.5,21.9,29.0,1029,970
10003013613,New Castle,Health Outcomes,Diabetes,9.8,8.5,11.2,5657,4676
10003016612,New Castle,Prevention,Cholesterol Screening,90.2,88.6,91.5,6450,4739
10003015200,New Castle,Disability,Any Disability,32.5,28.6,36.3,5783,4501
10003000400,New Castle,Health Status,Frequent Mental Distress,15.6,13.7,17.7,2957,2436
10003012700,New Castle,Health Status,Frequent Physical Distress,15.2,13.3,17.1,4392,3592
10005051010,Sussex,Health Outcomes,COPD,8.1,6.8,9.7,2795,2452
10001042203,Kent,Health-Related Social Needs,Lack of Social/Emotional Support,22.1,19.3,25.2,5705,4255
10003016307,New Castle,Disability,Hearing Disability,4.5,4.0,5.1,2756,2221
10003014000,New Castle,Health Outcomes,Coronary Heart Disease,6.0,5.3,6.8,5441,4349
10001043202,Kent,Health-Related Social Needs,Housing Insecurity,12.3,10.6,14.1,3722,2979
10003016614,New Castle,Disability,Hearing Disability,3.9,3.4,4.4,6239,4474
10003014803,New Castle,Health Outcomes,Coronary Heart Disease,6.6,5.8,7.4,4150,3432
10003014100,New Castle,Prevention,Dental Visit,57.0,53.2,60.7,4985,3693
10001980000,Kent,Health Outcomes,Diabetes,1.7,1.5,2.0,108,104
10005050105,Sussex,Health Outcomes,All Teeth Lost,14.8,12.3,17.7,5939,4388
10005050406,Sussex,Health Outcomes,COPD,10.9,9.4,12.5,5475,4063
10005050304,Sussex,Health Status,Frequent Physical Distress,16.2,14.1,18.3,4616,3670
10003012400,New Castle,Health Status,General Health,22.4,19.7,25.1,4637,3486
10001042206,Kent,Health Status,Frequent Mental Distress,16.7,14.8,18.7,2822,2203
10005051013,Sussex,Health-Related Social Needs,Housing Insecurity,6.3,5.3,7.5,3686,3150
10003000602,New Castle,Health Outcomes,COPD,8.1,6.8,9.5,2876,2134
10005050804,Sussex,Disability,Self-care Disability,3.4,2.9,3.9,4188,3465
10003011300,New Castle,Health Outcomes,COPD,5.5,4.2,7.0,2244,1847
10003014812,New Castle,Prevention,Mammography,80.7,75.4,85.4,4559,3628
10003012000,New Castle,Health-Related Social Needs,Transportation Barriers,7.7,6.7,8.8,4334,3536
10005051900,Sussex,Health-Related Social Needs,Transportation Barriers,7.2,6.3,8.2,4760,3685
10001042204,Kent,Health-Related Social Needs,Food Insecurity,11.8,10.1,13.7,4773,3481
10003014702,New Castle,Health Outcomes,COPD,6.7,5.8,7.8,1910,1510
10003013501,New Castle,Health Outcomes,Coronary Heart Disease,7.2,6.3,8.2,7213,5880
10005050304,Sussex,Health-Related Social Needs,Food Stamps,13.3,11.0,15.9,4616,3670
10005050604,Sussex,Health Risk Behaviors,Current Cigarette Smoking,17.9,15.2,20.9,4674,3611
10003013100,New Castle,Prevention,Cholesterol Screening,86.2,84.0,88.2,2248,1833
10003016301,New Castle,Health Risk Behaviors,Physical Inactivity,26.5,22.6,30.6,7385,5955
10005051701,Sussex,Health-Related Social Needs,Food Insecurity,14.3,11.9,17.0,4103,3258
10005050710,Sussex,Disability,Independent Living Disability,10.4,9.1,11.9,1870,1457
10003014404,New Castle,Prevention,Annual Checkup,77.5,73.9,80.6,4159,3562
10005051314,Sussex,Health Outcomes,Diabetes,13.1,11.3,15.0,2525,2271
10003013612,New Castle,Disability,Vision Disability,2.9,2.5,3.3,6158,4926
10003013508,New Castle,Disability,Self-care Disability,2.0,1.7,2.3,5655,4419
10003010105,New Castle,Health Risk Behaviors,Physical Inactivity,24.4,20.7,28.5,2916,2113
10005050501,Sussex,Health Outcomes,Obesity,35.8,29.8,41.8,4201,3285
10003002300,New Castle,Disability,Independent Living Disability,12.2,10.7,13.8,3003,2091
10005051102,Sussex,Health Outcomes,Obesity,28.7,23.6,34.0,1029,970
10005050405,Sussex,Health-Related Social Needs,Housing Insecurity,12.9,11.1,14.9,4378,3304
10005051101,Sussex,Prevention,Health Insurance,3.9,3.0,4.9,629,589
10003013607,New Castle,Disability,Mobility Disability,11.4,9.7,13.3,6255,5031
10003016301,New Castle,Health Outcomes,Current Asthma,10.6,9.4,11.8,7385,5955
10005050706,Sussex,Disability,Any Disability,30.4,26.4,34.8,1772,1557
10003014200,New Castle,Disability,Independent Living Disability,6.2,5.4,7.1,1600,1313
10003016307,New Castle,Disability,Vision Disability,4.0,3.6,4.5,2756,2221
10005051014,Sussex,Health Outcomes,Arthritis,39.3,35.1,43.4,1881,1709
10003012200,New Castle,Disability,Mobility Disability,14.9,12.8,17.0,4676,3581
10003011204,New Castle,Disability,Any Disability,26.9,23.0,30.8,3313,2741
10003013901,New Castle,Health Outcomes,All Teeth Lost,14.4,11.9,17.2,3492,2741
10003014810,New Castle,Prevention,Cholesterol Screening,88.0,86.2,89.7,7083,5613
10003011500,New Castle,Health-Related Social Needs,Loneliness,29.5,25.7,33.6,2908,2308
10001042100,Kent,Health Risk Behaviors,Binge Drinking,12.9,10.8,15.3,3997,3098
10005051009,Sussex,Health Outcomes,Stroke,3.2,2.8,3.6,2313,1978
10005051400,Sussex,Disability,Any Disability,30.5,26.7,34.3,3878,3033
10003016100,New Castle,Health Outcomes,High Blood Pressure,40.4,36.4,44.2,1961,1661
10005051201,Sussex,Prevention,Colorectal Cancer Screening,77.6,74.3,81.0,1513,1391
10003013614,New Castle,Prevention,Annual Checkup,75.6,72.0,79.1,3258,2555
10003010703,New Castle,Health Outcomes,Depression,23.4,20.2,26.7,2036,1556
10003010300,New Castle,Health Outcomes,Arthritis,21.5,19.1,23.9,4106,3232
10003016404,New Castle,Health-Related Social Needs,Utility Services Threat,7.4,6.4,8.6,3334,2622
10003014502,New Castle,Prevention,Cholesterol Screening,61.6,57.1,66.3,7374,7189
10003016000,New Castle,Health-Related Social Needs,Housing Insecurity,20.5,17.8,23.3,2999,2265
10005051103,Sussex,Prevention,Cholesterol Screening,93.3,92.2,94.3,952,866
10003002500,New Castle,Health-Related Social Needs,Lack of Social/Emotional Support,24.1,20.8,27.4,3235,2443
10005051202,Sussex,Prevention,Health Insurance,3.7,3.0,4.6,856,822
10003013611,New Castle,Health Outcomes,COPD,5.2,4.4,6.3,5572,4648
10003013607,New Castle,Health Outcomes,Cancer (non-skin) or Melanoma,9.0,8.2,9.9,6255,5031
10003014000,New Castle,Health Risk Behaviors,Binge Drinking,15.2,12.8,17.7,5441,4349
10001042203,Kent,Health Outcomes,High Cholesterol,37.9,34.2,41.8,5705,4255
10003002800,New Castle,Health Status,Frequent Mental Distress,19.0,16.6,21.3,2378,2071
10005050302,Sussex,Health Outcomes,Cancer (non-skin) or Melanoma,8.1,7.4,8.9,5521,4001
10003014301,New Castle,Prevention,Health Insurance,4.7,3.7,6.1,1317,1092
10001042207,Kent,Disability,Hearing Disability,6.9,6.1,7.8,2576,1977
10003010900,New Castle,Health Outcomes,All Teeth Lost,8.5,6.9,10.4,2773,2237
10003002900,New Castle,Health Outcomes,Obesity,50.5,43.7,56.6,3499,2540
10003014302,New Castle,Health Outcomes,Stroke,1.8,1.6,2.0,4908,4464
10003002100,New Castle,Disability,Mobility Disability,28.6,25.4,31.9,1809,1283
10001041802,Kent,Disability,Mobility Disability,13.4,11.8,15.1,6720,5103
10003012200,New Castle,Health Outcomes,Current Asthma,10.6,9.4,11.9,4676,3581
10001042204,Kent,Disability,Cognitive Disability,12.6,11.0,14.3,4773,3481
10003014813,New Castle,Health Risk Behaviors,Current Cigarette Smoking,10.4,8.2,12.7,4889,3848
10005050905,Sussex,Health Outcomes,High Cholesterol,49.9,45.6,53.9,2848,2485
10003001500,New Castle,Health-Related Social Needs,Food Insecurity,22.1,18.8,25.7,2231,1748
10003010106,New Castle,Health-Related Social Needs,Food Stamps,12.8,10.3,16.0,1760,1509
10003012600,New Castle,Health Outcomes,Stroke,2.9,2.5,3.3,2945,2351
10005051802,Sussex,Disability,Self-care Disability,5.2,4.6,5.8,4354,3076
10003014301,New Castle,Health Outcomes,Coronary Heart Disease,7.1,6.1,8.1,1317,1092
10003014813,New Castle,Health Risk Behaviors,Physical Inactivity,21.9,18.1,26.1,4889,3848
10005051016,Sussex,Health-Related Social Needs,Food Stamps,3.4,2.3,4.8,1879,1685
10003014402,New Castle,Prevention,Annual Checkup,76.9,73.1,80.3,2807,2383
10003014706,New Castle,Disability,Cognitive Disability,13.3,11.6,15.2,2929,2180
10003014403,New Castle,Prevention,High Blood Pressure Medication,70.8,68.0,73.4,3611,2955
10005050501,Sussex,Prevention,Health Insurance,12.3,10.4,14.4,4201,3285
10003014811,New Castle,Health Outcomes,Stroke,2.1,1.9,2.4,6677,4822
10003013507,New Castle,Health-Related Social Needs,Food Insecurity,6.3,4.9,8.0,1819,1428
10003013506,New Castle,Prevention,Dental Visit,75.9,73.0,78.7,4567,3785
10001041803,Kent,Health Outcomes,COPD,10.8,9.6,12.1,4384,3459
10005050903,Sussex,Prevention,Dental Visit,75.2,72.4,77.9,2161,1968
10003014301,New Castle,Disability,Any Disability,25.2,21.5,29.1,1317,1092
10005050807,Sussex,Disability,Hearing Disability,10.9,9.5,12.7,1824,1622
10003015200,New Castle,Health Status,Frequent Mental Distress,18.2,16.3,20.4,5783,4501
10003010104,New Castle,Health Outcomes,COPD,6.1,5.3,7.1,3620,2830
10005050708,Sussex,Disability,Cognitive Disability,10.2,8.4,12.1,2774,2424
10005051202,Sussex,Health-Related Social Needs,Utility Services Threat,2.0,1.6,2.4,856,822
10003016401,New Castle,Health Risk Behaviors,Binge Drinking,14.7,12.4,17.2,6711,5269
10003002800,New Castle,Health-Related Social Needs,Utility Services Threat,12.6,10.6,14.9,2378,2071
10005050104,Sussex,Disability,Mobility Disability,17.9,15.2,20.6,5031,3785
10003011800,New Castle,Prevention,Mammography,79.3,73.7,84.3,4927,4135
10003014705,New Castle,Health Risk Behaviors,Physical Inactivity,28.2,23.9,32.6,5891,4572
10003012900,New Castle,Prevention,Annual Checkup,76.2,72.6,79.6,4823,3565
10003014813,New Castle,Prevention,Dental Visit,66.8,63.3,70.0,4889,3848
10005051010,Sussex,Prevention,Mammography,81.9,77.2,86.4,2795,2452
10003014000,New Castle,Disability,Vision Disability,5.7,5.0,6.4,5441,4349
10003014403,New Castle,Prevention,Colorectal Cancer Screening,63.4,59.0,67.7,3611,2955
10003011201,New Castle,Health Outcomes,Cancer (non-skin) or Melanoma,8.4,7.5,9.2,2421,1946
10005050701,Sussex,Health Outcomes,Arthritis,35.9,32.5,39.3,5068,4322
10005051013,Sussex,Prevention,Cholesterol Screening,92.4,91.2,93.5,3686,3150
10003013612,New Castle,Health Outcomes,High Blood Pressure,31.9,28.5,35.2,6158,4926
10003016807,New Castle,Health-Related Social Needs,Housing Insecurity,8.0,6.6,9.6,1901,1411
10003011204,New Castle,Health Status,Frequent Mental Distress,13.3,11.5,15.1,3313,2741
10003000601,New Castle,Health Outcomes,Stroke,5.8,5.1,6.5,2773,2035
10005050405,Sussex,Prevention,Cholesterol Screening,86.6,84.7,88.5,4378,3304
10005051101,Sussex,Health Outcomes,Depression,17.3,14.7,20.0,629,589
10005051008,Sussex,Health-Related Social Needs,Lack of Social/Emotional Support,16.3,13.8,19.2,4100,3626
10005051802,Sussex,Health Outcomes,COPD,9.3,8.1,10.6,4354,3076
10003015600,New Castle,Disability,Self-care Disability,5.5,4.7,6.2,2343,1791
10005050703,Sussex,Health Outcomes,Current Asthma,11.1,9.8,12.5,2153,1786
10005050407,Sussex,Prevention,Cholesterol Screening,86.5,84.6,88.1,5238,4210
10001042100,Kent,Health-Related Social Needs,Utility Services Threat,7.8,6.7,8.9,3997,3098
10003001200,New Castle,Prevention,Cholesterol Screening,87.2,84.6,89.4,1605,1454
10003013906,New Castle,Health Status,Frequent Mental Distress,13.9,12.2,15.7,4648,3670
10005050701,Sussex,Health Outcomes,Stroke,4.8,4.2,5.4,5068,4322
10003016614,New Castle,Disability,Vision Disability,3.0,2.6,3.5,6239,4474
10003016904,New Castle,Prevention,Colorectal Cancer Screening,58.5,53.8,63.2,3096,2872
10003014810,New Castle,Health-Related Social Needs,Housing Insecurity,11.0,9.4,12.7,7083,5613
10003013000,New Castle,Health Outcomes,Cancer (non-skin) or Melanoma,9.0,8.2,10.0,1927,1515
10003013615,New Castle,Disability,Independent Living Disability,7.1,6.1,8.2,4107,3324
10005050506,Sussex,Health Outcomes,Current Asthma,10.6,9.3,11.9,4112,3099
10003012900,New Castle,Health-Related Social Needs,Utility Services Threat,13.1,11.5,15.0,4823,3565
10003014702,New Castle,Health Outcomes,Current Asthma,10.6,9.4,11.9,1910,1510
10005051501,Sussex,Health Outcomes,High Blood Pressure,39.1,35.6,42.6,2246,1737
10003003002,New Castle,Health-Related Social Needs,Housing Insecurity,42.1,37.1,46.8,3060,2329
10005050707,Sussex,Health Outcomes,Cancer (non-skin) or Melanoma,14.7,13.4,16.1,2578,2285
10005051302,Sussex,Health Outcomes,Coronary Heart Disease,8.7,7.7,9.8,4907,4337
10005050710,Sussex,Health Status,Frequent Mental Distress,16.9,15.0,18.8,1870,1457
10005050503,Sussex,Health Risk Behaviors,Current Cigarette Smoking,24.6,21.4,27.6,5604,3737
10003014705,New Castle,Health Risk Behaviors,Current Cigarette Smoking,14.0,11.4,16.5,5891,4572
10001041802,Kent,Health Outcomes,High Blood Pressure,36.2,32.9,39.9,6720,5103
10003016614,New Castle,Health Status,General Health,12.6,10.8,14.6,6239,4474
10005050503,Sussex,Health Outcomes,High Blood Pressure,38.4,35.0,41.8,5604,3737
10005051011,Sussex,Health Status,Frequent Mental Distress,11.5,10.0,13.1,3580,3083
10003011800,New Castle,Health Outcomes,Current Asthma,9.0,8.0,10.1,4927,4135
10003013610,New Castle,Health Outcomes,Cancer (non-skin) or Melanoma,9.9,9.0,10.8,5460,4534
10003014501,New Castle,Health Outcomes,COPD,7.8,6.4,9.4,2134,1931
10003016308,New Castle,Disability,Mobility Disability,14.4,12.5,16.7,3728,2990
10005051801,Sussex,Health Risk Behaviors,Binge Drinking,14.0,11.9,16.5,5359,3933
10003016200,New Castle,Prevention,Cholesterol Screening,88.6,86.7,90.3,3051,2509
10003014302,New Castle,Prevention,Cholesterol Screening,79.6,76.3,82.5,4908,4464
10005050403,Sussex,Prevention,Health Insurance,12.7,10.7,14.8,3517,2621
10005050503,Sussex,Health-Related Social Needs,Utility Services Threat,20.5,18.1,23.0,5604,3737
10003011202,New Castle,Health Status,Frequent Physical Distress,11.5,9.9,13.2,4003,3308
10003010200,New Castle,Health-Related Social Needs,Housing Insecurity,9.4,7.8,11.1,2034,1607
10005051702,Sussex,Health-Related Social Needs,Lack of Social/Emotional Support,21.9,19.1,25.1,6577,4982
10003010703,New Castle,Health-Related Social Needs,Utility Services Threat,10.1,8.4,11.8,2036,1556
10003015900,New Castle,Health-Related Social Needs,Food Insecurity,17.0,14.7,19.8,3344,2595
10005050905,Sussex,Health Outcomes,Current Asthma,9.8,8.6,10.9,2848,2485
10003016200,New Castle,Prevention,High Blood Pressure Medication,76.0,72.9,78.6,3051,2509
10003010800,New Castle,Prevention,Dental Visit,71.0,67.8,74.1,4796,3948
10003010704,New Castle,Disability,Vision Disability,4.5,4.0,5.1,3947,3149
10003016404,New Castle,Health-Related Social Needs,Lack of Social/Emotional Support,22.0,19.0,25.1,3334,2622
10001042000,Kent,Health Status,Frequent Mental Distress,18.6,16.5,20.7,3064,2380
10003014301,New Castle,Health Risk Behaviors,Physical Inactivity,19.6,15.9,23.5,1317,1092
10003002100,New Castle,Health-Related Social Needs,Transportation Barriers,24.2,21.1,27.8,1809,1283
10003016611,New Castle,Health Risk Behaviors,Short Sleep Duration,34.9,30.2,40.0,7851,5645
10003012100,New Castle,Health Outcomes,Coronary Heart Disease,5.8,5.1,6.4,2901,2301
10003014702,New Castle,Health Status,Frequent Physical Distress,13.3,11.7,14.9,1910,1510
10003016308,New Castle,Prevention,Dental Visit,63.7,60.0,67.2,3728,2990
10003013905,New Castle,Disability,Hearing Disability,3.2,2.8,3.7,4169,3100
10005050805,Sussex,Disability,Mobility Disability,13.5,11.5,15.7,3038,2464
10003014811,New Castle,Health Outcomes,Cancer (non-skin) or Melanoma,6.8,6.1,7.4,6677,4822
10005051314,Sussex,Health Status,General Health,15.5,13.2,18.1,2525,2271
10003001600,New Castle,Health Outcomes,Obesity,47.7,41.1,54.1,2419,1765
10003015100,New Castle,Disability,Cognitive Disability,14.1,12.3,16.1,3594,2808
10005051014,Sussex,Prevention,Colorectal Cancer Screening,77.5,74.0,81.1,1881,1709
10003014907,New Castle,Health Outcomes,Arthritis,25.6,23.0,28.2,4921,3708
10001042208,Kent,Prevention,Cholesterol Screening,88.1,86.4,89.7,4016,3108
10005051502,Sussex,Health Outcomes,Arthritis,31.1,28.1,34.1,3228,2586
10003000200,New Castle,Health Status,General Health,24.2,20.6,28.0,5298,4193
10003016309,New Castle,Health-Related Social Needs,Food Insecurity,19.2,15.9,22.4,4125,3307
10005050407,Sussex,Prevention,High Blood Pressure Medication,82.2,79.9,84.4,5238,4210
10003013100,New Castle,Health-Related Social Needs,Food Insecurity,13.7,11.3,16.5,2248,1833
10005051501,Sussex,Health-Related Social Needs,Utility Services Threat,8.1,7.0,9.4,2246,1737
10003011206,New Castle,Health Status,Frequent Physical Distress,10.0,8.4,11.6,4319,3345
10003010106,New Castle,Health Outcomes,High Blood Pressure,34.5,31.3,37.7,1760,1509
10005051308,Sussex,Health Risk Behaviors,Current Cigarette Smoking,11.9,9.3,15.0,4074,3530
10001042208,Kent,Health-Related Social Needs,Transportation Barriers,7.7,6.7,8.7,4016,3108
10001041900,Kent,Health-Related Social Needs,Lack of Social/Emotional Support,23.5,20.4,27.0,5289,4044
10003014301,New Castle,Health Risk Behaviors,Current Cigarette Smoking,7.7,5.9,9.6,1317,1092
10005050505,Sussex,Health Outcomes,Cancer (non-skin) or Melanoma,6.5,5.8,7.0,2420,2212
10005051011,Sussex,Health Status,General Health,15.3,12.7,18.3,3580,3083
10003002100,New Castle,Health Risk Behaviors,Binge Drinking,10.2,8.5,12.1,1809,1283
10003013505,New Castle,Health Status,General Health,12.6,10.7,14.8,3489,2807
10005050801,Sussex,Prevention,Cholesterol Screening,89.4,87.8,90.9,3979,3225
10005051009,Sussex,Health Outcomes,Coronary Heart Disease,7.0,6.2,8.0,2313,1978
10003013400,New Castle,Prevention,Annual Checkup,79.8,76.6,82.8,2504,2036
10005051312,Sussex,Prevention,Health Insurance,6.2,5.0,7.8,2290,2046
10003012700,New Castle,Health Outcomes,Diabetes,13.9,12.1,15.7,4392,3592
10005050801,Sussex,Health Outcomes,High Blood Pressure,39.3,35.6,43.1,3979,3225
10005050505,Sussex,Disability,Cognitive Disability,15.4,13.2,18.0,2420,2212
10003015900,New Castle,Prevention,Health Insurance,11.1,9.3,13.2,3344,2595
10005050302,Sussex,Disability,Any Disability,35.2,30.8,39.1,5521,4001
10003001300,New Castle,Disability,Vision Disability,2.5,2.2,2.9,3588,3013
10003016306,New Castle,Prevention,Mammography,78.7,73.3,83.7,4598,3569
10001043202,Kent,Disability,Cognitive Disability,15.7,13.9,17.7,3722,2979
10005051501,Sussex,Health-Related Social Needs,Food Stamps,13.1,11.0,15.5,2246,1737
10003002600,New Castle,Health Outcomes,Arthritis,24.4,21.8,26.9,3730,2585
10003011700,New Castle,Prevention,Colorectal Cancer Screening,74.8,71.2,78.2,4260,3465
10005050701,Sussex,Prevention,Mammography,78.0,72.5,83.2,5068,4322
10005050408,Sussex,Health Outcomes,Arthritis,32.2,29.1,35.2,4534,3546
10003014100,New Castle,Health-Related Social Needs,Transportation Barriers,11.2,9.7,12.8,4985,3693
10003013612,New Castle,Health-Related Social Needs,Housing Insecurity,5.8,4.9,6.9,6158,4926
10003013614,New Castle,Health Outcomes,High Cholesterol,37.1,33.5,40.7,3258,2555
10003011000,New Castle,Health Status,General Health,12.5,10.6,14.7,3201,2542
10005050903,Sussex,Health Outcomes,Current Asthma,9.4,8.3,10.6,2161,1968
10003014501,New Castle,Prevention,Health Insurance,13.0,9.6,18.8,2134,1931
10003002700,New Castle,Prevention,Colorectal Cancer Screening,61.1,56.7,65.6,2990,2310
10005051013,Sussex,Health Risk Behaviors,Short Sleep Duration,28.9,24.9,33.7,3686,3150
10003010300,New Castle,Prevention,High Blood Pressure Medication,71.2,68.1,74.1,4106,3232
10005051502,Sussex,Health Status,Frequent Physical Distress,14.8,13.2,16.7,3228,2586
10003016306,New Castle,Disability,Independent Living Disability,8.4,7.3,9.5,4598,3569
10005051900,Sussex,Disability,Any Disability,30.6,26.8,34.3,4760,3685
10003016611,New Castle,Prevention,High Blood Pressure Medication,71.2,67.6,74.4,7851,5645
10003015400,New Castle,Health Outcomes,High Cholesterol,38.3,34.6,42.1,2932,2209
10001043300,Kent,Health Outcomes,High Blood Pressure,30.3,27.3,33.4,6553,5692
10003013903,New Castle,Health Status,Frequent Mental Distress,16.4,14.5,18.4,4820,3768
10003013613,New Castle,Disability,Mobility Disability,10.5,9.0,12.0,5657,4676
10003014809,New Castle,Prevention,Health Insurance,8.2,6.9,9.6,8360,6692
10003014302,New Castle,Health-Related Social Needs,Food Stamps,7.2,5.5,9.2,4908,4464
10003014813,New Castle,Health Status,General Health,14.7,12.3,17.3,4889,3848
10005050706,Sussex,Health Status,General Health,17.4,14.8,20.3,1772,1557
10003014404,New Castle,Health-Related Social Needs,Utility Services Threat,5.7,4.7,6.8,4159,3562
10003010502,New Castle,Health Risk Behaviors,Binge Drinking,15.4,13.1,17.9,5779,4788
10003012400,New Castle,Health Outcomes,COPD,7.4,6.4,8.4,4637,3486
10005051802,Sussex,Health-Related Social Needs,Loneliness,34.4,30.6,38.4,4354,3076
10003015600,New Castle,Prevention,Dental Visit,56.2,52.4,60.0,2343,1791
10003013800,New Castle,Prevention,Cholesterol Screening,85.7,83.3,87.8,5901,4752
10003002900,New Castle,Health Risk Behaviors,Physical Inactivity,46.8,40.6,52.6,3499,2540
10005050505,Sussex,Health-Related Social Needs,Loneliness,34.5,30.5,38.9,2420,2212
10001041900,Kent,Health Status,Frequent Physical Distress,17.1,15.2,19.2,5289,4044
10005051010,Sussex,Health Outcomes,Current Asthma,10.1,8.9,11.5,2795,2452
10003001902,New Castle,Health-Related Social Needs,Loneliness,35.4,31.2,39.8,2113,1554
10005050103,Sussex,Health Outcomes,Coronary Heart Disease,8.1,7.1,9.1,5063,4221
10005050604,Sussex,Prevention,Health Insurance,11.9,10.0,14.3,4674,3611
10003013615,New Castle,Health-Related Social Needs,Utility Services Threat,5.7,4.9,6.7,4107,3324
10005050408,Sussex,Health Outcomes,Obesity,39.2,33.2,45.6,4534,3546
10003010400,New Castle,Health-Related Social Needs,Loneliness,30.7,27.0,34.5,4591,3725
10001042802,Kent,Health Outcomes,Cancer (non-skin) or Melanoma,9.2,8.4,10.1,5612,4350
10003014812,New Castle,Prevention,High Blood Pressure Medication,75.7,72.5,78.6,4559,3628
10003013300,New Castle,Disability,Cognitive Disability,13.3,11.2,15.3,1907,1543
10003016301,New Castle,Health Outcomes,All Teeth Lost,9.8,8.0,11.9,7385,5955
10003014811,New Castle,Health Status,Frequent Mental Distress,13.2,11.5,14.9,6677,4822
10005051502,Sussex,Health-Related Social Needs,Loneliness,31.3,27.5,35.2,3228,2586
10003014803,New Castle,Disability,Self-care Disability,3.0,2.7,3.5,4150,3432
10003013906,New Castle,Health-Related Social Needs,Utility Services Threat,6.0,5.0,7.1,4648,3670
10005050505,Sussex,Health Outcomes,Stroke,3.5,3.0,3.9,2420,2212
10003001500,New Castle,Health Status,Frequent Mental Distress,17.7,15.7,19.9,2231,1748
10003012200,New Castle,Health Risk Behaviors,Current Cigarette Smoking,14.7,12.3,17.6,4676,3581
10001042207,Kent,Disability,Any Disability,35.4,31.2,39.6,2576,1977
10005050503,Sussex,Disability,Hearing Disability,8.7,7.7,9.6,5604,3737
10005051014,Sussex,Health Status,Frequent Physical Distress,13.3,11.1,15.7,1881,1709
10003013607,New Castle,Health Status,General Health,14.4,12.5,16.7,6255,5031
10005051311,Sussex,Disability,Independent Living Disability,6.2,5.0,7.7,1832,1712
10003010105,New Castle,Prevention,Annual Checkup,77.0,73.4,80.2,2916,2113
10003014302,New Castle,Disability,Mobility Disability,7.5,6.5,8.5,4908,4464
10005050807,Sussex,Health-Related Social Needs,Transportation Barriers,5.9,4.8,7.2,1824,1622
10003013000,New Castle,Health Outcomes,Obesity,32.4,26.9,37.9,1927,1515
10003011600,New Castle,Disability,Vision Disability,3.1,2.6,3.7,3287,2573
10005050503,Sussex,Health-Related Social Needs,Housing Insecurity,31.1,27.7,34.7,5604,3737
10003000500,New Castle,Disability,Any Disability,33.8,29.5,38.1,3453,2515
10005050303,Sussex,Health Outcomes,Obesity,35.2,29.4,41.1,2935,2313
10005051311,Sussex,Prevention,Annual Checkup,87.7,85.3,89.7,1832,1712
10003000602,New Castle,Health Outcomes,Current Asthma,12.9,11.4,14.4,2876,2134
10003011900,New Castle,Health Status,Frequent Mental Distress,11.8,10.3,13.5,3298,2592
10005050101,Sussex,Disability,Self-care Disability,3.4,3.1,3.8,4013,3236
10003002500,New Castle,Prevention,Cholesterol Screening,84.9,82.6,87.4,3235,2443
10003014000,New Castle,Disability,Self-care Disability,4.2,3.6,4.7,5441,4349
10001042204,Kent,Health Outcomes,Depression,21.7,18.5,25.2,4773,3481
10005051103,Sussex,Prevention,High Blood Pressure Medication,85.2,82.7,87.5,952,866
10003011203,New Castle,Health Outcomes,Current Asthma,10.5,9.3,11.7,4805,3884
10003013604,New Castle,Health Outcomes,Coronary Heart Disease,6.0,5.3,6.8,4156,3372
10003014703,New Castle,Health Status,Frequent Mental Distress,16.8,14.9,18.9,4827,3890
10005051008,Sussex,Health Outcomes,Depression,19.1,16.3,22.1,4100,3626
10001042205,Kent,Health Status,Frequent Mental Distress,18.5,16.6,20.7,3019,2312
10005050801,Sussex,Health-Related Social Needs,Utility Services Threat,5.7,4.9,6.6,3979,3225
10003010800,New Castle,Health Risk Behaviors,Short Sleep Duration,30.7,26.3,35.5,4796,3948
10003013615,New Castle,Health-Related Social Needs,Lack of Social/Emotional Support,21.1,18.3,24.4,4107,3324
10005050601,Sussex,Health-Related Social Needs,Transportation Barriers,7.9,6.9,9.0,5391,4138
10003016805,New Castle,Health Risk Behaviors,Short Sleep Duration,32.9,28.3,38.0,1723,1396
10005051400,Sussex,Health Risk Behaviors,Binge Drinking,14.4,12.1,16.9,3878,3033
10005051307,Sussex,Disability,Mobility Disability,18.5,14.9,22.5,2975,2708
10005051205,Sussex,Health Outcomes,Stroke,4.3,3.7,5.1,580,543
10003014908,New Castle,Health Status,Frequent Mental Distress,18.2,16.0,20.5,2425,1792
10003014706,New Castle,Health Outcomes,Stroke,2.9,2.6,3.2,2929,2180
10003012600,New Castle,Health-Related Social Needs,Food Stamps,8.4,6.4,10.7,2945,2351
10005050604,Sussex,Health-Related Social Needs,Lack of Social/Emotional Support,21.2,18.3,24.3,4674,3611
10003011300,New Castle,Health-Related Social Needs,Loneliness,28.0,24.3,31.8,2244,1847
10003016301,New Castle,Health Status,Frequent Physical Distress,12.4,11.1,14.0,7385,5955
10005051204,Sussex,Health-Related Social Needs,Food Insecurity,3.3,2.5,4.2,652,627
10003016808,New Castle,Health-Related Social Needs,Food Stamps,6.9,5.4,8.7,7377,5511
10005050407,Sussex,Health Outcomes,Arthritis,33.5,30.5,36.6,5238,4210
10003001600,New Castle,Health-Related Social Needs,Utility Services Threat,25.1,21.9,28.4,2419,1765
10003013400,New Castle,Health Status,Frequent Mental Distress,14.2,12.2,16.3,2504,2036
10003011202,New Castle,Health Risk Behaviors,Physical Inactivity,21.6,17.8,25.7,4003,3308
10003013800,New Castle,Health Outcomes,Arthritis,21.8,19.5,24.1,5901,4752
10003010800,New Castle,Health Risk Behaviors,Current Cigarette Smoking,8.5,6.8,10.3,4796,3948
10001042802,Kent,Health Outcomes,Stroke,3.8,3.4,4.2,5612,4350
10005050808,Sussex,Health Outcomes,High Blood Pressure,42.3,38.3,46.2,4150,3726
10003001400,New Castle,Disability,Mobility Disability,18.8,16.4,21.2,2103,1727
10001042000,Kent,Disability,Independent Living Disability,9.1,8.0,10.3,3064,2380
10003013505,New Castle,Health-Related Social Needs,Housing Insecurity,5.4,4.4,6.5,3489,2807
10003016805,New Castle,Health-Related Social Needs,Loneliness,31.3,27.6,35.2,1723,1396
10001042900,Kent,Health-Related Social Needs,Food Stamps,15.6,13.1,18.3,5105,4056
10003013501,New Castle,Disability,Cognitive Disability,8.6,7.4,10.0,7213,5880
10003013604,New Castle,Disability,Vision Disability,3.3,2.9,3.8,4156,3372
10005050711,Sussex,Health Outcomes,Obesity,37.2,31.1,43.3,1505,1256
10005051204,Sussex,Prevention,Annual Checkup,89.0,86.9,90.9,652,627
10003013615,New Castle,Prevention,Health Insurance,10.3,8.5,12.3,4107,3324
10005050105,Sussex,Health Risk Behaviors,Binge Drinking,14.4,12.1,16.8,5939,4388
10003011900,New Castle,Disability,Any Disability,25.6,22.1,29.1,3298,2592
10005051307,Sussex,Health-Related Social Needs,Transportation Barriers,5.0,4.0,6.2,2975,2708
10003016808,New Castle,Disability,Mobility Disability,9.6,8.3,11.2,7377,5511
10003002600,New Castle,Health-Related Social Needs,Food Insecurity,33.8,29.4,38.7,3730,2585
10001042208,Kent,Health-Related Social Needs,Food Insecurity,13.8,11.9,15.9,4016,3108
10005050601,Sussex,Health Status,Frequent Physical Distress,14.9,13.1,16.6,5391,4138
10003000602,New Castle,Health Status,Frequent Physical Distress,15.6,13.7,17.8,2876,2134
10003014803,New Castle,Health-Related Social Needs,Housing Insecurity,8.4,7.1,9.8,4150,3432
10001043400,Kent,Prevention,Annual Checkup,83.0,80.0,85.7,5648,4415
10003015900,New Castle,Disability,Any Disability,31.6,27.7,35.3,3344,2595
10003003002,New Castle,Health-Related Social Needs,Utility Services Threat,34.2,30.2,38.1,3060,2329
10005050703,Sussex,Disability,Self-care Disability,5.4,4.6,6.3,2153,1786
10005050804,Sussex,Disability,Hearing Disability,7.7,6.7,8.8,4188,3465
10003015502,New Castle,Health Outcomes,Depression,20.7,17.8,23.8,2686,2035
10003016308,New Castle,Health Outcomes,High Blood Pressure,37.7,34.2,41.3,3728,2990
10003013400,New Castle,Health Outcomes,Depression,22.0,18.7,25.2,2504,2036
10003016610,New Castle,Prevention,High Blood Pressure Medication,77.3,74.6,79.6,7062,5510
10003016612,New Castle,Health Outcomes,Stroke,2.9,2.6,3.2,6450,4739
10003013903,New Castle,Prevention,High Blood Pressure Medication,74.9,71.8,77.7,4820,3768
10003013505,New Castle,Disability,Hearing Disability,6.7,5.9,7.7,3489,2807
10003010104,New Castle,Health Outcomes,Arthritis,24.5,21.9,27.1,3620,2830
10005050806,Sussex,Health Outcomes,High Cholesterol,49.2,45.1,53.3,4454,3735
10003013700,New Castle,Health-Related Social Needs,Loneliness,34.2,30.3,38.2,4071,3177
10003010502,New Castle,Health-Related Social Needs,Food Insecurity,11.3,9.6,13.1,5779,4788
10001041804,Kent,Prevention,Health Insurance,9.6,7.8,11.5,5980,4654
10005051012,Sussex,Health-Related Social Needs,Lack of Social/Emotional Support,17.8,15.0,20.7,1908,1715
10003014706,New Castle,Health Outcomes,Obesity,34.5,29.0,40.0,2929,2180
10003016609,New Castle,Health Status,Frequent Physical Distress,10.9,9.2,12.8,5595,4312
10005050904,Sussex,Health Risk Behaviors,Binge Drinking,10.2,8.5,12.0,2592,2256
10001042100,Kent,Health Outcomes,COPD,9.1,7.9,10.3,3997,3098
10003014703,New Castle,Health Status,General Health,20.6,18.2,23.3,4827,3890
10003003002,New Castle,Health Outcomes,Cancer (non-skin) or Melanoma,2.9,2.6,3.2,3060,2329
10003013507,New Castle,Health Outcomes,All Teeth Lost,7.0,5.7,8.6,1819,1428
10005050401,Sussex,Health Status,General Health,20.9,18.0,24.3,3606,2872
10003012000,New Castle,Disability,Hearing Disability,7.2,6.3,8.2,4334,3536
10003013614,New Castle,Health Status,Frequent Mental Distress,17.7,15.6,19.7,3258,2555
10005051103,Sussex,Health Risk Behaviors,Short Sleep Duration,25.5,21.8,30.0,952,866
10003016200,New Castle,Health Status,General Health,15.4,13.2,17.8,3051,2509
10003010106,New Castle,Health-Related Social Needs,Utility Services Threat,8.1,6.8,9.6,1760,1509
10005050709,Sussex,Prevention,Dental Visit,74.1,71.2,77.1,1956,1774
10003015400,New Castle,Health Outcomes,All Teeth Lost,21.4,17.9,25.2,2932,2209
10003016307,New Castle,Prevention,Colorectal Cancer Screening,64.8,60.4,69.1,2756,2221
10003014812,New Castle,Prevention,Cholesterol Screening,89.8,88.2,91.2,4559,3628
10005050703,Sussex,Prevention,Mammography,77.3,71.7,82.6,2153,1786
10001041804,Kent,Health Outcomes,Depression,23.6,20.3,27.0,5980,4654
10001042500,Kent,Prevention,Annual Checkup,81.8,78.6,84.8,3590,2590
10003014903,New Castle,Health Risk Behaviors,Current Cigarette Smoking,16.4,13.7,19.3,7365,5269
10005051801,Sussex,Disability,Self-care Disability,5.6,5.0,6.3,5359,3933
10003016401,New Castle,Disability,Mobility Disability,12.4,10.7,14.3,6711,5269
10003000900,New Castle,Prevention,Annual Checkup,80.2,76.9,83.3,2267,1563
10005051017,Sussex,Health Outcomes,High Cholesterol,50.5,46.3,54.7,3804,3435
10003000200,New Castle,Disability,Self-care Disability,5.9,5.0,7.0,5298,4193
10003010900,New Castle,Health Risk Behaviors,Physical Inactivity,23.9,19.7,28.6,2773,2237
10003001600,New Castle,Prevention,Health Insurance,16.8,13.5,20.4,2419,1765
10003013901,New Castle,Disability,Mobility Disability,13.7,11.7,15.8,3492,2741
10005050710,Sussex,Health Risk Behaviors,Short Sleep Duration,34.6,30.0,39.9,1870,1457
10005050302,Sussex,Health-Related Social Needs,Lack of Social/Emotional Support,22.8,19.8,26.2,5521,4001
10005050403,Sussex,Health Outcomes,Obesity,36.5,30.6,42.6,3517,2621
10003015802,New Castle,Health-Related Social Needs,Loneliness,34.8,30.8,38.9,2276,1726
10003000400,New Castle,Health Outcomes,Stroke,4.5,4.0,5.2,2957,2436
10001042205,Kent,Health Risk Behaviors,Binge Drinking,11.9,9.9,14.1,3019,2312
10005050506,Sussex,Prevention,Dental Visit,63.5,60.1,67.0,4112,3099
10003013200,New Castle,Prevention,Dental Visit,56.4,52.7,60.1,2653,2074
10001042801,Kent,Health Risk Behaviors,Physical Inactivity,27.0,22.4,31.8,2007,1606
10003010800,New Castle,Disability,Mobility Disability,12.4,10.6,14.3,4796,3948
10005051103,Sussex,Health-Related Social Needs,Food Insecurity,4.8,3.7,6.1,952,866
10003013506,New Castle,Health-Related Social Needs,Transportation Barriers,3.4,2.7,4.2,4567,3785
10003002600,New Castle,Prevention,Dental Visit,46.8,43.1,50.6,3730,2585
10003011204,New Castle,Health Outcomes,Stroke,3.4,3.0,3.9,3313,2741
10005051702,Sussex,Health Outcomes,Obesity,36.0,30.1,42.1,6577,4982
10005050808,Sussex,Health-Related Social Needs,Utility Services Threat,3.7,3.0,4.4,4150,3726
10003016200,New Castle,Disability,Hearing Disability,5.8,5.0,6.6,3051,2509
10003014908,New Castle,Prevention,Annual Checkup,81.1,77.9,83.9,2425,1792
10003010300,New Castle,Prevention,Colorectal Cancer Screening,64.6,60.2,69.0,4106,3232
10003016901,New Castle,Health Outcomes,Diabetes,13.2,11.5,14.9,2364,1876
10003016309,New Castle,Health Risk Behaviors,Binge Drinking,13.7,11.6,16.0,4125,3307
10003014808,New Castle,Prevention,Annual Checkup,78.1,74.9,81.2,6476,5078
10003013613,New Castle,Health-Related Social Needs,Food Stamps,5.3,4.3,6.5,5657,4676
10003010106,New Castle,Disability,Any Disability,29.9,26.0,33.8,1760,1509
10003011205,New Castle,Health Outcomes,COPD,5.5,4.5,6.8,1968,1585
10003013000,New Castle,Health-Related Social Needs,Loneliness,31.2,27.4,35.1,1927,1515
10005051010,Sussex,Health Outcomes,High Cholesterol,50.8,46.6,54.9,2795,2452
10001043300,Kent,Health-Related Social Needs,Food Stamps,18.5,15.0,22.7,6553,5692
10001041803,Kent,Health-Related Social Needs,Lack of Social/Emotional Support,23.9,21.0,27.1,4384,3459
10005051017,Sussex,Prevention,Annual Checkup,85.7,83.1,87.9,3804,3435
10003014814,New Castle,Health Outcomes,Obesity,31.2,25.8,36.8,4361,3290
10003014706,New Castle,Health Outcomes,Depression,21.3,18.4,24.4,2929,2180
10003013000,New Castle,Health Outcomes,Stroke,3.2,2.8,3.7,1927,1515
10005050706,Sussex,Health Outcomes,All Teeth Lost,8.3,6.8,10.1,1772,1557
10005050302,Sussex,Prevention,Health Insurance,15.3,12.8,17.9,5521,4001
10003012400,New Castle,Health Status,Frequent Mental Distress,18.1,16.1,20.0,4637,3486
10003013901,New Castle,Health Outcomes,COPD,6.2,5.2,7.4,3492,2741
10005051702,Sussex,Health Outcomes,Cancer (non-skin) or Melanoma,8.7,8.0,9.6,6577,4982
10003016100,New Castle,Health-Related Social Needs,Lack of Social/Emotional Support,21.3,18.1,24.5,1961,1661
10003002300,New Castle,Health Outcomes,All Teeth Lost,22.8,19.0,26.6,3003,2091
10001042205,Kent,Health Outcomes,Coronary Heart Disease,8.0,7.2,8.8,3019,2312
10005051203,Sussex,Health Outcomes,Diabetes,12.7,10.9,14.7,792,726
10003016609,New Castle,Prevention,Dental Visit,71.3,68.1,74.4,5595,4312
10003014702,New Castle,Health Outcomes,High Cholesterol,38.4,34.7,41.9,1910,1510
10003011000,New Castle,Health Outcomes,Obesity,28.8,23.6,34.5,3201,2542
10003000300,New Castle,Health Outcomes,High Cholesterol,38.0,34.2,41.5,3012,2233
10005050407,Sussex,Health Risk Behaviors,Short Sleep Duration,36.9,32.3,42.3,5238,4210
10003016806,New Castle,Health Outcomes,Depression,21.2,18.3,24.4,6347,4487
10003015100,New Castle,Disability,Self-care Disability,4.0,3.5,4.5,3594,2808
10005051016,Sussex,Health Outcomes,Diabetes,11.3,9.7,13.2,1879,1685
10003011600,New Castle,Disability,Self-care Disability,2.4,2.0,2.9,3287,2573
10003014909,New Castle,Disability,Any Disability,31.2,27.2,35.2,6186,4652
10003014706,New Castle,Prevention,Health Insurance,7.8,6.4,9.5,2929,2180
10003012600,New Castle,Prevention,Cholesterol Screening,87.0,84.8,89.0,2945,2351
10001043300,Kent,Health-Related Social Needs,Utility Services Threat,10.9,9.2,12.8,6553,5692
10003014404,New Castle,Health Risk Behaviors,Current Cigarette Smoking,9.1,7.3,11.3,4159,3562
10005051502,Sussex,Health Outcomes,Diabetes,12.9,11.3,14.6,3228,2586
10003001100,New Castle,Prevention,Health Insurance,6.4,4.8,8.7,3375,3187
10005050104,Sussex,Prevention,Dental Visit,56.4,52.8,60.2,5031,3785
10003014906,New Castle,Health Risk Behaviors,Short Sleep Duration,42.5,37.3,47.8,5339,4098
10005051009,Sussex,Health Risk Behaviors,Current Cigarette Smoking,8.2,6.3,10.4,2313,1978
10003001300,New Castle,Health-Related Social Needs,Food Stamps,3.1,2.2,4.1,3588,3013
10003010400,New Castle,Disability,Cognitive Disability,12.3,10.6,14.0,4591,3725
10005051201,Sussex,Health Outcomes,Arthritis,37.6,33.9,41.4,1513,1391
10003000500,New Castle,Health Risk Behaviors,Physical Inactivity,32.7,27.7,37.6,3453,2515
10003013608,New Castle,Health Risk Behaviors,Physical Inactivity,22.8,18.9,26.9,1959,1543
10003014706,New Castle,Health-Related Social Needs,Loneliness,33.8,30.0,37.8,2929,2180
10003013903,New Castle,Health-Related Social Needs,Food Insecurity,15.2,12.8,17.9,4820,3768
10005050805,Sussex,Health Risk Behaviors,Short Sleep Duration,30.0,25.7,34.9,3038,2464
10003016901,New Castle,Health-Related Social Needs,Food Insecurity,13.1,10.9,15.4,2364,1876
10005051017,Sussex,Prevention,Mammography,83.1,78.6,87.4,3804,3435
10003016610,New Castle,Health Status,General Health,18.4,15.9,20.9,7062,5510
10003013611,New Castle,Health Risk Behaviors,Physical Inactivity,21.1,17.4,25.0,5572,4648
10003010200,New Castle,Disability,Self-care Disability,2.9,2.5,3.4,2034,1607
10003000200,New Castle,Health Risk Behaviors,Binge Drinking,11.4,9.5,13.3,5298,4193
10005051014,Sussex,Health Risk Behaviors,Physical Inactivity,23.0,18.0,28.3,1881,1709
10001042208,Kent,Prevention,Dental Visit,64.9,61.2,68.4,4016,3108
10005051502,Sussex,Health Outcomes,Current Asthma,10.8,9.6,12.2,3228,2586
10003011300,New Castle,Health Outcomes,Diabetes,10.7,9.1,12.3,2244,1847
10003016301,New Castle,Prevention,Colorectal Cancer Screening,65.9,61.6,70.2,7385,5955
10003014812,New Castle,Disability,Hearing Disability,4.7,4.1,5.4,4559,3628
10003013300,New Castle,Health Outcomes,Current Asthma,10.2,9.0,11.4,1907,1543
10005050603,Sussex,Health Status,Frequent Mental Distress,13.3,11.6,15.1,3956,3165
10001042802,Kent,Health Outcomes,Diabetes,13.9,12.1,15.7,5612,4350
10003015502,New Castle,Prevention,Mammography,74.4,67.8,80.1,2686,2035
10003011204,New Castle,Health Outcomes,Cancer (non-skin) or Melanoma,11.4,10.3,12.5,3313,2741
10003000300,New Castle,Health Outcomes,All Teeth Lost,21.5,18.1,25.4,3012,2233
10001043202,Kent,Health-Related Social Needs,Food Stamps,13.9,11.7,16.3,3722,2979
10005050903,Sussex,Health-Related Social Needs,Loneliness,24.6,21.3,28.2,2161,1968
10003012100,New Castle,Health Status,General Health,15.6,13.3,17.8,2901,2301
10003014812,New Castle,Health Risk Behaviors,Short Sleep Duration,33.9,29.2,39.0,4559,3628
10005050710,Sussex,Prevention,High Blood Pressure Medication,81.9,79.4,84.1,1870,1457
10001041900,Kent,Health Outcomes,Arthritis,31.3,28.2,34.5,5289,4044
10003003002,New Castle,Health-Related Social Needs,Food Stamps,60.9,54.7,66.8,3060,2329
10005050701,Sussex,Disability,Cognitive Disability,12.3,10.7,14.2,5068,4322
10003016904,New Castle,Prevention,Annual Checkup,75.7,72.0,79.0,3096,2872
10003013615,New Castle,Health Outcomes,High Blood Pressure,34.1,30.5,37.5,4107,3324
10003016307,New Castle,Health-Related Social Needs,Transportation Barriers,7.4,6.4,8.6,2756,2221
10003010300,New Castle,Health-Related Social Needs,Utility Services Threat,7.6,6.4,8.8,4106,3232
10003014703,New Castle,Health Outcomes,Depression,21.9,18.8,25.1,4827,3890
10005050200,Sussex,Health-Related Social Needs,Transportation Barriers,10.3,9.1,11.5,3744,2777
10005051015,Sussex,Health Outcomes,Depression,19.6,16.7,22.5,1877,1626
10003014705,New Castle,Prevention,Annual Checkup,77.8,74.3,81.1,5891,4572
10003000900,New Castle,Health-Related Social Needs,Transportation Barriers,21.0,18.1,24.2,2267,1563
10003016000,New Castle,Health-Related Social Needs,Utility Services Threat,13.8,11.9,15.7,2999,2265
10005051011,Sussex,Prevention,Colorectal Cancer Screening,70.9,66.9,75.1,3580,3083
10001042206,Kent,Prevention,Colorectal Cancer Screening,70.6,66.4,74.6,2822,2203
10001043000,Kent,Health Status,General Health,20.3,17.8,23.1,5414,4110
10003014502,New Castle,Health Outcomes,Stroke,1.3,1.1,1.4,7374,7189
10003011100,New Castle,Health-Related Social Needs,Housing Insecurity,6.2,5.2,7.4,2654,2282
10003011202,New Castle,Prevention,Dental Visit,71.4,68.1,74.4,4003,3308
10005050405,Sussex,Health Risk Behaviors,Current Cigarette Smoking,16.4,13.7,19.2,4378,3304
10003013505,New Castle,Disability,Self-care Disability,2.4,2.1,2.8,3489,2807
10003010105,New Castle,Disability,Independent Living Disability,7.1,6.2,8.0,2916,2113
10005050101,Sussex,Disability,Independent Living Disability,7.5,6.5,8.5,4013,3236
10003016100,New Castle,Health Status,Frequent Mental Distress,14.4,12.6,16.3,1961,1661
10003016806,New Castle,Health Risk Behaviors,Physical Inactivity,21.3,18.1,25.0,6347,4487
10005050101,Sussex,Prevention,Annual Checkup,81.6,78.4,84.4,4013,3236
10005050808,Sussex,Health-Related Social Needs,Lack of Social/Emotional Support,16.1,13.4,18.9,4150,3726
10003013700,New Castle,Health Outcomes,Obesity,33.0,27.5,38.5,4071,3177
10003012400,New Castle,Health Outcomes,Cancer (non-skin) or Melanoma,7.3,6.6,8.0,4637,3486
10005051102,Sussex,Health Outcomes,COPD,6.6,5.4,7.9,1029,970
10003013906,New Castle,Health Outcomes,Coronary Heart Disease,4.4,3.9,5.0,4648,3670
10001042205,Kent,Disability,Self-care Disability,5.2,4.7,5.7,3019,2312
10003001500,New Castle,Disability,Self-care Disability,5.3,4.6,6.0,2231,1748
10003015100,New Castle,Disability,Independent Living Disability,8.4,7.3,9.6,3594,2808
10003014909,New Castle,Disability,Cognitive Disability,15.7,13.6,17.9,6186,4652
10001042203,Kent,Prevention,Dental Visit,68.9,65.4,72.1,5705,4255
10005051202,Sussex,Health-Related Social Needs,Housing Insecurity,2.8,2.3,3.4,856,822
10003014809,New Castle,Health Outcomes,Obesity,35.2,29.5,41.1,8360,6692
10003013700,New Castle,Disability,Cognitive Disability,14.8,12.8,17.0,4071,3177
10003011206,New Castle,Health-Related Social Needs,Utility Services Threat,3.3,2.6,4.0,4319,3345
10005050806,Sussex,Health Risk Behaviors,Physical Inactivity,25.7,21.2,30.4,4454,3735
10003011800,New Castle,Disability,Cognitive Disability,8.6,7.3,9.8,4927,4135
10005050707,Sussex,Health Status,Frequent Mental Distress,12.6,10.9,14.2,2578,2285
10003015000,New Castle,Health-Related Social Needs,Lack of Social/Emotional Support,25.4,22.0,28.9,5659,4542
10003012700,New Castle,Health Outcomes,Current Asthma,10.7,9.4,12.0,4392,3592
10003014909,New Castle,Health Risk Behaviors,Short Sleep Duration,41.4,36.3,46.8,6186,4652
10005051102,Sussex,Health Outcomes,High Blood Pressure,43.3,39.3,47.1,1029,970
10003013607,New Castle,Health Risk Behaviors,Short Sleep Duration,32.9,28.3,37.9,6255,5031
10003010900,New Castle,Health-Related Social Needs,Lack of Social/Emotional Support,17.9,15.0,20.7,2773,2237
10005050103,Sussex,Disability,Hearing Disability,8.2,7.1,9.3,5063,4221
10003014803,New Castle,Health-Related Social Needs,Food Insecurity,9.9,8.3,11.8,4150,3432
10003011800,New Castle,Health Outcomes,All Teeth Lost,7.0,5.7,8.5,4927,4135
10005051010,Sussex,Health Outcomes,All Teeth Lost,7.5,6.2,9.1,2795,2452
10003014904,New Castle,Health Outcomes,Stroke,3.3,3.0,3.7,5003,4117
10005051203,Sussex,Disability,Mobility Disability,13.8,11.4,16.6,792,726
10003014904,New Castle,Health-Related Social Needs,Loneliness,33.9,29.9,37.8,5003,4117
10005051015,Sussex,Disability,Mobility Disability,14.3,11.9,17.0,1877,1626
10003001100,New Castle,Health Outcomes,Obesity,30.1,24.6,35.8,3375,3187
10001041802,Kent,Health-Related Social Needs,Utility Services Threat,7.9,6.8,9.1,6720,5103
10001042900,Kent,Prevention,Annual Checkup,82.4,79.4,85.3,5105,4056
10005050105,Sussex,Health Outcomes,COPD,8.3,7.2,9.4,5939,4388
10005051701,Sussex,Health-Related Social Needs,Transportation Barriers,7.5,6.4,8.8,4103,3258
10003010104,New Castle,Health Status,Frequent Physical Distress,12.7,11.2,14.2,3620,2830
10003015802,New Castle,Health-Related Social Needs,Food Stamps,15.2,12.5,18.4,2276,1726
10005051308,Sussex,Disability,Self-care Disability,3.7,3.1,4.5,4074,3530
10001980000,Kent,Health Outcomes,COPD,1.7,1.5,2.0,108,104
10001043000,Kent,Health-Related Social Needs,Transportation Barriers,8.0,7.0,9.0,5414,4110
10005050105,Sussex,Disability,Self-care Disability,4.6,4.1,5.1,5939,4388
10005051101,Sussex,Health Outcomes,Obesity,27.0,22.1,32.5,629,589
10003014813,New Castle,Health Status,Frequent Physical Distress,10.7,9.2,12.3,4889,3848
10003010704,New Castle,Health Outcomes,Coronary Heart Disease,5.2,4.6,5.8,3947,3149
10005050601,Sussex,Health Outcomes,All Teeth Lost,11.1,9.2,13.3,5391,4138
10003013300,New Castle,Health Outcomes,All Teeth Lost,11.1,9.1,13.2,1907,1543
10005050104,Sussex,Health Outcomes,Stroke,4.4,3.8,5.0,5031,3785
10005051400,Sussex,Health Outcomes,Obesity,34.4,28.8,40.4,3878,3033
10005050801,Sussex,Health-Related Social Needs,Housing Insecurity,8.6,7.3,10.0,3979,3225
10001043100,Kent,Health Risk Behaviors,Physical Inactivity,30.1,25.3,35.0,2573,2087
10003016608,New Castle,Health Outcomes,Coronary Heart Disease,5.6,4.9,6.4,6561,5064
10001042000,Kent,Health-Related Social Needs,Utility Services Threat,6.4,5.5,7.4,3064,2380
10003014909,New Castle,Health Outcomes,Obesity,39.0,33.0,45.1,6186,4652
10003015000,New Castle,Health Outcomes,Arthritis,26.8,24.0,29.5,5659,4542
10003013607,New Castle,Prevention,Cholesterol Screening,88.5,86.6,90.1,6255,5031
10005051313,Sussex,Health-Related Social Needs,Housing Insecurity,6.0,5.0,7.0,3144,2742
10003001902,New Castle,Health-Related Social Needs,Housing Insecurity,20.6,16.8,24.6,2113,1554
10003014909,New Castle,Health-Related Social Needs,Loneliness,35.7,31.7,39.8,6186,4652
10003011203,New Castle,Health-Related Social Needs,Food Stamps,12.8,10.1,15.5,4805,3884
10001042203,Kent,Health-Related Social Needs,Loneliness,34.3,30.6,38.4,5705,4255
10003014813,New Castle,Health Outcomes,All Teeth Lost,11.0,9.1,13.2,4889,3848
10003016807,New Castle,Health Risk Behaviors,Physical Inactivity,18.8,15.4,22.6,1901,1411
10003000300,New Castle,Health Risk Behaviors,Current Cigarette Smoking,17.7,14.4,21.2,3012,2233
10005051309,Sussex,Health Outcomes,Diabetes,13.9,11.7,16.2,1488,1407
10005051204,Sussex,Disability,Self-care Disability,2.4,2.1,2.9,652,627
10005050403,Sussex,Health Status,General Health,21.3,18.8,24.1,3517,2621
10003013505,New Castle,Health Risk Behaviors,Binge Drinking,14.1,12.0,16.5,3489,2807
10003013604,New Castle,Disability,Hearing Disability,6.1,5.3,6.9,4156,3372
10005051012,Sussex,Health Outcomes,High Blood Pressure,46.9,42.9,50.9,1908,1715
10005051801,Sussex,Prevention,Mammography,74.3,68.4,80.2,5359,3933
10001980000,Kent,Prevention,Health Insurance,13.3,10.5,16.3,108,104
10005051205,Sussex,Prevention,Health Insurance,5.2,3.9,6.8,580,543
10003015802,New Castle,Disability,Independent Living Disability,8.5,7.4,9.7,2276,1726
10003010104,New Castle,Health Outcomes,High Cholesterol,36.7,33.0,40.2,3620,2830
10005051014,Sussex,Health Outcomes,High Cholesterol,53.9,49.4,58.1,1881,1709
10005050401,Sussex,Prevention,High Blood Pressure Medication,81.2,78.5,83.7,3606,2872
10005050905,Sussex,Health Outcomes,All Teeth Lost,8.9,7.4,10.8,2848,2485
10005050506,Sussex,Health Status,Frequent Physical Distress,14.0,12.1,15.8,4112,3099
10003014403,New Castle,Health Outcomes,Arthritis,21.8,19.6,24.1,3611,2955
10005050806,Sussex,Health Status,Frequent Physical Distress,14.1,12.1,16.1,4454,3735
10003016100,New Castle,Prevention,Mammography,81.4,76.1,86.1,1961,1661
10003013610,New Castle,Disability,Independent Living Disability,5.2,4.4,6.0,5460,4534
10005051312,Sussex,Health Outcomes,Stroke,4.3,3.8,5.0,2290,2046
10003011204,New Castle,Health-Related Social Needs,Food Stamps,6.2,4.8,8.0,3313,2741
10003002900,New Castle,Health Risk Behaviors,Current Cigarette Smoking,25.2,21.2,29.2,3499,2540
10003000601,New Castle,Prevention,Cholesterol Screening,84.6,81.8,87.1,2773,2035
10003012300,New Castle,Health Risk Behaviors,Current Cigarette Smoking,16.4,13.9,19.1,2739,2159
10003011204,New Castle,Health-Related Social Needs,Loneliness,28.5,24.7,32.2,3313,2741
10001042207,Kent,Health-Related Social Needs,Loneliness,33.6,29.7,37.7,2576,1977
10003014200,New Castle,Health Status,General Health,14.2,12.2,16.4,1600,1313
10003000602,New Castle,Health Outcomes,Diabetes,18.5,16.3,20.8,2876,2134
10001041804,Kent,Health-Related Social Needs,Transportation Barriers,9.5,8.3,10.9,5980,4654
10005050806,Sussex,Health Outcomes,Current Asthma,10.4,9.1,11.7,4454,3735
10003016610,New Castle,Health Outcomes,All Teeth Lost,13.7,11.2,16.5,7062,5510
10003002400,New Castle,Disability,Vision Disability,7.5,6.6,8.4,4250,3346
10003013800,New Castle,Health-Related Social Needs,Housing Insecurity,10.3,8.7,12.2,5901,4752
10003011202,New Castle,Health Outcomes,Arthritis,29.5,26.6,32.7,4003,3308
10001043202,Kent,Health Risk Behaviors,Physical Inactivity,32.8,28.5,37.5,3722,2979
10003016614,New Castle,Prevention,High Blood Pressure Medication,71.8,68.4,74.9,6239,4474
10003011100,New Castle,Health Risk Behaviors,Physical Inactivity,20.6,17.1,24.3,2654,2282
10003012100,New Castle,Health Risk Behaviors,Short Sleep Duration,32.7,28.1,37.7,2901,2301
10003001600,New Castle,Prevention,Colorectal Cancer Screening,57.3,52.4,61.9,2419,1765
10003014811,New Castle,Health Risk Behaviors,Current Cigarette Smoking,8.2,6.4,10.0,6677,4822
10003014907,New Castle,Health Status,Frequent Physical Distress,12.9,11.4,14.4,4921,3708
10005050304,Sussex,Prevention,Mammography,78.9,73.7,83.9,4616,3670
10003011600,New Castle,Prevention,Mammography,82.1,77.0,86.6,3287,2573
10003016807,New Castle,Health-Related Social Needs,Utility Services Threat,5.3,4.4,6.3,1901,1411
10003012600,New Castle,Prevention,Dental Visit,69.8,66.5,73.0,2945,2351
10005050708,Sussex,Disability,Hearing Disability,9.3,7.9,10.7,2774,2424
10001042206,Kent,Disability,Cognitive Disability,13.1,11.5,14.8,2822,2203
10003014909,New Castle,Prevention,Health Insurance,11.2,9.1,13.2,6186,4652
10003014906,New Castle,Health Outcomes,High Cholesterol,34.8,31.2,38.3,5339,4098
10003002200,New Castle,Health Outcomes,High Cholesterol,38.1,34.6,41.6,2874,1942
10003014908,New Castle,Health-Related Social Needs,Lack of Social/Emotional Support,27.0,23.4,30.7,2425,1792
10003014100,New Castle,Prevention,High Blood Pressure Medication,74.2,71.2,76.9,4985,3693
10005051013,Sussex,Prevention,High Blood Pressure Medication,85.2,82.7,87.3,3686,3150
10003013604,New Castle,Health Risk Behaviors,Current Cigarette Smoking,8.7,6.8,10.7,4156,3372
10005050807,Sussex,Prevention,Colorectal Cancer Screening,75.0,71.5,78.8,1824,1622
10003016301,New Castle,Health Outcomes,High Cholesterol,38.0,34.3,41.6,7385,5955
10003010502,New Castle,Disability,Self-care Disability,3.3,2.9,3.7,5779,4788
10005051201,Sussex,Health Outcomes,High Cholesterol,52.4,48.2,56.5,1513,1391
10005050501,Sussex,Prevention,Colorectal Cancer Screening,65.2,61.2,69.7,4201,3285
10001041803,Kent,Health Outcomes,High Cholesterol,43.4,39.6,47.5,4384,3459
10003001500,New Castle,Prevention,Annual Checkup,79.9,76.5,82.9,2231,1748
10003014809,New Castle,Health Status,General Health,18.3,16.2,20.8,8360,6692
10001041804,Kent,Health-Related Social Needs,Loneliness,34.8,30.9,39.0,5980,4654
10003014903,New Castle,Health-Related Social Needs,Transportation Barriers,14.4,12.5,16.7,7365,5269
10005051310,Sussex,Health Outcomes,COPD,7.9,6.1,10.0,1933,1765
10001042900,Kent,Disability,Self-care Disability,5.1,4.5,5.6,5105,4056
10003016306,New Castle,Disability,Self-care Disability,4.2,3.7,4.7,4598,3569
10005050105,Sussex,Prevention,Mammography,79.5,74.4,84.5,5939,4388
10005050103,Sussex,Disability,Vision Disability,4.4,3.8,5.0,5063,4221
10003014803,New Castle,Health Risk Behaviors,Binge Drinking,14.8,12.6,17.2,4150,3432
10005050303,Sussex,Prevention,Health Insurance,12.3,10.1,14.8,2935,2313
10005051502,Sussex,Health Outcomes,All Teeth Lost,12.0,10.0,14.6,3228,2586
10005051201,Sussex,Health Risk Behaviors,Physical Inactivity,21.5,17.2,26.3,1513,1391
10003013700,New Castle,Disability,Any Disability,29.4,25.5,33.3,4071,3177
10005051314,Sussex,Prevention,High Blood Pressure Medication,86.0,83.6,88.2,2525,2271
10003013200,New Castle,Health-Related Social Needs,Lack of Social/Emotional Support,22.2,19.0,25.6,2653,2074
10003010200,New Castle,Health-Related Social Needs,Food Insecurity,10.2,8.2,12.3,2034,1607
10005050103,Sussex,Health Outcomes,Stroke,3.9,3.5,4.4,5063,4221
10003000400,New Castle,Health Outcomes,Depression,20.5,17.7,23.7,2957,2436
10003013608,New Castle,Health Risk Behaviors,Current Cigarette Smoking,11.6,9.3,14.2,1959,1543
10005051015,Sussex,Health Risk Behaviors,Short Sleep Duration,28.1,24.0,32.8,1877,1626
10003014403,New Castle,Health Status,Frequent Physical Distress,11.7,10.2,13.2,3611,2955
10003013614,New Castle,Health Outcomes,COPD,6.7,5.7,7.6,3258,2555
10003012900,New Castle,Health-Related Social Needs,Food Stamps,22.5,19.3,26.0,4823,3565
10003016309,New Castle,Health Outcomes,All Teeth Lost,13.2,10.8,16.0,4125,3307
10003011700,New Castle,Health-Related Social Needs,Transportation Barriers,2.9,2.4,3.5,4260,3465
10003010800,New Castle,Health-Related Social Needs,Food Insecurity,7.5,6.1,8.9,4796,3948
10001042206,Kent,Disability,Independent Living Disability,7.6,6.7,8.5,2822,2203
10003001500,New Castle,Health Risk Behaviors,Binge Drinking,13.6,11.4,16.0,2231,1748
10005050501,Sussex,Health Status,Frequent Mental Distress,16.4,14.5,18.2,4201,3285
10005051008,Sussex,Health Status,Frequent Mental Distress,11.3,9.8,12.9,4100,3626
10003000400,New Castle,Health Outcomes,Cancer (non-skin) or Melanoma,7.9,7.2,8.8,2957,2436
10003011700,New Castle,Health Outcomes,Diabetes,9.8,8.4,11.4,4260,3465
10003010900,New Castle,Health Outcomes,High Cholesterol,43.4,39.5,47.3,2773,2237
10003013700,New Castle,Health Outcomes,Depression,22.2,19.1,25.4,4071,3177
10005051701,Sussex,Disability,Independent Living Disability,9.0,7.7,10.3,4103,3258
10005051900,Sussex,Health Status,Frequent Mental Distress,15.7,13.9,17.6,4760,3685
10005051400,Sussex,Health Risk Behaviors,Current Cigarette Smoking,14.3,12.2,16.5,3878,3033
10003013100,New Castle,Health-Related Social Needs,Housing Insecurity,11.6,9.8,13.5,2248,1833
10005051701,Sussex,Prevention,High Blood Pressure Medication,79.6,76.9,82.1,4103,3258
10003001902,New Castle,Disability,Cognitive Disability,15.9,13.4,18.9,2113,1554
10003014702,New Castle,Health Outcomes,All Teeth Lost,13.1,10.8,15.6,1910,1510
10003015200,New Castle,Health-Related Social Needs,Transportation Barriers,10.7,9.3,12.0,5783,4501
10005051312,Sussex,Health Outcomes,Cancer (non-skin) or Melanoma,14.7,13.3,16.0,2290,2046
10001041804,Kent,Disability,Cognitive Disability,15.7,13.8,17.8,5980,4654
10003010502,New Castle,Prevention,Health Insurance,6.6,5.5,8.0,5779,4788
10003011600,New Castle,Health Outcomes,Coronary Heart Disease,5.4,4.7,6.3,3287,2573
10001042100,Kent,Disability,Any Disability,36.7,32.6,41.1,3997,3098
10003001600,New Castle,Disability,Hearing Disability,5.4,4.7,6.0,2419,1765
10005050506,Sussex,Disability,Self-care Disability,3.8,3.2,4.3,4112,3099
10003012900,New Castle,Health Outcomes,High Blood Pressure,35.6,32.2,38.9,4823,3565
10003014502,New Castle,Health-Related Social Needs,Food Stamps,33.0,26.9,38.3,7374,7189
10003010106,New Castle,Prevention,Health Insurance,9.3,7.1,11.7,1760,1509
10001042207,Kent,Health Risk Behaviors,Binge Drinking,13.2,11.0,15.7,2576,1977
10005051302,Sussex,Prevention,Mammography,80.6,75.6,85.4,4907,4337
10003001100,New Castle,Health-Related Social Needs,Lack of Social/Emotional Support,17.5,14.6,20.6,3375,3187
10003016613,New Castle,Health-Related Social Needs,Housing Insecurity,14.0,11.7,16.5,6109,4337
10003011700,New Castle,Health Status,General Health,10.3,8.5,12.4,4260,3465
10003012100,New Castle,Disability,Hearing Disability,6.0,5.2,6.8,2901,2301
10001041702,Kent,Health Outcomes,Depression,20.9,18.0,24.3,4472,3405
10003015900,New Castle,Health Risk Behaviors,Binge Drinking,15.0,12.7,17.5,3344,2595
10005051015,Sussex,Health-Related Social Needs,Food Stamps,5.9,4.3,7.7,1877,1626
10003015802,New Castle,Health Outcomes,Current Asthma,10.3,9.1,11.5,2276,1726
10003014403,New Castle,Health Outcomes,Diabetes,9.9,8.7,11.2,3611,2955
10005051307,Sussex,Health Risk Behaviors,Short Sleep Duration,27.1,23.1,31.9,2975,2708
10005050804,Sussex,Health Outcomes,Coronary Heart Disease,7.9,7.0,9.0,4188,3465
10003002400,New Castle,Disability,Any Disability,36.1,31.9,40.2,4250,3346
10003014814,New Castle,Disability,Self-care Disability,2.7,2.4,3.0,4361,3290
10003016904,New Castle,Health Status,Frequent Physical Distress,15.2,13.4,17.2,3096,2872
10003016609,New Castle,Health Risk Behaviors,Current Cigarette Smoking,9.7,7.2,12.5,5595,4312
10003014703,New Castle,Prevention,High Blood Pressure Medication,75.5,72.7,77.9,4827,3890
10003001902,New Castle,Health Outcomes,Depression,21.1,18.0,24.4,2113,1554
10003013612,New Castle,Health Outcomes,Coronary Heart Disease,5.3,4.7,5.9,6158,4926
10005051101,Sussex,Prevention,Colorectal Cancer Screening,80.6,77.5,83.6,629,589
10003013507,New Castle,Health Outcomes,Cancer (non-skin) or Melanoma,11.2,10.2,12.3,1819,1428
10003000602,New Castle,Health Outcomes,Arthritis,28.6,25.6,31.5,2876,2134
10003014200,New Castle,Health Risk Behaviors,Short Sleep Duration,32.6,28.0,37.7,1600,1313
10005051309,Sussex,Health-Related Social Needs,Housing Insecurity,4.7,3.7,5.9,1488,1407
10003014808,New Castle,Prevention,Mammography,79.7,74.4,84.5,6476,5078
10003002600,New Castle,Disability,Self-care Disability,6.4,5.6,7.3,3730,2585
10005050405,Sussex,Health Risk Behaviors,Physical Inactivity,29.4,24.8,34.1,4378,3304
10005050703,Sussex,Health Risk Behaviors,Binge Drinking,12.5,10.6,14.8,2153,1786
10003001200,New Castle,Health-Related Social Needs,Food Insecurity,6.0,4.3,8.3,1605,1454
10001042100,Kent,Disability,Vision Disability,5.7,5.1,6.3,3997,3098
10003013506,New Castle,Health Outcomes,Diabetes,9.5,8.1,11.0,4567,3785
10001043400,Kent,Health Outcomes,High Cholesterol,41.9,38.0,45.9,5648,4415
10003016200,New Castle,Health Risk Behaviors,Short Sleep Duration,34.0,29.3,38.9,3051,2509
10003014000,New Castle,Disability,Hearing Disability,5.9,5.1,6.6,5441,4349
10003013507,New Castle,Health Outcomes,High Cholesterol,42.6,38.8,46.4,1819,1428
10005050709,Sussex,Disability,Independent Living Disability,6.9,5.6,8.5,1956,1774
10003012700,New Castle,Health Risk Behaviors,Physical Inactivity,31.3,26.5,36.0,4392,3592
10005050904,Sussex,Disability,Mobility Disability,19.2,15.7,23.2,2592,2256
10003011201,New Castle,Prevention,Cholesterol Screening,87.8,85.6,89.7,2421,1946
10003010703,New Castle,Prevention,Colorectal Cancer Screening,66.5,62.1,70.7,2036,1556
10003016301,New Castle,Health Outcomes,Arthritis,24.9,22.4,27.5,7385,5955
10003016608,New Castle,Prevention,Health Insurance,6.2,4.9,7.7,6561,5064
10003013613,New Castle,Health Outcomes,High Blood Pressure,31.6,28.4,35.0,5657,4676
10003002200,New Castle,Health-Related Social Needs,Lack of Social/Emotional Support,30.9,26.9,34.9,2874,1942
10003014501,New Castle,Health Outcomes,Cancer (non-skin) or Melanoma,3.3,3.0,3.7,2134,1931
10005051501,Sussex,Prevention,Cholesterol Screening,87.1,85.2,88.8,2246,1737
10005050604,Sussex,Health Outcomes,Stroke,4.8,4.3,5.4,4674,3611
10005050711,Sussex,Disability,Any Disability,37.8,32.9,42.9,1505,1256
10003014908,New Castle,Disability,Independent Living Disability,10.6,9.1,12.2,2425,1792
10005050711,Sussex,Health Outcomes,Depression,22.9,19.6,26.4,1505,1256
10005050200,Sussex,Prevention,High Blood Pressure Medication,78.7,76.0,81.1,3744,2777
10005051013,Sussex,Health-Related Social Needs,Food Insecurity,8.5,6.9,10.3,3686,3150
10003014502,New Castle,Health Outcomes,Cancer (non-skin) or Melanoma,1.5,1.4,1.7,7374,7189
10001042500,Kent,Health Outcomes,Arthritis,29.9,27.0,33.1,3590,2590
10003013905,New Castle,Health Risk Behaviors,Physical Inactivity,21.6,17.9,25.7,4169,3100
10005050601,Sussex,Prevention,Colorectal Cancer Screening,67.0,63.0,71.3,5391,4138
10005051310,Sussex,Health Outcomes,Arthritis,38.5,34.6,42.6,1933,1765
10005050710,Sussex,Health-Related Social Needs,Food Insecurity,17.0,14.5,19.7,1870,1457
10001042500,Kent,Health Status,General Health,27.7,24.7,31.3,3590,2590
10001042204,Kent,Health Outcomes,Current Asthma,12.0,10.6,13.5,4773,3481
10005051309,Sussex,Prevention,Cholesterol Screening,93.9,92.7,94.9,1488,1407
10005050903,Sussex,Disability,Cognitive Disability,8.1,6.7,9.8,2161,1968
10001041803,Kent,Prevention,Annual Checkup,83.2,80.2,85.9,4384,3459
10003013501,New Castle,Prevention,Mammography,80.8,75.6,85.3,7213,5880
10003011500,New Castle,Health Outcomes,Depression,22.2,19.1,25.5,2908,2308
10003013300,New Castle,Health Outcomes,High Cholesterol,40.4,36.6,44.1,1907,1543
10003016308,New Castle,Health-Related Social Needs,Loneliness,35.6,31.6,39.6,3728,2990
10003010704,New Castle,Disability,Hearing Disability,4.6,4.1,5.2,3947,3149
10003016610,New Castle,Health-Related Social Needs,Loneliness,31.8,28.0,35.7,7062,5510
10003002600,New Castle,Health Status,Frequent Physical Distress,16.1,14.1,18.0,3730,2585
10003012700,New Castle,Health Outcomes,Arthritis,29.7,26.6,32.4,4392,3592
10005051802,Sussex,Health Outcomes,All Teeth Lost,22.4,19.2,26.4,4354,3076
10001042000,Kent,Health-Related Social Needs,Food Stamps,11.1,9.1,13.4,3064,2380
10005050302,Sussex,Health Outcomes,Stroke,4.3,3.8,4.7,5521,4001
10003014402,New Castle,Health Outcomes,COPD,5.7,4.7,6.7,2807,2383
10003011206,New Castle,Health Outcomes,High Blood Pressure,33.6,29.9,37.2,4319,3345
10003012100,New Castle,Disability,Vision Disability,3.8,3.4,4.4,2901,2301
10003011900,New Castle,Health Status,General Health,13.9,11.8,16.3,3298,2592
10005050408,Sussex,Health-Related Social Needs,Loneliness,32.6,29.0,36.6,4534,3546
10003010106,New Castle,Health Outcomes,Obesity,30.8,25.5,36.0,1760,1509
10003013800,New Castle,Health-Related Social Needs,Food Insecurity,12.6,10.3,15.2,5901,4752
10005050805,Sussex,Health-Related Social Needs,Food Insecurity,8.3,6.9,9.9,3038,2464
10003014402,New Castle,Health-Related Social Needs,Food Stamps,9.1,7.0,11.6,2807,2383
10005051011,Sussex,Health-Related Social Needs,Transportation Barriers,4.3,3.6,5.0,3580,3083
10005050506,Sussex,Health Risk Behaviors,Binge Drinking,15.0,12.7,17.6,4112,3099
10005050503,Sussex,Health Outcomes,Coronary Heart Disease,8.5,7.7,9.3,5604,3737
10003013505,New Castle,Health Outcomes,Coronary Heart Disease,6.5,5.7,7.4,3489,2807
10003013800,New Castle,Health Risk Behaviors,Binge Drinking,15.6,13.2,18.1,5901,4752
10003015900,New Castle,Health Outcomes,Obesity,36.1,30.3,42.2,3344,2595
10003002300,New Castle,Health Status,General Health,29.0,25.5,32.4,3003,2091
10005051202,Sussex,Disability,Vision Disability,3.1,2.7,3.6,856,822
10005051307,Sussex,Health Status,General Health,19.8,15.8,24.2,2975,2708
10005050603,Sussex,Disability,Independent Living Disability,6.3,5.3,7.3,3956,3165
10003016807,New Castle,Prevention,Colorectal Cancer Screening,64.7,60.5,68.9,1901,1411
10003011600,New Castle,Health-Related Social Needs,Food Insecurity,7.0,5.4,9.1,3287,2573
10005051014,Sussex,Health Outcomes,All Teeth Lost,7.6,6.3,9.3,1881,1709
10003013200,New Castle,Health-Related Social Needs,Utility Services Threat,7.9,6.7,9.2,2653,2074
10003014907,New Castle,Health-Related Social Needs,Utility Services Threat,10.6,9.1,12.1,4921,3708
10005051302,Sussex,Prevention,High Blood Pressure Medication,85.2,82.6,87.5,4907,4337
10005051310,Sussex,Health Outcomes,High Blood Pressure,45.9,41.4,50.3,1933,1765
10003010104,New Castle,Prevention,Health Insurance,9.6,7.8,11.8,3620,2830
10005051310,Sussex,Disability,Independent Living Disability,5.8,4.7,7.1,1933,1765
10005051017,Sussex,Health-Related Social Needs,Food Stamps,4.5,3.1,6.4,3804,3435
10005050905,Sussex,Health-Related Social Needs,Food Stamps,5.4,4.3,6.9,2848,2485
10003013400,New Castle,Health Outcomes,COPD,6.4,5.0,8.1,2504,2036
10005050807,Sussex,Prevention,Cholesterol Screening,91.4,89.8,92.8,1824,1622
10003016612,New Castle,Health-Related Social Needs,Food Insecurity,8.8,7.3,10.5,6450,4739
10003014702,New Castle,Health Outcomes,Stroke,3.5,3.1,3.9,1910,1510
10005051203,Sussex,Prevention,Annual Checkup,88.5,86.3,90.4,792,726
10003012100,New Castle,Prevention,Colorectal Cancer Screening,67.4,63.3,71.4,2901,2301
10001042204,Kent,Health Outcomes,Arthritis,25.9,23.2,28.9,4773,3481
10005050709,Sussex,Prevention,Colorectal Cancer Screening,78.9,75.7,82.2,1956,1774
10003002500,New Castle,Health Risk Behaviors,Physical Inactivity,30.4,25.9,34.9,3235,2443
10005050506,Sussex,Health-Related Social Needs,Lack of Social/Emotional Support,21.6,18.7,24.7,4112,3099
10005051308,Sussex,Health Outcomes,Obesity,32.0,26.3,38.0,4074,3530
10003000601,New Castle,Prevention,Colorectal Cancer Screening,59.0,54.3,63.5,2773,2035
10005050708,Sussex,Disability,Self-care Disability,3.6,3.0,4.4,2774,2424
10003002400,New Castle,Health Status,General Health,25.0,21.9,28.1,4250,3346
10005051802,Sussex,Prevention,Cholesterol Screening,84.9,82.6,86.9,4354,3076
10003013612,New Castle,Health Risk Behaviors,Short Sleep Duration,29.2,24.9,33.9,6158,4926
10005050501,Sussex,Prevention,Dental Visit,58.9,55.3,62.7,4201,3285
10003012000,New Castle,Health-Related Social Needs,Food Insecurity,13.9,11.9,16.2,4334,3536
10003014903,New Castle,Disability,Mobility Disability,17.3,15.0,19.7,7365,5269
10003012600,New Castle,Prevention,Annual Checkup,77.0,73.4,80.3,2945,2351
10003016308,New Castle,Health-Related Social Needs,Lack of Social/Emotional Support,27.7,24.3,31.4,3728,2990
10005051017,Sussex,Health Outcomes,Cancer (non-skin) or Melanoma,14.0,12.6,15.5,3804,3435
10003010200,New Castle,Health Risk Behaviors,Physical Inactivity,22.5,18.6,26.7,2034,1607
10003012400,New Castle,Disability,Self-care Disability,4.4,3.9,4.9,4637,3486
10003014803,New Castle,Health Status,Frequent Mental Distress,13.9,12.2,15.8,4150,3432
10005050408,Sussex,Health Outcomes,Cancer (non-skin) or Melanoma,8.8,8.0,9.7,4534,3546
10003013506,New Castle,Disability,Vision Disability,2.4,2.0,2.9,4567,3785
10001042203,Kent,Health-Related Social Needs,Transportation Barriers,6.8,5.9,7.7,5705,4255
10005050302,Sussex,Health Status,Frequent Physical Distress,16.6,14.6,18.3,5521,4001
10003012900,New Castle,Health Outcomes,Current Asthma,11.0,9.7,12.3,4823,3565
10005050503,Sussex,Disability,Mobility Disability,22.4,20.0,24.6,5604,3737
10003012200,New Castle,Health Risk Behaviors,Physical Inactivity,30.1,25.8,35.0,4676,3581
10005050703,Sussex,Health Status,Frequent Mental Distress,15.3,13.4,17.2,2153,1786
10003001100,New Castle,Health Outcomes,High Cholesterol,38.0,34.4,41.7,3375,3187
10001042100,Kent,Health Outcomes,Coronary Heart Disease,7.6,6.8,8.5,3997,3098
10001042207,Kent,Health-Related Social Needs,Transportation Barriers,8.9,7.6,10.2,2576,1977
10001041702,Kent,Health-Related Social Needs,Food Stamps,10.3,8.6,12.2,4472,3405
10003014501,New Castle,Health Status,General Health,26.8,21.5,33.8,2134,1931
10005050703,Sussex,Health Outcomes,Obesity,36.0,30.0,42.1,2153,1786
10003016808,New Castle,Health-Related Social Needs,Transportation Barriers,6.2,5.2,7.2,7377,5511
10005051008,Sussex,Health-Related Social Needs,Loneliness,26.4,23.0,30.2,4100,3626
10005051016,Sussex,Health Outcomes,High Cholesterol,50.0,45.8,54.1,1879,1685
10003000200,New Castle,Disability,Any Disability,34.5,30.0,39.2,5298,4193
10005050804,Sussex,Health-Related Social Needs,Transportation Barriers,5.3,4.6,6.1,4188,3465
10001042100,Kent,Disability,Hearing Disability,7.8,6.9,8.8,3997,3098
10003013611,New Castle,Disability,Self-care Disability,2.7,2.3,3.1,5572,4648
10003015000,New Castle,Health Outcomes,High Cholesterol,38.4,34.7,41.9,5659,4542
10003014903,New Castle,Prevention,Dental Visit,54.2,50.5,57.8,7365,5269
10003014811,New Castle,Prevention,Mammography,80.5,75.1,85.4,6677,4822
10001041802,Kent,Disability,Self-care Disability,3.3,3.0,3.7,6720,5103
10005050105,Sussex,Disability,Any Disability,32.6,28.7,36.6,5939,4388
10003013400,New Castle,Health-Related Social Needs,Loneliness,29.2,25.3,33.2,2504,2036
10003013505,New Castle,Prevention,Health Insurance,4.5,3.6,5.6,3489,2807
10003013905,New Castle,Health Outcomes,Diabetes,8.1,7.0,9.2,4169,3100
10003013400,New Castle,Health Risk Behaviors,Short Sleep Duration,31.0,26.5,35.7,2504,2036
10003016306,New Castle,Health Outcomes,COPD,6.3,5.4,7.2,4598,3569
10001041804,Kent,Prevention,Colorectal Cancer Screening,65.2,60.6,69.6,5980,4654
10001042500,Kent,Health Outcomes,Current Asthma,13.5,12.0,15.2,3590,2590
10003016901,New Castle,Disability,Any Disability,33.3,29.4,37.2,2364,1876
10003013905,New Castle,Health Status,Frequent Physical Distress,9.4,8.2,10.7,4169,3100
10003016200,New Castle,Prevention,Health Insurance,7.4,5.9,9.0,3051,2509
10003000200,New Castle,Disability,Vision Disability,7.4,6.3,8.6,5298,4193
10001042207,Kent,Health Risk Behaviors,Current Cigarette Smoking,15.0,12.4,17.9,2576,1977
10003014808,New Castle,Health Status,Frequent Mental Distress,16.6,14.7,18.5,6476,5078
10003014100,New Castle,Health-Related Social Needs,Food Stamps,19.2,15.9,22.7,4985,3693
10003013507,New Castle,Prevention,Annual Checkup,81.5,78.4,84.2,1819,1428
10003012000,New Castle,Health Outcomes,Coronary Heart Disease,7.2,6.3,8.1,4334,3536
10005050711,Sussex,Disability,Vision Disability,7.1,6.1,8.3,1505,1256
10003013000,New Castle,Health Outcomes,All Teeth Lost,14.0,11.6,16.8,1927,1515
10003010704,New Castle,Health Status,General Health,17.3,15.2,19.7,3947,3149
10005050408,Sussex,Health Risk Behaviors,Short Sleep Duration,37.3,32.6,42.7,4534,3546
10005051103,Sussex,Health Outcomes,Obesity,28.2,22.9,33.6,952,866
10005050701,Sussex,Prevention,Annual Checkup,84.2,81.4,86.7,5068,4322
10003013100,New Castle,Prevention,Health Insurance,10.9,8.8,13.5,2248,1833
10003014810,New Castle,Health-Related Social Needs,Food Insecurity,11.8,10.0,13.8,7083,5613
10003014705,New Castle,Disability,Cognitive Disability,14.9,12.9,17.0,5891,4572
10003015400,New Castle,Health-Related Social Needs,Loneliness,36.7,32.6,40.9,2932,2209
10005051009,Sussex,Health-Related Social Needs,Lack of Social/Emotional Support,15.4,13.0,18.0,2313,1978
10003016610,New Castle,Prevention,Health Insurance,8.5,7.0,10.2,7062,5510
10003014501,New Castle,Health Outcomes,Current Asthma,12.9,11.0,14.7,2134,1931
10005051103,Sussex,Disability,Any Disability,24.6,21.1,28.5,952,866
10003016805,New Castle,Health Outcomes,High Cholesterol,41.7,38.0,45.5,1723,1396
10001043000,Kent,Health Outcomes,COPD,7.8,6.8,8.9,5414,4110
10003016309,New Castle,Health Outcomes,Stroke,4.1,3.6,4.5,4125,3307
10003014301,New Castle,Health-Related Social Needs,Housing Insecurity,5.0,4.0,6.1,1317,1092
10003014502,New Castle,Health Outcomes,Current Asthma,13.5,11.9,15.1,7374,7189
10003011203,New Castle,Disability,Cognitive Disability,13.1,11.3,15.1,4805,3884
10005050903,Sussex,Health Outcomes,High Cholesterol,53.0,48.8,57.1,2161,1968
10003016100,New Castle,Prevention,Annual Checkup,82.1,79.2,84.8,1961,1661
10003016807,New Castle,Health-Related Social Needs,Food Insecurity,8.2,6.6,10.1,1901,1411
10001042203,Kent,Prevention,High Blood Pressure Medication,76.4,73.6,79.0,5705,4255
10005051502,Sussex,Health Outcomes,Stroke,4.1,3.6,4.5,3228,2586
10001042500,Kent,Health Outcomes,High Cholesterol,39.0,35.4,42.8,3590,2590
10003013506,New Castle,Health-Related Social Needs,Housing Insecurity,4.4,3.4,5.7,4567,3785
10005050403,Sussex,Disability,Vision Disability,5.6,5.0,6.2,3517,2621
10003002600,New Castle,Health Risk Behaviors,Physical Inactivity,38.0,32.8,42.9,3730,2585
10005051307,Sussex,Health-Related Social Needs,Housing Insecurity,6.0,4.6,7.6,2975,2708
10005051011,Sussex,Disability,Vision Disability,3.8,3.3,4.5,3580,3083
10005051502,Sussex,Health Outcomes,Cancer (non-skin) or Melanoma,9.9,9.0,10.9,3228,2586
10003016309,New Castle,Health Outcomes,Obesity,37.9,31.8,43.7,4125,3307
10005050603,Sussex,Disability,Cognitive Disability,10.4,8.8,12.1,3956,3165
10005051311,Sussex,Health-Related Social Needs,Loneliness,24.1,20.5,27.7,1832,1712
10003011205,New Castle,Disability,Mobility Disability,11.7,9.8,13.9,1968,1585
10003014808,New Castle,Disability,Independent Living Disability,7.4,6.5,8.3,6476,5078
10005050505,Sussex,Health Outcomes,High Cholesterol,39.1,35.5,42.7,2420,2212
10003016301,New Castle,Health Outcomes,Diabetes,12.3,10.9,14.0,7385,5955
10005051010,Sussex,Disability,Cognitive Disability,9.7,8.2,11.3,2795,2452
10005050711,Sussex,Health Risk Behaviors,Binge Drinking,12.9,10.9,15.3,1505,1256
10003013607,New Castle,Disability,Any Disability,25.6,22.3,29.2,6255,5031
10005051013,Sussex,Health Outcomes,Obesity,31.8,26.3,37.4,3686,3150
10003015000,New Castle,Health Risk Behaviors,Physical Inactivity,31.9,27.4,36.4,5659,4542
10001042900,Kent,Health-Related Social Needs,Utility Services Threat,8.4,7.2,9.6,5105,4056
10001042801,Kent,Prevention,Health Insurance,7.5,5.7,9.4,2007,1606
10005050710,Sussex,Disability,Hearing Disability,9.7,8.5,10.8,1870,1457
10005050104,Sussex,Health Risk Behaviors,Physical Inactivity,33.5,28.4,38.7,5031,3785
10005050904,Sussex,Health Outcomes,Depression,19.5,16.5,22.6,2592,2256
10005051314,Sussex,Health Outcomes,All Teeth Lost,7.8,6.5,9.5,2525,2271
10005051010,Sussex,Health-Related Social Needs,Food Stamps,6.1,4.8,7.8,2795,2452
10005051801,Sussex,Disability,Any Disability,36.8,32.6,40.9,5359,3933
10001043300,Kent,Health Outcomes,Coronary Heart Disease,4.7,4.2,5.3,6553,5692
10003013615,New Castle,Health Outcomes,Arthritis,27.0,24.2,29.9,4107,3324
10003012600,New Castle,Health-Related Social Needs,Transportation Barriers,6.6,5.5,7.9,2945,2351
10003016612,New Castle,Health Status,Frequent Physical Distress,10.8,9.5,12.2,6450,4739
10003014402,New Castle,Disability,Any Disability,27.9,24.0,31.8,2807,2383
10003013000,New Castle,Health Risk Behaviors,Binge Drinking,16.6,14.0,19.3,1927,1515
10005051312,Sussex,Health Status,Frequent Physical Distress,13.8,11.9,15.8,2290,2046
10005050706,Sussex,Health Outcomes,Coronary Heart Disease,9.2,8.2,10.4,1772,1557
10003016401,New Castle,Health-Related Social Needs,Housing Insecurity,11.1,9.2,13.0,6711,5269
10003011300,New Castle,Health Outcomes,High Cholesterol,42.2,38.3,45.9,2244,1847
10003000200,New Castle,Disability,Hearing Disability,5.3,4.6,6.0,5298,4193
10003013611,New Castle,Prevention,Mammography,76.6,70.4,82.1,5572,4648
10005050801,Sussex,Disability,Mobility Disability,13.9,12.0,16.0,3979,3225
10001041803,Kent,Health-Related Social Needs,Food Insecurity,20.1,17.8,22.7,4384,3459
10005051309,Sussex,Health Status,General Health,16.3,13.1,20.0,1488,1407
10003001400,New Castle,Health Outcomes,High Blood Pressure,39.9,36.4,43.5,2103,1727
10001042000,Kent,Health Outcomes,Depression,24.8,21.4,28.6,3064,2380
10003014403,New Castle,Health Risk Behaviors,Physical Inactivity,23.9,19.9,27.9,3611,2955
10005051013,Sussex,Disability,Hearing Disability,9.0,8.0,10.2,3686,3150
10005050405,Sussex,Prevention,Dental Visit,59.0,55.5,62.8,4378,3304
10003014811,New Castle,Disability,Self-care Disability,2.1,1.8,2.4,6677,4822
10003013505,New Castle,Health Risk Behaviors,Physical Inactivity,19.9,16.3,23.6,3489,2807
10005051013,Sussex,Disability,Vision Disability,4.3,3.8,4.9,3686,3150
10003001100,New Castle,Health Outcomes,Diabetes,11.1,9.7,12.6,3375,3187
10003013508,New Castle,Health Outcomes,COPD,4.1,3.3,5.0,5655,4419
10003015100,New Castle,Health-Related Social Needs,Food Stamps,13.1,10.8,15.6,3594,2808
10005050103,Sussex,Health Status,General Health,17.2,14.7,19.8,5063,4221
10003011100,New Castle,Health Status,General Health,13.9,11.8,15.9,2654,2282
10003010703,New Castle,Health Status,General Health,19.7,17.1,22.4,2036,1556
10003015100,New Castle,Health Outcomes,Depression,22.0,18.9,25.1,3594,2808
10003000900,New Castle,Disability,Cognitive Disability,21.2,18.3,24.3,2267,1563
10001043202,Kent,Health Outcomes,Depression,24.7,21.4,28.5,3722,2979
10003016608,New Castle,Health Risk Behaviors,Short Sleep Duration,32.6,28.0,37.6,6561,5064
10005050501,Sussex,Disability,Self-care Disability,4.2,3.7,4.7,4201,3285
10003015900,New Castle,Disability,Self-care Disability,4.0,3.5,4.5,3344,2595
10003012700,New Castle,Health Outcomes,High Blood Pressure,38.1,34.5,41.6,4392,3592
10003016404,New Castle,Health Outcomes,Arthritis,27.5,24.7,30.3,3334,2622
10003014903,New Castle,Health-Related Social Needs,Housing Insecurity,22.7,19.6,26.1,7365,5269
10005050804,Sussex,Health Risk Behaviors,Short Sleep Duration,31.3,27.0,36.2,4188,3465
10003016401,New Castle,Health-Related Social Needs,Utility Services Threat,7.0,5.8,8.2,6711,5269
10003010502,New Castle,Health Outcomes,Depression,22.2,19.0,25.4,5779,4788
10005051204,Sussex,Health Outcomes,COPD,6.1,5.0,7.4,652,627
10003016904,New Castle,Health Outcomes,Cancer (non-skin) or Melanoma,6.9,6.2,7.5,3096,2872
10005051014,Sussex,Health-Related Social Needs,Utility Services Threat,3.1,2.5,3.8,1881,1709
10003016308,New Castle,Disability,Independent Living Disability,8.6,7.3,9.9,3728,2990
10001043300,Kent,Health-Related Social Needs,Housing Insecurity,17.0,14.2,20.0,6553,5692
10005050805,Sussex,Disability,Hearing Disability,8.0,7.0,9.0,3038,2464
10003015502,New Castle,Health Risk Behaviors,Binge Drinking,12.8,10.8,15.0,2686,2035
10003014813,New Castle,Health Outcomes,Coronary Heart Disease,4.4,3.9,5.0,4889,3848
10003001400,New Castle,Health-Related Social Needs,Utility Services Threat,12.7,10.9,14.8,2103,1727
10005051205,Sussex,Prevention,High Blood Pressure Medication,87.1,84.7,89.1,580,543
10003014814,New Castle,Disability,Vision Disability,3.5,3.1,3.9,4361,3290
10003016611,New Castle,Health-Related Social Needs,Loneliness,30.7,26.8,34.5,7851,5645
10003014404,New Castle,Prevention,Dental Visit,66.5,62.9,70.0,4159,3562
10005050806,Sussex,Disability,Self-care Disability,3.7,3.1,4.3,4454,3735
10005051314,Sussex,Health-Related Social Needs,Transportation Barriers,3.9,3.3,4.5,2525,2271
10005051014,Sussex,Prevention,Dental Visit,71.7,68.5,75.0,1881,1709
10003014907,New Castle,Health Risk Behaviors,Physical Inactivity,28.4,24.2,32.6,4921,3708
10003014812,New Castle,Prevention,Colorectal Cancer Screening,70.2,66.2,74.1,4559,3628
10005051308,Sussex,Health Outcomes,Diabetes,14.1,12.0,16.3,4074,3530
10003011205,New Castle,Disability,Any Disability,25.3,21.8,29.2,1968,1585
10005050403,Sussex,Health Risk Behaviors,Short Sleep Duration,35.9,31.3,41.2,3517,2621
10005051102,Sussex,Health Status,Frequent Mental Distress,10.0,8.7,11.4,1029,970
10001042205,Kent,Health-Related Social Needs,Utility Services Threat,10.9,9.6,12.4,3019,2312
10003013615,New Castle,Health Outcomes,COPD,6.3,5.3,7.4,4107,3324
10003010300,New Castle,Health-Related Social Needs,Housing Insecurity,12.3,10.4,14.3,4106,3232
10003015502,New Castle,Health-Related Social Needs,Food Insecurity,28.4,24.1,32.7,2686,2035
10003014814,New Castle,Prevention,Dental Visit,69.2,65.8,72.5,4361,3290
10005050601,Sussex,Prevention,Dental Visit,59.4,55.8,63.1,5391,4138
10003013100,New Castle,Health Outcomes,Depression,23.1,19.9,26.5,2248,1833
10003016805,New Castle,Health Outcomes,Cancer (non-skin) or Melanoma,10.1,9.1,11.1,1723,1396
10005051309,Sussex,Health-Related Social Needs,Transportation Barriers,3.8,3.1,4.7,1488,1407
10005050505,Sussex,Health Outcomes,Current Asthma,9.6,8.4,10.8,2420,2212
10003002100,New Castle,Health Outcomes,Coronary Heart Disease,9.4,8.4,10.5,1809,1283
10005050703,Sussex,Health Outcomes,Depression,21.0,17.9,24.2,2153,1786
10003010105,New Castle,Health Outcomes,COPD,4.5,3.9,5.1,2916,2113
10003002700,New Castle,Health Outcomes,Cancer (non-skin) or Melanoma,4.4,4.0,4.8,2990,2310
10003016901,New Castle,Health Risk Behaviors,Physical Inactivity,27.5,23.3,31.7,2364,1876
10003010400,New Castle,Health Status,Frequent Mental Distress,15.4,13.6,17.4,4591,3725
10005050603,Sussex,Health-Related Social Needs,Loneliness,28.6,24.9,32.4,3956,3165
10005050708,Sussex,Health-Related Social Needs,Food Insecurity,8.9,6.9,11.3,2774,2424
10005051313,Sussex,Health Status,General Health,18.0,15.5,20.9,3144,2742
10003015200,New Castle,Health-Related Social Needs,Housing Insecurity,17.6,15.2,19.8,5783,4501
10005050303,Sussex,Health Risk Behaviors,Binge Drinking,14.7,12.4,17.2,2935,2313
10003002900,New Castle,Prevention,Health Insurance,16.3,13.0,20.4,3499,2540
10003013615,New Castle,Health Outcomes,Current Asthma,9.9,8.7,11.1,4107,3324
10003015000,New Castle,Health Status,Frequent Physical Distress,14.6,13.0,16.3,5659,4542
10003013800,New Castle,Health Risk Behaviors,Current Cigarette Smoking,10.8,9.0,12.8,5901,4752
10003014200,New Castle,Health-Related Social Needs,Loneliness,30.3,26.4,34.2,1600,1313
10003011500,New Castle,Disability,Self-care Disability,2.8,2.3,3.4,2908,2308
10001042000,Kent,Disability,Self-care Disability,4.0,3.5,4.5,3064,2380
10001042205,Kent,Health-Related Social Needs,Food Stamps,19.4,16.8,22.4,3019,2312
10003001400,New Castle,Prevention,Annual Checkup,78.9,75.4,82.0,2103,1727
10001042500,Kent,Health Risk Behaviors,Physical Inactivity,38.8,34.1,44.2,3590,2590
10005050403,Sussex,Disability,Hearing Disability,7.3,6.5,8.2,3517,2621
10003016301,New Castle,Disability,Vision Disability,4.8,4.3,5.3,7385,5955
10003013608,New Castle,Health-Related Social Needs,Housing Insecurity,10.1,8.3,11.9,1959,1543
10003016613,New Castle,Prevention,High Blood Pressure Medication,73.2,70.0,76.1,6109,4337
10003010800,New Castle,Prevention,Cholesterol Screening,91.2,89.8,92.6,4796,3948
10003010900,New Castle,Health Status,Frequent Physical Distress,13.2,11.4,15.3,2773,2237
10003014404,New Castle,Health Status,Frequent Physical Distress,10.7,9.3,12.2,4159,3562
10005051400,Sussex,Prevention,Mammography,80.3,75.2,85.1,3878,3033
10003011000,New Castle,Prevention,High Blood Pressure Medication,77.5,74.5,80.1,3201,2542
10003012300,New Castle,Disability,Mobility Disability,16.5,14.3,18.7,2739,2159
10003011300,New Castle,Health-Related Social Needs,Lack of Social/Emotional Support,17.8,15.0,20.9,2244,1847
10003014809,New Castle,Health Outcomes,Coronary Heart Disease,5.7,5.1,6.4,8360,6692
10005050303,Sussex,Health Status,General Health,23.1,20.2,26.0,2935,2313
10005051103,Sussex,Health Outcomes,Coronary Heart Disease,7.9,6.9,9.0,952,866
10005051205,Sussex,Health-Related Social Needs,Food Insecurity,5.6,4.1,7.2,580,543
10003015400,New Castle,Health Outcomes,Diabetes,17.9,15.8,20.0,2932,2209
10005051016,Sussex,Health-Related Social Needs,Lack of Social/Emotional Support,14.0,11.6,16.5,1879,1685
10001041803,Kent,Health Risk Behaviors,Short Sleep Duration,42.1,36.7,47.5,4384,3459
10005050104,Sussex,Health Outcomes,All Teeth Lost,15.3,13.0,18.2,5031,3785
10005051010,Sussex,Health-Related Social Needs,Loneliness,25.8,22.5,29.5,2795,2452
10005050406,Sussex,Health Outcomes,Depression,21.3,18.3,24.4,5475,4063
10003015400,New Castle,Health Outcomes,Stroke,5.1,4.5,5.6,2932,2209
10003010400,New Castle,Health-Related Social Needs,Food Stamps,8.4,6.9,10.1,4591,3725
10003000601,New Castle,Prevention,High Blood Pressure Medication,76.8,74.0,79.2,2773,2035
10003013700,New Castle,Prevention,Annual Checkup,76.2,72.4,79.5,4071,3177
10003002700,New Castle,Health Status,Frequent Physical Distress,10.5,9.2,11.9,2990,2310
10003013800,New Castle,Health Outcomes,Stroke,2.8,2.5,3.0,5901,4752
10003011203,New Castle,Health Status,Frequent Physical Distress,12.8,11.2,14.6,4805,3884
10003011206,New Castle,Health Outcomes,All Teeth Lost,4.1,3.3,5.1,4319,3345
10003014100,New Castle,Prevention,Cholesterol Screening,84.7,82.3,86.8,4985,3693
10003011700,New Castle,Health Outcomes,Coronary Heart Disease,6.4,5.6,7.4,4260,3465
10003011300,New Castle,Health Outcomes,Stroke,3.3,2.8,3.9,2244,1847
10003013700,New Castle,Health Risk Behaviors,Short Sleep Duration,37.3,32.4,42.5,4071,3177
10003002800,New Castle,Disability,Independent Living Disability,8.8,7.5,10.2,2378,2071
10005051310,Sussex,Health-Related Social Needs,Lack of Social/Emotional Support,15.4,12.6,18.3,1933,1765
10003012000,New Castle,Health Risk Behaviors,Binge Drinking,15.2,12.9,17.7,4334,3536
10001043100,Kent,Prevention,Annual Checkup,81.9,78.7,84.8,2573,2087
10003014908,New Castle,Disability,Mobility Disability,18.4,16.0,20.9,2425,1792
10003010104,New Castle,Health Outcomes,Cancer (non-skin) or Melanoma,6.9,6.3,7.5,3620,2830
10005051201,Sussex,Health Outcomes,Cancer (non-skin) or Melanoma,15.8,14.4,17.4,1513,1391
10005051310,Sussex,Health-Related Social Needs,Food Stamps,4.2,2.9,5.8,1933,1765
10003011100,New Castle,Disability,Vision Disability,3.4,3.0,3.9,2654,2282
10003016806,New Castle,Health-Related Social Needs,Food Insecurity,11.4,9.7,13.3,6347,4487
10003010300,New Castle,Health Outcomes,All Teeth Lost,9.9,8.1,12.0,4106,3232
10003013506,New Castle,Health Outcomes,Coronary Heart Disease,5.2,4.5,6.0,4567,3785
10003013903,New Castle,Prevention,Mammography,77.3,71.0,82.8,4820,3768
10003011600,New Castle,Health Status,Frequent Mental Distress,13.6,11.7,15.7,3287,2573
10005050808,Sussex,Health Outcomes,Diabetes,12.6,10.7,14.7,4150,3726
10003014907,New Castle,Health-Related Social Needs,Lack of Social/Emotional Support,25.3,22.1,28.6,4921,3708
10003014811,New Castle,Health Outcomes,Diabetes,9.0,7.8,10.3,6677,4822
10003010200,New Castle,Disability,Any Disability,26.4,22.7,30.1,2034,1607
10003002500,New Castle,Health Risk Behaviors,Current Cigarette Smoking,14.3,11.8,16.9,3235,2443
10005051313,Sussex,Health Outcomes,Obesity,31.5,25.9,37.2,3144,2742
10003016807,New Castle,Health Outcomes,Arthritis,23.2,20.5,26.1,1901,1411
10005051502,Sussex,Health-Related Social Needs,Food Stamps,11.3,9.3,13.5,3228,2586
10003014814,New Castle,Health-Related Social Needs,Food Insecurity,10.9,9.2,12.9,4361,3290
10003013300,New Castle,Health-Related Social Needs,Utility Services Threat,5.3,4.5,6.2,1907,1543
10005051702,Sussex,Health Outcomes,Arthritis,29.5,26.6,32.6,6577,4982
10005050407,Sussex,Health-Related Social Needs,Transportation Barriers,11.2,9.8,12.7,5238,4210
10003014809,New Castle,Disability,Hearing Disability,5.2,4.6,5.9,8360,6692
10003016404,New Castle,Prevention,Mammography,75.7,69.4,81.3,3334,2622
10005051202,Sussex,Prevention,Cholesterol Screening,95.5,94.7,96.2,856,822
10005050407,Sussex,Health Outcomes,Coronary Heart Disease,9.6,8.6,10.7,5238,4210
10003013610,New Castle,Health Outcomes,COPD,4.6,3.8,5.4,5460,4534
10003000500,New Castle,Health-Related Social Needs,Housing Insecurity,21.6,17.9,25.2,3453,2515
10003002700,New Castle,Health-Related Social Needs,Loneliness,34.3,30.2,38.2,2990,2310
10001043300,Kent,Health Outcomes,COPD,5.8,5.1,6.7,6553,5692
10005050710,Sussex,Health Outcomes,Obesity,35.9,30.0,41.7,1870,1457
10003012300,New Castle,Prevention,Dental Visit,49.9,46.0,53.7,2739,2159
10003000500,New Castle,Disability,Self-care Disability,5.1,4.4,5.9,3453,2515
10003013604,New Castle,Health Outcomes,Diabetes,10.5,9.1,12.0,4156,3372
10003016610,New Castle,Disability,Any Disability,31.2,27.4,35.1,7062,5510
10003000900,New Castle,Health-Related Social Needs,Food Stamps,43.6,37.2,50.0,2267,1563
10005051310,Sussex,Health Risk Behaviors,Current Cigarette Smoking,9.6,7.2,12.4,1933,1765
10005050905,Sussex,Disability,Cognitive Disability,9.4,8.1,10.9,2848,2485
10005051017,Sussex,Disability,Cognitive Disability,8.6,7.0,10.4,3804,3435
10005051312,Sussex,Health Risk Behaviors,Binge Drinking,11.9,10.0,14.0,2290,2046
10003001300,New Castle,Prevention,Colorectal Cancer Screening,75.1,71.5,78.6,3588,3013
10003011202,New Castle,Health-Related Social Needs,Lack of Social/Emotional Support,19.0,16.1,22.2,4003,3308
10003014904,New Castle,Health Outcomes,High Cholesterol,37.4,33.9,41.0,5003,4117
10003011400,New Castle,Disability,Cognitive Disability,8.8,7.3,10.5,3456,2735
10005050710,Sussex,Health-Related Social Needs,Loneliness,32.7,29.1,36.6,1870,1457
10005050101,Sussex,Prevention,Mammography,80.8,76.0,85.5,4013,3236
10005050604,Sussex,Health Outcomes,Diabetes,15.7,13.8,17.9,4674,3611
10003014812,New Castle,Health-Related Social Needs,Transportation Barriers,5.7,4.9,6.6,4559,3628
10003011206,New Castle,Health Outcomes,Current Asthma,9.3,8.2,10.5,4319,3345
10001042204,Kent,Health Risk Behaviors,Physical Inactivity,26.5,22.7,30.8,4773,3481
10003013607,New Castle,Health Outcomes,Obesity,29.8,24.6,35.4,6255,5031
10005051802,Sussex,Disability,Independent Living Disability,10.9,9.5,12.2,4354,3076
10003011500,New Castle,Health Risk Behaviors,Binge Drinking,16.5,14.0,19.2,2908,2308
10003014809,New Castle,Health Outcomes,COPD,6.3,5.5,7.2,8360,6692
10003010900,New Castle,Health Outcomes,Arthritis,31.6,28.2,34.9,2773,2237
10005051013,Sussex,Prevention,Health Insurance,6.5,5.2,7.9,3686,3150
10003011201,New Castle,Health-Related Social Needs,Transportation Barriers,5.1,4.1,6.2,2421,1946
10003001600,New Castle,Prevention,High Blood Pressure Medication,72.5,69.6,75.2,2419,1765
10003010104,New Castle,Health Outcomes,Stroke,3.3,3.0,3.7,3620,2830
10003002700,New Castle,Health-Related Social Needs,Food Stamps,13.9,11.0,16.8,2990,2310
10005050101,Sussex,Health Outcomes,COPD,7.5,6.5,8.6,4013,3236
10003000200,New Castle,Health Outcomes,Coronary Heart Disease,7.2,6.4,8.2,5298,4193
10003012900,New Castle,Health Outcomes,All Teeth Lost,15.5,12.8,18.3,4823,3565
10003000300,New Castle,Prevention,Dental Visit,48.1,44.2,52.1,3012,2233
10003001200,New Castle,Prevention,Health Insurance,5.1,3.7,7.7,1605,1454
10003014703,New Castle,Prevention,Cholesterol Screening,85.4,83.3,87.3,4827,3890
10001980000,Kent,Health Status,Frequent Mental Distress,23.2,20.8,25.8,108,104
10003016614,New Castle,Prevention,Health Insurance,6.0,4.8,7.4,6239,4474
10003014402,New Castle,Health Outcomes,High Blood Pressure,29.4,26.3,32.4,2807,2383
10001043202,Kent,Prevention,Health Insurance,9.8,8.2,11.6,3722,2979
10003016608,New Castle,Health Status,General Health,14.3,12.3,16.7,6561,5064
10005051009,Sussex,Health Risk Behaviors,Physical Inactivity,18.5,15.0,22.2,2313,1978
10003015600,New Castle,Health Risk Behaviors,Physical Inactivity,34.8,30.0,39.7,2343,1791
10005051501,Sussex,Health Status,Frequent Physical Distress,14.5,12.9,16.1,2246,1737
10003016000,New Castle,Disability,Mobility Disability,19.4,17.1,22.0,2999,2265
10003000601,New Castle,Health Risk Behaviors,Physical Inactivity,39.2,33.9,45.2,2773,2035
10005050405,Sussex,Health-Related Social Needs,Food Insecurity,16.7,14.2,19.3,4378,3304
10005051204,Sussex,Prevention,Health Insurance,3.1,2.4,3.9,652,627
10003016404,New Castle,Health Outcomes,Diabetes,12.1,10.6,13.7,3334,2622
10005051011,Sussex,Health Risk Behaviors,Binge Drinking,12.4,10.5,14.6,3580,3083
10003011206,New Castle,Health-Related Social Needs,Lack of Social/Emotional Support,16.2,13.6,19.1,4319,3345
10003010105,New Castle,Disability,Any Disability,26.3,23.0,29.8,2916,2113
10003013611,New Castle,Prevention,High Blood Pressure Medication,73.6,70.5,76.4,5572,4648
10005051203,Sussex,Health-Related Social Needs,Utility Services Threat,2.3,1.9,2.9,792,726
10003016608,New Castle,Health-Related Social Needs,Food Insecurity,9.3,7.6,11.3,6561,5064
10005050303,Sussex,Disability,Self-care Disability,4.7,4.1,5.2,2935,2313
10003011202,New Castle,Health Outcomes,Cancer (non-skin) or Melanoma,11.8,10.6,12.9,4003,3308
10005051900,Sussex,Health-Related Social Needs,Food Insecurity,13.4,11.6,15.4,4760,3685
10003015802,New Castle,Health Outcomes,Coronary Heart Disease,5.5,4.9,6.2,2276,1726
10003013607,New Castle,Prevention,Annual Checkup,78.9,75.4,81.9,6255,5031
10005050808,Sussex,Health Outcomes,Current Asthma,9.9,8.8,11.2,4150,3726
10003011500,New Castle,Health Status,Frequent Mental Distress,14.4,12.4,16.4,2908,2308
10001043300,Kent,Disability,Vision Disability,6.0,5.3,6.9,6553,5692
10003015900,New Castle,Health Outcomes,Coronary Heart Disease,6.3,5.6,7.0,3344,2595
10005051008,Sussex,Disability,Independent Living Disability,6.3,5.2,7.5,4100,3626
10005050805,Sussex,Health Outcomes,Coronary Heart Disease,8.0,7.0,9.0,3038,2464
10003001500,New Castle,Prevention,Health Insurance,10.6,8.6,12.7,2231,1748
10003013615,New Castle,Health Status,Frequent Physical Distress,12.6,11.0,14.3,4107,3324
10005050710,Sussex,Prevention,Health Insurance,12.7,10.5,15.1,1870,1457
10003011700,New Castle,Disability,Hearing Disability,6.7,5.8,7.8,4260,3465
10003016613,New Castle,Disability,Independent Living Disability,7.6,6.4,8.8,6109,4337
10003013614,New Castle,Prevention,Mammography,74.9,68.4,80.5,3258,2555
10003016901,New Castle,Health Outcomes,Coronary Heart Disease,8.0,7.1,9.0,2364,1876
10005050200,Sussex,Health Outcomes,Stroke,4.2,3.9,4.6,3744,2777
10003010800,New Castle,Health-Related Social Needs,Transportation Barriers,4.7,4.0,5.4,4796,3948
10003016611,New Castle,Health-Related Social Needs,Housing Insecurity,9.3,7.6,11.1,7851,5645
10003000400,New Castle,Health Outcomes,All Teeth Lost,10.9,9.0,13.2,2957,2436
10003013507,New Castle,Health-Related Social Needs,Food Stamps,4.2,3.1,5.6,1819,1428
10003016309,New Castle,Disability,Any Disability,31.8,27.8,35.8,4125,3307
10001043202,Kent,Health Outcomes,Obesity,43.3,37.1,50.1,3722,2979
10005050904,Sussex,Health Risk Behaviors,Physical Inactivity,27.5,22.3,32.8,2592,2256
10003016904,New Castle,Disability,Hearing Disability,6.7,5.9,7.6,3096,2872
10003000500,New Castle,Health-Related Social Needs,Food Insecurity,25.3,20.7,29.9,3453,2515
10003000300,New Castle,Prevention,Cholesterol Screening,86.3,83.9,88.6,3012,2233
10005051309,Sussex,Prevention,Colorectal Cancer Screening,78.9,75.6,82.4,1488,1407
10003011204,New Castle,Health Outcomes,All Teeth Lost,8.7,7.2,10.6,3313,2741
10003002200,New Castle,Health Outcomes,Diabetes,21.8,19.6,24.1,2874,1942
10003011206,New Castle,Health Risk Behaviors,Current Cigarette Smoking,7.0,5.2,9.0,4319,3345
10003013612,New Castle,Prevention,High Blood Pressure Medication,77.4,74.1,80.3,6158,4926
10005051012,Sussex,Health-Related Social Needs,Transportation Barriers,5.5,4.6,6.5,1908,1715
10005051311,Sussex,Health Outcomes,COPD,8.5,6.5,10.7,1832,1712
10003014301,New Castle,Prevention,Dental Visit,74.0,70.9,76.9,1317,1092
10005051702,Sussex,Prevention,Mammography,77.3,71.8,82.7,6577,4982
10003014811,New Castle,Health-Related Social Needs,Food Insecurity,8.1,6.5,10.0,6677,4822
10005051016,Sussex,Health Risk Behaviors,Current Cigarette Smoking,7.9,5.9,10.4,1879,1685
10005050804,Sussex,Prevention,High Blood Pressure Medication,83.2,80.6,85.5,4188,3465
10005050601,Sussex,Disability,Cognitive Disability,14.2,12.3,16.1,5391,4138
10003014809,New Castle,Disability,Any Disability,29.2,25.7,32.9,8360,6692
10003001500,New Castle,Health Outcomes,COPD,8.0,6.8,9.3,2231,1748
10003002300,New Castle,Health Outcomes,Stroke,4.3,3.8,4.7,3003,2091
10003016401,New Castle,Prevention,Cholesterol Screening,88.6,86.8,90.2,6711,5269
10005050711,Sussex,Prevention,Dental Visit,56.8,53.1,60.5,1505,1256
10003010900,New Castle,Prevention,Dental Visit,69.8,66.4,73.1,2773,2237
10003016612,New Castle,Health Outcomes,Arthritis,25.5,22.7,28.2,6450,4739
10003001200,New Castle,Health Outcomes,Obesity,26.8,21.6,32.0,1605,1454
10003014200,New Castle,Health Outcomes,Obesity,29.7,24.5,35.1,1600,1313
10003016200,New Castle,Prevention,Colorectal Cancer Screening,71.1,67.2,74.8,3051,2509
10003014302,New Castle,Prevention,Colorectal Cancer Screening,71.6,67.7,75.5,4908,4464
10005051203,Sussex,Health Risk Behaviors,Current Cigarette Smoking,7.6,5.8,9.7,792,726
10001042203,Kent,Health Risk Behaviors,Short Sleep Duration,37.8,32.7,43.0,5705,4255
10001042100,Kent,Disability,Self-care Disability,4.5,4.0,5.0,3997,3098
10003000602,New Castle,Health-Related Social Needs,Food Stamps,29.7,24.6,35.3,2876,2134
10003016614,New Castle,Health Risk Behaviors,Physical Inactivity,19.0,15.9,22.4,6239,4474
10001043400,Kent,Health Risk Behaviors,Short Sleep Duration,38.2,33.0,43.5,5648,4415
10001042205,Kent,Health Outcomes,High Blood Pressure,43.7,39.9,47.5,3019,2312
10005051302,Sussex,Disability,Independent Living Disability,6.6,5.7,7.6,4907,4337
10003014808,New Castle,Health Outcomes,Depression,21.4,18.3,24.4,6476,5078
10005050105,Sussex,Health Status,Frequent Mental Distress,16.8,14.8,18.8,5939,4388
10003015502,New Castle,Health Risk Behaviors,Short Sleep Duration,43.3,38.1,48.7,2686,2035
10003016808,New Castle,Disability,Independent Living Disability,5.8,5.0,6.7,7377,5511
10003015400,New Castle,Prevention,Cholesterol Screening,87.7,85.9,89.4,2932,2209
10003014501,New Castle,Health-Related Social Needs,Transportation Barriers,22.6,17.4,28.5,2134,1931
10003002300,New Castle,Health-Related Social Needs,Loneliness,37.4,33.2,41.8,3003,2091
10003014811,New Castle,Health Outcomes,Current Asthma,9.4,8.3,10.6,6677,4822
10005050503,Sussex,Health Outcomes,Current Asthma,11.4,10.0,12.8,5604,3737
10005051009,Sussex,Health Outcomes,Diabetes,11.1,9.6,12.7,2313,1978
10003014812,New Castle,Health Status,General Health,13.5,11.6,15.7,4559,3628
10003000900,New Castle,Disability,Mobility Disability,22.1,19.1,25.1,2267,1563
10001041802,Kent,Health Risk Behaviors,Binge Drinking,13.7,11.4,16.2,6720,5103
10005050805,Sussex,Health-Related Social Needs,Lack of Social/Emotional Support,16.9,14.5,19.5,3038,2464
10003014909,New Castle,Health Outcomes,Current Asthma,11.7,10.3,13.1,6186,4652
10005050808,Sussex,Prevention,Colorectal Cancer Screening,74.1,70.3,78.1,4150,3726
10003002600,New Castle,Health Risk Behaviors,Current Cigarette Smoking,17.9,15.0,20.9,3730,2585
10003010502,New Castle,Health Status,Frequent Mental Distress,15.1,13.3,17.0,5779,4788
10001041802,Kent,Health Outcomes,COPD,6.0,5.3,6.8,6720,5103
10005051103,Sussex,Disability,Hearing Disability,8.1,7.1,9.3,952,866
10003001100,New Castle,Disability,Self-care Disability,2.8,2.4,3.3,3375,3187
10001042802,Kent,Health Outcomes,COPD,8.0,6.9,9.2,5612,4350
10003010703,New Castle,Prevention,High Blood Pressure Medication,75.8,72.8,78.5,2036,1556
10001041900,Kent,Prevention,Dental Visit,56.1,52.2,59.9,5289,4044
10003014907,New Castle,Health Outcomes,High Blood Pressure,37.4,33.9,40.8,4921,3708
10005051101,Sussex,Disability,Vision Disability,2.9,2.5,3.3,629,589
10005051310,Sussex,Prevention,Annual Checkup,87.5,85.1,89.6,1933,1765
10003012200,New Castle,Disability,Vision Disability,6.0,5.2,6.8,4676,3581
10003015100,New Castle,Health Outcomes,Obesity,35.3,29.5,41.2,3594,2808
10003002100,New Castle,Disability,Vision Disability,14.0,12.3,15.9,1809,1283
10003013906,New Castle,Prevention,Mammography,80.3,74.8,85.2,4648,3670
10003016308,New Castle,Health Risk Behaviors,Current Cigarette Smoking,13.4,11.2,16.0,3728,2990
10003002800,New Castle,Prevention,Annual Checkup,75.7,72.0,79.2,2378,2071
10001043300,Kent,Disability,Self-care Disability,3.7,3.3,4.2,6553,5692
10005050408,Sussex,Health-Related Social Needs,Lack of Social/Emotional Support,23.1,20.2,26.3,4534,3546
10003016200,New Castle,Health Outcomes,Obesity,31.7,26.2,37.5,3051,2509
10001042801,Kent,Health Outcomes,Depression,23.4,20.1,27.1,2007,1606
10003002600,New Castle,Health Outcomes,High Blood Pressure,39.4,36.0,42.9,3730,2585
10005050804,Sussex,Prevention,Colorectal Cancer Screening,71.6,67.8,75.6,4188,3465
10005051205,Sussex,Health Status,Frequent Physical Distress,12.8,10.8,14.9,580,543
10001042206,Kent,Health Outcomes,Current Asthma,12.2,10.8,13.7,2822,2203
10005050403,Sussex,Health Outcomes,Coronary Heart Disease,7.4,6.6,8.2,3517,2621
10005050710,Sussex,Health Outcomes,Coronary Heart Disease,9.6,8.5,10.8,1870,1457
10003016000,New Castle,Health Outcomes,Diabetes,17.0,15.1,19.1,2999,2265
10003002100,New Castle,Health-Related Social Needs,Housing Insecurity,34.6,30.3,39.1,1809,1283
10003013507,New Castle,Health-Related Social Needs,Loneliness,27.4,24.0,31.2,1819,1428
10005051314,Sussex,Health-Related Social Needs,Housing Insecurity,5.0,4.1,6.0,2525,2271
10001042203,Kent,Disability,Mobility Disability,13.0,11.4,14.8,5705,4255
10001041803,Kent,Prevention,High Blood Pressure Medication,80.8,78.3,83.1,4384,3459
10005051102,Sussex,Disability,Independent Living Disability,5.2,4.4,6.1,1029,970
10003013607,New Castle,Disability,Vision Disability,3.6,3.2,4.1,6255,5031
10003016901,New Castle,Disability,Hearing Disability,7.8,6.9,8.7,2364,1876
10003012100,New Castle,Health-Related Social Needs,Transportation Barriers,6.3,5.3,7.2,2901,2301
10003014200,New Castle,Health Outcomes,Arthritis,25.8,23.0,28.5,1600,1313
10003013800,New Castle,Health Risk Behaviors,Physical Inactivity,24.0,20.3,27.9,5901,4752
10005051202,Sussex,Health Status,General Health,12.4,10.5,14.5,856,822
10003014909,New Castle,Health Outcomes,High Cholesterol,35.0,31.5,38.5,6186,4652
10003013608,New Castle,Prevention,Cholesterol Screening,87.0,85.0,88.8,1959,1543
10005051307,Sussex,Health Outcomes,Coronary Heart Disease,11.4,9.7,13.2,2975,2708
10003014403,New Castle,Health-Related Social Needs,Lack of Social/Emotional Support,21.1,18.0,24.4,3611,2955
10003013901,New Castle,Disability,Independent Living Disability,8.0,6.9,9.1,3492,2741
10005051012,Sussex,Disability,Mobility Disability,18.3,15.4,21.4,1908,1715
10001042206,Kent,Health Outcomes,All Teeth Lost,9.9,8.1,12.0,2822,2203
10003012900,New Castle,Health Outcomes,Diabetes,13.8,12.1,15.5,4823,3565
10003012400,New Castle,Health Outcomes,Current Asthma,10.8,9.6,12.0,4637,3486
10003012900,New Castle,Disability,Cognitive Disability,17.7,15.6,19.9,4823,3565
10001042000,Kent,Health Outcomes,Current Asthma,12.7,11.3,14.2,3064,2380
10005051101,Sussex,Health Outcomes,Coronary Heart Disease,8.4,7.4,9.4,629,589
10001042206,Kent,Health Status,General Health,18.4,16.1,20.8,2822,2203
10005050406,Sussex,Health Status,General Health,28.3,24.9,31.7,5475,4063
10001043000,Kent,Health-Related Social Needs,Loneliness,34.6,30.7,38.4,5414,4110
10003013200,New Castle,Health Risk Behaviors,Physical Inactivity,28.1,23.6,32.8,2653,2074
10003013905,New Castle,Health Status,General Health,13.3,11.3,15.4,4169,3100
10003013612,New Castle,Health Status,General Health,12.1,10.4,14.0,6158,4926
10003015200,New Castle,Health Outcomes,Coronary Heart Disease,5.4,4.9,6.1,5783,4501
10001042900,Kent,Prevention,High Blood Pressure Medication,80.1,77.5,82.6,5105,4056
10005051312,Sussex,Health Outcomes,High Cholesterol,51.5,47.3,55.6,2290,2046
10003012000,New Castle,Disability,Self-care Disability,3.8,3.3,4.3,4334,3536
10005050604,Sussex,Health Outcomes,Cancer (non-skin) or Melanoma,9.5,8.6,10.4,4674,3611
10003014706,New Castle,Health Risk Behaviors,Binge Drinking,15.6,13.1,18.1,2929,2180
10005050304,Sussex,Health Outcomes,COPD,10.6,8.9,12.4,4616,3670
10003014402,New Castle,Health Risk Behaviors,Short Sleep Duration,31.9,27.3,36.8,2807,2383
10003011206,New Castle,Health Outcomes,High Cholesterol,41.5,37.6,45.2,4319,3345
10003012600,New Castle,Prevention,Colorectal Cancer Screening,68.5,64.3,72.5,2945,2351
10001042207,Kent,Health Outcomes,High Blood Pressure,40.0,36.4,43.8,2576,1977
10005050708,Sussex,Disability,Any Disability,30.1,25.4,35.1,2774,2424
10003014302,New Castle,Health-Related Social Needs,Transportation Barriers,8.2,6.8,9.7,4908,4464
10005050904,Sussex,Health-Related Social Needs,Lack of Social/Emotional Support,16.4,13.9,19.2,2592,2256
10003012500,New Castle,Disability,Mobility Disability,13.8,12.0,15.6,5660,4358
10003014402,New Castle,Health Status,Frequent Mental Distress,16.5,14.1,18.7,2807,2383
10003014813,New Castle,Disability,Hearing Disability,4.3,3.7,5.0,4889,3848
10003003002,New Castle,Health Outcomes,Arthritis,21.5,19.1,23.9,3060,2329
10003016100,New Castle,Prevention,Colorectal Cancer Screening,71.7,67.5,75.6,1961,1661
10001042203,Kent,Prevention,Cholesterol Screening,87.4,85.5,89.0,5705,4255
10003014000,New Castle,Health Status,General Health,21.1,18.3,24.1,5441,4349
10001043300,Kent,Health Risk Behaviors,Binge Drinking,14.2,11.9,16.8,6553,5692
10005050709,Sussex,Prevention,Mammography,80.4,75.4,85.2,1956,1774
10001041702,Kent,Health-Related Social Needs,Utility Services Threat,6.7,5.8,7.7,4472,3405
10003013610,New Castle,Health Status,Frequent Physical Distress,10.0,8.6,11.2,5460,4534
10003002400,New Castle,Health Risk Behaviors,Short Sleep Duration,39.9,35.0,45.1,4250,3346
10003016614,New Castle,Health Risk Behaviors,Current Cigarette Smoking,9.0,7.2,10.9,6239,4474
10003010703,New Castle,Health Outcomes,Coronary Heart Disease,6.6,5.8,7.4,2036,1556
10005050808,Sussex,Health Outcomes,Arthritis,35.1,31.5,38.7,4150,3726
10003016608,New Castle,Prevention,High Blood Pressure Medication,76.2,73.1,79.1,6561,5064
10003001500,New Castle,Health-Related Social Needs,Loneliness,33.1,29.2,37.2,2231,1748
10001041804,Kent,Disability,Mobility Disability,18.0,15.9,20.1,5980,4654
10003010300,New Castle,Prevention,Cholesterol Screening,86.5,84.5,88.3,4106,3232
10003016807,New Castle,Health Status,Frequent Physical Distress,10.2,8.8,11.7,1901,1411
10003016306,New Castle,Health Status,Frequent Mental Distress,16.5,14.6,18.5,4598,3569
10001041900,Kent,Health-Related Social Needs,Food Insecurity,16.1,13.7,18.9,5289,4044
10003015400,New Castle,Prevention,High Blood Pressure Medication,79.1,76.6,81.3,2932,2209
10003014813,New Castle,Disability,Vision Disability,3.6,3.1,4.2,4889,3848
10003014706,New Castle,Health Outcomes,All Teeth Lost,7.9,6.3,9.6,2929,2180
10005051302,Sussex,Health Risk Behaviors,Short Sleep Duration,28.7,24.7,33.6,4907,4337
10003013610,New Castle,Disability,Mobility Disability,9.9,8.4,11.4,5460,4534
10003012200,New Castle,Health Outcomes,High Blood Pressure,33.6,30.2,37.0,4676,3581
10005051202,Sussex,Prevention,Colorectal Cancer Screening,81.8,78.7,84.9,856,822
10001043300,Kent,Prevention,Mammography,72.4,65.5,78.6,6553,5692
10003015000,New Castle,Health Risk Behaviors,Current Cigarette Smoking,15.6,13.2,18.0,5659,4542
10003016609,New Castle,Health-Related Social Needs,Utility Services Threat,4.8,3.9,5.7,5595,4312
10005050103,Sussex,Health Status,Frequent Physical Distress,13.5,11.7,15.2,5063,4221
10003010502,New Castle,Prevention,Mammography,77.7,71.8,82.8,5779,4788
10003011900,New Castle,Health-Related Social Needs,Loneliness,26.2,22.7,29.8,3298,2592
10003011201,New Castle,Disability,Mobility Disability,9.2,7.6,11.2,2421,1946
10003012900,New Castle,Health-Related Social Needs,Loneliness,34.5,30.7,38.8,4823,3565
10001043100,Kent,Health Outcomes,High Cholesterol,42.3,38.3,46.3,2573,2087
10003014803,New Castle,Health Risk Behaviors,Current Cigarette Smoking,10.1,8.4,12.2,4150,3432
10003015600,New Castle,Prevention,Colorectal Cancer Screening,64.4,60.2,68.5,2343,1791
10003016808,New Castle,Health Outcomes,Current Asthma,10.2,9.0,11.4,7377,5511
10005050806,Sussex,Health Outcomes,High Blood Pressure,43.2,39.3,47.2,4454,3735
10003013903,New Castle,Disability,Any Disability,28.5,25.0,32.3,4820,3768
10003014502,New Castle,Health Outcomes,All Teeth Lost,29.5,25.1,34.1,7374,7189
10003011204,New Castle,Disability,Independent Living Disability,6.2,5.1,7.4,3313,2741
10003016611,New Castle,Prevention,Cholesterol Screening,88.8,86.8,90.4,7851,5645
10003013604,New Castle,Health Outcomes,Arthritis,27.5,24.7,30.4,4156,3372
10005051302,Sussex,Health Outcomes,Depression,19.9,17.0,23.0,4907,4337
10003012700,New Castle,Health-Related Social Needs,Housing Insecurity,13.8,11.9,15.8,4392,3592
10003011201,New Castle,Health Risk Behaviors,Current Cigarette Smoking,8.3,6.4,10.5,2421,1946
10001041802,Kent,Health Outcomes,Coronary Heart Disease,5.4,4.8,5.9,6720,5103
10005050503,Sussex,Health Status,General Health,38.8,34.5,42.8,5604,3737
10005050706,Sussex,Disability,Hearing Disability,9.3,8.2,10.5,1772,1557
10003013505,New Castle,Prevention,Colorectal Cancer Screening,69.9,65.9,73.8,3489,2807
10003013604,New Castle,Health-Related Social Needs,Food Insecurity,7.4,5.8,9.1,4156,3372
10003013615,New Castle,Health Outcomes,All Teeth Lost,7.1,5.7,8.6,4107,3324
10005050601,Sussex,Health-Related Social Needs,Utility Services Threat,7.5,6.5,8.7,5391,4138
10003013100,New Castle,Health Risk Behaviors,Short Sleep Duration,34.9,30.1,40.0,2248,1833
10003013608,New Castle,Health-Related Social Needs,Utility Services Threat,6.4,5.3,7.5,1959,1543
10003001200,New Castle,Health Outcomes,Depression,22.5,19.2,25.9,1605,1454
10003010200,New Castle,Health Outcomes,Obesity,31.6,26.1,37.4,2034,1607
10005051016,Sussex,Health Risk Behaviors,Physical Inactivity,18.3,14.7,22.6,1879,1685
10003013612,New Castle,Health-Related Social Needs,Transportation Barriers,4.1,3.6,4.8,6158,4926
10003013501,New Castle,Prevention,Annual Checkup,83.3,80.4,85.7,7213,5880
10003013700,New Castle,Health Status,General Health,18.0,15.5,20.7,4071,3177
10003016307,New Castle,Health Status,General Health,16.0,13.8,18.3,2756,2221
10003013000,New Castle,Health Outcomes,High Cholesterol,38.8,35.1,42.4,1927,1515
10005051313,Sussex,Health Outcomes,Depression,19.9,17.0,22.9,3144,2742
10003016301,New Castle,Health-Related Social Needs,Food Stamps,12.4,10.2,14.8,7385,5955
10003016904,New Castle,Health Outcomes,Stroke,4.2,3.8,4.7,3096,2872
10005050505,Sussex,Health Outcomes,All Teeth Lost,13.5,11.2,16.3,2420,2212
10003016901,New Castle,Disability,Vision Disability,5.1,4.5,5.7,2364,1876
10005050807,Sussex,Prevention,Dental Visit,64.2,60.8,67.7,1824,1622
10003010104,New Castle,Health-Related Social Needs,Food Stamps,15.2,12.3,18.2,3620,2830
10005051313,Sussex,Disability,Self-care Disability,3.7,3.2,4.3,3144,2742
10005051203,Sussex,Health Outcomes,High Blood Pressure,45.6,41.5,49.6,792,726
10003002300,New Castle,Disability,Any Disability,38.1,33.9,42.3,3003,2091
10005051103,Sussex,Prevention,Health Insurance,3.7,2.9,4.8,952,866
10005051801,Sussex,Health Outcomes,Obesity,39.4,33.2,45.8,5359,3933
10003013000,New Castle,Health-Related Social Needs,Food Insecurity,12.2,10.1,14.7,1927,1515
10003012100,New Castle,Health Outcomes,Depression,21.6,18.4,24.8,2901,2301
10001041803,Kent,Health-Related Social Needs,Transportation Barriers,10.3,9.2,11.6,4384,3459
10003001902,New Castle,Prevention,Health Insurance,10.0,7.6,12.7,2113,1554
10003013614,New Castle,Health Outcomes,Cancer (non-skin) or Melanoma,7.1,6.5,7.8,3258,2555
10005051501,Sussex,Health Outcomes,Arthritis,28.5,25.7,31.4,2246,1737
10005050406,Sussex,Disability,Self-care Disability,6.4,5.6,7.1,5475,4063
10005051201,Sussex,Health-Related Social Needs,Food Stamps,4.1,2.9,5.7,1513,1391
10003013100,New Castle,Prevention,High Blood Pressure Medication,74.4,71.0,77.4,2248,1833
10003000200,New Castle,Health Risk Behaviors,Current Cigarette Smoking,14.2,11.5,17.4,5298,4193
10003016100,New Castle,Health-Related Social Needs,Transportation Barriers,6.6,5.6,7.7,1961,1661
10005051701,Sussex,Health Outcomes,Stroke,3.9,3.4,4.4,4103,3258
10003013000,New Castle,Prevention,Annual Checkup,77.8,74.2,80.9,1927,1515
10001042208,Kent,Health Outcomes,Arthritis,31.0,28.0,34.1,4016,3108
10003012600,New Castle,Health Outcomes,High Cholesterol,38.4,34.6,42.1,2945,2351
10003013614,New Castle,Health Outcomes,Depression,22.8,19.6,26.2,3258,2555
10003011202,New Castle,Disability,Hearing Disability,6.6,5.7,7.6,4003,3308
10005050506,Sussex,Health Outcomes,Cancer (non-skin) or Melanoma,8.8,8.0,9.6,4112,3099
10003014000,New Castle,Health Outcomes,Obesity,35.3,29.5,41.0,5441,4349
10005050503,Sussex,Prevention,Dental Visit,38.7,35.3,42.5,5604,3737
10005050709,Sussex,Prevention,Health Insurance,5.7,4.3,7.3,1956,1774
10005050101,Sussex,Health Outcomes,High Cholesterol,45.1,41.2,48.9,4013,3236
10003016613,New Castle,Prevention,Health Insurance,9.0,7.2,10.9,6109,4337
10005051312,Sussex,Disability,Cognitive Disability,9.8,8.3,11.4,2290,2046
10005051204,Sussex,Health-Related Social Needs,Loneliness,22.3,19.3,25.4,652,627
10003016301,New Castle,Health Outcomes,High Blood Pressure,34.9,31.6,38.2,7385,5955
10003012700,New Castle,Prevention,Annual Checkup,78.4,75.0,81.5,4392,3592
10005050304,Sussex,Health Outcomes,High Cholesterol,49.5,45.5,53.4,4616,3670
10003011203,New Castle,Health Outcomes,Arthritis,26.9,24.2,29.7,4805,3884
10003010105,New Castle,Health-Related Social Needs,Utility Services Threat,9.0,7.8,10.4,2916,2113
10001042100,Kent,Health Outcomes,High Blood Pressure,41.2,37.3,45.1,3997,3098
10001043400,Kent,Health Status,General Health,20.5,18.0,23.0,5648,4415
10005050807,Sussex,Disability,Self-care Disability,4.7,3.8,5.8,1824,1622
10003014000,New Castle,Disability,Any Disability,32.4,28.5,36.4,5441,4349
10003011600,New Castle,Health Outcomes,Depression,22.2,19.0,25.4,3287,2573
10003015000,New Castle,Prevention,Annual Checkup,78.4,74.9,81.4,5659,4542
10005051010,Sussex,Health Outcomes,Obesity,31.7,26.0,37.7,2795,2452
10005051308,Sussex,Health Outcomes,Cancer (non-skin) or Melanoma,14.1,12.8,15.6,4074,3530
10001042801,Kent,Health-Related Social Needs,Food Stamps,8.2,6.3,10.5,2007,1606
10001042208,Kent,Health-Related Social Needs,Lack of Social/Emotional Support,21.3,18.6,24.3,4016,3108
10005050903,Sussex,Health-Related Social Needs,Utility Services Threat,3.0,2.4,3.6,2161,1968
10003016306,New Castle,Health Outcomes,Diabetes,13.7,12.0,15.4,4598,3569
10003015900,New Castle,Disability,Vision Disability,5.3,4.7,5.9,3344,2595
10005050506,Sussex,Disability,Hearing Disability,7.2,6.2,8.1,4112,3099
10003011900,New Castle,Disability,Cognitive Disability,9.4,8.0,11.0,3298,2592
10003000500,New Castle,Prevention,Cholesterol Screening,87.3,85.1,89.3,3453,2515
10003013614,New Castle,Health Outcomes,Stroke,3.2,2.9,3.5,3258,2555
10001042100,Kent,Health-Related Social Needs,Transportation Barriers,8.0,7.0,9.1,3997,3098
10003014907,New Castle,Disability,Vision Disability,5.3,4.8,5.8,4921,3708
10003015200,New Castle,Prevention,Mammography,77.4,71.5,82.6,5783,4501
10003003002,New Castle,Prevention,Dental Visit,30.4,27.1,33.9,3060,2329
10003016307,New Castle,Disability,Self-care Disability,3.2,2.8,3.6,2756,2221
10005050302,Sussex,Prevention,Mammography,77.0,71.5,82.6,5521,4001
10003013000,New Castle,Health Outcomes,Current Asthma,10.3,9.1,11.5,1927,1515
10003002400,New Castle,Health-Related Social Needs,Food Insecurity,24.9,21.2,28.8,4250,3346
10003013507,New Castle,Health-Related Social Needs,Utility Services Threat,3.4,2.8,4.1,1819,1428
10005051205,Sussex,Prevention,Cholesterol Screening,93.9,92.8,94.8,580,543
10005051201,Sussex,Prevention,Cholesterol Screening,93.9,92.8,94.9,1513,1391
10005051307,Sussex,Disability,Any Disability,33.0,27.8,38.4,2975,2708
10005050101,Sussex,Health Outcomes,Current Asthma,10.6,9.4,11.9,4013,3236
10003016806,New Castle,Prevention,Cholesterol Screening,88.3,86.7,89.9,6347,4487
10003016309,New Castle,Prevention,Health Insurance,9.8,8.0,11.7,4125,3307
10003015802,New Castle,Health Outcomes,Obesity,35.9,30.0,41.7,2276,1726
10003013901,New Castle,Health Outcomes,Stroke,3.3,2.9,3.7,3492,2741
10001042000,Kent,Prevention,Colorectal Cancer Screening,65.1,60.4,69.4,3064,2380
10005051314,Sussex,Disability,Self-care Disability,3.2,2.7,3.7,2525,2271
10005051017,Sussex,Health Outcomes,Stroke,3.7,3.1,4.4,3804,3435
10005051204,Sussex,Health Outcomes,Cancer (non-skin) or Melanoma,17.9,16.4,19.5,652,627
10003014803,New Castle,Health-Related Social Needs,Transportation Barriers,6.0,5.1,6.9,4150,3432
10001042205,Kent,Health Outcomes,Depression,23.5,20.2,27.0,3019,2312
10003001500,New Castle,Disability,Hearing Disability,6.7,5.9,7.5,2231,1748
10005050903,Sussex,Disability,Independent Living Disability,6.2,5.1,7.7,2161,1968
10003011300,New Castle,Health Outcomes,Cancer (non-skin) or Melanoma,12.2,11.0,13.4,2244,1847
10003013905,New Castle,Prevention,Cholesterol Screening,85.6,83.4,87.6,4169,3100
10001041802,Kent,Disability,Vision Disability,4.5,4.0,5.0,6720,5103
10005051013,Sussex,Health Risk Behaviors,Physical Inactivity,24.8,20.8,29.2,3686,3150
10003011400,New Castle,Health Outcomes,Coronary Heart Disease,6.1,5.3,7.0,3456,2735
10003013610,New Castle,Health-Related Social Needs,Loneliness,28.6,24.8,32.1,5460,4534
10005050804,Sussex,Health-Related Social Needs,Food Insecurity,9.6,8.0,11.3,4188,3465
10005050706,Sussex,Health Outcomes,COPD,8.9,7.4,10.5,1772,1557
10003015200,New Castle,Health Risk Behaviors,Binge Drinking,15.9,13.5,18.6,5783,4501
10003014501,New Castle,Disability,Independent Living Disability,17.7,13.2,22.6,2134,1931
10005051900,Sussex,Prevention,Cholesterol Screening,87.4,85.6,89.1,4760,3685
10005050706,Sussex,Health Status,Frequent Physical Distress,14.4,12.6,16.4,1772,1557
10005051314,Sussex,Health Outcomes,Coronary Heart Disease,9.1,8.0,10.2,2525,2271
10003016609,New Castle,Health-Related Social Needs,Food Stamps,5.9,4.3,7.7,5595,4312
10005050903,Sussex,Health Outcomes,High Blood Pressure,46.8,42.5,50.8,2161,1968
10005051201,Sussex,Health Outcomes,Stroke,4.1,3.5,4.8,1513,1391
10003013700,New Castle,Health Status,Frequent Mental Distress,17.1,15.1,19.2,4071,3177
10001042802,Kent,Disability,Vision Disability,5.2,4.6,5.8,5612,4350
10003014501,New Castle,Health Risk Behaviors,Binge Drinking,16.3,13.5,19.2,2134,1931
10005051011,Sussex,Health Outcomes,Coronary Heart Disease,8.3,7.2,9.6,3580,3083
10005050904,Sussex,Disability,Hearing Disability,11.5,9.8,13.2,2592,2256
10003011202,New Castle,Disability,Cognitive Disability,10.1,8.4,11.7,4003,3308
10005050501,Sussex,Health Risk Behaviors,Binge Drinking,15.4,13.0,18.0,4201,3285
10005051310,Sussex,Health-Related Social Needs,Utility Services Threat,2.9,2.3,3.5,1933,1765
10003011203,New Castle,Prevention,Dental Visit,59.9,56.1,63.6,4805,3884
10003013300,New Castle,Health-Related Social Needs,Food Stamps,7.8,6.0,9.7,1907,1543
10003014703,New Castle,Disability,Hearing Disability,6.9,6.1,7.7,4827,3890
10003010106,New Castle,Disability,Independent Living Disability,8.0,6.8,9.3,1760,1509
10003012400,New Castle,Health-Related Social Needs,Loneliness,33.5,29.6,37.6,4637,3486
10005050406,Sussex,Prevention,Health Insurance,16.0,13.4,18.8,5475,4063
10005051103,Sussex,Health Risk Behaviors,Physical Inactivity,18.6,15.1,22.7,952,866
10005050302,Sussex,Disability,Independent Living Disability,10.5,9.3,11.8,5521,4001
10003011205,New Castle,Disability,Hearing Disability,6.3,5.5,7.3,1968,1585
10005051017,Sussex,Prevention,Health Insurance,5.5,4.3,7.1,3804,3435
10005051008,Sussex,Health Risk Behaviors,Binge Drinking,12.5,10.6,14.7,4100,3626
10003012700,New Castle,Health Outcomes,Depression,22.7,19.5,25.9,4392,3592
10005051014,Sussex,Health Outcomes,High Blood Pressure,46.8,42.2,51.4,1881,1709
10001980000,Kent,Prevention,Dental Visit,57.2,53.0,61.2,108,104
10005051307,Sussex,Disability,Vision Disability,5.2,4.2,6.4,2975,2708
10003016806,New Castle,Prevention,High Blood Pressure Medication,72.4,69.2,75.5,6347,4487
10001043400,Kent,Health-Related Social Needs,Transportation Barriers,7.2,6.4,8.2,5648,4415
10003011400,New Castle,Prevention,Health Insurance,4.1,3.2,5.2,3456,2735
10003002300,New Castle,Health Outcomes,COPD,7.4,6.4,8.4,3003,2091
10005050711,Sussex,Health-Related Social Needs,Food Insecurity,18.0,14.8,21.7,1505,1256
10003011000,New Castle,Prevention,Mammography,80.0,74.4,84.9,3201,2542
10003011800,New Castle,Health Outcomes,High Blood Pressure,34.9,31.5,38.4,4927,4135
10003016401,New Castle,Health-Related Social Needs,Food Stamps,9.7,7.7,11.9,6711,5269
10003013903,New Castle,Health Outcomes,COPD,6.2,5.2,7.2,4820,3768
10001042207,Kent,Prevention,Cholesterol Screening,86.3,84.3,88.3,2576,1977
10005050604,Sussex,Health-Related Social Needs,Transportation Barriers,10.2,8.9,11.6,4674,3611
10003013100,New Castle,Prevention,Colorectal Cancer Screening,63.7,59.3,67.7,2248,1833
10003011700,New Castle,Health Outcomes,Stroke,2.9,2.5,3.4,4260,3465
10003016806,New Castle,Disability,Hearing Disability,4.4,3.9,4.9,6347,4487
10005050506,Sussex,Prevention,Colorectal Cancer Screening,68.9,64.9,73.0,4112,3099
10003014811,New Castle,Prevention,Colorectal Cancer Screening,63.6,59.2,67.9,6677,4822
10001042208,Kent,Health-Related Social Needs,Loneliness,33.2,29.5,37.1,4016,3108
10005050604,Sussex,Prevention,Cholesterol Screening,86.8,84.9,88.5,4674,3611
10003013000,New Castle,Disability,Self-care Disability,3.3,2.8,3.8,1927,1515
10003014705,New Castle,Prevention,Dental Visit,61.8,58.1,65.5,5891,4572
10003014810,New Castle,Prevention,High Blood Pressure Medication,74.5,71.3,77.4,7083,5613
10003012500,New Castle,Disability,Self-care Disability,3.8,3.4,4.3,5660,4358
10003013501,New Castle,Health Risk Behaviors,Short Sleep Duration,27.2,23.1,31.7,7213,5880
10003012400,New Castle,Health Risk Behaviors,Binge Drinking,15.9,13.4,18.5,4637,3486
10003013608,New Castle,Health Outcomes,Coronary Heart Disease,5.3,4.6,6.0,1959,1543
10003014903,New Castle,Disability,Self-care Disability,5.4,4.7,6.2,7365,5269
10003013200,New Castle,Health Outcomes,Current Asthma,10.5,9.2,11.7,2653,2074
10003013506,New Castle,Health Risk Behaviors,Current Cigarette Smoking,6.4,4.6,8.6,4567,3785
10003015900,New Castle,Health-Related Social Needs,Loneliness,33.3,29.6,37.4,3344,2595
10005051501,Sussex,Prevention,Dental Visit,56.8,53.2,60.6,2246,1737
10001041803,Kent,Disability,Mobility Disability,22.1,19.8,24.5,4384,3459
10003016901,New Castle,Health Risk Behaviors,Current Cigarette Smoking,15.3,12.9,17.8,2364,1876
10003013506,New Castle,Health-Related Social Needs,Utility Services Threat,2.8,2.2,3.6,4567,3785
10001042204,Kent,Health Outcomes,High Cholesterol,37.7,33.9,41.8,4773,3481
10003000900,New Castle,Health-Related Social Needs,Utility Services Threat,24.0,20.7,27.3,2267,1563
10003011900,New Castle,Prevention,Cholesterol Screening,91.5,90.0,92.8,3298,2592
10005051202,Sussex,Health Status,Frequent Physical Distress,11.3,9.8,13.0,856,822
10005050601,Sussex,Health-Related Social Needs,Lack of Social/Emotional Support,21.4,18.5,24.5,5391,4138
10003014301,New Castle,Health Risk Behaviors,Binge Drinking,14.3,12.1,16.6,1317,1092
10003010106,New Castle,Prevention,Annual Checkup,78.5,75.0,81.5,1760,1509
10003014811,New Castle,Health Outcomes,All Teeth Lost,6.3,5.1,7.6,6677,4822
10003015100,New Castle,Health Outcomes,Stroke,3.8,3.4,4.3,3594,2808
10003010104,New Castle,Disability,Independent Living Disability,8.1,7.1,9.3,3620,2830
10005050703,Sussex,Prevention,Health Insurance,13.1,10.6,15.9,2153,1786
10005050104,Sussex,Health Outcomes,Cancer (non-skin) or Melanoma,8.3,7.6,9.2,5031,3785
10005051205,Sussex,Prevention,Mammography,81.2,76.3,85.9,580,543
10003001300,New Castle,Health Status,Frequent Physical Distress,9.5,8.2,11.0,3588,3013
10003016612,New Castle,Prevention,Mammography,77.6,71.8,82.8,6450,4739
10003013607,New Castle,Health Outcomes,Depression,21.6,18.6,24.9,6255,5031
10001042900,Kent,Disability,Vision Disability,6.4,5.7,7.1,5105,4056
10005050808,Sussex,Health Outcomes,All Teeth Lost,7.1,5.9,8.6,4150,3726
10003013612,New Castle,Prevention,Dental Visit,76.4,73.5,79.1,6158,4926
10003014404,New Castle,Disability,Cognitive Disability,12.1,10.3,14.3,4159,3562
10005050805,Sussex,Disability,Vision Disability,3.9,3.4,4.5,3038,2464
10005050710,Sussex,Disability,Cognitive Disability,15.9,13.9,18.0,1870,1457
10005051900,Sussex,Health Risk Behaviors,Short Sleep Duration,34.2,29.7,39.4,4760,3685
10003014705,New Castle,Health Status,Frequent Physical Distress,13.6,11.8,15.3,5891,4572
10003015400,New Castle,Disability,Mobility Disability,19.5,17.2,22.1,2932,2209
10005050708,Sussex,Health Risk Behaviors,Binge Drinking,11.6,9.7,13.7,2774,2424
10003013507,New Castle,Disability,Any Disability,23.7,20.1,27.7,1819,1428
10003002600,New Castle,Health-Related Social Needs,Housing Insecurity,27.0,23.4,30.9,3730,2585
10003001902,New Castle,Disability,Self-care Disability,5.0,4.2,5.9,2113,1554
10005050401,Sussex,Prevention,Mammography,77.6,71.9,82.9,3606,2872
10003016309,New Castle,Health Outcomes,Cancer (non-skin) or Melanoma,7.2,6.5,7.9,4125,3307
10003013612,New Castle,Disability,Mobility Disability,10.1,8.6,11.6,6158,4926
10003010400,New Castle,Health Outcomes,Cancer (non-skin) or Melanoma,8.9,8.1,9.8,4591,3725
10003016100,New Castle,Health Risk Behaviors,Short Sleep Duration,33.9,29.1,38.9,1961,1661
10003002900,New Castle,Health Risk Behaviors,Short Sleep Duration,49.1,43.5,54.5,3499,2540
10003014100,New Castle,Health-Related Social Needs,Housing Insecurity,16.5,14.1,19.0,4985,3693
10003002500,New Castle,Health Outcomes,Arthritis,24.1,21.6,26.6,3235,2443
10005051702,Sussex,Prevention,Annual Checkup,79.6,76.2,82.6,6577,4982
10005051017,Sussex,Health Outcomes,Obesity,29.7,24.1,35.4,3804,3435
10003016609,New Castle,Prevention,Health Insurance,5.3,4.1,7.0,5595,4312
10001042801,Kent,Health Outcomes,Stroke,3.3,2.9,3.7,2007,1606
10003010704,New Castle,Disability,Any Disability,28.1,24.6,31.5,3947,3149
10003011206,New Castle,Health-Related Social Needs,Transportation Barriers,3.7,3.0,4.5,4319,3345
10005050801,Sussex,Prevention,Colorectal Cancer Screening,72.0,68.3,75.8,3979,3225
10001042500,Kent,Health Outcomes,Diabetes,17.3,15.3,19.4,3590,2590
10001043400,Kent,Prevention,High Blood Pressure Medication,80.0,77.5,82.4,5648,4415
10005050706,Sussex,Health Risk Behaviors,Binge Drinking,12.5,10.5,14.7,1772,1557
10003013905,New Castle,Prevention,High Blood Pressure Medication,65.9,62.5,69.2,4169,3100
10001980000,Kent,Health-Related Social Needs,Housing Insecurity,11.6,10.0,13.5,108,104
10003014908,New Castle,Health Outcomes,All Teeth Lost,12.8,10.5,15.4,2425,1792
10005051501,Sussex,Health Outcomes,All Teeth Lost,18.5,15.8,21.8,2246,1737
10005051008,Sussex,Health Outcomes,All Teeth Lost,7.8,6.4,9.5,4100,3626
10003010703,New Castle,Health Risk Behaviors,Short Sleep Duration,37.7,32.7,42.9,2036,1556
10003015502,New Castle,Prevention,Annual Checkup,79.9,76.5,82.9,2686,2035
10003013506,New Castle,Health Outcomes,High Blood Pressure,32.0,28.4,35.6,4567,3785
10003014812,New Castle,Health Outcomes,Depression,20.1,17.1,23.1,4559,3628
10003012600,New Castle,Health Outcomes,Arthritis,24.6,21.7,27.6,2945,2351
10003000900,New Castle,Health Outcomes,Diabetes,18.8,16.5,21.0,2267,1563
10005050302,Sussex,Disability,Cognitive Disability,16.7,14.6,18.7,5521,4001
10001042207,Kent,Health-Related Social Needs,Utility Services Threat,9.1,7.8,10.6,2576,1977
10003014705,New Castle,Health Outcomes,High Blood Pressure,35.0,31.5,38.4,5891,4572
10003014301,New Castle,Health-Related Social Needs,Food Insecurity,5.5,4.3,6.9,1317,1092
10003013505,New Castle,Health Outcomes,Obesity,26.1,21.1,31.4,3489,2807
10003003002,New Castle,Health Risk Behaviors,Current Cigarette Smoking,31.5,27.2,35.8,3060,2329
10003002900,New Castle,Prevention,High Blood Pressure Medication,78.4,75.8,80.8,3499,2540
10003014814,New Castle,Disability,Cognitive Disability,11.6,10.1,13.2,4361,3290
10005051801,Sussex,Prevention,Health Insurance,13.2,11.1,15.7,5359,3933
10003010703,New Castle,Health Outcomes,All Teeth Lost,16.5,13.7,19.7,2036,1556
10005050701,Sussex,Health Outcomes,All Teeth Lost,13.2,11.0,15.8,5068,4322
10005051312,Sussex,Prevention,Mammography,79.8,74.7,84.7,2290,2046
10003016404,New Castle,Health Status,Frequent Physical Distress,13.4,11.9,15.0,3334,2622
10003014809,New Castle,Disability,Vision Disability,4.8,4.3,5.3,8360,6692
10003016805,New Castle,Prevention,Cholesterol Screening,87.5,85.4,89.4,1723,1396
10005051308,Sussex,Health Status,General Health,17.7,14.5,21.1,4074,3530
10003014810,New Castle,Health Risk Behaviors,Short Sleep Duration,36.2,31.3,41.3,7083,5613
10003014904,New Castle,Health-Related Social Needs,Lack of Social/Emotional Support,25.2,21.8,28.6,5003,4117
10005050707,Sussex,Prevention,Annual Checkup,86.3,83.9,88.5,2578,2285
10003001100,New Castle,Health-Related Social Needs,Loneliness,29.4,25.6,33.4,3375,3187
10003002500,New Castle,Health Status,Frequent Physical Distress,13.8,12.1,15.6,3235,2443
10003015502,New Castle,Health Outcomes,High Cholesterol,38.8,35.3,42.5,2686,2035
10003016401,New Castle,Health Outcomes,Stroke,3.2,2.9,3.5,6711,5269
10003000601,New Castle,Health Outcomes,Diabetes,19.9,17.7,22.4,2773,2035
10005050806,Sussex,Disability,Mobility Disability,15.3,12.8,17.8,4454,3735
10003000500,New Castle,Prevention,High Blood Pressure Medication,77.0,74.1,79.5,3453,2515
10003011000,New Castle,Health-Related Social Needs,Housing Insecurity,6.4,5.2,7.6,3201,2542
10003010704,New Castle,Health Status,Frequent Mental Distress,16.2,14.4,18.1,3947,3149
10005051205,Sussex,Health-Related Social Needs,Housing Insecurity,4.0,3.2,5.0,580,543
10003014301,New Castle,Disability,Self-care Disability,2.3,2.0,2.7,1317,1092
10003014703,New Castle,Health Outcomes,Stroke,3.8,3.4,4.2,4827,3890
10003016609,New Castle,Disability,Independent Living Disability,5.8,4.7,7.0,5595,4312
10001043202,Kent,Prevention,Colorectal Cancer Screening,65.1,60.5,69.4,3722,2979
10003015802,New Castle,Health-Related Social Needs,Utility Services Threat,9.6,8.2,11.1,2276,1726
10003012300,New Castle,Health Outcomes,Cancer (non-skin) or Melanoma,7.2,6.6,8.0,2739,2159
10003012300,New Castle,Health-Related Social Needs,Loneliness,34.3,30.3,38.5,2739,2159
10003011100,New Castle,Health Risk Behaviors,Binge Drinking,14.8,12.6,17.3,2654,2282
10003013613,New Castle,Health Outcomes,High Cholesterol,39.3,35.5,42.9,5657,4676
10005050505,Sussex,Health Risk Behaviors,Current Cigarette Smoking,18.1,15.1,21.3,2420,2212
10001043000,Kent,Health Outcomes,Diabetes,13.3,11.6,15.1,5414,4110
10003016805,New Castle,Health-Related Social Needs,Food Insecurity,11.2,9.2,13.7,1723,1396
10003001100,New Castle,Health Outcomes,COPD,5.4,4.5,6.6,3375,3187
10003010704,New Castle,Health Risk Behaviors,Physical Inactivity,25.2,21.4,29.0,3947,3149
10003001600,New Castle,Health-Related Social Needs,Housing Insecurity,33.0,28.9,37.4,2419,1765
10003016612,New Castle,Prevention,High Blood Pressure Medication,76.0,72.7,79.0,6450,4739
10003011205,New Castle,Prevention,High Blood Pressure Medication,77.9,74.8,80.7,1968,1585
10003011100,New Castle,Health Outcomes,Arthritis,30.6,27.4,33.8,2654,2282
10003011000,New Castle,Disability,Cognitive Disability,9.6,8.1,11.1,3201,2542
10003016301,New Castle,Health-Related Social Needs,Utility Services Threat,8.1,6.9,9.4,7385,5955
10003013608,New Castle,Health-Related Social Needs,Food Stamps,8.8,6.9,10.9,1959,1543
10005051501,Sussex,Health Risk Behaviors,Physical Inactivity,29.5,25.4,33.7,2246,1737
10001042801,Kent,Health Outcomes,Cancer (non-skin) or Melanoma,9.9,8.9,10.8,2007,1606
10003000602,New Castle,Disability,Independent Living Disability,11.7,10.0,13.5,2876,2134
10005050805,Sussex,Health Risk Behaviors,Physical Inactivity,23.0,19.1,27.1,3038,2464
10003011203,New Castle,Prevention,Mammography,77.4,71.6,82.7,4805,3884
10003013901,New Castle,Health Outcomes,Arthritis,24.5,21.8,27.2,3492,2741
10005050804,Sussex,Health Status,Frequent Mental Distress,13.0,11.4,14.6,4188,3465
10003013607,New Castle,Health-Related Social Needs,Housing Insecurity,8.5,7.1,10.0,6255,5031
10005051010,Sussex,Health Outcomes,High Blood Pressure,44.1,40.0,48.2,2795,2452
10003001300,New Castle,Health-Related Social Needs,Lack of Social/Emotional Support,14.7,12.4,17.3,3588,3013
10005050103,Sussex,Health Outcomes,High Blood Pressure,40.8,37.0,44.4,5063,4221
10003011500,New Castle,Health Outcomes,All Teeth Lost,7.8,6.3,9.6,2908,2308
10003016000,New Castle,Health-Related Social Needs,Transportation Barriers,13.1,11.4,14.9,2999,2265
10005050903,Sussex,Prevention,Annual Checkup,87.9,85.6,89.9,2161,1968
10005051311,Sussex,Disability,Any Disability,28.7,24.1,33.8,1832,1712
10005051011,Sussex,Health-Related Social Needs,Housing Insecurity,5.7,4.7,6.9,3580,3083
10003002500,New Castle,Prevention,Colorectal Cancer Screening,65.5,61.3,69.5,3235,2443
10003014302,New Castle,Health Outcomes,All Teeth Lost,9.1,7.3,11.1,4908,4464
10003001600,New Castle,Prevention,Cholesterol Screening,80.4,77.3,83.0,2419,1765
10003013604,New Castle,Prevention,High Blood Pressure Medication,77.7,74.5,80.2,4156,3372
10003014703,New Castle,Prevention,Mammography,76.1,70.0,81.6,4827,3890
10003016307,New Castle,Health Status,Frequent Physical Distress,11.5,10.1,13.0,2756,2221
10003010800,New Castle,Health Outcomes,Cancer (non-skin) or Melanoma,11.5,10.5,12.6,4796,3948
10003013508,New Castle,Health-Related Social Needs,Housing Insecurity,5.1,4.0,6.3,5655,4419
10003002700,New Castle,Health Outcomes,Stroke,2.3,2.1,2.6,2990,2310
10003010502,New Castle,Prevention,Cholesterol Screening,88.8,87.2,90.2,5779,4788
10005050905,Sussex,Health Outcomes,Arthritis,34.6,31.2,38.0,2848,2485
10003001300,New Castle,Health Risk Behaviors,Physical Inactivity,15.9,13.0,19.3,3588,3013
10003013800,New Castle,Disability,Any Disability,26.3,22.9,29.6,5901,4752
10003016309,New Castle,Disability,Cognitive Disability,14.4,12.4,16.4,4125,3307
10005050711,Sussex,Health-Related Social Needs,Housing Insecurity,12.1,10.2,14.4,1505,1256
10001043100,Kent,Prevention,High Blood Pressure Medication,78.9,76.0,81.6,2573,2087
10005050905,Sussex,Health Status,Frequent Physical Distress,12.8,11.1,14.4,2848,2485
10001042207,Kent,Health Status,Frequent Mental Distress,18.2,16.0,20.4,2576,1977
10005051101,Sussex,Disability,Self-care Disability,2.4,2.0,2.7,629,589
10003013613,New Castle,Health Risk Behaviors,Physical Inactivity,19.5,16.4,23.1,5657,4676
10003012300,New Castle,Disability,Cognitive Disability,17.2,15.0,19.5,2739,2159
10003013300,New Castle,Disability,Independent Living Disability,7.3,6.1,8.5,1907,1543
10003010105,New Castle,Health Outcomes,Coronary Heart Disease,4.0,3.6,4.5,2916,2113
10001043400,Kent,Health Outcomes,Diabetes,14.4,12.7,16.2,5648,4415
10001042204,Kent,Health-Related Social Needs,Lack of Social/Emotional Support,22.2,19.4,25.6,4773,3481
10003014702,New Castle,Disability,Any Disability,30.9,27.2,34.9,1910,1510
10005051014,Sussex,Health-Related Social Needs,Food Stamps,4.7,3.3,6.3,1881,1709
10003002300,New Castle,Health Status,Frequent Mental Distress,20.1,17.9,22.4,3003,2091
10003014908,New Castle,Health-Related Social Needs,Loneliness,35.6,31.3,39.6,2425,1792
10005051017,Sussex,Health Outcomes,Depression,18.6,15.7,21.6,3804,3435
10003015400,New Castle,Health Outcomes,COPD,7.0,6.0,8.2,2932,2209
10003013610,New Castle,Health Outcomes,Diabetes,9.6,8.3,11.0,5460,4534
10003000300,New Castle,Disability,Mobility Disability,21.0,17.9,24.1,3012,2233
10003013507,New Castle,Health Outcomes,COPD,5.0,4.0,6.2,1819,1428
10005050709,Sussex,Health Outcomes,High Cholesterol,53.8,49.5,58.1,1956,1774
10003011600,New Castle,Health-Related Social Needs,Transportation Barriers,4.7,3.9,5.7,3287,2573
10005051013,Sussex,Health Outcomes,Depression,20.1,17.1,23.2,3686,3150
10003013400,New Castle,Disability,Hearing Disability,6.7,5.7,7.8,2504,2036
10003000400,New Castle,Prevention,Mammography,79.6,74.1,84.5,2957,2436
10003013700,New Castle,Prevention,High Blood Pressure Medication,70.9,67.8,73.6,4071,3177
10003014100,New Castle,Health Risk Behaviors,Current Cigarette Smoking,15.2,12.7,17.7,4985,3693
10005050406,Sussex,Health Outcomes,Obesity,38.9,32.9,44.9,5475,4063
10003014907,New Castle,Disability,Hearing Disability,5.0,4.4,5.6,4921,3708
10005050904,Sussex,Disability,Cognitive Disability,10.8,8.9,12.8,2592,2256
10003014813,New Castle,Health Outcomes,High Blood Pressure,29.5,26.2,32.8,4889,3848
10005051008,Sussex,Health Outcomes,COPD,7.4,6.0,9.1,4100,3626
10003016404,New Castle,Health-Related Social Needs,Loneliness,31.9,28.0,35.6,3334,2622
10005050303,Sussex,Disability,Independent Living Disability,10.2,8.8,11.4,2935,2313
10003013800,New Castle,Prevention,Health Insurance,8.7,7.0,10.8,5901,4752
10003011300,New Castle,Health Status,Frequent Mental Distress,12.2,10.5,14.0,2244,1847
10001042203,Kent,Health-Related Social Needs,Food Insecurity,12.0,10.3,13.8,5705,4255
10001042000,Kent,Health Outcomes,All Teeth Lost,15.5,12.9,18.4,3064,2380
10005050104,Sussex,Health Outcomes,Current Asthma,11.3,10.0,12.7,5031,3785
10003000602,New Castle,Health Outcomes,High Blood Pressure,45.9,42.1,49.6,2876,2134
10005050707,Sussex,Disability,Independent Living Disability,7.6,6.5,8.7,2578,2285
10005051311,Sussex,Health Outcomes,Obesity,30.4,24.8,36.3,1832,1712
10003001600,New Castle,Health-Related Social Needs,Food Insecurity,42.8,37.7,48.4,2419,1765
10005050806,Sussex,Health-Related Social Needs,Food Stamps,8.4,6.6,10.4,4454,3735
10005051010,Sussex,Health Outcomes,Depression,19.9,17.0,23.1,2795,2452
10005050104,Sussex,Disability,Independent Living Disability,10.7,9.1,12.3,5031,3785
10005051011,Sussex,Disability,Self-care Disability,3.1,2.6,3.7,3580,3083
10003016610,New Castle,Health Outcomes,Obesity,34.2,28.7,39.8,7062,5510
10003013607,New Castle,Health Risk Behaviors,Physical Inactivity,22.4,18.8,26.5,6255,5031
10005050703,Sussex,Health Outcomes,Stroke,5.3,4.6,6.0,2153,1786
10003013614,New Castle,Disability,Independent Living Disability,8.6,7.5,9.7,3258,2555
10003014706,New Castle,Disability,Independent Living Disability,7.2,6.2,8.2,2929,2180
10003014908,New Castle,Disability,Cognitive Disability,16.2,14.1,18.7,2425,1792
10003016404,New Castle,Health Outcomes,COPD,6.9,6.1,7.9,3334,2622
10003013901,New Castle,Health-Related Social Needs,Food Stamps,12.1,9.8,14.7,3492,2741
10003001500,New Castle,Disability,Any Disability,34.7,30.8,39.0,2231,1748
10005050200,Sussex,Health Outcomes,COPD,8.9,7.9,9.9,3744,2777
10005051013,Sussex,Prevention,Colorectal Cancer Screening,75.5,71.9,79.1,3686,3150
10003010800,New Castle,Disability,Hearing Disability,6.5,5.7,7.3,4796,3948
10005051302,Sussex,Health Outcomes,Obesity,31.9,26.3,37.6,4907,4337
10005050711,Sussex,Health Outcomes,Coronary Heart Disease,10.8,9.4,12.3,1505,1256
10003001500,New Castle,Health Outcomes,Coronary Heart Disease,7.5,6.7,8.4,2231,1748
10003016301,New Castle,Disability,Mobility Disability,13.6,11.9,15.4,7385,5955
10005050601,Sussex,Health Outcomes,High Blood Pressure,38.4,34.8,42.0,5391,4138
10003010105,New Castle,Health Status,Frequent Physical Distress,10.8,9.6,12.2,2916,2113
10005050101,Sussex,Health Status,Frequent Physical Distress,13.6,12.1,15.3,4013,3236
10003014904,New Castle,Health Outcomes,Current Asthma,10.8,9.6,12.1,5003,4117
10005051016,Sussex,Prevention,Annual Checkup,85.9,83.3,88.2,1879,1685
10005051201,Sussex,Disability,Mobility Disability,14.3,11.6,17.3,1513,1391
10001042500,Kent,Health Risk Behaviors,Current Cigarette Smoking,17.4,15.1,20.3,3590,2590
10003012500,New Castle,Health Risk Behaviors,Binge Drinking,16.7,14.1,19.4,5660,4358
10003013501,New Castle,Prevention,High Blood Pressure Medication,81.5,78.8,84.0,7213,5880
10003015802,New Castle,Health Outcomes,High Blood Pressure,32.9,29.6,36.2,2276,1726
10003013604,New Castle,Health Risk Behaviors,Short Sleep Duration,30.7,26.2,35.5,4156,3372
10003002400,New Castle,Prevention,Cholesterol Screening,85.2,83.0,87.1,4250,3346
10001043100,Kent,Health Risk Behaviors,Short Sleep Duration,38.2,33.0,43.4,2573,2087
10003010900,New Castle,Health Outcomes,Stroke,3.8,3.3,4.4,2773,2237
10005051017,Sussex,Health-Related Social Needs,Loneliness,25.2,21.7,29.0,3804,3435
10005050105,Sussex,Health Outcomes,Cancer (non-skin) or Melanoma,7.9,7.2,8.7,5939,4388
10001042801,Kent,Health Outcomes,Obesity,39.3,33.0,46.0,2007,1606
10001043000,Kent,Disability,Mobility Disability,16.1,14.2,18.1,5414,4110
10003000601,New Castle,Health-Related Social Needs,Transportation Barriers,18.8,16.0,21.8,2773,2035
10003011203,New Castle,Health-Related Social Needs,Utility Services Threat,8.0,6.7,9.3,4805,3884
10005050505,Sussex,Health-Related Social Needs,Lack of Social/Emotional Support,27.5,23.9,31.5,2420,2212
10003013613,New Castle,Health Outcomes,Current Asthma,9.9,8.7,11.1,5657,4676
10005051802,Sussex,Health Status,Frequent Mental Distress,18.2,16.2,20.3,4354,3076
10003016805,New Castle,Health Status,Frequent Mental Distress,16.5,14.5,18.5,1723,1396
10003013608,New Castle,Disability,Vision Disability,3.8,3.3,4.4,1959,1543
10003016307,New Castle,Health Outcomes,Arthritis,24.3,21.7,26.9,2756,2221
10005050801,Sussex,Health Outcomes,Diabetes,12.2,10.6,13.9,3979,3225
10003013507,New Castle,Health Outcomes,Obesity,26.4,21.5,31.5,1819,1428
10005051314,Sussex,Health Risk Behaviors,Current Cigarette Smoking,10.3,8.5,12.5,2525,2271
10003001200,New Castle,Prevention,Colorectal Cancer Screening,66.6,62.7,70.4,1605,1454
10003016613,New Castle,Health Risk Behaviors,Short Sleep Duration,37.8,32.8,43.1,6109,4337
10003002200,New Castle,Health Outcomes,All Teeth Lost,33.8,29.2,38.3,2874,1942
10005050506,Sussex,Health-Related Social Needs,Transportation Barriers,7.6,6.6,8.7,4112,3099
10003010200,New Castle,Prevention,Health Insurance,6.6,5.3,8.2,2034,1607
10005051015,Sussex,Health Outcomes,High Cholesterol,50.2,46.0,54.2,1877,1626
10005050711,Sussex,Disability,Self-care Disability,5.6,4.7,6.6,1505,1256
10003016613,New Castle,Health Status,General Health,17.6,15.0,20.4,6109,4337
10003016000,New Castle,Prevention,Colorectal Cancer Screening,63.8,59.4,68.0,2999,2265
10003014810,New Castle,Prevention,Dental Visit,65.5,62.0,69.0,7083,5613
10005050904,Sussex,Health Outcomes,Cancer (non-skin) or Melanoma,15.9,14.4,17.3,2592,2256
10005050103,Sussex,Prevention,Dental Visit,65.4,62.0,68.9,5063,4221
10005051012,Sussex,Prevention,Colorectal Cancer Screening,70.6,66.5,74.7,1908,1715
10005050407,Sussex,Disability,Vision Disability,7.8,7.0,8.6,5238,4210
10003013611,New Castle,Prevention,Annual Checkup,78.0,74.6,81.2,5572,4648
10001980000,Kent,Prevention,Annual Checkup,67.4,62.5,72.1,108,104
10003010703,New Castle,Prevention,Dental Visit,58.7,54.9,62.4,2036,1556
10003011800,New Castle,Disability,Any Disability,24.5,21.2,27.7,4927,4135
10003000900,New Castle,Prevention,Health Insurance,14.6,11.8,17.8,2267,1563
10003015600,New Castle,Health-Related Social Needs,Transportation Barriers,12.4,10.8,14.2,2343,1791
10003010502,New Castle,Health Outcomes,COPD,6.3,5.3,7.3,5779,4788
10003013501,New Castle,Health-Related Social Needs,Food Insecurity,5.4,4.5,6.6,7213,5880
10003014812,New Castle,Health Status,Frequent Mental Distress,13.9,12.1,15.7,4559,3628
10003014903,New Castle,Health Risk Behaviors,Binge Drinking,13.9,11.6,16.3,7365,5269
10005050603,Sussex,Health Outcomes,All Teeth Lost,9.5,7.9,11.5,3956,3165
10003014904,New Castle,Health Outcomes,All Teeth Lost,12.2,10.1,14.5,5003,4117
10003002800,New Castle,Health-Related Social Needs,Food Insecurity,20.8,17.4,24.8,2378,2071
10005051101,Sussex,Health Risk Behaviors,Binge Drinking,12.5,10.5,14.7,629,589
10003011204,New Castle,Health Outcomes,COPD,6.0,4.8,7.2,3313,2741
10003012900,New Castle,Disability,Mobility Disability,16.5,14.4,18.4,4823,3565
10003010400,New Castle,Health Outcomes,Stroke,3.1,2.8,3.4,4591,3725
10003016404,New Castle,Health Outcomes,All Teeth Lost,10.8,8.9,13.0,3334,2622
10003013300,New Castle,Health Status,Frequent Mental Distress,15.5,13.6,17.5,1907,1543
10003001300,New Castle,Health Outcomes,Coronary Heart Disease,5.6,4.9,6.5,3588,3013
10003003002,New Castle,Health Risk Behaviors,Physical Inactivity,47.6,41.9,53.3,3060,2329
10005051313,Sussex,Health Risk Behaviors,Binge Drinking,11.5,9.6,13.5,3144,2742
10003002800,New Castle,Prevention,Mammography,77.0,71.2,82.3,2378,2071
10003014813,New Castle,Health-Related Social Needs,Utility Services Threat,6.1,5.1,7.3,4889,3848
10003001200,New Castle,Health Risk Behaviors,Short Sleep Duration,28.8,24.4,33.6,1605,1454
10005051201,Sussex,Prevention,Dental Visit,73.1,70.1,76.0,1513,1391
10003012500,New Castle,Health-Related Social Needs,Food Insecurity,16.6,14.3,19.2,5660,4358
10003012100,New Castle,Health Outcomes,High Blood Pressure,32.5,29.1,35.8,2901,2301
10003012200,New Castle,Health Outcomes,Coronary Heart Disease,6.2,5.4,6.9,4676,3581
10001042204,Kent,Prevention,Colorectal Cancer Screening,65.0,60.5,69.3,4773,3481
10005050200,Sussex,Health-Related Social Needs,Lack of Social/Emotional Support,23.7,20.7,26.7,3744,2777
10003011100,New Castle,Disability,Self-care Disability,2.8,2.4,3.2,2654,2282
10005050304,Sussex,Health Outcomes,Stroke,5.1,4.5,5.7,4616,3670
10001042900,Kent,Health-Related Social Needs,Housing Insecurity,13.1,11.3,14.9,5105,4056
10003000300,New Castle,Health Outcomes,Cancer (non-skin) or Melanoma,5.7,5.2,6.3,3012,2233
10003014907,New Castle,Health Outcomes,Coronary Heart Disease,5.6,5.0,6.3,4921,3708
10003014702,New Castle,Health Outcomes,Cancer (non-skin) or Melanoma,8.3,7.6,9.1,1910,1510
10003011700,New Castle,Health-Related Social Needs,Lack of Social/Emotional Support,14.3,12.1,16.7,4260,3465
10005050501,Sussex,Disability,Hearing Disability,7.3,6.4,8.2,4201,3285
10003014906,New Castle,Health Outcomes,Depression,22.5,19.4,25.9,5339,4098
10003002200,New Castle,Disability,Mobility Disability,26.3,23.5,29.2,2874,1942
10003002900,New Castle,Prevention,Colorectal Cancer Screening,60.5,55.7,65.1,3499,2540
10003016613,New Castle,Health Outcomes,Obesity,34.7,29.1,40.6,6109,4337
10003000400,New Castle,Disability,Self-care Disability,4.8,4.1,5.6,2957,2436
10003010106,New Castle,Disability,Cognitive Disability,13.2,11.3,15.3,1760,1509
10005050403,Sussex,Health Outcomes,COPD,8.1,7.1,9.2,3517,2621
10005050807,Sussex,Health-Related Social Needs,Food Insecurity,11.6,8.7,14.7,1824,1622
10003015900,New Castle,Disability,Cognitive Disability,14.5,12.8,16.4,3344,2595
10003016609,New Castle,Disability,Cognitive Disability,11.0,9.1,13.4,5595,4312
10005050503,Sussex,Health-Related Social Needs,Transportation Barriers,21.3,18.8,23.9,5604,3737
10003014403,New Castle,Prevention,Cholesterol Screening,82.7,80.0,85.4,3611,2955
10003011400,New Castle,Disability,Hearing Disability,6.4,5.5,7.4,3456,2735
10003014811,New Castle,Health Outcomes,High Cholesterol,36.4,32.7,40.0,6677,4822
10005051309,Sussex,Health Status,Frequent Physical Distress,13.6,11.5,16.0,1488,1407
10003015100,New Castle,Prevention,Health Insurance,9.7,8.0,11.7,3594,2808
10005050406,Sussex,Health Risk Behaviors,Binge Drinking,12.1,10.2,14.2,5475,4063
10003014810,New Castle,Disability,Mobility Disability,11.8,10.2,13.5,7083,5613
10005051701,Sussex,Health Outcomes,COPD,8.9,7.4,10.4,4103,3258
10003002900,New Castle,Health Status,General Health,38.7,33.9,43.4,3499,2540
10001041900,Kent,Disability,Cognitive Disability,17.5,15.4,19.8,5289,4044
10005051311,Sussex,Disability,Cognitive Disability,8.6,6.9,10.5,1832,1712
10001042802,Kent,Prevention,Mammography,74.5,68.1,80.2,5612,4350
10003013611,New Castle,Disability,Vision Disability,3.5,3.1,4.0,5572,4648
10005050808,Sussex,Health-Related Social Needs,Transportation Barriers,4.2,3.4,5.1,4150,3726
10005050806,Sussex,Prevention,Dental Visit,69.2,66.0,72.5,4454,3735
10005051101,Sussex,Health-Related Social Needs,Food Insecurity,3.8,3.0,4.9,629,589
10003014909,New Castle,Health Risk Behaviors,Binge Drinking,14.7,12.4,17.1,6186,4652
10005050103,Sussex,Health Risk Behaviors,Physical Inactivity,24.8,20.7,29.1,5063,4221
10003011900,New Castle,Health Outcomes,Obesity,28.4,23.3,33.9,3298,2592
10003013906,New Castle,Disability,Independent Living Disability,5.5,4.8,6.4,4648,3670
10003015600,New Castle,Health Outcomes,Obesity,39.3,33.2,45.4,2343,1791
10003011800,New Castle,Health-Related Social Needs,Lack of Social/Emotional Support,15.7,13.4,18.1,4927,4135
10005051010,Sussex,Prevention,Health Insurance,5.7,4.5,7.0,2795,2452
10003016614,New Castle,Health Outcomes,Obesity,30.6,25.0,36.2,6239,4474
10003016610,New Castle,Health Outcomes,COPD,6.8,5.7,7.9,7062,5510
10003016401,New Castle,Health Outcomes,Cancer (non-skin) or Melanoma,7.5,6.9,8.3,6711,5269
10003001400,New Castle,Disability,Independent Living Disability,11.2,9.7,12.8,2103,1727
10005051011,Sussex,Health-Related Social Needs,Food Insecurity,7.3,5.7,9.0,3580,3083
10005050708,Sussex,Prevention,Health Insurance,7.2,5.6,9.1,2774,2424
10003013901,New Castle,Health Outcomes,Cancer (non-skin) or Melanoma,7.5,6.8,8.2,3492,2741
10003011100,New Castle,Health Outcomes,Diabetes,11.3,9.8,12.9,2654,2282
10003001500,New Castle,Health Outcomes,Obesity,39.1,33.0,45.0,2231,1748
10003016807,New Castle,Prevention,Dental Visit,72.3,69.1,75.4,1901,1411
10005051012,Sussex,Health Risk Behaviors,Short Sleep Duration,31.7,27.3,36.8,1908,1715
10003012100,New Castle,Health Status,Frequent Mental Distress,15.1,13.2,17.0,2901,2301
10005050401,Sussex,Health Outcomes,COPD,9.4,7.8,11.0,3606,2872
10003000602,New Castle,Health-Related Social Needs,Lack of Social/Emotional Support,31.5,27.3,35.6,2876,2134
10003014402,New Castle,Health Outcomes,High Cholesterol,35.3,31.9,38.7,2807,2383
10005051014,Sussex,Disability,Mobility Disability,15.0,12.0,18.0,1881,1709
10005051400,Sussex,Disability,Hearing Disability,7.3,6.4,8.2,3878,3033
10003016904,New Castle,Health-Related Social Needs,Food Stamps,20.3,16.4,24.4,3096,2872
10003011205,New Castle,Disability,Self-care Disability,2.7,2.2,3.2,1968,1585
10005050408,Sussex,Health Status,Frequent Mental Distress,17.4,15.4,19.5,4534,3546
10005051502,Sussex,Disability,Independent Living Disability,8.5,7.4,9.6,3228,2586
10003015802,New Castle,Health Outcomes,COPD,6.2,5.3,7.2,2276,1726
10003016806,New Castle,Health Risk Behaviors,Short Sleep Duration,36.7,31.9,41.9,6347,4487
10003013200,New Castle,Health Outcomes,All Teeth Lost,10.3,8.5,12.5,2653,2074
10003016608,New Castle,Health Status,Frequent Mental Distress,14.4,12.5,16.2,6561,5064
10003000601,New Castle,Health Outcomes,Arthritis,28.5,25.6,31.5,2773,2035
10005051102,Sussex,Health Status,General Health,13.2,11.1,15.4,1029,970
10005050603,Sussex,Health Outcomes,Current Asthma,10.4,9.2,11.7,3956,3165
10003000602,New Castle,Prevention,Annual Checkup,81.8,78.7,84.6,2876,2134
10003011500,New Castle,Health Outcomes,Current Asthma,10.1,8.9,11.3,2908,2308
10003015502,New Castle,Disability,Self-care Disability,6.2,5.4,7.0,2686,2035
10003015200,New Castle,Disability,Vision Disability,5.7,5.1,6.3,5783,4501
10005050701,Sussex,Health-Related Social Needs,Lack of Social/Emotional Support,19.9,17.2,23.0,5068,4322
10003016200,New Castle,Health Outcomes,Depression,21.8,18.7,25.1,3051,2509
10003010106,New Castle,Health-Related Social Needs,Loneliness,34.7,30.8,38.8,1760,1509
10003001200,New Castle,Prevention,High Blood Pressure Medication,68.4,65.3,71.2,1605,1454
10003012700,New Castle,Health-Related Social Needs,Utility Services Threat,8.6,7.4,9.9,4392,3592
10003014706,New Castle,Health Outcomes,Current Asthma,11.0,9.8,12.3,2929,2180
10003013700,New Castle,Disability,Independent Living Disability,7.9,6.8,9.0,4071,3177
10003014404,New Castle,Health Outcomes,Arthritis,22.5,20.1,25.0,4159,3562
10005051012,Sussex,Health Outcomes,Diabetes,15.2,13.1,17.5,1908,1715
10003003002,New Castle,Health Status,Frequent Physical Distress,19.4,17.1,21.9,3060,2329
10003014302,New Castle,Health Outcomes,Current Asthma,11.1,9.8,12.5,4908,4464
10001043100,Kent,Health-Related Social Needs,Food Insecurity,11.6,9.7,14.0,2573,2087
10005051801,Sussex,Health Status,General Health,25.8,22.7,28.9,5359,3933
10003000300,New Castle,Health Outcomes,Stroke,5.3,4.6,6.0,3012,2233
10001042206,Kent,Disability,Any Disability,32.1,28.3,36.0,2822,2203
10003014502,New Castle,Health Risk Behaviors,Current Cigarette Smoking,12.5,10.2,14.8,7374,7189
10005050904,Sussex,Prevention,Health Insurance,7.1,5.5,9.0,2592,2256
10003011400,New Castle,Prevention,Mammography,77.8,72.0,83.0,3456,2735
10003002100,New Castle,Health-Related Social Needs,Utility Services Threat,27.0,23.6,30.5,1809,1283
10001041702,Kent,Health Outcomes,High Cholesterol,41.0,37.2,45.1,4472,3405
10005051015,Sussex,Health Outcomes,COPD,7.7,6.3,9.4,1877,1626
10003002400,New Castle,Prevention,High Blood Pressure Medication,76.0,73.3,78.6,4250,3346
10005051400,Sussex,Health Status,General Health,19.9,17.5,22.6,3878,3033
10005050804,Sussex,Health Outcomes,Depression,20.2,17.3,23.4,4188,3465
10003011400,New Castle,Disability,Mobility Disability,10.8,8.9,13.0,3456,2735
10005051307,Sussex,Health Risk Behaviors,Physical Inactivity,27.3,21.7,33.3,2975,2708
10005050903,Sussex,Health-Related Social Needs,Lack of Social/Emotional Support,14.8,12.3,17.5,2161,1968
10003014403,New Castle,Disability,Hearing Disability,5.6,5.0,6.4,3611,2955
10005051309,Sussex,Health Outcomes,Arthritis,39.2,35.3,43.0,1488,1407
10003001902,New Castle,Health Risk Behaviors,Binge Drinking,13.3,11.1,15.5,2113,1554
10003014702,New Castle,Health Status,Frequent Mental Distress,16.6,14.7,18.7,1910,1510
10003016611,New Castle,Health Outcomes,COPD,4.0,3.2,4.9,7851,5645
10003014803,New Castle,Disability,Hearing Disability,6.6,5.8,7.4,4150,3432
10005051102,Sussex,Health Risk Behaviors,Short Sleep Duration,26.5,22.7,31.1,1029,970
10005050808,Sussex,Health Status,Frequent Physical Distress,12.7,10.7,14.9,4150,3726
10003000601,New Castle,Health Status,Frequent Physical Distress,16.5,14.5,18.9,2773,2035
10001042000,Kent,Health Risk Behaviors,Binge Drinking,14.4,12.1,17.0,3064,2380
10003011204,New Castle,Health Outcomes,Current Asthma,9.8,8.6,11.0,3313,2741
10003012400,New Castle,Disability,Vision Disability,6.1,5.5,6.8,4637,3486
10003015100,New Castle,Health Outcomes,Cancer (non-skin) or Melanoma,8.8,8.0,9.7,3594,2808
10005050808,Sussex,Disability,Mobility Disability,13.8,11.2,16.7,4150,3726
10003013906,New Castle,Disability,Cognitive Disability,10.6,9.1,12.2,4648,3670
10005050707,Sussex,Health-Related Social Needs,Loneliness,27.4,24.0,31.1,2578,2285
10003002600,New Castle,Prevention,Cholesterol Screening,82.6,80.0,85.1,3730,2585
10005051203,Sussex,Disability,Independent Living Disability,5.5,4.5,6.8,792,726
10003013607,New Castle,Health Outcomes,Arthritis,25.2,22.6,28.0,6255,5031
10003014909,New Castle,Health-Related Social Needs,Food Insecurity,22.1,18.7,25.4,6186,4652
10005051015,Sussex,Health Risk Behaviors,Physical Inactivity,22.9,18.8,27.1,1877,1626
10003002200,New Castle,Health Outcomes,Stroke,5.9,5.3,6.6,2874,1942
10003000400,New Castle,Health Outcomes,High Cholesterol,39.8,36.0,43.5,2957,2436
10003013505,New Castle,Health Outcomes,Depression,19.2,16.4,22.2,3489,2807
10003015600,New Castle,Prevention,Health Insurance,16.3,13.4,19.5,2343,1791
10003013614,New Castle,Health-Related Social Needs,Food Stamps,14.0,11.6,16.6,3258,2555
10005051302,Sussex,Health Status,General Health,16.5,14.1,19.2,4907,4337
10001042206,Kent,Health Risk Behaviors,Binge Drinking,13.6,11.4,16.1,2822,2203
10003010104,New Castle,Health Outcomes,Depression,21.6,18.5,24.7,3620,2830
10003013300,New Castle,Health Outcomes,High Blood Pressure,33.9,30.3,37.3,1907,1543
10003011500,New Castle,Health Outcomes,High Cholesterol,40.1,36.2,43.9,2908,2308
10003011300,New Castle,Prevention,Annual Checkup,81.9,78.7,84.6,2244,1847
10003000602,New Castle,Health-Related Social Needs,Utility Services Threat,17.1,14.5,19.8,2876,2134
10005050707,Sussex,Disability,Cognitive Disability,10.6,9.1,12.2,2578,2285
10003011500,New Castle,Health Status,General Health,14.5,11.8,17.5,2908,2308
10003014809,New Castle,Health-Related Social Needs,Loneliness,32.7,29.1,36.7,8360,6692
10003002700,New Castle,Health Outcomes,Diabetes,9.7,8.5,11.0,2990,2310
10003016307,New Castle,Health Outcomes,Diabetes,11.7,10.3,13.3,2756,2221
10003013906,New Castle,Prevention,High Blood Pressure Medication,73.8,70.7,76.7,4648,3670
10005051009,Sussex,Prevention,High Blood Pressure Medication,84.0,81.5,86.3,2313,1978
10001042205,Kent,Disability,Cognitive Disability,16.0,14.2,17.9,3019,2312
10003016308,New Castle,Health-Related Social Needs,Utility Services Threat,12.1,10.4,14.0,3728,2990
10003011800,New Castle,Health-Related Social Needs,Utility Services Threat,3.2,2.6,3.7,4927,4135
10003011204,New Castle,Disability,Self-care Disability,2.8,2.4,3.3,3313,2741
10003013508,New Castle,Prevention,Cholesterol Screening,91.5,90.1,92.8,5655,4419
10001041900,Kent,Health Outcomes,High Cholesterol,41.4,37.6,45.4,5289,4044
10005050304,Sussex,Health Outcomes,All Teeth Lost,13.9,11.6,16.5,4616,3670
10005051103,Sussex,Health Risk Behaviors,Current Cigarette Smoking,7.8,6.1,10.0,952,866
10005050709,Sussex,Health-Related Social Needs,Utility Services Threat,3.2,2.6,3.8,1956,1774
10003016306,New Castle,Health-Related Social Needs,Transportation Barriers,9.9,8.5,11.4,4598,3569
10005051311,Sussex,Prevention,Health Insurance,4.5,3.2,6.1,1832,1712
10005050703,Sussex,Disability,Cognitive Disability,14.8,12.7,16.9,2153,1786
10003013800,New Castle,Health Outcomes,Obesity,28.3,23.3,33.4,5901,4752
10003012500,New Castle,Health Outcomes,Diabetes,11.9,10.5,13.5,5660,4358
10003014909,New Castle,Health Status,Frequent Mental Distress,18.2,16.0,20.3,6186,4652
10003016200,New Castle,Health Risk Behaviors,Physical Inactivity,23.1,19.2,27.2,3051,2509
10003013608,New Castle,Health Outcomes,High Blood Pressure,31.6,28.3,35.1,1959,1543
10003016614,New Castle,Disability,Any Disability,22.1,19.0,25.2,6239,4474
10003014803,New Castle,Disability,Any Disability,27.7,24.2,31.5,4150,3432
10003016608,New Castle,Prevention,Annual Checkup,80.0,76.8,83.0,6561,5064
10003012400,New Castle,Health Outcomes,Depression,23.4,20.2,26.6,4637,3486
10003014808,New Castle,Health-Related Social Needs,Food Stamps,12.0,10.1,14.1,6476,5078
10005051008,Sussex,Health Outcomes,Current Asthma,9.8,8.7,11.1,4100,3626
10005050401,Sussex,Health Outcomes,Depression,22.3,19.2,25.7,3606,2872
10003014813,New Castle,Health-Related Social Needs,Lack of Social/Emotional Support,22.6,19.1,26.0,4889,3848
10001042802,Kent,Health Outcomes,Coronary Heart Disease,6.9,6.1,7.7,5612,4350
10005051701,Sussex,Health Status,Frequent Physical Distress,15.2,13.2,17.2,4103,3258
10005050304,Sussex,Health Outcomes,Diabetes,16.1,14.0,18.2,4616,3670
10005050101,Sussex,Health Outcomes,Arthritis,30.5,27.6,33.4,4013,3236
10003016301,New Castle,Health-Related Social Needs,Housing Insecurity,12.9,11.1,14.9,7385,5955
10003013508,New Castle,Health-Related Social Needs,Loneliness,27.1,23.5,30.9,5655,4419
10005051204,Sussex,Disability,Any Disability,25.1,21.7,28.7,652,627
10001041804,Kent,Health-Related Social Needs,Utility Services Threat,9.6,8.2,11.0,5980,4654
10001980000,Kent,Health Outcomes,High Blood Pressure,11.8,9.9,13.9,108,104
10005051101,Sussex,Health-Related Social Needs,Housing Insecurity,3.2,2.6,3.9,629,589
10003013615,New Castle,Prevention,Mammography,77.5,71.6,82.7,4107,3324
10005050501,Sussex,Health Status,General Health,20.8,18.3,23.5,4201,3285
10003013613,New Castle,Health Risk Behaviors,Current Cigarette Smoking,8.7,7.1,10.3,5657,4676
10003012900,New Castle,Prevention,Dental Visit,52.8,48.9,56.7,4823,3565
10005050105,Sussex,Health Outcomes,Stroke,4.0,3.7,4.4,5939,4388
10005051101,Sussex,Prevention,Mammography,85.3,81.2,89.2,629,589
10001042802,Kent,Health-Related Social Needs,Housing Insecurity,12.0,10.2,13.9,5612,4350
10005051502,Sussex,Health Status,Frequent Mental Distress,15.4,13.6,17.3,3228,2586
10005051103,Sussex,Disability,Vision Disability,3.1,2.7,3.7,952,866
10003002800,New Castle,Health Outcomes,COPD,5.5,4.7,6.3,2378,2071
10003013613,New Castle,Health Outcomes,All Teeth Lost,5.8,4.7,7.2,5657,4676
10003016608,New Castle,Disability,Independent Living Disability,6.1,5.2,7.0,6561,5064
10001043202,Kent,Health Outcomes,Stroke,4.1,3.7,4.5,3722,2979
10003011300,New Castle,Health Outcomes,Depression,19.8,16.9,22.9,2244,1847
10005050805,Sussex,Prevention,Colorectal Cancer Screening,75.3,71.8,78.8,3038,2464
10005050501,Sussex,Disability,Vision Disability,5.4,4.9,6.1,4201,3285
10003013901,New Castle,Health Outcomes,Current Asthma,10.8,9.5,12.1,3492,2741
10005050701,Sussex,Health Outcomes,Cancer (non-skin) or Melanoma,12.0,10.9,13.2,5068,4322
10001042206,Kent,Disability,Self-care Disability,3.5,3.1,3.9,2822,2203
10003014906,New Castle,Disability,Cognitive Disability,16.7,14.8,18.8,5339,4098
10005050801,Sussex,Health-Related Social Needs,Transportation Barriers,6.0,5.2,6.8,3979,3225
10003015900,New Castle,Health-Related Social Needs,Housing Insecurity,14.9,12.9,17.2,3344,2595
10003000602,New Castle,Health Outcomes,Depression,19.3,16.3,22.2,2876,2134
10005051307,Sussex,Health Risk Behaviors,Current Cigarette Smoking,12.9,9.3,16.7,2975,2708
10003010900,New Castle,Health Outcomes,Cancer (non-skin) or Melanoma,11.6,10.5,12.8,2773,2237
10003013400,New Castle,Disability,Any Disability,27.9,23.6,32.3,2504,2036
10005051204,Sussex,Health Outcomes,Obesity,26.1,21.3,31.4,652,627
10003012700,New Castle,Disability,Hearing Disability,7.6,6.6,8.6,4392,3592
10001042208,Kent,Health Status,Frequent Physical Distress,14.8,13.0,16.7,4016,3108
10003013905,New Castle,Health Risk Behaviors,Short Sleep Duration,38.2,33.1,43.5,4169,3100
10005050407,Sussex,Health Risk Behaviors,Current Cigarette Smoking,19.2,16.5,22.1,5238,4210
10003016609,New Castle,Health Outcomes,Cancer (non-skin) or Melanoma,8.9,8.0,9.8,5595,4312
10005050905,Sussex,Health-Related Social Needs,Utility Services Threat,3.7,3.1,4.4,2848,2485
10005050701,Sussex,Health Outcomes,High Cholesterol,49.5,45.6,53.4,5068,4322
10003015200,New Castle,Disability,Self-care Disability,4.0,3.6,4.5,5783,4501
10003015200,New Castle,Health Outcomes,COPD,6.5,5.6,7.4,5783,4501
10003012200,New Castle,Health-Related Social Needs,Lack of Social/Emotional Support,23.2,20.0,26.7,4676,3581
10003016308,New Castle,Prevention,Annual Checkup,79.9,76.6,82.7,3728,2990
10003000400,New Castle,Health Outcomes,Current Asthma,11.3,10.0,12.7,2957,2436
10003012300,New Castle,Health Outcomes,Stroke,3.8,3.4,4.2,2739,2159
10005050905,Sussex,Prevention,Dental Visit,73.2,70.3,76.2,2848,2485
10003012600,New Castle,Health Status,Frequent Physical Distress,12.3,10.4,14.3,2945,2351
10003016610,New Castle,Health-Related Social Needs,Utility Services Threat,8.4,7.2,9.8,7062,5510
10003012400,New Castle,Health-Related Social Needs,Housing Insecurity,16.7,14.5,19.1,4637,3486
10003012200,New Castle,Health-Related Social Needs,Utility Services Threat,10.3,8.8,11.9,4676,3581
10003014706,New Castle,Disability,Self-care Disability,3.2,2.8,3.6,2929,2180
10003014808,New Castle,Health-Related Social Needs,Utility Services Threat,8.3,7.2,9.5,6476,5078
10001043400,Kent,Disability,Mobility Disability,17.1,15.0,19.1,5648,4415
10003001600,New Castle,Prevention,Dental Visit,42.3,38.5,46.1,2419,1765
10003014000,New Castle,Prevention,Health Insurance,11.9,9.8,14.1,5441,4349
10001041804,Kent,Health Outcomes,High Blood Pressure,40.9,37.3,44.6,5980,4654
10001042204,Kent,Disability,Hearing Disability,5.3,4.7,6.0,4773,3481
10005051900,Sussex,Health-Related Social Needs,Loneliness,31.4,27.8,35.2,4760,3685
10003002300,New Castle,Health-Related Social Needs,Housing Insecurity,27.6,23.9,31.4,3003,2091
10005051204,Sussex,Prevention,Cholesterol Screening,95.7,94.9,96.3,652,627
10003014702,New Castle,Health Risk Behaviors,Current Cigarette Smoking,13.3,11.1,15.7,1910,1510
10001042208,Kent,Health Outcomes,Cancer (non-skin) or Melanoma,9.5,8.6,10.4,4016,3108
10001042100,Kent,Health Status,Frequent Mental Distress,18.0,16.0,20.2,3997,3098
10003014000,New Castle,Health Risk Behaviors,Physical Inactivity,29.9,25.6,34.3,5441,4349
10003016612,New Castle,Health Risk Behaviors,Short Sleep Duration,33.9,29.2,38.9,6450,4739
10003011202,New Castle,Health Outcomes,Stroke,3.3,2.9,3.8,4003,3308
10005051008,Sussex,Health Status,Frequent Physical Distress,12.7,11.0,14.7,4100,3626
10003002100,New Castle,Health Status,Frequent Mental Distress,22.1,19.6,24.8,1809,1283
10003014100,New Castle,Disability,Any Disability,33.8,29.9,37.8,4985,3693
10003011700,New Castle,Health Outcomes,Depression,18.5,15.9,21.4,4260,3465
10003002600,New Castle,Health-Related Social Needs,Food Stamps,32.4,27.6,37.4,3730,2585
10005050406,Sussex,Health Outcomes,All Teeth Lost,24.5,21.0,28.5,5475,4063
10003014100,New Castle,Health Status,Frequent Mental Distress,18.2,16.2,20.4,4985,3693
10003013614,New Castle,Prevention,Colorectal Cancer Screening,62.2,57.8,66.5,3258,2555
10003013700,New Castle,Health-Related Social Needs,Transportation Barriers,9.1,7.8,10.4,4071,3177
10005050302,Sussex,Disability,Vision Disability,6.9,6.1,7.6,5521,4001
10001980000,Kent,Health-Related Social Needs,Food Insecurity,15.0,12.5,17.7,108,104
10003016307,New Castle,Health Outcomes,All Teeth Lost,7.8,6.4,9.5,2756,2221
10005051014,Sussex,Prevention,Health Insurance,4.8,3.6,6.2,1881,1709
10005051312,Sussex,Prevention,Dental Visit,69.3,66.1,72.7,2290,2046
10003014502,New Castle,Health Status,Frequent Mental Distress,29.9,26.5,33.1,7374,7189
10003016301,New Castle,Health Outcomes,Coronary Heart Disease,5.6,5.0,6.3,7385,5955
10003001400,New Castle,Health-Related Social Needs,Transportation Barriers,12.4,10.6,14.3,2103,1727
10005050805,Sussex,Health-Related Social Needs,Utility Services Threat,4.3,3.7,5.1,3038,2464
10003012500,New Castle,Health Outcomes,All Teeth Lost,14.7,12.3,17.5,5660,4358
10003013614,New Castle,Prevention,Cholesterol Screening,84.0,81.8,86.1,3258,2555
10003014810,New Castle,Prevention,Annual Checkup,78.9,75.4,81.9,7083,5613
10005050406,Sussex,Health Risk Behaviors,Physical Inactivity,36.8,32.1,41.9,5475,4063
10005051314,Sussex,Health Outcomes,High Blood Pressure,44.3,40.3,48.2,2525,2271
10005051101,Sussex,Health Outcomes,Arthritis,35.0,31.5,38.4,629,589
10005050604,Sussex,Health Outcomes,COPD,10.5,8.9,12.2,4674,3611
10003013100,New Castle,Prevention,Annual Checkup,76.9,73.2,80.1,2248,1833
10003011900,New Castle,Prevention,Dental Visit,75.7,72.8,78.5,3298,2592
10003000500,New Castle,Health Outcomes,Cancer (non-skin) or Melanoma,5.7,5.1,6.2,3453,2515
10003014403,New Castle,Health Outcomes,Depression,23.5,20.2,26.7,3611,2955
10005051202,Sussex,Health Outcomes,Arthritis,39.4,35.6,43.3,856,822
10003000601,New Castle,Health-Related Social Needs,Food Insecurity,36.4,30.8,42.3,2773,2035
10003014000,New Castle,Health Outcomes,All Teeth Lost,15.8,13.2,18.6,5441,4349
10005051103,Sussex,Prevention,Annual Checkup,86.1,83.6,88.3,952,866
10005051205,Sussex,Health Outcomes,COPD,7.8,6.1,9.7,580,543
10005050501,Sussex,Health Outcomes,Current Asthma,10.9,9.6,12.2,4201,3285
10003010300,New Castle,Prevention,Health Insurance,8.2,6.7,9.8,4106,3232
10003013100,New Castle,Health Outcomes,High Cholesterol,39.6,35.8,43.3,2248,1833
10003014903,New Castle,Health Outcomes,High Cholesterol,36.8,33.1,40.3,7365,5269
10003014812,New Castle,Prevention,Annual Checkup,80.2,76.9,83.1,4559,3628
10003012600,New Castle,Prevention,Health Insurance,9.6,7.6,12.1,2945,2351
10005050601,Sussex,Disability,Hearing Disability,7.4,6.5,8.4,5391,4138
10001042208,Kent,Disability,Hearing Disability,7.1,6.3,8.0,4016,3108
10003016609,New Castle,Health Outcomes,Obesity,30.2,24.8,35.9,5595,4312
10003016808,New Castle,Health Outcomes,Depression,20.9,17.8,23.9,7377,5511
10005050711,Sussex,Disability,Mobility Disability,20.4,17.4,23.8,1505,1256
10005050905,Sussex,Health Risk Behaviors,Binge Drinking,12.8,10.8,15.1,2848,2485
10003001500,New Castle,Health-Related Social Needs,Lack of Social/Emotional Support,23.5,20.3,26.8,2231,1748
10003014813,New Castle,Health Outcomes,COPD,4.7,3.8,5.7,4889,3848
10003014803,New Castle,Health Outcomes,Stroke,3.4,3.0,3.8,4150,3432
10005050401,Sussex,Health-Related Social Needs,Housing Insecurity,10.7,9.1,12.4,3606,2872
10005050706,Sussex,Health Outcomes,Diabetes,13.5,11.7,15.4,1772,1557
10003016200,New Castle,Health-Related Social Needs,Utility Services Threat,6.0,5.1,7.1,3051,2509
10001041804,Kent,Health-Related Social Needs,Lack of Social/Emotional Support,22.7,19.7,26.1,5980,4654
10003010106,New Castle,Health Status,General Health,18.1,15.3,20.9,1760,1509
10003010105,New Castle,Disability,Vision Disability,4.1,3.7,4.6,2916,2113
10001042000,Kent,Disability,Vision Disability,5.0,4.5,5.6,3064,2380
10003016806,New Castle,Health Outcomes,Cancer (non-skin) or Melanoma,7.0,6.4,7.7,6347,4487
10003014000,New Castle,Health Risk Behaviors,Current Cigarette Smoking,14.6,12.2,17.1,5441,4349
10003002500,New Castle,Health Risk Behaviors,Short Sleep Duration,36.6,31.7,41.7,3235,2443
10003013613,New Castle,Health-Related Social Needs,Food Insecurity,7.5,6.2,8.9,5657,4676
10003015900,New Castle,Disability,Mobility Disability,15.2,13.3,17.2,3344,2595
10003012200,New Castle,Disability,Any Disability,32.9,29.1,37.2,4676,3581
10003014404,New Castle,Disability,Vision Disability,3.8,3.3,4.3,4159,3562
10005051302,Sussex,Health Outcomes,Arthritis,36.3,32.7,39.7,4907,4337
10003011000,New Castle,Health-Related Social Needs,Food Stamps,4.9,3.8,6.2,3201,2542
10005050808,Sussex,Disability,Self-care Disability,3.0,2.5,3.7,4150,3726
10005051101,Sussex,Health Outcomes,COPD,5.9,4.9,7.0,629,589
10003012600,New Castle,Health Risk Behaviors,Short Sleep Duration,32.3,27.7,37.3,2945,2351
10005050708,Sussex,Prevention,Annual Checkup,85.9,83.2,88.1,2774,2424
10001042204,Kent,Health Status,Frequent Physical Distress,12.4,11.0,14.0,4773,3481
10003014811,New Castle,Prevention,Health Insurance,4.9,4.0,6.1,6677,4822
10005051900,Sussex,Health Outcomes,Cancer (non-skin) or Melanoma,9.4,8.6,10.3,4760,3685
10003016307,New Castle,Health Outcomes,COPD,5.1,4.4,5.9,2756,2221
10003013611,New Castle,Health Outcomes,High Cholesterol,37.1,33.5,40.7,5572,4648
10005051702,Sussex,Prevention,Dental Visit,55.7,52.1,59.4,6577,4982
10005051309,Sussex,Health Risk Behaviors,Binge Drinking,10.9,9.2,12.9,1488,1407
10005051307,Sussex,Health-Related Social Needs,Utility Services Threat,4.4,3.5,5.4,2975,2708
10003014903,New Castle,Health Outcomes,All Teeth Lost,19.3,16.0,22.9,7365,5269
10003014813,New Castle,Disability,Any Disability,24.5,21.0,28.3,4889,3848
10005050405,Sussex,Disability,Mobility Disability,15.6,13.4,17.9,4378,3304
10003001300,New Castle,Prevention,Mammography,81.6,76.5,86.2,3588,3013
10003015200,New Castle,Health Status,Frequent Physical Distress,14.0,12.4,15.7,5783,4501
10003000200,New Castle,Health Status,Frequent Mental Distress,16.8,14.6,19.0,5298,4193
10001041803,Kent,Prevention,Colorectal Cancer Screening,64.3,59.6,68.6,4384,3459
10005050604,Sussex,Health Status,Frequent Mental Distress,16.7,14.8,18.8,4674,3611
10003013507,New Castle,Disability,Vision Disability,3.0,2.5,3.6,1819,1428
10003013300,New Castle,Health-Related Social Needs,Housing Insecurity,9.4,7.9,11.1,1907,1543
10003016000,New Castle,Health Risk Behaviors,Binge Drinking,12.7,10.7,14.8,2999,2265
10005050302,Sussex,Health Status,General Health,24.9,21.7,27.9,5521,4001
10005050710,Sussex,Prevention,Dental Visit,56.2,52.4,60.1,1870,1457
10001042801,Kent,Prevention,Annual Checkup,81.4,78.1,84.4,2007,1606
10003015802,New Castle,Health Risk Behaviors,Physical Inactivity,30.9,26.5,35.6,2276,1726
10001043202,Kent,Health Outcomes,Coronary Heart Disease,7.7,6.9,8.6,3722,2979
10005051010,Sussex,Health Risk Behaviors,Physical Inactivity,23.6,19.6,28.0,2795,2452
10005050708,Sussex,Health Outcomes,Current Asthma,10.2,8.9,11.6,2774,2424
10003011205,New Castle,Health-Related Social Needs,Lack of Social/Emotional Support,17.8,15.1,20.9,1968,1585
10003014705,New Castle,Prevention,Mammography,79.5,74.1,84.4,5891,4572
10003016904,New Castle,Disability,Cognitive Disability,16.9,14.6,19.5,3096,2872
10003012700,New Castle,Health-Related Social Needs,Loneliness,32.5,28.7,36.6,4392,3592
10003016608,New Castle,Health Risk Behaviors,Current Cigarette Smoking,10.2,8.3,12.4,6561,5064
10005050407,Sussex,Prevention,Annual Checkup,82.5,79.6,85.2,5238,4210
10003014814,New Castle,Prevention,High Blood Pressure Medication,72.4,68.9,75.5,4361,3290
10005050104,Sussex,Disability,Any Disability,35.5,30.8,40.0,5031,3785
10003011800,New Castle,Health Outcomes,Coronary Heart Disease,6.7,5.9,7.5,4927,4135
10005051702,Sussex,Prevention,High Blood Pressure Medication,78.3,75.4,80.9,6577,4982
10003000900,New Castle,Disability,Vision Disability,10.3,8.8,11.7,2267,1563
10005050804,Sussex,Health Outcomes,High Cholesterol,48.0,44.1,51.9,4188,3465
10003012400,New Castle,Disability,Mobility Disability,15.5,13.6,17.4,4637,3486
10003014703,New Castle,Health-Related Social Needs,Lack of Social/Emotional Support,23.9,20.6,27.4,4827,3890
10005050807,Sussex,Health Outcomes,All Teeth Lost,8.3,6.9,10.1,1824,1622
10003013903,New Castle,Health-Related Social Needs,Housing Insecurity,13.2,11.1,15.3,4820,3768
10003002700,New Castle,Health Risk Behaviors,Short Sleep Duration,39.0,33.8,44.4,2990,2310
10001042000,Kent,Health Outcomes,Coronary Heart Disease,7.0,6.3,7.9,3064,2380
10003001902,New Castle,Health Outcomes,All Teeth Lost,12.0,9.8,14.6,2113,1554
10001042500,Kent,Disability,Mobility Disability,20.5,18.3,23.1,3590,2590
10003014302,New Castle,Health Risk Behaviors,Binge Drinking,19.6,16.7,22.7,4908,4464
10003016309,New Castle,Prevention,Cholesterol Screening,87.3,85.4,89.1,4125,3307
10003016200,New Castle,Prevention,Annual Checkup,79.4,76.1,82.4,3051,2509
10003013607,New Castle,Prevention,Colorectal Cancer Screening,69.3,65.3,73.2,6255,5031
10005050101,Sussex,Health-Related Social Needs,Food Insecurity,10.5,8.9,12.1,4013,3236
10001043000,Kent,Health Outcomes,High Blood Pressure,38.2,34.7,42.0,5414,4110
10005050101,Sussex,Health Outcomes,All Teeth Lost,9.3,7.8,11.3,4013,3236
10003016614,New Castle,Health-Related Social Needs,Food Stamps,6.9,5.3,8.6,6239,4474
10003013607,New Castle,Disability,Independent Living Disability,6.3,5.4,7.2,6255,5031
10003011900,New Castle,Health Outcomes,Cancer (non-skin) or Melanoma,12.1,11.0,13.2,3298,2592
10005050506,Sussex,Health Outcomes,Depression,20.8,17.7,23.9,4112,3099
10005051203,Sussex,Prevention,Health Insurance,3.7,2.8,4.9,792,726
10005051801,Sussex,Health Outcomes,High Blood Pressure,41.7,38.0,45.3,5359,3933
10003015600,New Castle,Health Outcomes,Stroke,4.7,4.2,5.2,2343,1791
10003014301,New Castle,Health Outcomes,Current Asthma,9.1,8.0,10.2,1317,1092
10003013507,New Castle,Health Risk Behaviors,Current Cigarette Smoking,7.9,6.0,10.1,1819,1428
10005051201,Sussex,Health-Related Social Needs,Housing Insecurity,4.2,3.2,5.2,1513,1391
10005050808,Sussex,Health Outcomes,Depression,19.3,16.4,22.4,4150,3726
10003016613,New Castle,Health Outcomes,Arthritis,22.9,20.3,25.5,6109,4337
10001980000,Kent,Health Outcomes,Stroke,0.5,0.4,0.5,108,104
10001043000,Kent,Health-Related Social Needs,Food Stamps,12.7,10.6,15.0,5414,4110
10005051008,Sussex,Disability,Self-care Disability,3.0,2.5,3.6,4100,3626
10003016100,New Castle,Prevention,Health Insurance,7.0,5.6,8.8,1961,1661
10005050808,Sussex,Disability,Independent Living Disability,6.2,5.1,7.5,4150,3726
10003011201,New Castle,Health Risk Behaviors,Short Sleep Duration,30.0,25.6,34.7,2421,1946
10005051702,Sussex,Health Risk Behaviors,Short Sleep Duration,35.1,30.5,40.3,6577,4982
10003000601,New Castle,Health Outcomes,COPD,8.9,7.5,10.5,2773,2035
10001042208,Kent,Disability,Cognitive Disability,13.9,12.2,15.8,4016,3108
10005051010,Sussex,Health-Related Social Needs,Utility Services Threat,4.2,3.5,5.0,2795,2452
10003014301,New Castle,Health Outcomes,All Teeth Lost,5.6,4.6,6.9,1317,1092
10003014100,New Castle,Health Outcomes,COPD,7.8,6.7,9.0,4985,3693
10003001902,New Castle,Health Outcomes,Arthritis,24.4,21.7,27.2,2113,1554
10003013400,New Castle,Health-Related Social Needs,Lack of Social/Emotional Support,18.9,15.9,22.1,2504,2036
10003011000,New Castle,Prevention,Cholesterol Screening,91.0,89.6,92.3,3201,2542
10003012200,New Castle,Health-Related Social Needs,Loneliness,33.3,29.3,37.5,4676,3581
10003011202,New Castle,Health Outcomes,Obesity,28.0,22.9,33.4,4003,3308
10003015200,New Castle,Health Outcomes,Arthritis,23.2,20.7,25.8,5783,4501
10003014705,New Castle,Health Outcomes,Coronary Heart Disease,6.2,5.4,6.9,5891,4572
10003014404,New Castle,Health Risk Behaviors,Binge Drinking,16.0,13.6,18.7,4159,3562
10003010400,New Castle,Disability,Any Disability,27.0,23.2,30.6,4591,3725
10003014906,New Castle,Health Status,Frequent Mental Distress,19.2,17.2,21.4,5339,4098
10003014908,New Castle,Disability,Self-care Disability,5.3,4.6,6.1,2425,1792
10003016200,New Castle,Health Outcomes,High Blood Pressure,34.0,30.5,37.5,3051,2509
10005051102,Sussex,Prevention,Colorectal Cancer Screening,78.7,75.5,82.1,1029,970
10003014809,New Castle,Health-Related Social Needs,Utility Services Threat,8.8,7.6,10.1,8360,6692
10003014907,New Castle,Prevention,Health Insurance,9.6,8.2,11.2,4921,3708
10005050707,Sussex,Health Status,General Health,18.4,15.6,21.3,2578,2285
10001042900,Kent,Health Outcomes,Diabetes,16.5,14.5,18.6,5105,4056
10003001600,New Castle,Disability,Mobility Disability,22.8,20.1,25.6,2419,1765
10003010300,New Castle,Health Status,Frequent Mental Distress,16.1,14.1,18.2,4106,3232
10003010704,New Castle,Health Risk Behaviors,Current Cigarette Smoking,11.5,9.8,13.5,3947,3149
10003010800,New Castle,Disability,Any Disability,25.9,22.6,29.2,4796,3948
10001042500,Kent,Health-Related Social Needs,Food Stamps,26.6,22.7,30.6,3590,2590
10003003002,New Castle,Health-Related Social Needs,Food Insecurity,55.9,50.0,61.7,3060,2329
10005051802,Sussex,Prevention,Dental Visit,52.2,48.6,56.0,4354,3076
10003014301,New Castle,Health Outcomes,High Cholesterol,44.6,40.6,48.5,1317,1092
10001042900,Kent,Prevention,Colorectal Cancer Screening,64.6,59.9,69.1,5105,4056
10003013905,New Castle,Prevention,Annual Checkup,75.6,71.8,79.0,4169,3100
10005051014,Sussex,Health-Related Social Needs,Housing Insecurity,4.5,3.6,5.5,1881,1709
10005050804,Sussex,Health-Related Social Needs,Lack of Social/Emotional Support,18.1,15.5,20.8,4188,3465
10003002400,New Castle,Health Outcomes,Arthritis,28.3,25.5,31.0,4250,3346
10003014403,New Castle,Disability,Cognitive Disability,14.6,12.4,16.9,3611,2955
10003015600,New Castle,Health Outcomes,Cancer (non-skin) or Melanoma,6.6,6.0,7.3,2343,1791
10003015502,New Castle,Prevention,High Blood Pressure Medication,77.0,74.4,79.4,2686,2035
10003014705,New Castle,Health Outcomes,Arthritis,26.0,23.2,28.7,5891,4572
10005050903,Sussex,Health Status,Frequent Mental Distress,9.7,8.4,11.2,2161,1968
10005050905,Sussex,Prevention,Mammography,79.7,74.7,84.7,2848,2485
10003002600,New Castle,Health Outcomes,Stroke,4.3,3.8,4.7,3730,2585
10003016609,New Castle,Health Status,General Health,13.3,10.8,16.1,5595,4312
10001042208,Kent,Health Outcomes,High Cholesterol,41.3,37.4,45.3,4016,3108
10005051011,Sussex,Health Outcomes,COPD,7.4,5.9,9.1,3580,3083
10003014904,New Castle,Health Status,Frequent Mental Distress,16.1,14.2,17.9,5003,4117
10003011206,New Castle,Health Status,Frequent Mental Distress,11.8,10.1,13.6,4319,3345
10003012300,New Castle,Prevention,Cholesterol Screening,84.1,81.8,86.3,2739,2159
10005051016,Sussex,Health Risk Behaviors,Short Sleep Duration,26.0,22.2,30.6,1879,1685
10005050101,Sussex,Health Outcomes,Coronary Heart Disease,7.5,6.7,8.3,4013,3236
10003010105,New Castle,Disability,Self-care Disability,2.9,2.6,3.3,2916,2113
10003016307,New Castle,Prevention,Mammography,78.8,73.2,83.8,2756,2221
10005050105,Sussex,Health-Related Social Needs,Food Stamps,16.0,13.5,18.8,5939,4388
10003016901,New Castle,Health Status,Frequent Mental Distress,17.0,15.0,18.9,2364,1876
10005051311,Sussex,Health Outcomes,Stroke,4.4,3.7,5.2,1832,1712
10003016611,New Castle,Health Status,Frequent Physical Distress,9.7,8.3,11.2,7851,5645
10003002900,New Castle,Health-Related Social Needs,Loneliness,38.8,34.6,43.4,3499,2540
10003002900,New Castle,Prevention,Annual Checkup,81.6,78.4,84.5,3499,2540
10003014803,New Castle,Health Outcomes,All Teeth Lost,8.8,7.2,10.7,4150,3432
10005050806,Sussex,Health-Related Social Needs,Loneliness,27.6,24.2,31.2,4454,3735
10003010703,New Castle,Prevention,Mammography,74.1,67.6,80.2,2036,1556
10003014502,New Castle,Disability,Independent Living Disability,16.0,13.7,18.3,7374,7189
10003013700,New Castle,Disability,Mobility Disability,12.2,10.4,14.1,4071,3177
10003013400,New Castle,Health Outcomes,Cancer (non-skin) or Melanoma,11.0,9.9,12.1,2504,2036
10005051308,Sussex,Disability,Independent Living Disability,7.3,6.0,8.7,4074,3530
10005051501,Sussex,Disability,Independent Living Disability,8.6,7.6,9.7,2246,1737
10003001100,New Castle,Disability,Mobility Disability,12.4,10.7,14.6,3375,3187
10003016306,New Castle,Health Risk Behaviors,Binge Drinking,14.4,12.1,16.9,4598,3569
10003015802,New Castle,Disability,Vision Disability,5.7,5.1,6.4,2276,1726
10005050302,Sussex,Prevention,Dental Visit,56.4,52.9,60.2,5521,4001
10003012700,New Castle,Prevention,Colorectal Cancer Screening,63.1,58.9,67.4,4392,3592
10003011100,New Castle,Health Outcomes,Current Asthma,9.9,8.8,11.1,2654,2282
10005050401,Sussex,Health-Related Social Needs,Utility Services Threat,7.3,6.2,8.4,3606,2872
10005050701,Sussex,Disability,Any Disability,33.0,28.9,37.4,5068,4322
10005051311,Sussex,Disability,Hearing Disability,9.9,8.4,11.4,1832,1712
10003016805,New Castle,Health Outcomes,COPD,7.7,6.4,9.2,1723,1396
10003016807,New Castle,Health Outcomes,All Teeth Lost,5.7,4.6,7.0,1901,1411
10003010502,New Castle,Health Outcomes,Cancer (non-skin) or Melanoma,9.4,8.6,10.3,5779,4788
10005051013,Sussex,Health Outcomes,High Blood Pressure,44.2,40.3,48.0,3686,3150
10003010300,New Castle,Health Outcomes,Depression,21.1,18.1,24.2,4106,3232
10003001902,New Castle,Health Outcomes,High Cholesterol,35.7,32.0,39.4,2113,1554
10003011205,New Castle,Prevention,Annual Checkup,80.8,77.5,83.7,1968,1585
10005050405,Sussex,Health Risk Behaviors,Short Sleep Duration,35.2,30.7,40.5,4378,3304
10005050603,Sussex,Disability,Self-care Disability,2.9,2.5,3.3,3956,3165
10003000400,New Castle,Health Status,Frequent Physical Distress,13.6,11.7,15.5,2957,2436
10005050801,Sussex,Health Outcomes,High Cholesterol,45.7,41.8,49.5,3979,3225
10003001100,New Castle,Health-Related Social Needs,Housing Insecurity,7.7,6.1,9.7,3375,3187
10005050706,Sussex,Disability,Self-care Disability,3.6,3.1,4.1,1772,1557
10001042802,Kent,Prevention,High Blood Pressure Medication,78.2,75.5,80.8,5612,4350
10003016808,New Castle,Health Risk Behaviors,Short Sleep Duration,34.7,30.0,39.8,7377,5511
10003013604,New Castle,Prevention,Annual Checkup,80.6,77.3,83.4,4156,3372
10005051014,Sussex,Health Outcomes,Coronary Heart Disease,9.7,8.2,11.2,1881,1709
10003010400,New Castle,Disability,Hearing Disability,5.7,4.9,6.4,4591,3725
10003013607,New Castle,Health-Related Social Needs,Food Stamps,7.6,6.0,9.3,6255,5031
10003013508,New Castle,Health-Related Social Needs,Food Stamps,3.3,2.5,4.5,5655,4419
10005050401,Sussex,Health Outcomes,High Blood Pressure,41.6,37.9,45.5,3606,2872
10003014808,New Castle,Prevention,High Blood Pressure Medication,73.3,70.3,76.1,6476,5078
10005050603,Sussex,Health Status,General Health,14.8,12.7,17.3,3956,3165
10003014302,New Castle,Health Status,General Health,12.2,10.4,14.2,4908,4464
10003011400,New Castle,Health Outcomes,High Blood Pressure,34.1,30.4,37.8,3456,2735
10005050101,Sussex,Health Risk Behaviors,Binge Drinking,15.2,12.8,17.7,4013,3236
10003016307,New Castle,Health Risk Behaviors,Binge Drinking,15.5,13.2,18.0,2756,2221
10003016808,New Castle,Health Outcomes,All Teeth Lost,8.2,6.6,10.0,7377,5511
10003010104,New Castle,Health-Related Social Needs,Transportation Barriers,9.6,8.2,11.1,3620,2830
10003013506,New Castle,Health Outcomes,COPD,4.2,3.3,5.4,4567,3785
10003014302,New Castle,Disability,Self-care Disability,1.9,1.7,2.1,4908,4464
10005050706,Sussex,Prevention,Mammography,82.4,77.7,86.9,1772,1557
10005050807,Sussex,Health Status,Frequent Physical Distress,16.1,13.6,19.1,1824,1622
10003002500,New Castle,Health Status,General Health,22.1,19.0,25.2,3235,2443
10005050506,Sussex,Disability,Cognitive Disability,13.6,11.6,15.5,4112,3099
10003016612,New Castle,Health Outcomes,COPD,5.1,4.3,5.9,6450,4739
10005050805,Sussex,Health Outcomes,Obesity,31.4,25.7,37.2,3038,2464
10003014706,New Castle,Disability,Mobility Disability,11.5,10.0,13.1,2929,2180
10003002400,New Castle,Prevention,Mammography,78.9,73.0,83.9,4250,3346
10003012100,New Castle,Health-Related Social Needs,Utility Services Threat,5.6,4.8,6.6,2901,2301
10003011203,New Castle,Prevention,Cholesterol Screening,87.3,85.1,89.1,4805,3884
10005051702,Sussex,Prevention,Cholesterol Screening,85.3,83.2,87.2,6577,4982
10003014501,New Castle,Health Outcomes,All Teeth Lost,26.6,22.4,31.1,2134,1931
10005050304,Sussex,Health Outcomes,Obesity,35.9,29.8,42.0,4616,3670
10003011300,New Castle,Health-Related Social Needs,Transportation Barriers,4.3,3.5,5.2,2244,1847
10001043000,Kent,Health Risk Behaviors,Current Cigarette Smoking,13.8,11.6,16.2,5414,4110
10003013903,New Castle,Health Outcomes,Stroke,3.3,3.0,3.7,4820,3768
10003000500,New Castle,Health Outcomes,Diabetes,16.2,14.2,18.2,3453,2515
10003000300,New Castle,Health-Related Social Needs,Loneliness,36.1,31.7,40.4,3012,2233
10005051016,Sussex,Prevention,High Blood Pressure Medication,84.8,82.2,87.2,1879,1685
10005051801,Sussex,Health Outcomes,Current Asthma,11.7,10.4,13.2,5359,3933
10003016612,New Castle,Prevention,Annual Checkup,80.3,77.1,83.2,6450,4739
10005050703,Sussex,Health-Related Social Needs,Food Stamps,14.8,12.0,18.0,2153,1786
10005050709,Sussex,Health-Related Social Needs,Food Insecurity,6.7,5.0,8.5,1956,1774
10003011000,New Castle,Prevention,Dental Visit,71.8,68.5,74.9,3201,2542
10003013000,New Castle,Disability,Mobility Disability,13.4,11.3,15.6,1927,1515
10003000900,New Castle,Health Outcomes,COPD,9.1,7.6,10.6,2267,1563
10005050801,Sussex,Health Outcomes,All Teeth Lost,9.0,7.4,10.9,3979,3225
10005051900,Sussex,Disability,Cognitive Disability,13.5,11.7,15.2,4760,3685
10003015000,New Castle,Prevention,High Blood Pressure Medication,75.0,72.0,77.5,5659,4542
10005051308,Sussex,Prevention,Cholesterol Screening,92.0,90.5,93.2,4074,3530
10001042801,Kent,Health Outcomes,Arthritis,29.5,26.4,32.9,2007,1606
10003014703,New Castle,Health Status,Frequent Physical Distress,14.0,12.4,15.7,4827,3890
10003002800,New Castle,Health Outcomes,Arthritis,19.4,17.2,21.6,2378,2071
10005051008,Sussex,Health Outcomes,Diabetes,12.2,10.5,14.0,4100,3626
10005051010,Sussex,Health Outcomes,Coronary Heart Disease,9.0,7.9,10.2,2795,2452
10005050505,Sussex,Health Status,Frequent Mental Distress,16.2,14.1,18.3,2420,2212
10005050604,Sussex,Disability,Independent Living Disability,10.7,9.3,12.2,4674,3611
10003013506,New Castle,Health Status,Frequent Mental Distress,11.4,9.7,13.1,4567,3785
10005050904,Sussex,Health Outcomes,Stroke,5.2,4.4,6.2,2592,2256
10005051204,Sussex,Health Outcomes,Stroke,3.8,3.4,4.4,652,627
10001042000,Kent,Health-Related Social Needs,Transportation Barriers,7.4,6.4,8.5,3064,2380
10001043100,Kent,Prevention,Health Insurance,7.8,6.2,9.6,2573,2087
10003011600,New Castle,Health Outcomes,All Teeth Lost,5.6,4.5,6.8,3287,2573
10003014403,New Castle,Health-Related Social Needs,Loneliness,33.2,29.2,37.3,3611,2955
10003013613,New Castle,Health Outcomes,Obesity,28.5,23.4,33.9,5657,4676
10003016404,New Castle,Health Risk Behaviors,Binge Drinking,16.2,13.7,18.9,3334,2622
10001041803,Kent,Health Status,Frequent Mental Distress,18.3,16.3,20.4,4384,3459
10003001600,New Castle,Health Risk Behaviors,Short Sleep Duration,47.0,41.6,52.5,2419,1765
10005050104,Sussex,Health Status,General Health,25.0,21.4,28.7,5031,3785
10005051400,Sussex,Health Outcomes,Stroke,3.8,3.4,4.2,3878,3033
10003014706,New Castle,Health Status,General Health,16.4,14.3,18.7,2929,2180
10001042802,Kent,Health Risk Behaviors,Short Sleep Duration,39.0,33.7,44.3,5612,4350
10001043400,Kent,Prevention,Colorectal Cancer Screening,70.6,66.5,74.5,5648,4415
10003012900,New Castle,Health-Related Social Needs,Food Insecurity,25.2,22.1,28.5,4823,3565
10005050601,Sussex,Health Outcomes,Coronary Heart Disease,7.5,6.6,8.4,5391,4138
10005051314,Sussex,Disability,Any Disability,28.1,24.4,32.1,2525,2271
10005050709,Sussex,Health Outcomes,Cancer (non-skin) or Melanoma,16.5,14.9,18.2,1956,1774
10003016614,New Castle,Health Outcomes,Current Asthma,10.3,9.1,11.6,6239,4474
10003013607,New Castle,Prevention,Health Insurance,6.4,5.2,7.7,6255,5031
10003003002,New Castle,Health Risk Behaviors,Binge Drinking,14.4,12.1,16.9,3060,2329
10003012100,New Castle,Disability,Independent Living Disability,6.6,5.7,7.6,2901,2301
10003014813,New Castle,Prevention,Health Insurance,7.5,5.9,9.4,4889,3848
10003001400,New Castle,Health Status,General Health,24.8,21.6,28.1,2103,1727
10003010900,New Castle,Disability,Hearing Disability,7.4,6.4,8.5,2773,2237
10003011204,New Castle,Health Outcomes,Arthritis,29.4,26.1,32.4,3313,2741
10001042206,Kent,Health Outcomes,Coronary Heart Disease,6.5,5.8,7.3,2822,2203
10003000602,New Castle,Prevention,Colorectal Cancer Screening,56.4,51.6,61.2,2876,2134
10005050105,Sussex,Prevention,Cholesterol Screening,86.3,84.4,87.9,5939,4388
10003015502,New Castle,Health Status,Frequent Physical Distress,16.0,14.2,17.8,2686,2035
10003016308,New Castle,Prevention,High Blood Pressure Medication,74.6,71.5,77.3,3728,2990
10003014908,New Castle,Prevention,Dental Visit,54.2,50.4,58.1,2425,1792
10005051102,Sussex,Health Outcomes,Diabetes,12.1,10.3,13.8,1029,970
10001042900,Kent,Health Status,General Health,24.7,21.7,27.7,5105,4056
10003002800,New Castle,Health Status,Frequent Physical Distress,12.0,10.5,13.6,2378,2071
10003014907,New Castle,Disability,Cognitive Disability,14.2,12.6,16.0,4921,3708
10003001300,New Castle,Prevention,Health Insurance,3.6,2.8,4.4,3588,3013
10003014803,New Castle,Health Outcomes,High Cholesterol,41.1,37.3,44.9,4150,3432
10003000400,New Castle,Prevention,Dental Visit,61.0,57.3,64.5,2957,2436
10003016301,New Castle,Health-Related Social Needs,Loneliness,32.9,29.1,36.9,7385,5955
10005051015,Sussex,Health-Related Social Needs,Utility Services Threat,3.9,3.2,4.6,1877,1626
10003013507,New Castle,Health Risk Behaviors,Physical Inactivity,19.7,16.0,24.0,1819,1428
10005051201,Sussex,Disability,Cognitive Disability,8.4,6.9,10.1,1513,1391
10003013508,New Castle,Health Status,Frequent Physical Distress,9.3,7.9,10.8,5655,4419
10003016608,New Castle,Disability,Mobility Disability,11.5,9.7,13.3,6561,5064
10005050807,Sussex,Health Outcomes,Cancer (non-skin) or Melanoma,14.3,12.9,15.7,1824,1622
10003011202,New Castle,Health-Related Social Needs,Loneliness,28.6,24.9,32.7,4003,3308
10005051701,Sussex,Disability,Hearing Disability,8.0,7.0,9.1,4103,3258
10003012000,New Castle,Prevention,Mammography,77.8,71.8,82.9,4334,3536
10005050707,Sussex,Health-Related Social Needs,Transportation Barriers,4.9,4.3,5.7,2578,2285
10003013501,New Castle,Health Outcomes,High Cholesterol,44.2,40.2,48.1,7213,5880
10003010502,New Castle,Disability,Hearing Disability,6.0,5.3,6.9,5779,4788
10003013508,New Castle,Disability,Mobility Disability,8.9,7.4,10.6,5655,4419
10005050806,Sussex,Health-Related Social Needs,Housing Insecurity,7.7,6.4,9.0,4454,3735
10005051009,Sussex,Health Risk Behaviors,Short Sleep Duration,28.2,24.1,32.9,2313,1978
10003002400,New Castle,Health Outcomes,Cancer (non-skin) or Melanoma,7.2,6.6,7.9,4250,3346
10005051701,Sussex,Health Outcomes,Diabetes,12.3,10.7,14.1,4103,3258
10003000601,New Castle,Health Risk Behaviors,Short Sleep Duration,47.5,42.1,53.0,2773,2035
10005050808,Sussex,Health Status,Frequent Mental Distress,11.5,9.9,13.2,4150,3726
10005050706,Sussex,Health Outcomes,Arthritis,37.3,33.7,40.8,1772,1557
10003000400,New Castle,Health Risk Behaviors,Binge Drinking,13.5,11.3,15.8,2957,2436
10001043000,Kent,Health-Related Social Needs,Utility Services Threat,7.8,6.7,8.9,5414,4110
10005051701,Sussex,Health Outcomes,Cancer (non-skin) or Melanoma,9.5,8.6,10.5,4103,3258
10005050506,Sussex,Health Outcomes,Stroke,3.6,3.1,4.0,4112,3099
10005051309,Sussex,Prevention,Mammography,78.5,73.1,83.7,1488,1407
10005051015,Sussex,Health-Related Social Needs,Food Insecurity,7.5,5.9,9.4,1877,1626
10001042500,Kent,Prevention,Cholesterol Screening,84.0,81.6,86.2,3590,2590
10003000900,New Castle,Health Outcomes,Coronary Heart Disease,6.6,5.8,7.4,2267,1563
10005050708,Sussex,Health Risk Behaviors,Physical Inactivity,25.4,20.3,30.7,2774,2424
10003002100,New Castle,Health Outcomes,Depression,22.3,19.1,25.7,1809,1283
10005050805,Sussex,Health Outcomes,Depression,20.0,17.0,23.0,3038,2464
10003016000,New Castle,Health Outcomes,High Cholesterol,39.0,35.3,42.8,2999,2265
10003001200,New Castle,Health-Related Social Needs,Transportation Barriers,4.4,3.5,5.6,1605,1454
10003011204,New Castle,Health Outcomes,Diabetes,11.6,9.9,13.4,3313,2741
10003015200,New Castle,Health-Related Social Needs,Lack of Social/Emotional Support,26.8,23.4,30.2,5783,4501
10005050302,Sussex,Prevention,High Blood Pressure Medication,78.1,75.5,80.6,5521,4001
10003014301,New Castle,Health Outcomes,Arthritis,30.7,27.5,33.9,1317,1092
10003016404,New Castle,Disability,Self-care Disability,3.6,3.2,4.0,3334,2622
10005050904,Sussex,Prevention,Cholesterol Screening,92.9,91.7,94.0,2592,2256
10003011204,New Castle,Health Status,Frequent Physical Distress,11.6,9.8,13.4,3313,2741
10005051302,Sussex,Health Risk Behaviors,Physical Inactivity,23.8,20.0,28.1,4907,4337
10003001300,New Castle,Disability,Self-care Disability,2.0,1.7,2.4,3588,3013
10003012500,New Castle,Health Outcomes,High Cholesterol,37.3,33.6,40.8,5660,4358
10005051103,Sussex,Health-Related Social Needs,Utility Services Threat,2.8,2.3,3.4,952,866
10003011400,New Castle,Health-Related Social Needs,Lack of Social/Emotional Support,15.9,13.3,18.7,3456,2735
10003013505,New Castle,Health Outcomes,All Teeth Lost,5.9,4.8,7.3,3489,2807
10003001902,New Castle,Health Risk Behaviors,Physical Inactivity,30.6,25.9,36.1,2113,1554
10003014909,New Castle,Disability,Mobility Disability,14.4,12.5,16.3,6186,4652
10001043100,Kent,Health Outcomes,Obesity,41.5,35.1,48.3,2573,2087
10003014903,New Castle,Health Outcomes,Current Asthma,11.6,10.3,12.9,7365,5269
10003011000,New Castle,Health Outcomes,Arthritis,26.8,24.0,29.9,3201,2542
10005051012,Sussex,Health Outcomes,High Cholesterol,51.8,47.7,55.8,1908,1715
10003016401,New Castle,Disability,Cognitive Disability,11.9,10.3,13.6,6711,5269
10005051013,Sussex,Prevention,Annual Checkup,85.4,82.8,87.7,3686,3150
10003013610,New Castle,Prevention,High Blood Pressure Medication,76.5,73.4,79.3,5460,4534
10003002200,New Castle,Health-Related Social Needs,Loneliness,38.5,34.1,42.7,2874,1942
10005051313,Sussex,Health Outcomes,Current Asthma,10.2,9.0,11.4,3144,2742
10003002200,New Castle,Health Risk Behaviors,Short Sleep Duration,46.1,40.7,51.6,2874,1942
10005050701,Sussex,Prevention,Health Insurance,9.2,7.7,11.0,5068,4322
10003011800,New Castle,Health Risk Behaviors,Current Cigarette Smoking,6.4,5.3,7.8,4927,4135
10003001902,New Castle,Health Status,Frequent Physical Distress,13.5,11.7,15.7,2113,1554
10003014403,New Castle,Health Outcomes,Cancer (non-skin) or Melanoma,7.1,6.4,7.8,3611,2955
10003001500,New Castle,Disability,Vision Disability,6.9,6.1,7.8,2231,1748
10005050200,Sussex,Disability,Hearing Disability,7.4,6.5,8.2,3744,2777
10003011203,New Castle,Health-Related Social Needs,Housing Insecurity,11.7,9.9,13.8,4805,3884
10005050403,Sussex,Disability,Mobility Disability,15.4,13.6,17.4,3517,2621
10003011800,New Castle,Disability,Hearing Disability,7.1,6.2,8.0,4927,4135
10003011206,New Castle,Health Outcomes,Depression,20.1,17.1,23.2,4319,3345
10003012300,New Castle,Health Risk Behaviors,Short Sleep Duration,39.2,34.1,44.5,2739,2159
10005051502,Sussex,Health Risk Behaviors,Current Cigarette Smoking,15.9,13.5,18.6,3228,2586
10003001300,New Castle,Health Outcomes,High Blood Pressure,33.2,29.8,36.6,3588,3013
10005050407,Sussex,Health-Related Social Needs,Utility Services Threat,11.7,10.2,13.4,5238,4210
10003013200,New Castle,Prevention,Colorectal Cancer Screening,63.0,58.6,67.5,2653,2074
10003016613,New Castle,Health Risk Behaviors,Physical Inactivity,25.4,21.4,29.8,6109,4337
10005050403,Sussex,Health Outcomes,Diabetes,13.1,11.5,14.7,3517,2621
10005050807,Sussex,Health Outcomes,High Cholesterol,52.9,48.7,56.9,1824,1622
10003013800,New Castle,Health Outcomes,Cancer (non-skin) or Melanoma,7.5,6.8,8.2,5901,4752
10003010703,New Castle,Disability,Cognitive Disability,14.4,12.5,16.4,2036,1556
10003011900,New Castle,Health Outcomes,Stroke,3.3,2.9,3.7,3298,2592
10003014909,New Castle,Health Outcomes,Stroke,3.5,3.1,3.8,6186,4652
10003011201,New Castle,Prevention,High Blood Pressure Medication,73.6,70.5,76.3,2421,1946
10005051203,Sussex,Health Status,General Health,13.6,11.3,16.4,792,726
10003003002,New Castle,Prevention,Annual Checkup,73.2,69.0,76.9,3060,2329
10003001200,New Castle,Prevention,Annual Checkup,75.5,71.5,78.9,1605,1454
10003014810,New Castle,Health-Related Social Needs,Loneliness,32.1,28.2,36.0,7083,5613
10005050703,Sussex,Health Outcomes,Cancer (non-skin) or Melanoma,11.3,10.1,12.5,2153,1786
10003015802,New Castle,Health Outcomes,Diabetes,12.3,10.8,13.9,2276,1726
10003014814,New Castle,Disability,Mobility Disability,10.1,8.8,11.6,4361,3290
10003000602,New Castle,Health Risk Behaviors,Physical Inactivity,36.9,31.7,42.2,2876,2134
10005051802,Sussex,Health-Related Social Needs,Utility Services Threat,11.6,9.9,13.2,4354,3076
10001042900,Kent,Health Risk Behaviors,Physical Inactivity,35.1,30.3,40.0,5105,4056
10005050200,Sussex,Health Outcomes,Cancer (non-skin) or Melanoma,7.8,7.1,8.5,3744,2777
10003013608,New Castle,Prevention,Health Insurance,7.6,6.1,9.4,1959,1543
10003014906,New Castle,Prevention,Colorectal Cancer Screening,59.6,55.0,63.9,5339,4098
10005050501,Sussex,Health Outcomes,All Teeth Lost,16.0,13.5,19.0,4201,3285
10003013608,New Castle,Health-Related Social Needs,Loneliness,31.0,27.1,34.8,1959,1543
10005051014,Sussex,Health-Related Social Needs,Loneliness,24.6,21.2,28.4,1881,1709
10005050903,Sussex,Health Risk Behaviors,Current Cigarette Smoking,8.3,6.3,10.6,2161,1968
10003002600,New Castle,Health Outcomes,Cancer (non-skin) or Melanoma,4.9,4.4,5.4,3730,2585
10003010106,New Castle,Disability,Mobility Disability,14.0,11.9,16.2,1760,1509
10003016806,New Castle,Disability,Cognitive Disability,11.8,10.3,13.4,6347,4487
10003002300,New Castle,Prevention,Cholesterol Screening,81.9,79.2,84.5,3003,2091
10003016610,New Castle,Health-Related Social Needs,Housing Insecurity,12.5,10.7,14.5,7062,5510
10005050408,Sussex,Health-Related Social Needs,Transportation Barriers,10.6,9.3,12.1,4534,3546
10003016608,New Castle,Health-Related Social Needs,Transportation Barriers,5.6,4.7,6.5,6561,5064
10005050707,Sussex,Prevention,High Blood Pressure Medication,86.4,84.1,88.4,2578,2285
10003011800,New Castle,Health Risk Behaviors,Physical Inactivity,18.1,15.0,21.4,4927,4135
10003010800,New Castle,Health-Related Social Needs,Food Stamps,5.7,4.5,7.0,4796,3948
10003016807,New Castle,Health Outcomes,COPD,4.4,3.7,5.2,1901,1411
10003016308,New Castle,Health Status,Frequent Mental Distress,17.3,15.2,19.4,3728,2990
10003011100,New Castle,Health Outcomes,COPD,6.1,5.1,7.1,2654,2282
10003015200,New Castle,Health-Related Social Needs,Utility Services Threat,10.0,8.6,11.3,5783,4501
10005050701,Sussex,Disability,Hearing Disability,9.2,8.0,10.4,5068,4322
10005051011,Sussex,Disability,Mobility Disability,13.8,11.4,16.5,3580,3083
10003014402,New Castle,Health-Related Social Needs,Food Insecurity,11.3,9.1,14.2,2807,2383
10003001100,New Castle,Prevention,Cholesterol Screening,87.4,85.1,89.5,3375,3187
10005050710,Sussex,Health-Related Social Needs,Utility Services Threat,7.7,6.7,8.8,1870,1457
10003010105,New Castle,Prevention,Mammography,78.5,72.7,83.6,2916,2113
10005050905,Sussex,Disability,Self-care Disability,3.1,2.6,3.5,2848,2485
10005050303,Sussex,Health Risk Behaviors,Current Cigarette Smoking,18.2,15.6,20.9,2935,2313
10003001400,New Castle,Disability,Hearing Disability,7.2,6.3,8.1,2103,1727
10005051314,Sussex,Health-Related Social Needs,Lack of Social/Emotional Support,15.6,13.3,18.1,2525,2271
10003013906,New Castle,Health Status,General Health,13.5,11.6,15.6,4648,3670
10003011205,New Castle,Health Outcomes,All Teeth Lost,6.4,5.1,7.9,1968,1585
10003011203,New Castle,Health Risk Behaviors,Binge Drinking,14.2,12.0,16.5,4805,3884
10005050406,Sussex,Health Outcomes,Current Asthma,12.1,10.8,13.5,5475,4063
10005051201,Sussex,Health-Related Social Needs,Loneliness,24.6,21.1,28.1,1513,1391
10003000500,New Castle,Health Outcomes,Stroke,4.5,4.0,5.1,3453,2515
10003000500,New Castle,Health-Related Social Needs,Loneliness,37.1,32.8,41.4,3453,2515
10003016610,New Castle,Health Risk Behaviors,Physical Inactivity,26.8,22.6,31.2,7062,5510
10001042207,Kent,Disability,Mobility Disability,17.3,15.0,19.7,2576,1977
10003000400,New Castle,Health Outcomes,Arthritis,29.0,26.1,32.0,2957,2436
10005051801,Sussex,Disability,Independent Living Disability,11.4,10.1,12.8,5359,3933
10001041900,Kent,Health-Related Social Needs,Loneliness,36.0,32.0,40.4,5289,4044
10003000200,New Castle,Prevention,Annual Checkup,83.4,80.5,86.0,5298,4193
10003011204,New Castle,Health Risk Behaviors,Binge Drinking,14.6,12.5,17.1,3313,2741
10003013610,New Castle,Health Risk Behaviors,Short Sleep Duration,29.4,25.1,34.2,5460,4534
10003013906,New Castle,Prevention,Dental Visit,68.4,65.0,71.6,4648,3670
10003013300,New Castle,Health Outcomes,Coronary Heart Disease,6.5,5.6,7.4,1907,1543
10005050701,Sussex,Health Outcomes,Obesity,34.6,28.9,40.6,5068,4322
10003014803,New Castle,Health Outcomes,Current Asthma,9.8,8.7,11.0,4150,3432
10003012700,New Castle,Disability,Vision Disability,6.0,5.3,6.9,4392,3592
10003014809,New Castle,Disability,Mobility Disability,13.9,12.2,15.7,8360,6692
10003014403,New Castle,Health Outcomes,Stroke,2.9,2.5,3.2,3611,2955
10003013505,New Castle,Health Outcomes,Stroke,3.1,2.7,3.6,3489,2807
10003010200,New Castle,Health Outcomes,High Cholesterol,39.0,35.2,42.7,2034,1607
10003011203,New Castle,Disability,Self-care Disability,3.7,3.2,4.2,4805,3884
10003016611,New Castle,Health Outcomes,Diabetes,8.8,7.5,10.2,7851,5645
10005050711,Sussex,Health Outcomes,Current Asthma,11.3,9.9,12.7,1505,1256
10001043100,Kent,Health Outcomes,Depression,24.3,20.8,28.1,2573,2087
10003011205,New Castle,Health Outcomes,High Cholesterol,41.4,37.6,45.3,1968,1585
10003014812,New Castle,Health-Related Social Needs,Utility Services Threat,5.6,4.7,6.6,4559,3628
10003002900,New Castle,Health Outcomes,Diabetes,24.6,21.8,27.2,3499,2540
10005051312,Sussex,Prevention,Cholesterol Screening,92.8,91.5,93.8,2290,2046
10005051310,Sussex,Health Status,Frequent Mental Distress,10.2,8.7,11.9,1933,1765
10001041702,Kent,Health-Related Social Needs,Loneliness,32.6,28.8,36.5,4472,3405
10003013613,New Castle,Disability,Self-care Disability,2.4,2.1,2.7,5657,4676
10005051015,Sussex,Health Outcomes,Diabetes,12.7,10.9,14.5,1877,1626
10003016100,New Castle,Health Outcomes,High Cholesterol,42.8,38.8,46.6,1961,1661
10003014703,New Castle,Prevention,Dental Visit,58.0,54.2,61.7,4827,3890
10005050801,Sussex,Health Outcomes,Current Asthma,10.6,9.3,11.9,3979,3225
10005050707,Sussex,Prevention,Dental Visit,65.1,61.7,68.6,2578,2285
10003016614,New Castle,Health Outcomes,High Blood Pressure,29.3,25.9,32.5,6239,4474
10005051309,Sussex,Disability,Self-care Disability,3.3,2.6,4.1,1488,1407
10003016100,New Castle,Health Status,Frequent Physical Distress,13.1,11.4,15.0,1961,1661
10005051202,Sussex,Prevention,Mammography,83.5,79.2,87.7,856,822
10005051801,Sussex,Health Outcomes,All Teeth Lost,22.9,19.5,26.8,5359,3933
10003010106,New Castle,Prevention,High Blood Pressure Medication,75.2,72.7,77.5,1760,1509
10001041804,Kent,Health Outcomes,High Cholesterol,40.3,36.6,44.2,5980,4654
10003013901,New Castle,Disability,Any Disability,30.1,26.3,34.0,3492,2741
10005051302,Sussex,Health Status,Frequent Physical Distress,13.7,12.0,15.6,4907,4337
10005050405,Sussex,Prevention,High Blood Pressure Medication,79.5,76.8,81.8,4378,3304
10003015900,New Castle,Health-Related Social Needs,Food Stamps,13.9,11.6,16.5,3344,2595
10005050603,Sussex,Health Risk Behaviors,Binge Drinking,14.5,12.2,16.9,3956,3165
10005050709,Sussex,Disability,Vision Disability,4.3,3.5,5.2,1956,1774
10003010200,New Castle,Health Outcomes,Arthritis,26.0,23.2,28.9,2034,1607
10003013906,New Castle,Prevention,Annual Checkup,79.0,75.6,82.1,4648,3670
10003000400,New Castle,Health-Related Social Needs,Food Insecurity,17.6,14.3,21.3,2957,2436
10003003002,New Castle,Prevention,Mammography,70.2,63.4,76.8,3060,2329
10003011700,New Castle,Health Status,Frequent Mental Distress,10.0,8.6,11.5,4260,3465
10003016904,New Castle,Health Outcomes,Current Asthma,9.9,8.7,11.2,3096,2872
10005051009,Sussex,Prevention,Annual Checkup,85.2,82.5,87.6,2313,1978
10003014200,New Castle,Prevention,High Blood Pressure Medication,75.5,72.4,78.3,1600,1313
10005050406,Sussex,Health Outcomes,High Cholesterol,44.7,41.0,48.4,5475,4063
10005050707,Sussex,Health Risk Behaviors,Short Sleep Duration,30.2,26.0,35.1,2578,2285
10005051313,Sussex,Health Outcomes,Arthritis,38.4,34.8,41.8,3144,2742
10005050806,Sussex,Disability,Cognitive Disability,11.0,9.3,12.8,4454,3735
10003013508,New Castle,Health Outcomes,Cancer (non-skin) or Melanoma,10.3,9.3,11.2,5655,4419
10003010104,New Castle,Prevention,Colorectal Cancer Screening,62.9,58.6,67.1,3620,2830
10005051102,Sussex,Prevention,High Blood Pressure Medication,85.7,83.3,87.8,1029,970
10005050707,Sussex,Disability,Mobility Disability,17.1,14.6,19.8,2578,2285
10003016806,New Castle,Health-Related Social Needs,Loneliness,31.2,27.6,35.1,6347,4487
10003016309,New Castle,Disability,Hearing Disability,5.4,4.7,6.1,4125,3307
10003016301,New Castle,Prevention,Health Insurance,9.0,7.5,10.6,7385,5955
10003012500,New Castle,Health Outcomes,COPD,6.5,5.6,7.5,5660,4358
10005050503,Sussex,Health Outcomes,All Teeth Lost,35.7,31.4,40.7,5604,3737
10003014908,New Castle,Health Risk Behaviors,Binge Drinking,12.2,10.2,14.3,2425,1792
10003013608,New Castle,Disability,Any Disability,26.8,23.0,30.7,1959,1543
10005050304,Sussex,Health Outcomes,Cancer (non-skin) or Melanoma,12.0,10.9,13.1,4616,3670
10005051015,Sussex,Health Outcomes,Obesity,30.5,24.9,36.0,1877,1626
10001042801,Kent,Health Outcomes,High Cholesterol,40.9,37.2,45.1,2007,1606
10003001902,New Castle,Health Outcomes,Current Asthma,12.2,10.8,13.7,2113,1554
10003016807,New Castle,Health Risk Behaviors,Binge Drinking,17.6,15.1,20.5,1901,1411
10003014904,New Castle,Disability,Self-care Disability,3.5,3.1,3.9,5003,4117
10005051203,Sussex,Health Outcomes,Obesity,27.4,22.3,32.8,792,726
10003013614,New Castle,Health-Related Social Needs,Housing Insecurity,15.0,12.9,17.1,3258,2555
10003012900,New Castle,Health-Related Social Needs,Housing Insecurity,20.3,18.0,23.1,4823,3565
10003013300,New Castle,Health-Related Social Needs,Transportation Barriers,6.2,5.2,7.2,1907,1543
10003011800,New Castle,Disability,Vision Disability,3.0,2.6,3.5,4927,4135
10003013901,New Castle,Health Outcomes,Obesity,33.3,27.6,38.9,3492,2741
10003011600,New Castle,Health Outcomes,High Cholesterol,39.2,35.4,43.0,3287,2573
10003013604,New Castle,Prevention,Mammography,77.1,71.0,82.5,4156,3372
10005051101,Sussex,Health Status,Frequent Physical Distress,10.7,9.3,12.3,629,589
10005051309,Sussex,Health Outcomes,COPD,8.6,6.6,10.9,1488,1407
10003010300,New Castle,Prevention,Mammography,77.0,71.1,82.4,4106,3232
10003011203,New Castle,Health-Related Social Needs,Food Insecurity,14.6,12.1,17.2,4805,3884
10003002400,New Castle,Health Outcomes,Diabetes,15.8,13.9,17.6,4250,3346
10005051015,Sussex,Health Risk Behaviors,Binge Drinking,12.6,10.7,14.8,1877,1626
10003014808,New Castle,Disability,Vision Disability,4.4,4.0,4.8,6476,5078
10003011400,New Castle,Disability,Self-care Disability,2.3,1.9,2.7,3456,2735
10003001200,New Castle,Health Outcomes,High Cholesterol,32.0,28.5,35.4,1605,1454
10003016805,New Castle,Health-Related Social Needs,Utility Services Threat,5.9,5.0,6.9,1723,1396
10003002700,New Castle,Health Outcomes,COPD,4.0,3.4,4.6,2990,2310
10005050407,Sussex,Health-Related Social Needs,Food Stamps,21.8,18.6,25.4,5238,4210
10005050904,Sussex,Health-Related Social Needs,Loneliness,26.7,23.2,30.5,2592,2256
10003016200,New Castle,Health-Related Social Needs,Lack of Social/Emotional Support,21.2,18.2,24.4,3051,2509
10003013100,New Castle,Health Status,Frequent Mental Distress,16.8,14.7,18.9,2248,1833
10003014810,New Castle,Disability,Cognitive Disability,12.5,10.9,14.2,7083,5613
10005051012,Sussex,Prevention,High Blood Pressure Medication,85.9,83.5,88.1,1908,1715
10003012400,New Castle,Health Outcomes,Arthritis,25.2,22.6,27.8,4637,3486
10005050200,Sussex,Health Outcomes,Arthritis,28.9,26.0,31.7,3744,2777
10003013903,New Castle,Prevention,Cholesterol Screening,87.3,85.3,89.1,4820,3768
10003015600,New Castle,Health-Related Social Needs,Food Stamps,20.5,17.3,24.2,2343,1791
10005051008,Sussex,Health Outcomes,Arthritis,35.0,31.5,38.5,4100,3626
10003014909,New Castle,Health-Related Social Needs,Transportation Barriers,11.8,10.1,13.4,6186,4652
10003013906,New Castle,Health Risk Behaviors,Short Sleep Duration,35.3,30.5,40.5,4648,3670
10003012500,New Castle,Health Outcomes,Current Asthma,10.6,9.5,12.0,5660,4358
10003010106,New Castle,Health Risk Behaviors,Short Sleep Duration,36.3,31.5,41.4,1760,1509
10001041802,Kent,Health Outcomes,Depression,22.4,19.3,25.9,6720,5103
10001043202,Kent,Health Status,Frequent Physical Distress,16.2,14.5,18.1,3722,2979
10005050804,Sussex,Health Outcomes,High Blood Pressure,41.4,37.7,45.2,4188,3465
10003016609,New Castle,Prevention,Cholesterol Screening,89.2,86.9,91.1,5595,4312
10005050905,Sussex,Disability,Vision Disability,3.8,3.3,4.4,2848,2485
10003012400,New Castle,Prevention,Colorectal Cancer Screening,61.8,57.4,66.1,4637,3486
10003014702,New Castle,Health-Related Social Needs,Transportation Barriers,8.2,7.2,9.3,1910,1510
10003014812,New Castle,Health Outcomes,High Blood Pressure,33.3,29.9,36.8,4559,3628
10003013800,New Castle,Health Outcomes,Current Asthma,9.5,8.4,10.6,5901,4752
10003012200,New Castle,Disability,Hearing Disability,6.2,5.4,7.0,4676,3581
10003013613,New Castle,Disability,Any Disability,24.2,21.2,27.6,5657,4676
10003010900,New Castle,Prevention,Cholesterol Screening,90.0,88.3,91.4,2773,2237
10003014301,New Castle,Health Status,Frequent Physical Distress,10.8,9.3,12.4,1317,1092
10005050708,Sussex,Health Outcomes,Arthritis,37.3,33.3,41.1,2774,2424
10003016610,New Castle,Health Outcomes,High Blood Pressure,37.7,34.1,40.9,7062,5510
10003013200,New Castle,Health Status,General Health,20.1,17.0,23.3,2653,2074
10003010502,New Castle,Health Outcomes,Stroke,3.4,3.0,3.7,5779,4788
10005050506,Sussex,Health Status,Frequent Mental Distress,15.2,13.3,17.1,4112,3099
10003013800,New Castle,Health Outcomes,High Cholesterol,36.5,32.9,40.1,5901,4752
10005051308,Sussex,Health Outcomes,Stroke,4.5,3.8,5.2,4074,3530
10001042205,Kent,Disability,Independent Living Disability,10.5,9.4,11.6,3019,2312
10003016611,New Castle,Health Outcomes,Arthritis,20.7,18.2,23.3,7851,5645
10005050403,Sussex,Health Outcomes,Cancer (non-skin) or Melanoma,8.6,7.7,9.4,3517,2621
10003011600,New Castle,Health Risk Behaviors,Current Cigarette Smoking,8.7,6.4,11.3,3287,2573
10005051204,Sussex,Health-Related Social Needs,Food Stamps,2.3,1.6,3.0,652,627
10003012400,New Castle,Health-Related Social Needs,Food Stamps,17.4,14.6,20.4,4637,3486
10003012600,New Castle,Health-Related Social Needs,Food Insecurity,11.6,9.2,14.3,2945,2351
10005050408,Sussex,Disability,Mobility Disability,19.1,16.8,21.5,4534,3546
10003012700,New Castle,Health-Related Social Needs,Lack of Social/Emotional Support,22.7,19.6,25.9,4392,3592
10001042208,Kent,Health Outcomes,Stroke,3.8,3.4,4.2,4016,3108
10001042802,Kent,Health-Related Social Needs,Food Insecurity,13.9,11.7,16.3,5612,4350
10003013906,New Castle,Prevention,Health Insurance,6.3,5.1,7.8,4648,3670
10003002800,New Castle,Health Outcomes,Diabetes,10.6,9.3,11.9,2378,2071
10005051701,Sussex,Prevention,Mammography,78.0,72.5,83.4,4103,3258
10003001600,New Castle,Disability,Cognitive Disability,23.1,20.1,26.2,2419,1765
10003002500,New Castle,Prevention,High Blood Pressure Medication,73.0,69.9,76.0,3235,2443
10003011100,New Castle,Health-Related Social Needs,Loneliness,27.5,24.1,31.2,2654,2282
10005051307,Sussex,Health Outcomes,Obesity,32.8,27.0,38.8,2975,2708
10003012700,New Castle,Health Outcomes,Obesity,35.4,29.4,41.0,4392,3592
10005051311,Sussex,Health Outcomes,Cancer (non-skin) or Melanoma,16.0,14.5,17.6,1832,1712
10003014200,New Castle,Health-Related Social Needs,Lack of Social/Emotional Support,20.1,17.0,23.1,1600,1313
10003015200,New Castle,Health Outcomes,Diabetes,12.0,10.5,13.5,5783,4501
10003002200,New Castle,Disability,Hearing Disability,6.9,6.1,7.8,2874,1942
10003014906,New Castle,Disability,Hearing Disability,4.3,3.8,4.9,5339,4098
10003014903,New Castle,Health-Related Social Needs,Loneliness,36.2,32.3,40.3,7365,5269
10003013903,New Castle,Health-Related Social Needs,Food Stamps,13.1,10.5,15.7,4820,3768
10003012600,New Castle,Prevention,High Blood Pressure Medication,73.4,70.0,76.4,2945,2351
10003013400,New Castle,Disability,Mobility Disability,13.1,10.6,15.9,2504,2036
10003016609,New Castle,Health Risk Behaviors,Physical Inactivity,19.4,15.4,23.6,5595,4312
10005050708,Sussex,Health Outcomes,All Teeth Lost,9.3,7.6,11.2,2774,2424
10003013501,New Castle,Health Risk Behaviors,Current Cigarette Smoking,7.1,5.8,8.5,7213,5880
10001041804,Kent,Health Risk Behaviors,Physical Inactivity,33.3,28.9,38.0,5980,4654
10005050905,Sussex,Health-Related Social Needs,Housing Insecurity,5.4,4.5,6.5,2848,2485
10003001400,New Castle,Health Status,Frequent Mental Distress,18.1,15.9,20.2,2103,1727
10005050501,Sussex,Disability,Cognitive Disability,14.5,12.7,16.4,4201,3285
10003016808,New Castle,Prevention,Colorectal Cancer Screening,66.6,62.4,70.6,7377,5511
10003013608,New Castle,Health Outcomes,COPD,5.7,4.7,6.8,1959,1543
10003014403,New Castle,Health Outcomes,Obesity,31.1,25.7,36.5,3611,2955
10005051308,Sussex,Health Risk Behaviors,Physical Inactivity,24.9,20.4,29.7,4074,3530
10005051008,Sussex,Disability,Mobility Disability,13.9,11.6,16.5,4100,3626
10005051900,Sussex,Disability,Mobility Disability,14.7,12.9,16.6,4760,3685
10003013611,New Castle,Health Outcomes,Arthritis,24.0,21.4,26.7,5572,4648
10003013903,New Castle,Health Outcomes,Cancer (non-skin) or Melanoma,7.2,6.5,7.9,4820,3768
10005051205,Sussex,Health Outcomes,High Cholesterol,52.7,48.5,56.9,580,543
10005051204,Sussex,Health Risk Behaviors,Current Cigarette Smoking,5.8,4.4,7.5,652,627
10003011300,New Castle,Prevention,Colorectal Cancer Screening,71.0,67.2,74.7,2244,1847
10003014814,New Castle,Prevention,Cholesterol Screening,88.3,86.5,89.9,4361,3290
10003011600,New Castle,Health Outcomes,Current Asthma,9.9,8.7,11.1,3287,2573
10003001902,New Castle,Prevention,Colorectal Cancer Screening,63.5,59.3,67.5,2113,1554
10003016805,New Castle,Health-Related Social Needs,Transportation Barriers,6.6,5.6,7.7,1723,1396
10003013613,New Castle,Prevention,Health Insurance,5.3,4.3,6.4,5657,4676
10001041803,Kent,Health Outcomes,Coronary Heart Disease,9.0,8.0,10.0,4384,3459
10003003002,New Castle,Disability,Self-care Disability,10.0,8.7,11.3,3060,2329
10005050408,Sussex,Health Outcomes,Coronary Heart Disease,9.0,8.0,10.0,4534,3546
10003015502,New Castle,Prevention,Dental Visit,45.3,41.5,49.1,2686,2035
10003016100,New Castle,Prevention,High Blood Pressure Medication,79.8,77.0,82.4,1961,1661
10003013905,New Castle,Health Outcomes,Arthritis,16.7,14.7,18.7,4169,3100
10001041804,Kent,Disability,Hearing Disability,7.3,6.4,8.2,5980,4654
10001042204,Kent,Health Outcomes,Stroke,3.0,2.7,3.3,4773,3481
10001042100,Kent,Prevention,Colorectal Cancer Screening,66.0,61.3,70.2,3997,3098
10005050403,Sussex,Health Outcomes,Stroke,3.9,3.5,4.3,3517,2621
10003010200,New Castle,Prevention,Annual Checkup,79.9,76.7,82.7,2034,1607
10003011700,New Castle,Health Outcomes,Cancer (non-skin) or Melanoma,14.1,12.8,15.4,4260,3465
10003015502,New Castle,Health Outcomes,Arthritis,28.2,25.5,31.0,2686,2035
10003013611,New Castle,Prevention,Colorectal Cancer Screening,67.8,63.7,71.7,5572,4648
10003001400,New Castle,Health Outcomes,Depression,23.4,20.2,26.8,2103,1727
10003013610,New Castle,Health-Related Social Needs,Food Insecurity,6.4,5.1,7.8,5460,4534
10005051311,Sussex,Health-Related Social Needs,Lack of Social/Emotional Support,14.5,11.9,17.5,1832,1712
10001041803,Kent,Disability,Vision Disability,7.4,6.7,8.1,4384,3459
10001042100,Kent,Health-Related Social Needs,Lack of Social/Emotional Support,22.0,19.1,25.1,3997,3098
10003014908,New Castle,Health Outcomes,Coronary Heart Disease,6.3,5.6,7.1,2425,1792
10005051017,Sussex,Health-Related Social Needs,Housing Insecurity,5.0,3.9,6.3,3804,3435
10003014903,New Castle,Disability,Cognitive Disability,17.9,15.4,20.5,7365,5269
10003012000,New Castle,Health Outcomes,High Cholesterol,40.8,37.1,44.5,4334,3536
10003001100,New Castle,Health-Related Social Needs,Food Insecurity,9.3,7.0,11.9,3375,3187
10003014200,New Castle,Prevention,Cholesterol Screening,88.5,86.6,90.1,1600,1313
10005051102,Sussex,Disability,Mobility Disability,12.5,10.5,14.5,1029,970
10001043300,Kent,Health Outcomes,Current Asthma,13.8,12.3,15.5,6553,5692
10001041702,Kent,Health Outcomes,Diabetes,14.2,12.6,16.1,4472,3405
10003010704,New Castle,Health-Related Social Needs,Food Stamps,13.1,10.5,15.8,3947,3149
10003016808,New Castle,Health Status,Frequent Mental Distress,15.2,13.3,17.2,7377,5511
10005050709,Sussex,Health Outcomes,Depression,18.3,15.5,21.4,1956,1774
10005050711,Sussex,Health-Related Social Needs,Loneliness,30.6,26.8,34.7,1505,1256
10005051802,Sussex,Health Outcomes,Cancer (non-skin) or Melanoma,7.8,7.1,8.5,4354,3076
10003002900,New Castle,Disability,Mobility Disability,29.0,25.3,32.5,3499,2540
10003000601,New Castle,Health Outcomes,High Cholesterol,37.0,33.5,40.5,2773,2035
10003000200,New Castle,Health-Related Social Needs,Utility Services Threat,14.6,12.2,17.0,5298,4193
10005051205,Sussex,Health Outcomes,Diabetes,12.7,10.8,14.7,580,543
10003014502,New Castle,Health Status,General Health,22.2,19.2,25.5,7374,7189
10005050401,Sussex,Health-Related Social Needs,Food Stamps,12.3,10.0,14.9,3606,2872
10003012900,New Castle,Health Risk Behaviors,Binge Drinking,15.3,13.0,17.9,4823,3565
10005051202,Sussex,Health Risk Behaviors,Short Sleep Duration,23.0,19.4,27.2,856,822
10003014000,New Castle,Disability,Independent Living Disability,9.2,8.0,10.4,5441,4349
10003001200,New Castle,Health-Related Social Needs,Lack of Social/Emotional Support,17.2,14.4,20.4,1605,1454
10001042203,Kent,Prevention,Health Insurance,8.3,6.9,9.8,5705,4255
10003011400,New Castle,Disability,Vision Disability,2.9,2.4,3.5,3456,2735
10003016000,New Castle,Prevention,Annual Checkup,80.4,77.2,83.2,2999,2265
10003011205,New Castle,Health Outcomes,High Blood Pressure,34.6,31.1,38.2,1968,1585
10003013506,New Castle,Health-Related Social Needs,Food Stamps,3.1,2.1,4.4,4567,3785
10001980000,Kent,Health Risk Behaviors,Binge Drinking,23.3,19.8,27.4,108,104
10003011600,New Castle,Health-Related Social Needs,Lack of Social/Emotional Support,17.2,14.5,20.2,3287,2573
10003013905,New Castle,Health Outcomes,COPD,3.5,3.0,4.1,4169,3100
10005051010,Sussex,Health-Related Social Needs,Housing Insecurity,5.9,4.8,7.1,2795,2452
10001042900,Kent,Health Outcomes,Coronary Heart Disease,8.7,7.8,9.7,5105,4056
10005051009,Sussex,Disability,Hearing Disability,7.0,6.1,7.9,2313,1978
10005051016,Sussex,Health-Related Social Needs,Food Insecurity,4.7,3.5,6.3,1879,1685
10003002800,New Castle,Health Risk Behaviors,Short Sleep Duration,40.5,35.4,45.9,2378,2071
10005051311,Sussex,Disability,Mobility Disability,15.3,12.4,18.6,1832,1712
10003013508,New Castle,Health Outcomes,Arthritis,24.7,21.9,27.7,5655,4419
10001042205,Kent,Prevention,Dental Visit,52.3,48.2,56.2,3019,2312
10003015000,New Castle,Health-Related Social Needs,Food Insecurity,21.0,18.2,24.1,5659,4542
10003014502,New Castle,Health Risk Behaviors,Binge Drinking,17.8,15.0,20.7,7374,7189
10003016609,New Castle,Disability,Any Disability,23.8,19.9,27.9,5595,4312
10005050405,Sussex,Prevention,Mammography,78.2,72.7,83.6,4378,3304
10003014813,New Castle,Health-Related Social Needs,Loneliness,32.6,28.4,36.7,4889,3848
10005050603,Sussex,Health-Related Social Needs,Housing Insecurity,7.4,6.1,8.7,3956,3165
10003014404,New Castle,Health-Related Social Needs,Housing Insecurity,8.5,7.0,10.2,4159,3562
10005050710,Sussex,Health-Related Social Needs,Lack of Social/Emotional Support,22.6,19.8,25.9,1870,1457
10003010704,New Castle,Disability,Independent Living Disability,7.5,6.6,8.5,3947,3149
10005051017,Sussex,Prevention,Cholesterol Screening,93.2,92.0,94.2,3804,3435
10003014705,New Castle,Disability,Vision Disability,5.3,4.6,5.9,5891,4572
10005051309,Sussex,Health Outcomes,Current Asthma,9.8,8.6,11.0,1488,1407
10001043300,Kent,Health-Related Social Needs,Food Insecurity,21.0,17.3,25.4,6553,5692
10001042000,Kent,Health-Related Social Needs,Food Insecurity,13.3,11.2,15.8,3064,2380
10003013800,New Castle,Health-Related Social Needs,Lack of Social/Emotional Support,23.8,20.4,27.1,5901,4752
10003010300,New Castle,Health-Related Social Needs,Food Stamps,10.5,8.4,12.7,4106,3232
10001042500,Kent,Health Risk Behaviors,Binge Drinking,11.8,9.8,14.1,3590,2590
10003013000,New Castle,Health Outcomes,Diabetes,11.2,9.7,12.7,1927,1515
10003013905,New Castle,Prevention,Mammography,78.8,73.1,83.8,4169,3100
10003014808,New Castle,Health-Related Social Needs,Transportation Barriers,8.5,7.4,9.6,6476,5078
10003013507,New Castle,Prevention,High Blood Pressure Medication,78.8,75.7,81.6,1819,1428
10003012700,New Castle,Prevention,Health Insurance,12.7,10.5,15.0,4392,3592
10003016807,New Castle,Health Outcomes,High Cholesterol,37.0,33.3,40.6,1901,1411
10005051313,Sussex,Health Status,Frequent Physical Distress,14.5,12.7,16.4,3144,2742
10001042204,Kent,Health Outcomes,Cancer (non-skin) or Melanoma,7.7,7.0,8.4,4773,3481
10005051013,Sussex,Health-Related Social Needs,Lack of Social/Emotional Support,17.2,14.7,20.1,3686,3150
10003014810,New Castle,Health Outcomes,High Cholesterol,37.7,34.1,41.3,7083,5613
10003002600,New Castle,Health Outcomes,Obesity,43.9,37.7,49.9,3730,2585
10005051801,Sussex,Health Risk Behaviors,Current Cigarette Smoking,21.0,18.0,24.0,5359,3933
10005050904,Sussex,Disability,Any Disability,34.3,29.3,39.2,2592,2256
10003014705,New Castle,Disability,Hearing Disability,6.0,5.2,6.8,5891,4572
10003011900,New Castle,Health-Related Social Needs,Food Stamps,5.2,3.8,6.8,3298,2592
10003012600,New Castle,Health Status,Frequent Mental Distress,15.8,13.7,17.9,2945,2351
10005050302,Sussex,Health Risk Behaviors,Short Sleep Duration,35.6,31.0,40.9,5521,4001
10005051501,Sussex,Health Outcomes,Current Asthma,10.8,9.5,12.1,2246,1737
10003014402,New Castle,Health Risk Behaviors,Current Cigarette Smoking,9.6,7.7,11.5,2807,2383
10005051310,Sussex,Health Status,General Health,15.0,12.0,18.5,1933,1765
10005051302,Sussex,Prevention,Annual Checkup,85.5,82.8,87.9,4907,4337
10003000200,New Castle,Health-Related Social Needs,Lack of Social/Emotional Support,26.0,22.2,29.8,5298,4193
10003013611,New Castle,Health Status,Frequent Physical Distress,11.1,9.7,12.7,5572,4648
10005051014,Sussex,Disability,Vision Disability,3.8,3.1,4.5,1881,1709
10005051309,Sussex,Disability,Independent Living Disability,6.5,5.3,8.0,1488,1407
10005051307,Sussex,Health-Related Social Needs,Food Stamps,8.2,5.5,11.3,2975,2708
10001042500,Kent,Health-Related Social Needs,Utility Services Threat,14.3,12.3,16.4,3590,2590
10005050709,Sussex,Health-Related Social Needs,Housing Insecurity,4.7,3.8,5.8,1956,1774
10005050603,Sussex,Prevention,Dental Visit,67.9,64.6,71.2,3956,3165
10003016301,New Castle,Disability,Cognitive Disability,13.4,11.7,15.1,7385,5955
10003002300,New Castle,Health-Related Social Needs,Food Stamps,33.0,28.1,38.0,3003,2091
10005050104,Sussex,Health Risk Behaviors,Current Cigarette Smoking,18.7,15.3,22.0,5031,3785
10003015000,New Castle,Health Outcomes,Obesity,38.3,32.3,44.2,5659,4542
10001042900,Kent,Disability,Mobility Disability,20.4,18.0,22.8,5105,4056
10005051101,Sussex,Health Outcomes,Diabetes,11.4,9.9,13.1,629,589
10003010300,New Castle,Disability,Self-care Disability,2.8,2.5,3.2,4106,3232
10001043202,Kent,Health-Related Social Needs,Food Insecurity,14.9,12.9,17.1,3722,2979
10005050903,Sussex,Health-Related Social Needs,Transportation Barriers,3.5,2.9,4.2,2161,1968
10003015502,New Castle,Health Risk Behaviors,Physical Inactivity,36.2,31.3,41.1,2686,2035
10003002700,New Castle,Prevention,Cholesterol Screening,84.9,82.5,86.9,2990,2310
10003013100,New Castle,Health Outcomes,High Blood Pressure,33.9,30.4,37.3,2248,1833
10005051011,Sussex,Health Outcomes,Diabetes,12.8,11.0,14.9,3580,3083
10005050603,Sussex,Disability,Mobility Disability,12.1,10.3,14.3,3956,3165
10003013507,New Castle,Prevention,Cholesterol Screening,91.4,89.8,92.7,1819,1428
10005050200,Sussex,Prevention,Mammography,77.7,72.2,83.0,3744,2777
10003003002,New Castle,Health Outcomes,High Cholesterol,32.4,29.0,35.9,3060,2329
10003000500,New Castle,Disability,Mobility Disability,17.7,15.3,20.2,3453,2515
10003010400,New Castle,Health Risk Behaviors,Current Cigarette Smoking,11.4,9.4,13.5,4591,3725
10003016309,New Castle,Health Risk Behaviors,Physical Inactivity,29.4,25.0,34.1,4125,3307
10003011600,New Castle,Health Outcomes,Cancer (non-skin) or Melanoma,10.4,9.4,11.4,3287,2573
10003000900,New Castle,Health-Related Social Needs,Loneliness,39.7,35.2,44.1,2267,1563
10003016904,New Castle,Prevention,Cholesterol Screening,82.7,79.9,85.1,3096,2872
10003015100,New Castle,Prevention,Colorectal Cancer Screening,66.4,62.0,70.5,3594,2808
10005051014,Sussex,Disability,Cognitive Disability,8.5,6.9,10.2,1881,1709
10003016308,New Castle,Health Status,General Health,20.3,17.6,23.4,3728,2990
10003016611,New Castle,Health Outcomes,Stroke,2.3,2.0,2.6,7851,5645
10003016404,New Castle,Health Outcomes,Coronary Heart Disease,6.3,5.6,7.0,3334,2622
10003016612,New Castle,Health Outcomes,Diabetes,10.8,9.4,12.3,6450,4739
10003013615,New Castle,Health Outcomes,Diabetes,11.3,9.7,12.9,4107,3324
10005050101,Sussex,Health-Related Social Needs,Housing Insecurity,8.6,7.4,10.0,4013,3236
10003012100,New Castle,Health-Related Social Needs,Food Stamps,7.7,6.1,9.3,2901,2301
10003001300,New Castle,Health Outcomes,High Cholesterol,41.9,38.0,45.6,3588,3013
10003013100,New Castle,Health-Related Social Needs,Lack of Social/Emotional Support,22.8,19.7,26.3,2248,1833
10003015100,New Castle,Health-Related Social Needs,Housing Insecurity,13.0,11.1,14.9,3594,2808
10001042206,Kent,Health Outcomes,COPD,7.2,6.2,8.2,2822,2203
10003016000,New Castle,Disability,Self-care Disability,5.6,4.9,6.3,2999,2265
10003000500,New Castle,Health Outcomes,COPD,6.7,5.6,7.8,3453,2515
10003011100,New Castle,Disability,Independent Living Disability,6.0,5.2,6.9,2654,2282
10003002100,New Castle,Health Outcomes,High Blood Pressure,49.4,45.7,53.0,1809,1283
10005051314,Sussex,Health Status,Frequent Mental Distress,11.2,9.7,12.7,2525,2271
10003012000,New Castle,Health Outcomes,Arthritis,28.5,25.5,31.3,4334,3536
10005051308,Sussex,Health Outcomes,COPD,9.0,7.2,11.1,4074,3530
10001042801,Kent,Health Outcomes,COPD,7.2,6.0,8.7,2007,1606
10005051313,Sussex,Health-Related Social Needs,Transportation Barriers,4.7,4.0,5.4,3144,2742
10003000601,New Castle,Prevention,Annual Checkup,81.6,78.5,84.5,2773,2035
10003016614,New Castle,Health-Related Social Needs,Utility Services Threat,5.8,4.9,6.9,6239,4474
10003011201,New Castle,Health-Related Social Needs,Food Insecurity,8.4,6.4,10.7,2421,1946
10005051313,Sussex,Health Risk Behaviors,Physical Inactivity,25.7,21.6,30.1,3144,2742
10003015000,New Castle,Health Risk Behaviors,Short Sleep Duration,39.7,34.7,45.1,5659,4542
10003001100,New Castle,Prevention,High Blood Pressure Medication,77.8,75.6,79.8,3375,3187
10005051312,Sussex,Health Outcomes,Arthritis,37.3,33.6,40.9,2290,2046
10005050808,Sussex,Health Status,General Health,15.3,12.4,18.6,4150,3726
10003014809,New Castle,Health Outcomes,High Blood Pressure,36.2,32.7,39.8,8360,6692
10003013508,New Castle,Health Outcomes,Diabetes,9.5,8.1,11.0,5655,4419
10001043000,Kent,Prevention,Annual Checkup,81.6,78.5,84.6,5414,4110
10005051203,Sussex,Disability,Any Disability,27.1,23.1,31.5,792,726
10003012000,New Castle,Health Outcomes,COPD,7.2,6.1,8.5,4334,3536
10003011202,New Castle,Disability,Any Disability,26.3,22.5,30.0,4003,3308
10003014302,New Castle,Disability,Independent Living Disability,7.1,6.0,8.3,4908,4464
10005050103,Sussex,Disability,Independent Living Disability,7.2,6.2,8.3,5063,4221
10005050303,Sussex,Health Risk Behaviors,Physical Inactivity,31.3,26.8,35.7,2935,2313
10005051010,Sussex,Disability,Vision Disability,4.1,3.6,4.8,2795,2452
10003011201,New Castle,Disability,Independent Living Disability,5.3,4.4,6.3,2421,1946
10005050105,Sussex,Health Risk Behaviors,Current Cigarette Smoking,17.0,14.6,19.5,5939,4388
10003011700,New Castle,Disability,Cognitive Disability,7.3,6.1,8.5,4260,3465
10003014904,New Castle,Health-Related Social Needs,Transportation Barriers,8.6,7.4,9.8,5003,4117
10005051501,Sussex,Health Status,General Health,21.1,18.6,23.7,2246,1737
10003002600,New Castle,Prevention,Health Insurance,17.6,14.6,21.0,3730,2585
10003016307,New Castle,Health-Related Social Needs,Loneliness,33.0,29.3,37.2,2756,2221
10005051308,Sussex,Health Risk Behaviors,Binge Drinking,12.2,10.3,14.4,4074,3530
10003010400,New Castle,Health-Related Social Needs,Transportation Barriers,6.4,5.6,7.3,4591,3725
10003012700,New Castle,Health Outcomes,Coronary Heart Disease,7.7,6.7,8.6,4392,3592
10005051102,Sussex,Health-Related Social Needs,Transportation Barriers,3.2,2.7,3.7,1029,970
10005050701,Sussex,Health Risk Behaviors,Current Cigarette Smoking,14.7,12.3,17.5,5068,4322
10005050401,Sussex,Disability,Vision Disability,5.4,4.7,6.2,3606,2872
10003016904,New Castle,Health-Related Social Needs,Loneliness,34.2,30.0,38.2,3096,2872
10003002200,New Castle,Health Outcomes,COPD,10.6,9.3,12.1,2874,1942
10005051013,Sussex,Health-Related Social Needs,Utility Services Threat,4.3,3.6,5.1,3686,3150
10005050805,Sussex,Prevention,Health Insurance,7.3,6.0,8.9,3038,2464
10003015000,New Castle,Disability,Self-care Disability,4.6,4.1,5.1,5659,4542
10003010704,New Castle,Health Outcomes,All Teeth Lost,14.6,12.0,17.5,3947,3149
10005050708,Sussex,Health Status,Frequent Physical Distress,14.3,11.9,16.7,2774,2424
10005050806,Sussex,Health Outcomes,All Teeth Lost,7.9,6.5,9.6,4454,3735
10003013700,New Castle,Health Risk Behaviors,Current Cigarette Smoking,12.3,10.2,14.5,4071,3177
10003000500,New Castle,Health Outcomes,High Blood Pressure,42.6,38.9,46.3,3453,2515
10003016306,New Castle,Health-Related Social Needs,Housing Insecurity,15.6,13.3,18.1,4598,3569
10003013505,New Castle,Health Outcomes,Cancer (non-skin) or Melanoma,12.0,10.9,13.2,3489,2807
10003010104,New Castle,Health Outcomes,Obesity,36.3,30.3,42.2,3620,2830
10003000900,New Castle,Health-Related Social Needs,Housing Insecurity,32.4,28.1,36.9,2267,1563
10003011300,New Castle,Disability,Hearing Disability,6.9,5.8,8.0,2244,1847
10003010704,New Castle,Health Outcomes,Current Asthma,11.3,10.1,12.6,3947,3149
10003002400,New Castle,Health Status,Frequent Physical Distress,15.5,13.6,17.4,4250,3346
10003013300,New Castle,Disability,Vision Disability,4.1,3.5,4.8,1907,1543
10005051313,Sussex,Disability,Independent Living Disability,7.4,6.3,8.6,3144,2742
10003015400,New Castle,Disability,Cognitive Disability,15.5,13.6,17.7,2932,2209
10003016401,New Castle,Health Outcomes,Depression,19.7,16.9,22.7,6711,5269
10005050505,Sussex,Health-Related Social Needs,Transportation Barriers,10.6,8.9,12.6,2420,2212
10005050304,Sussex,Health Risk Behaviors,Physical Inactivity,30.6,26.0,35.6,4616,3670
10003014904,New Castle,Health Outcomes,Depression,20.5,17.5,23.5,5003,4117
10005051205,Sussex,Health Outcomes,Arthritis,38.0,34.2,41.6,580,543
10003016805,New Castle,Disability,Any Disability,31.1,27.0,35.6,1723,1396
10003012200,New Castle,Health Outcomes,COPD,7.1,5.9,8.3,4676,3581
10003016307,New Castle,Health Outcomes,Current Asthma,10.7,9.5,12.0,2756,2221
10003013611,New Castle,Health-Related Social Needs,Lack of Social/Emotional Support,19.8,17.0,23.1,5572,4648
10001042500,Kent,Health-Related Social Needs,Housing Insecurity,20.9,18.0,23.8,3590,2590
10003014907,New Castle,Health Outcomes,Obesity,37.3,31.4,43.2,4921,3708
10003016613,New Castle,Prevention,Annual Checkup,78.4,74.8,81.5,6109,4337
10005050807,Sussex,Prevention,Mammography,79.2,74.0,84.5,1824,1622
10005050801,Sussex,Health-Related Social Needs,Food Insecurity,10.7,8.9,12.6,3979,3225
10005051312,Sussex,Disability,Self-care Disability,3.3,2.8,3.9,2290,2046
10003011206,New Castle,Disability,Self-care Disability,2.2,1.8,2.6,4319,3345
10003014906,New Castle,Health-Related Social Needs,Transportation Barriers,12.9,11.3,14.7,5339,4098
10003014814,New Castle,Health Outcomes,High Cholesterol,36.3,32.6,39.9,4361,3290
10005050303,Sussex,Health Outcomes,Current Asthma,11.5,10.2,12.9,2935,2313
10003016301,New Castle,Disability,Any Disability,28.9,25.4,32.5,7385,5955
10005050401,Sussex,Health Outcomes,Coronary Heart Disease,8.5,7.5,9.6,3606,2872
10003000300,New Castle,Disability,Cognitive Disability,17.5,14.7,20.5,3012,2233
10003011300,New Castle,Disability,Vision Disability,3.3,2.7,4.2,2244,1847
10003001100,New Castle,Health Risk Behaviors,Binge Drinking,16.0,13.6,18.5,3375,3187
10005050407,Sussex,Health Outcomes,High Blood Pressure,46.2,42.5,49.8,5238,4210
10001043202,Kent,Health-Related Social Needs,Loneliness,33.7,30.0,37.7,3722,2979
10005051312,Sussex,Health Risk Behaviors,Short Sleep Duration,28.4,24.3,33.2,2290,2046
10001043300,Kent,Prevention,Annual Checkup,79.6,76.1,82.9,6553,5692
10003013615,New Castle,Health Status,General Health,17.0,14.5,19.5,4107,3324
10001042802,Kent,Prevention,Health Insurance,8.9,7.2,10.7,5612,4350
10003011000,New Castle,Health-Related Social Needs,Utility Services Threat,4.1,3.4,4.9,3201,2542
10003010200,New Castle,Health Risk Behaviors,Current Cigarette Smoking,10.4,8.4,12.8,2034,1607
10003016306,New Castle,Prevention,Cholesterol Screening,86.9,85.0,88.7,4598,3569
10003013604,New Castle,Health Outcomes,COPD,5.4,4.4,6.5,4156,3372
10003014100,New Castle,Health Outcomes,Cancer (non-skin) or Melanoma,7.5,6.8,8.3,4985,3693
10003011202,New Castle,Prevention,Health Insurance,5.4,4.2,6.9,4003,3308
10003011204,New Castle,Health-Related Social Needs,Transportation Barriers,5.0,4.3,6.0,3313,2741
10005051103,Sussex,Health Outcomes,High Blood Pressure,41.0,37.0,44.8,952,866
10001042900,Kent,Health Risk Behaviors,Short Sleep Duration,39.4,34.1,44.7,5105,4056
10005050407,Sussex,Health Status,Frequent Mental Distress,16.8,14.9,18.8,5238,4210
10001043100,Kent,Health Outcomes,COPD,8.6,7.3,10.0,2573,2087
10005051202,Sussex,Health Outcomes,Cancer (non-skin) or Melanoma,18.2,16.6,19.9,856,822
10001980000,Kent,Health Outcomes,High Cholesterol,14.8,12.5,17.4,108,104
10005051400,Sussex,Health Outcomes,High Blood Pressure,38.8,35.3,42.5,3878,3033
10005050406,Sussex,Prevention,Colorectal Cancer Screening,63.5,59.3,68.0,5475,4063
10005050703,Sussex,Health-Related Social Needs,Housing Insecurity,12.1,10.2,13.9,2153,1786
10003014811,New Castle,Health Outcomes,COPD,3.6,3.0,4.3,6677,4822
10003002700,New Castle,Prevention,Mammography,80.0,74.6,84.9,2990,2310
10005051900,Sussex,Prevention,Dental Visit,60.5,57.0,64.1,4760,3685
10005050801,Sussex,Disability,Self-care Disability,3.4,3.0,3.9,3979,3225
10003014404,New Castle,Prevention,Mammography,75.7,69.3,81.3,4159,3562
10005051400,Sussex,Health Status,Frequent Physical Distress,14.2,12.5,15.9,3878,3033
10003016807,New Castle,Disability,Self-care Disability,2.5,2.1,2.9,1901,1411
10005050708,Sussex,Health Outcomes,High Cholesterol,51.9,47.6,56.0,2774,2424
10005050604,Sussex,Health Status,General Health,24.6,21.5,27.8,4674,3611
10003000200,New Castle,Health Outcomes,High Cholesterol,39.5,35.8,43.1,5298,4193
10003012000,New Castle,Health Outcomes,Current Asthma,10.2,9.0,11.4,4334,3536
10005051010,Sussex,Prevention,Colorectal Cancer Screening,76.6,73.2,80.1,2795,2452
10003014404,New Castle,Health Outcomes,Coronary Heart Disease,5.4,4.7,6.0,4159,3562
10003013610,New Castle,Health-Related Social Needs,Housing Insecurity,5.8,4.7,6.9,5460,4534
10005050408,Sussex,Disability,Any Disability,36.5,32.4,40.5,4534,3546
10003010502,New Castle,Health-Related Social Needs,Lack of Social/Emotional Support,19.7,17.0,22.6,5779,4788
10003010800,New Castle,Health Outcomes,COPD,5.6,4.7,6.6,4796,3948
10003010703,New Castle,Health Outcomes,Arthritis,28.1,25.3,30.9,2036,1556
10005050808,Sussex,Health Risk Behaviors,Binge Drinking,12.4,10.4,14.7,4150,3726
10003016610,New Castle,Prevention,Cholesterol Screening,87.7,85.7,89.4,7062,5510
10003016808,New Castle,Health Status,General Health,13.2,11.3,15.3,7377,5511
10003000200,New Castle,Health Outcomes,High Blood Pressure,46.3,42.3,49.8,5298,4193
10003014809,New Castle,Health-Related Social Needs,Lack of Social/Emotional Support,23.6,20.6,26.9,8360,6692
10003001300,New Castle,Health Outcomes,Depression,20.5,17.4,23.5,3588,3013
10005050303,Sussex,Health Outcomes,All Teeth Lost,13.0,10.9,15.6,2935,2313
10003010105,New Castle,Health Outcomes,High Blood Pressure,30.4,27.3,33.7,2916,2113
10001042203,Kent,Health Outcomes,Obesity,39.9,33.8,46.5,5705,4255
10005051009,Sussex,Health Outcomes,Obesity,28.9,23.7,34.4,2313,1978
10003015900,New Castle,Health Outcomes,Diabetes,13.3,11.7,14.9,3344,2595
10003016614,New Castle,Disability,Independent Living Disability,5.5,4.7,6.3,6239,4474
10003012000,New Castle,Health Status,Frequent Physical Distress,13.8,12.1,15.7,4334,3536
10003000602,New Castle,Health Outcomes,Obesity,44.1,37.7,50.3,2876,2134
10003011500,New Castle,Health-Related Social Needs,Transportation Barriers,5.3,4.3,6.4,2908,2308
10003002500,New Castle,Disability,Independent Living Disability,9.2,7.9,10.5,3235,2443
10005051312,Sussex,Prevention,High Blood Pressure Medication,86.0,83.6,88.1,2290,2046
10001042206,Kent,Health-Related Social Needs,Transportation Barriers,6.6,5.8,7.6,2822,2203
10005051802,Sussex,Health Status,General Health,24.4,21.4,27.4,4354,3076
10005051012,Sussex,Health Status,Frequent Mental Distress,13.3,11.6,15.2,1908,1715
10003013508,New Castle,Health Outcomes,Stroke,2.5,2.2,2.8,5655,4419
10005050304,Sussex,Health-Related Social Needs,Food Insecurity,14.9,12.7,17.4,4616,3670
10005051400,Sussex,Prevention,Dental Visit,61.7,58.3,65.3,3878,3033
10003010200,New Castle,Health-Related Social Needs,Lack of Social/Emotional Support,21.4,18.2,24.7,2034,1607
10005050101,Sussex,Prevention,Dental Visit,65.6,62.2,69.1,4013,3236
10003000300,New Castle,Disability,Hearing Disability,5.1,4.4,5.8,3012,2233
10001043202,Kent,Prevention,High Blood Pressure Medication,78.3,75.6,80.8,3722,2979
10003013607,New Castle,Prevention,High Blood Pressure Medication,75.2,72.2,77.9,6255,5031
10003002700,New Castle,Health-Related Social Needs,Housing Insecurity,15.8,13.2,18.4,2990,2310
10003015900,New Castle,Health Outcomes,High Blood Pressure,37.1,33.6,40.6,3344,2595
10005051008,Sussex,Health Status,General Health,15.3,12.7,18.2,4100,3626
10003016613,New Castle,Prevention,Colorectal Cancer Screening,62.1,57.7,66.5,6109,4337
10003014908,New Castle,Health-Related Social Needs,Housing Insecurity,21.3,18.3,24.5,2425,1792
10005051012,Sussex,Health-Related Social Needs,Food Insecurity,10.2,8.1,12.5,1908,1715
10003002200,New Castle,Health Outcomes,Coronary Heart Disease,8.4,7.4,9.3,2874,1942
10005051310,Sussex,Disability,Any Disability,27.5,23.1,32.3,1933,1765
10003001200,New Castle,Health Risk Behaviors,Physical Inactivity,15.0,12.0,18.3,1605,1454
10001042802,Kent,Health Outcomes,Obesity,42.5,36.2,49.2,5612,4350
10003002800,New Castle,Health Status,General Health,19.2,16.5,21.9,2378,2071
10003015200,New Castle,Health-Related Social Needs,Food Stamps,16.2,13.6,18.7,5783,4501
10003014809,New Castle,Health Outcomes,Diabetes,12.7,11.2,14.3,8360,6692
10003011201,New Castle,Health Status,Frequent Mental Distress,13.2,11.5,15.2,2421,1946
10003012500,New Castle,Health-Related Social Needs,Loneliness,32.2,28.4,36.3,5660,4358
10003016309,New Castle,Health Risk Behaviors,Current Cigarette Smoking,13.7,11.3,16.1,4125,3307
10003016401,New Castle,Health Status,Frequent Mental Distress,14.8,13.0,16.6,6711,5269
10003016000,New Castle,Health-Related Social Needs,Food Insecurity,25.3,21.7,28.8,2999,2265
10005050405,Sussex,Health Outcomes,High Cholesterol,43.5,39.7,47.2,4378,3304
10003013901,New Castle,Health Risk Behaviors,Physical Inactivity,26.6,22.6,30.8,3492,2741
10003015400,New Castle,Health Status,General Health,25.0,21.9,28.4,2932,2209
10001042206,Kent,Disability,Vision Disability,4.4,4.0,4.9,2822,2203
10003016808,New Castle,Prevention,High Blood Pressure Medication,72.4,69.2,75.3,7377,5511
10003011400,New Castle,Prevention,Dental Visit,75.6,72.6,78.4,3456,2735
10005051702,Sussex,Health Status,Frequent Physical Distress,15.6,13.8,17.5,6577,4982
10005051701,Sussex,Prevention,Cholesterol Screening,86.3,84.3,88.4,4103,3258
10005051307,Sussex,Prevention,Health Insurance,6.4,4.7,8.6,2975,2708
10003010703,New Castle,Health Status,Frequent Physical Distress,13.8,12.1,15.5,2036,1556
10003014703,New Castle,Health Outcomes,Cancer (non-skin) or Melanoma,8.5,7.7,9.4,4827,3890
10001042500,Kent,Health Outcomes,Coronary Heart Disease,7.4,6.6,8.3,3590,2590
10003014402,New Castle,Health Outcomes,Coronary Heart Disease,5.6,4.9,6.4,2807,2383
10005051103,Sussex,Health-Related Social Needs,Lack of Social/Emotional Support,13.9,11.8,16.4,952,866
10003016806,New Castle,Prevention,Dental Visit,65.6,62.1,69.0,6347,4487
10003014702,New Castle,Disability,Hearing Disability,6.3,5.5,7.1,1910,1510
10003000900,New Castle,Health Outcomes,High Blood Pressure,44.7,40.8,48.3,2267,1563
10003002800,New Castle,Prevention,Colorectal Cancer Screening,63.0,58.6,67.3,2378,2071
10003010900,New Castle,Prevention,Mammography,79.5,73.9,84.7,2773,2237
10001042207,Kent,Prevention,High Blood Pressure Medication,78.0,74.9,80.7,2576,1977
10003014200,New Castle,Health Outcomes,Stroke,2.9,2.6,3.2,1600,1313
10005050706,Sussex,Disability,Vision Disability,4.3,3.7,5.0,1772,1557
10003016401,New Castle,Health Outcomes,High Blood Pressure,35.3,31.9,38.9,6711,5269
10003014808,New Castle,Prevention,Cholesterol Screening,86.8,85.0,88.5,6476,5078
10003011201,New Castle,Prevention,Annual Checkup,77.9,74.2,81.0,2421,1946
10005051400,Sussex,Prevention,Annual Checkup,81.1,77.9,83.9,3878,3033
10003002600,New Castle,Disability,Any Disability,37.7,33.0,41.8,3730,2585
10005050904,Sussex,Health Outcomes,Obesity,30.8,25.2,36.7,2592,2256
10005050805,Sussex,Health Outcomes,High Blood Pressure,40.8,37.0,44.7,3038,2464
10003016200,New Castle,Disability,Independent Living Disability,6.7,5.7,7.8,3051,2509
10003002600,New Castle,Health-Related Social Needs,Utility Services Threat,18.7,16.2,21.4,3730,2585
10003010106,New Castle,Health Outcomes,Diabetes,12.0,10.4,13.6,1760,1509
10003011205,New Castle,Health Risk Behaviors,Current Cigarette Smoking,8.9,6.8,11.3,1968,1585
10003013901,New Castle,Health Risk Behaviors,Current Cigarette Smoking,12.9,10.6,15.3,3492,2741
10003014200,New Castle,Prevention,Colorectal Cancer Screening,66.8,62.5,70.9,1600,1313
10003000602,New Castle,Prevention,Health Insurance,12.0,9.5,14.9,2876,2134
10003013200,New Castle,Health Outcomes,Depression,22.5,19.3,25.7,2653,2074
10003014501,New Castle,Health Status,Frequent Mental Distress,28.2,22.6,32.4,2134,1931
10005050302,Sussex,Health Outcomes,Arthritis,29.3,26.5,32.2,5521,4001
10003010800,New Castle,Health Status,Frequent Mental Distress,12.4,10.9,13.9,4796,3948
10003013612,New Castle,Prevention,Annual Checkup,80.6,77.3,83.5,6158,4926
10003010900,New Castle,Health Outcomes,COPD,7.5,6.0,9.0,2773,2237
10003010300,New Castle,Disability,Cognitive Disability,12.8,11.0,14.7,4106,3232
10003014814,New Castle,Health-Related Social Needs,Utility Services Threat,6.4,5.4,7.4,4361,3290
10005050407,Sussex,Disability,Independent Living Disability,11.1,9.8,12.5,5238,4210
10003016904,New Castle,Health Outcomes,Obesity,40.1,33.9,46.4,3096,2872
10003010703,New Castle,Health Outcomes,Current Asthma,11.4,10.1,12.7,2036,1556
10003016100,New Castle,Health-Related Social Needs,Food Insecurity,11.5,9.5,13.8,1961,1661
10003012300,New Castle,Health-Related Social Needs,Food Insecurity,21.7,18.5,25.1,2739,2159
10003014909,New Castle,Health Outcomes,Diabetes,13.0,11.5,14.6,6186,4652
10003011206,New Castle,Health Risk Behaviors,Binge Drinking,15.5,13.2,18.0,4319,3345
10005050703,Sussex,Prevention,Cholesterol Screening,88.0,86.1,89.6,2153,1786
10005051802,Sussex,Disability,Vision Disability,6.8,6.1,7.5,4354,3076
10005051502,Sussex,Disability,Any Disability,31.8,28.1,35.5,3228,2586
10003016901,New Castle,Health-Related Social Needs,Lack of Social/Emotional Support,20.6,17.6,23.8,2364,1876
10005051017,Sussex,Health Risk Behaviors,Physical Inactivity,21.2,16.7,25.9,3804,3435
10003014501,New Castle,Prevention,Colorectal Cancer Screening,62.9,58.3,67.5,2134,1931
10003016308,New Castle,Health-Related Social Needs,Transportation Barriers,11.2,9.7,13.0,3728,2990
10005050604,Sussex,Health Risk Behaviors,Short Sleep Duration,35.4,30.8,40.6,4674,3611
10005051009,Sussex,Health Outcomes,COPD,5.6,4.6,6.8,2313,1978
10003012900,New Castle,Disability,Self-care Disability,4.9,4.4,5.4,4823,3565
10003011500,New Castle,Prevention,Dental Visit,71.7,68.5,74.8,2908,2308
10003001100,New Castle,Health Risk Behaviors,Short Sleep Duration,31.1,26.7,35.9,3375,3187
10003015100,New Castle,Health Risk Behaviors,Physical Inactivity,28.2,23.9,32.7,3594,2808
10001043300,Kent,Health Outcomes,All Teeth Lost,22.5,18.7,26.4,6553,5692
10003013507,New Castle,Health-Related Social Needs,Housing Insecurity,5.5,4.3,6.7,1819,1428
10005050103,Sussex,Health Risk Behaviors,Short Sleep Duration,31.4,27.1,36.4,5063,4221
10003016610,New Castle,Health-Related Social Needs,Food Stamps,12.6,10.3,15.2,7062,5510
10003014302,New Castle,Health Outcomes,Depression,25.3,21.7,29.0,4908,4464
10003013612,New Castle,Health-Related Social Needs,Loneliness,28.4,25.0,32.0,6158,4926
10005051314,Sussex,Health-Related Social Needs,Food Stamps,5.1,4.0,6.4,2525,2271
10005051202,Sussex,Disability,Cognitive Disability,6.7,5.6,7.8,856,822
10005050403,Sussex,Health-Related Social Needs,Loneliness,32.6,29.0,36.7,3517,2621
10003014808,New Castle,Prevention,Colorectal Cancer Screening,65.0,60.8,69.1,6476,5078
10003014907,New Castle,Health Outcomes,Depression,20.8,17.8,23.8,4921,3708
10003015400,New Castle,Health Outcomes,Cancer (non-skin) or Melanoma,5.9,5.3,6.5,2932,2209
10001041900,Kent,Health-Related Social Needs,Food Stamps,14.3,11.7,17.1,5289,4044
10005050503,Sussex,Health Risk Behaviors,Binge Drinking,13.6,11.4,15.9,5604,3737
10003013501,New Castle,Health Risk Behaviors,Physical Inactivity,20.0,16.6,23.8,7213,5880
10005051011,Sussex,Health-Related Social Needs,Loneliness,25.8,22.3,29.4,3580,3083
10005050710,Sussex,Disability,Vision Disability,6.4,5.6,7.2,1870,1457
10005050903,Sussex,Disability,Any Disability,29.1,24.9,33.9,2161,1968
10003002100,New Castle,Health-Related Social Needs,Food Stamps,51.8,45.9,57.7,1809,1283
10001041802,Kent,Health Outcomes,Current Asthma,12.4,11.0,14.0,6720,5103
10005050408,Sussex,Health Outcomes,COPD,10.4,9.0,12.0,4534,3546
10001041802,Kent,Prevention,Annual Checkup,82.0,78.8,85.0,6720,5103
10005050804,Sussex,Prevention,Annual Checkup,83.8,81.0,86.4,4188,3465
10003016301,New Castle,Health Outcomes,Obesity,33.4,28.0,39.1,7385,5955
10003016404,New Castle,Health Status,General Health,18.0,15.7,20.4,3334,2622
10003001300,New Castle,Disability,Cognitive Disability,8.0,6.8,9.3,3588,3013
10001041900,Kent,Health Risk Behaviors,Binge Drinking,14.1,11.7,16.6,5289,4044
10003014906,New Castle,Health Outcomes,Coronary Heart Disease,5.0,4.5,5.5,5339,4098
10003012400,New Castle,Health Outcomes,Diabetes,12.6,11.1,14.2,4637,3486
10005050710,Sussex,Health Outcomes,High Blood Pressure,43.1,39.4,46.7,1870,1457
10003014301,New Castle,Prevention,Mammography,82.4,77.4,86.8,1317,1092
10003011205,New Castle,Health-Related Social Needs,Loneliness,27.9,24.4,31.8,1968,1585
10003013906,New Castle,Health Status,Frequent Physical Distress,9.9,8.6,11.2,4648,3670
10003002800,New Castle,Prevention,High Blood Pressure Medication,66.7,63.7,69.6,2378,2071
10005051312,Sussex,Health-Related Social Needs,Food Insecurity,7.4,6.0,9.0,2290,2046
10003012000,New Castle,Health Outcomes,All Teeth Lost,12.1,9.9,14.6,4334,3536
10001042100,Kent,Health Outcomes,All Teeth Lost,17.4,14.5,20.5,3997,3098
10005051202,Sussex,Disability,Independent Living Disability,5.0,4.2,5.8,856,822
10003002300,New Castle,Health Outcomes,Cancer (non-skin) or Melanoma,4.5,4.1,5.0,3003,2091
10003010105,New Castle,Health-Related Social Needs,Housing Insecurity,14.7,12.7,17.0,2916,2113
10005051307,Sussex,Health Outcomes,High Blood Pressure,49.4,45.0,53.6,2975,2708
10003013615,New Castle,Health Risk Behaviors,Binge Drinking,15.7,13.3,18.3,4107,3324
10003016901,New Castle,Health-Related Social Needs,Utility Services Threat,6.8,5.8,7.9,2364,1876
10005050200,Sussex,Prevention,Cholesterol Screening,85.2,83.3,87.1,3744,2777
10005050711,Sussex,Disability,Cognitive Disability,15.7,13.3,18.2,1505,1256
10005051313,Sussex,Health Outcomes,All Teeth Lost,9.4,7.8,11.4,3144,2742
10005050905,Sussex,Health Outcomes,Coronary Heart Disease,8.6,7.6,9.6,2848,2485
10003014502,New Castle,Disability,Self-care Disability,3.0,2.7,3.4,7374,7189
10003016308,New Castle,Disability,Any Disability,29.9,26.1,34.1,3728,2990
10003014812,New Castle,Disability,Independent Living Disability,5.7,4.9,6.5,4559,3628
10005051016,Sussex,Disability,Any Disability,23.5,19.9,27.7,1879,1685
10005051309,Sussex,Health Outcomes,All Teeth Lost,8.2,6.7,9.9,1488,1407
10001041802,Kent,Health-Related Social Needs,Food Insecurity,13.6,11.7,15.7,6720,5103
10001043400,Kent,Health Status,Frequent Mental Distress,16.5,14.7,18.5,5648,4415
10003014404,New Castle,Health-Related Social Needs,Food Insecurity,10.5,8.5,12.8,4159,3562
10005050405,Sussex,Prevention,Annual Checkup,81.0,77.8,83.9,4378,3304
10003012900,New Castle,Disability,Vision Disability,7.1,6.4,7.8,4823,3565
10001041900,Kent,Health Outcomes,Depression,25.6,22.1,29.5,5289,4044
10003016611,New Castle,Health-Related Social Needs,Food Stamps,7.0,5.3,8.9,7851,5645
10005050905,Sussex,Prevention,Cholesterol Screening,92.3,91.1,93.5,2848,2485
10003014301,New Castle,Disability,Cognitive Disability,8.7,7.3,10.2,1317,1092
10005051102,Sussex,Prevention,Annual Checkup,86.2,83.6,88.4,1029,970
10005050707,Sussex,Health Outcomes,Diabetes,14.8,12.7,16.8,2578,2285
10003016309,New Castle,Health-Related Social Needs,Lack of Social/Emotional Support,25.5,21.9,28.9,4125,3307
10001043100,Kent,Disability,Vision Disability,4.8,4.3,5.5,2573,2087
10005050701,Sussex,Health Risk Behaviors,Physical Inactivity,28.6,24.3,33.5,5068,4322
10003013000,New Castle,Health-Related Social Needs,Transportation Barriers,7.1,6.1,8.3,1927,1515
10001042203,Kent,Health Risk Behaviors,Current Cigarette Smoking,11.4,9.6,13.4,5705,4255
10001041802,Kent,Health Outcomes,All Teeth Lost,11.5,9.5,13.8,6720,5103
10003015600,New Castle,Disability,Independent Living Disability,10.3,9.0,11.6,2343,1791
10003014706,New Castle,Prevention,Dental Visit,61.9,58.2,65.6,2929,2180
10005051203,Sussex,Health Risk Behaviors,Physical Inactivity,20.4,16.5,24.8,792,726
10003016807,New Castle,Health Outcomes,Current Asthma,10.2,9.0,11.5,1901,1411
10003011206,New Castle,Health-Related Social Needs,Food Insecurity,5.2,4.0,6.7,4319,3345
10003013607,New Castle,Health-Related Social Needs,Utility Services Threat,5.4,4.6,6.3,6255,5031
10003010300,New Castle,Health Outcomes,Cancer (non-skin) or Melanoma,6.6,6.0,7.2,4106,3232
10003001300,New Castle,Health Outcomes,All Teeth Lost,4.8,3.9,5.9,3588,3013
10005050708,Sussex,Health Risk Behaviors,Current Cigarette Smoking,12.1,9.2,15.4,2774,2424
10005051702,Sussex,Health Status,General Health,21.7,19.1,24.5,6577,4982
10003014100,New Castle,Health Outcomes,Stroke,3.9,3.5,4.3,4985,3693
10003013200,New Castle,Health Outcomes,Obesity,34.0,28.2,39.9,2653,2074
10003002400,New Castle,Health Outcomes,COPD,8.5,7.3,9.7,4250,3346
10003013612,New Castle,Disability,Independent Living Disability,5.0,4.3,5.7,6158,4926
10003016806,New Castle,Disability,Mobility Disability,10.5,9.2,11.9,6347,4487
10003013611,New Castle,Health Outcomes,Diabetes,9.7,8.4,11.1,5572,4648
10003013505,New Castle,Health-Related Social Needs,Food Stamps,4.2,3.2,5.4,3489,2807
10005050503,Sussex,Disability,Self-care Disability,8.4,7.5,9.2,5604,3737
10005050408,Sussex,Disability,Hearing Disability,8.5,7.5,9.5,4534,3546
10003011500,New Castle,Disability,Mobility Disability,12.0,9.8,14.5,2908,2308
10003016307,New Castle,Disability,Independent Living Disability,6.7,5.9,7.6,2756,2221
10003014811,New Castle,Health Status,Frequent Physical Distress,9.2,7.9,10.5,6677,4822
10003014403,New Castle,Prevention,Health Insurance,8.4,6.8,10.4,3611,2955
10005051313,Sussex,Prevention,Colorectal Cancer Screening,75.6,72.1,79.2,3144,2742
10003014404,New Castle,Disability,Self-care Disability,2.7,2.3,3.1,4159,3562
10003013610,New Castle,Prevention,Cholesterol Screening,89.4,87.6,90.9,5460,4534
10005050807,Sussex,Disability,Cognitive Disability,11.8,9.7,14.3,1824,1622
10005051205,Sussex,Health Risk Behaviors,Short Sleep Duration,24.4,20.8,28.8,580,543
10003016306,New Castle,Health-Related Social Needs,Food Insecurity,18.4,15.6,21.4,4598,3569
10005050601,Sussex,Disability,Vision Disability,5.3,4.7,5.9,5391,4138
10005050806,Sussex,Disability,Any Disability,29.6,25.4,33.9,4454,3735
10003016901,New Castle,Health Outcomes,High Blood Pressure,38.2,34.6,41.8,2364,1876
10003016611,New Castle,Health Outcomes,Cancer (non-skin) or Melanoma,6.9,6.2,7.5,7851,5645
10003014200,New Castle,Health Outcomes,Diabetes,10.0,8.7,11.4,1600,1313
10001041900,Kent,Disability,Self-care Disability,4.6,4.0,5.2,5289,4044
10003015400,New Castle,Disability,Hearing Disability,4.8,4.3,5.5,2932,2209
10001043000,Kent,Health Outcomes,High Cholesterol,39.5,35.7,43.4,5414,4110
10003016308,New Castle,Health Risk Behaviors,Short Sleep Duration,39.9,34.8,45.2,3728,2990
10001042203,Kent,Health Status,Frequent Mental Distress,16.5,14.6,18.6,5705,4255
10003012500,New Castle,Prevention,Annual Checkup,76.9,73.2,80.1,5660,4358
10005051202,Sussex,Health Outcomes,Depression,16.8,14.3,19.5,856,822
10003013000,New Castle,Prevention,Colorectal Cancer Screening,65.7,61.4,70.0,1927,1515
10003014000,New Castle,Health Outcomes,Current Asthma,10.9,9.7,12.2,5441,4349
10005050801,Sussex,Health Risk Behaviors,Binge Drinking,14.5,12.3,16.9,3979,3225
10001041702,Kent,Disability,Mobility Disability,15.3,13.4,17.4,4472,3405
10005050407,Sussex,Health Outcomes,Depression,21.4,18.3,24.6,5238,4210
10003015802,New Castle,Health-Related Social Needs,Housing Insecurity,17.1,14.7,19.8,2276,1726
10003013604,New Castle,Health Outcomes,High Cholesterol,40.9,37.1,44.6,4156,3372
10003013615,New Castle,Disability,Self-care Disability,3.1,2.7,3.6,4107,3324
10005051012,Sussex,Prevention,Annual Checkup,85.7,83.0,87.9,1908,1715
10005051801,Sussex,Health Risk Behaviors,Physical Inactivity,34.5,29.7,39.3,5359,3933
10003013604,New Castle,Health Status,Frequent Physical Distress,11.0,9.5,12.5,4156,3372
10001042207,Kent,Health-Related Social Needs,Lack of Social/Emotional Support,21.6,18.6,25.0,2576,1977
10003016807,New Castle,Prevention,Mammography,79.3,73.7,84.3,1901,1411
10003016000,New Castle,Health Outcomes,COPD,8.2,7.1,9.5,2999,2265
10005051310,Sussex,Health-Related Social Needs,Transportation Barriers,3.4,2.7,4.1,1933,1765
10003014402,New Castle,Health-Related Social Needs,Transportation Barriers,7.4,6.1,8.9,2807,2383
10005051302,Sussex,Prevention,Colorectal Cancer Screening,77.2,73.7,80.6,4907,4337
10003016401,New Castle,Prevention,Mammography,80.2,75.0,85.1,6711,5269
10003016100,New Castle,Health Outcomes,Depression,20.6,17.6,23.8,1961,1661
10003016805,New Castle,Disability,Vision Disability,4.4,3.8,5.1,1723,1396
10003011900,New Castle,Disability,Mobility Disability,12.4,10.5,14.4,3298,2592
10003001500,New Castle,Disability,Mobility Disability,17.8,15.5,20.0,2231,1748
10005051311,Sussex,Prevention,Cholesterol Screening,94.3,93.1,95.2,1832,1712
10005050806,Sussex,Health Outcomes,Coronary Heart Disease,8.7,7.6,9.9,4454,3735
10003014200,New Castle,Disability,Hearing Disability,5.8,5.0,6.5,1600,1313
10005050706,Sussex,Health-Related Social Needs,Housing Insecurity,6.1,5.0,7.4,1772,1557
10003011204,New Castle,Health Status,General Health,14.4,12.0,17.0,3313,2741
10001041900,Kent,Health Outcomes,High Blood Pressure,39.0,35.4,42.8,5289,4044
10003013300,New Castle,Health Risk Behaviors,Current Cigarette Smoking,12.1,9.7,14.6,1907,1543
10005050601,Sussex,Prevention,Mammography,78.5,73.2,83.7,5391,4138
10003011100,New Castle,Health Status,Frequent Physical Distress,11.7,10.1,13.2,2654,2282
10003014302,New Castle,Health Status,Frequent Mental Distress,19.6,17.1,22.3,4908,4464
10003015000,New Castle,Disability,Any Disability,33.8,29.9,37.7,5659,4542
10003002500,New Castle,Prevention,Annual Checkup,77.6,74.0,80.9,3235,2443
10003016904,New Castle,Health Outcomes,Depression,19.6,16.6,22.6,3096,2872
10003014812,New Castle,Health-Related Social Needs,Food Stamps,6.8,5.3,8.4,4559,3628
10001042205,Kent,Prevention,Mammography,70.8,63.8,77.1,3019,2312
10003015600,New Castle,Health Outcomes,Depression,19.7,16.9,22.7,2343,1791
10003014906,New Castle,Health-Related Social Needs,Lack of Social/Emotional Support,27.0,23.7,30.5,5339,4098
10005051204,Sussex,Health-Related Social Needs,Housing Insecurity,2.6,2.1,3.3,652,627
10003013200,New Castle,Prevention,Health Insurance,12.4,9.9,15.3,2653,2074
10003012600,New Castle,Health Outcomes,Depression,22.6,19.2,25.9,2945,2351
10003010800,New Castle,Health Outcomes,Stroke,3.3,3.0,3.7,4796,3948
10001042802,Kent,Health Outcomes,Depression,23.5,20.2,27.1,5612,4350
10005051016,Sussex,Health Outcomes,Obesity,28.7,23.4,34.4,1879,1685
10001042801,Kent,Health Outcomes,All Teeth Lost,10.4,8.5,12.5,2007,1606
10003013505,New Castle,Health Status,Frequent Physical Distress,10.6,9.2,12.2,3489,2807
10003000900,New Castle,Prevention,Colorectal Cancer Screening,58.6,53.9,63.2,2267,1563
10003016608,New Castle,Health Outcomes,Stroke,3.0,2.6,3.4,6561,5064
10003014706,New Castle,Health Outcomes,High Blood Pressure,32.8,29.7,36.0,2929,2180
10005051009,Sussex,Disability,Self-care Disability,2.5,2.1,2.9,2313,1978
10003014810,New Castle,Prevention,Health Insurance,7.3,6.1,8.8,7083,5613
10005050603,Sussex,Health Risk Behaviors,Physical Inactivity,21.9,18.3,26.1,3956,3165
10005050707,Sussex,Health Risk Behaviors,Physical Inactivity,26.9,22.2,31.4,2578,2285
10003015900,New Castle,Health-Related Social Needs,Utility Services Threat,9.2,8.0,10.7,3344,2595
10005050804,Sussex,Health Outcomes,Stroke,3.8,3.4,4.3,4188,3465
10003016000,New Castle,Disability,Any Disability,36.8,32.7,41.3,2999,2265
10003013700,New Castle,Health-Related Social Needs,Lack of Social/Emotional Support,23.9,20.7,27.2,4071,3177
10003013903,New Castle,Health Outcomes,Arthritis,25.4,22.7,28.1,4820,3768
10005050710,Sussex,Health Outcomes,Current Asthma,11.4,10.1,12.8,1870,1457
10005050408,Sussex,Health-Related Social Needs,Food Insecurity,21.3,18.5,24.2,4534,3546
10003013200,New Castle,Prevention,Mammography,75.5,69.1,81.1,2653,2074
10005051102,Sussex,Prevention,Dental Visit,74.3,71.4,77.2,1029,970
10003016611,New Castle,Prevention,Colorectal Cancer Screening,68.0,64.1,71.9,7851,5645
10001043300,Kent,Health Status,Frequent Physical Distress,12.7,11.2,14.3,6553,5692
10005051702,Sussex,Health-Related Social Needs,Utility Services Threat,8.2,7.2,9.5,6577,4982
10005050808,Sussex,Health Outcomes,Obesity,30.1,24.5,35.9,4150,3726
10001042801,Kent,Health Outcomes,Diabetes,11.9,10.3,13.8,2007,1606
10003013615,New Castle,Disability,Any Disability,29.3,25.6,33.2,4107,3324
10003000200,New Castle,Health Outcomes,Arthritis,30.2,27.2,33.2,5298,4193
10005050804,Sussex,Disability,Cognitive Disability,10.7,9.2,12.3,4188,3465
10003000300,New Castle,Health Outcomes,Obesity,45.0,38.4,51.4,3012,2233
10003013300,New Castle,Prevention,High Blood Pressure Medication,76.1,73.1,78.9,1907,1543
10003014811,New Castle,Health Outcomes,Depression,19.5,16.7,22.3,6677,4822
10003012700,New Castle,Prevention,High Blood Pressure Medication,77.0,74.1,79.5,4392,3592
10003013607,New Castle,Health Outcomes,All Teeth Lost,5.3,4.3,6.5,6255,5031
10001041900,Kent,Health Status,Frequent Mental Distress,19.7,17.6,22.1,5289,4044
10003013506,New Castle,Prevention,High Blood Pressure Medication,78.0,74.8,81.0,4567,3785
10003014502,New Castle,Disability,Vision Disability,7.5,6.6,8.6,7374,7189
10003003002,New Castle,Disability,Cognitive Disability,28.4,24.8,32.2,3060,2329
10003015100,New Castle,Health Status,Frequent Physical Distress,13.8,12.1,15.6,3594,2808
10005050505,Sussex,Health-Related Social Needs,Housing Insecurity,16.2,13.5,19.2,2420,2212
10005050710,Sussex,Prevention,Colorectal Cancer Screening,67.4,63.2,71.9,1870,1457
10005050707,Sussex,Health Outcomes,Coronary Heart Disease,10.2,9.0,11.5,2578,2285
10003014100,New Castle,Health Outcomes,All Teeth Lost,15.9,13.2,18.9,4985,3693
10003014000,New Castle,Health Outcomes,Cancer (non-skin) or Melanoma,7.1,6.4,7.8,5441,4349
10003016307,New Castle,Health Status,Frequent Mental Distress,15.4,13.6,17.3,2756,2221
10005050807,Sussex,Disability,Independent Living Disability,8.9,7.2,10.9,1824,1622
10003012400,New Castle,Health Outcomes,Coronary Heart Disease,6.3,5.6,7.0,4637,3486
10005050806,Sussex,Health-Related Social Needs,Utility Services Threat,5.2,4.4,6.1,4454,3735
10003011500,New Castle,Health-Related Social Needs,Housing Insecurity,7.6,5.9,9.4,2908,2308
10001042206,Kent,Health Outcomes,Stroke,3.5,3.2,3.9,2822,2203
10003016807,New Castle,Health Outcomes,Cancer (non-skin) or Melanoma,8.0,7.3,8.8,1901,1411
10003012100,New Castle,Health-Related Social Needs,Loneliness,31.2,27.4,35.1,2901,2301
10005051307,Sussex,Health Outcomes,Current Asthma,10.3,9.0,11.6,2975,2708
10003000400,New Castle,Health-Related Social Needs,Housing Insecurity,14.4,11.9,17.0,2957,2436
10001043000,Kent,Health Risk Behaviors,Physical Inactivity,30.4,25.9,35.0,5414,4110
10003013100,New Castle,Health Outcomes,Diabetes,11.6,10.0,13.3,2248,1833
10005051309,Sussex,Health-Related Social Needs,Loneliness,25.4,21.8,29.2,1488,1407
10003016807,New Castle,Health Status,Frequent Mental Distress,14.3,12.3,16.3,1901,1411
10003013608,New Castle,Disability,Independent Living Disability,6.8,5.8,7.9,1959,1543
10005051310,Sussex,Disability,Vision Disability,3.6,2.9,4.4,1933,1765
10001042000,Kent,Health Outcomes,Cancer (non-skin) or Melanoma,9.4,8.6,10.4,3064,2380
10003010105,New Castle,Health Risk Behaviors,Current Cigarette Smoking,11.4,9.5,13.3,2916,2113
10001042206,Kent,Health Outcomes,Diabetes,13.4,11.8,15.2,2822,2203
10005051010,Sussex,Health Risk Behaviors,Short Sleep Duration,28.7,24.6,33.5,2795,2452
10003013508,New Castle,Health Risk Behaviors,Current Cigarette Smoking,6.7,5.1,8.6,5655,4419
10003012900,New Castle,Prevention,Colorectal Cancer Screening,57.9,53.3,62.5,4823,3565
10003010300,New Castle,Disability,Independent Living Disability,6.7,5.8,7.6,4106,3232
10005050304,Sussex,Health Risk Behaviors,Current Cigarette Smoking,15.6,13.1,18.4,4616,3670
10003013613,New Castle,Disability,Hearing Disability,5.5,4.8,6.2,5657,4676
10003011800,New Castle,Health Risk Behaviors,Short Sleep Duration,27.3,23.2,31.8,4927,4135
10003012000,New Castle,Health-Related Social Needs,Utility Services Threat,7.2,6.2,8.3,4334,3536
10005050708,Sussex,Health Outcomes,Diabetes,14.4,12.1,16.7,2774,2424
10005051203,Sussex,Health-Related Social Needs,Food Insecurity,4.5,3.3,5.9,792,726
10005050303,Sussex,Health Outcomes,Coronary Heart Disease,8.2,7.3,9.1,2935,2313
10003015200,New Castle,Prevention,Colorectal Cancer Screening,61.4,57.0,65.7,5783,4501
10005050807,Sussex,Disability,Any Disability,34.3,29.5,40.2,1824,1622
10003010800,New Castle,Health Risk Behaviors,Binge Drinking,14.3,12.2,16.7,4796,3948
10003013505,New Castle,Health Outcomes,Arthritis,28.4,25.3,31.5,3489,2807
10001043100,Kent,Health-Related Social Needs,Transportation Barriers,6.6,5.7,7.8,2573,2087
10005050401,Sussex,Health Outcomes,Diabetes,13.6,11.8,15.5,3606,2872
10003010104,New Castle,Health Status,General Health,19.0,16.4,21.5,3620,2830
10005051312,Sussex,Disability,Vision Disability,4.2,3.6,4.9,2290,2046
10001041702,Kent,Health Risk Behaviors,Short Sleep Duration,38.1,32.9,43.5,4472,3405
10003016904,New Castle,Disability,Self-care Disability,5.2,4.5,5.9,3096,2872
10003014000,New Castle,Health-Related Social Needs,Food Stamps,16.6,13.6,19.8,5441,4349
10003002400,New Castle,Health Outcomes,Obesity,40.6,34.5,46.4,4250,3346
10003002900,New Castle,Health Outcomes,Arthritis,32.4,29.1,35.3,3499,2540
10003015200,New Castle,Disability,Independent Living Disability,9.0,8.0,10.2,5783,4501
10003014402,New Castle,Disability,Mobility Disability,11.3,9.7,13.2,2807,2383
10003001600,New Castle,Health Outcomes,Current Asthma,13.9,12.3,15.5,2419,1765
10003013800,New Castle,Prevention,Dental Visit,64.0,60.4,67.3,5901,4752
10001041802,Kent,Health-Related Social Needs,Lack of Social/Emotional Support,22.4,19.6,25.6,6720,5103
10005050701,Sussex,Disability,Self-care Disability,4.4,3.8,5.0,5068,4322
10005050303,Sussex,Health-Related Social Needs,Lack of Social/Emotional Support,23.6,20.6,26.8,2935,2313
10003016808,New Castle,Health Outcomes,Coronary Heart Disease,4.5,3.9,5.0,7377,5511
10003013610,New Castle,Health Risk Behaviors,Physical Inactivity,18.2,15.0,21.5,5460,4534
10003015000,New Castle,Health Outcomes,COPD,7.5,6.5,8.5,5659,4542
10003011700,New Castle,Prevention,Annual Checkup,83.7,80.9,86.2,4260,3465
10003016608,New Castle,Health Outcomes,Cancer (non-skin) or Melanoma,9.5,8.6,10.5,6561,5064
10005051302,Sussex,Health Outcomes,Stroke,4.1,3.6,4.5,4907,4337
10003012900,New Castle,Disability,Any Disability,35.1,31.1,39.0,4823,3565
10005050401,Sussex,Health Outcomes,Current Asthma,11.2,10.0,12.7,3606,2872
10003011700,New Castle,Health Outcomes,Current Asthma,8.8,7.8,9.9,4260,3465
10003016613,New Castle,Prevention,Cholesterol Screening,86.7,84.6,88.7,6109,4337
10001043400,Kent,Disability,Any Disability,35.3,31.3,39.2,5648,4415
10003013505,New Castle,Health Outcomes,Diabetes,10.8,9.3,12.4,3489,2807
10003000602,New Castle,Disability,Hearing Disability,4.9,4.3,5.5,2876,2134
10005051013,Sussex,Health Outcomes,Current Asthma,10.3,9.1,11.6,3686,3150
10003011204,New Castle,Disability,Hearing Disability,6.6,5.7,7.6,3313,2741
10003014813,New Castle,Health Risk Behaviors,Binge Drinking,16.7,14.2,19.4,4889,3848
10003016301,New Castle,Health Status,General Health,18.1,15.9,20.5,7385,5955
10005051204,Sussex,Disability,Mobility Disability,12.4,10.5,14.6,652,627
10005050710,Sussex,Health Status,Frequent Physical Distress,17.4,15.4,19.4,1870,1457
10003013507,New Castle,Health-Related Social Needs,Transportation Barriers,4.0,3.3,4.8,1819,1428
10003011300,New Castle,Disability,Self-care Disability,2.6,2.1,3.2,2244,1847
10003013903,New Castle,Health Outcomes,Diabetes,12.7,11.1,14.3,4820,3768
10005050503,Sussex,Disability,Cognitive Disability,24.3,21.2,27.2,5604,3737
10003011800,New Castle,Health-Related Social Needs,Transportation Barriers,3.7,3.2,4.3,4927,4135
10005051014,Sussex,Health Status,General Health,15.6,12.5,18.9,1881,1709
10005051016,Sussex,Health Outcomes,Coronary Heart Disease,7.8,6.7,8.9,1879,1685
10003010704,New Castle,Health Outcomes,Cancer (non-skin) or Melanoma,7.1,6.4,7.8,3947,3149
10005051101,Sussex,Health Outcomes,Stroke,3.5,3.1,3.9,629,589
10001043202,Kent,Health-Related Social Needs,Transportation Barriers,8.1,7.2,9.2,3722,2979
10003012100,New Castle,Health Outcomes,All Teeth Lost,7.5,6.0,9.1,2901,2301
10003014813,New Castle,Prevention,High Blood Pressure Medication,71.7,68.3,74.8,4889,3848
10003014100,New Castle,Health Outcomes,Current Asthma,11.3,10.0,12.7,4985,3693
10005050701,Sussex,Health-Related Social Needs,Housing Insecurity,9.4,8.0,10.9,5068,4322
10003002400,New Castle,Health Outcomes,Stroke,4.6,4.1,5.1,4250,3346
10005050406,Sussex,Disability,Cognitive Disability,17.5,15.3,19.8,5475,4063
10005050407,Sussex,Disability,Mobility Disability,20.3,17.9,22.8,5238,4210
10003014814,New Castle,Health-Related Social Needs,Lack of Social/Emotional Support,22.1,19.1,25.1,4361,3290
10003013501,New Castle,Prevention,Cholesterol Screening,92.5,91.3,93.6,7213,5880
10003011203,New Castle,Health-Related Social Needs,Transportation Barriers,8.1,6.9,9.3,4805,3884
10003011201,New Castle,Disability,Cognitive Disability,10.3,8.6,12.2,2421,1946
10003012400,New Castle,Health Outcomes,High Cholesterol,37.7,34.0,41.2,4637,3486
10005051313,Sussex,Prevention,Dental Visit,66.4,63.1,69.8,3144,2742
10001042203,Kent,Health-Related Social Needs,Food Stamps,9.7,8.0,11.5,5705,4255
10005050905,Sussex,Health Risk Behaviors,Short Sleep Duration,27.6,23.6,32.3,2848,2485
10003016307,New Castle,Health-Related Social Needs,Food Stamps,9.5,7.6,11.6,2756,2221
10005050503,Sussex,Prevention,Health Insurance,35.4,30.3,40.6,5604,3737
10003016901,New Castle,Health Outcomes,All Teeth Lost,13.7,11.2,16.4,2364,1876
10005051202,Sussex,Prevention,Annual Checkup,89.1,87.1,90.9,856,822
10003002800,New Castle,Prevention,Cholesterol Screening,82.3,79.7,84.9,2378,2071
10005051310,Sussex,Health Risk Behaviors,Binge Drinking,11.1,9.2,13.1,1933,1765
10005050711,Sussex,Prevention,Annual Checkup,82.0,79.0,84.9,1505,1256
10005050604,Sussex,Disability,Any Disability,35.4,31.3,39.6,4674,3611
10003002500,New Castle,Prevention,Mammography,78.5,72.8,83.5,3235,2443
10003013607,New Castle,Health Status,Frequent Physical Distress,11.2,9.8,12.8,6255,5031
10003012400,New Castle,Health-Related Social Needs,Lack of Social/Emotional Support,23.5,20.2,26.8,4637,3486
10003013608,New Castle,Health Outcomes,Depression,23.1,19.9,26.5,1959,1543
10003010105,New Castle,Health-Related Social Needs,Transportation Barriers,9.0,7.8,10.3,2916,2113
10003016307,New Castle,Health Outcomes,Stroke,3.1,2.8,3.4,2756,2221
10003013614,New Castle,Health Risk Behaviors,Binge Drinking,16.6,14.1,19.3,3258,2555
10005051312,Sussex,Prevention,Colorectal Cancer Screening,75.0,71.4,78.6,2290,2046
10003014809,New Castle,Health Outcomes,High Cholesterol,38.2,34.6,41.8,8360,6692
10003013000,New Castle,Health-Related Social Needs,Food Stamps,9.7,7.7,12.0,1927,1515
10003014702,New Castle,Prevention,Dental Visit,64.4,60.8,67.9,1910,1510
10005050304,Sussex,Health-Related Social Needs,Housing Insecurity,10.7,9.2,12.3,4616,3670
10003015802,New Castle,Prevention,High Blood Pressure Medication,71.9,68.7,74.8,2276,1726
10005051204,Sussex,Health-Related Social Needs,Transportation Barriers,2.4,2.0,2.9,652,627
10003013000,New Castle,Health Outcomes,High Blood Pressure,33.4,30.0,36.7,1927,1515
10003011400,New Castle,Prevention,Colorectal Cancer Screening,72.4,68.6,76.1,3456,2735
10003010200,New Castle,Health Status,Frequent Physical Distress,11.4,9.9,13.1,2034,1607
10003011204,New Castle,Prevention,Colorectal Cancer Screening,72.1,68.1,75.8,3313,2741
10003011205,New Castle,Disability,Independent Living Disability,5.8,4.9,6.9,1968,1585
10005051802,Sussex,Prevention,Annual Checkup,80.6,77.4,83.6,4354,3076
10003001600,New Castle,Health Outcomes,Cancer (non-skin) or Melanoma,4.6,4.1,5.0,2419,1765
10003013000,New Castle,Prevention,Cholesterol Screening,86.9,84.8,88.9,1927,1515
10003014706,New Castle,Health-Related Social Needs,Lack of Social/Emotional Support,24.1,20.9,27.4,2929,2180
10003013901,New Castle,Health-Related Social Needs,Food Insecurity,15.7,13.0,18.4,3492,2741
10003016308,New Castle,Health-Related Social Needs,Food Insecurity,21.0,17.7,24.8,3728,2990
10005051302,Sussex,Disability,Mobility Disability,14.7,12.6,17.0,4907,4337
10005051009,Sussex,Disability,Vision Disability,3.0,2.6,3.5,2313,1978
10005050905,Sussex,Health Status,General Health,15.4,13.1,17.7,2848,2485
10001043100,Kent,Health Outcomes,Stroke,3.8,3.4,4.2,2573,2087
10005051900,Sussex,Health Risk Behaviors,Physical Inactivity,27.2,23.1,31.4,4760,3685
10005051201,Sussex,Health Status,General Health,14.7,11.9,17.9,1513,1391
10003016301,New Castle,Prevention,Annual Checkup,78.7,75.3,81.7,7385,5955
10003016611,New Castle,Health Outcomes,Current Asthma,10.1,8.9,11.4,7851,5645
10001980000,Kent,Prevention,Cholesterol Screening,61.3,56.3,66.3,108,104
10001043400,Kent,Prevention,Health Insurance,9.3,7.8,10.9,5648,4415
10001042801,Kent,Disability,Mobility Disability,14.2,12.0,16.8,2007,1606
10003015600,New Castle,Prevention,Mammography,79.0,73.2,84.0,2343,1791
10005051501,Sussex,Health Outcomes,Obesity,35.7,29.9,41.6,2246,1737
10001043100,Kent,Health Outcomes,Cancer (non-skin) or Melanoma,10.3,9.3,11.3,2573,2087
10003013700,New Castle,Prevention,Cholesterol Screening,84.5,82.0,86.8,4071,3177
10003014703,New Castle,Health Outcomes,Current Asthma,10.5,9.3,11.8,4827,3890
10005050903,Sussex,Prevention,High Blood Pressure Medication,87.7,85.3,89.6,2161,1968
10005051201,Sussex,Disability,Self-care Disability,3.0,2.4,3.7,1513,1391
10003014402,New Castle,Health Risk Behaviors,Binge Drinking,16.6,14.1,19.4,2807,2383
10005050405,Sussex,Health-Related Social Needs,Lack of Social/Emotional Support,23.0,19.8,26.2,4378,3304
10001042801,Kent,Health Status,Frequent Physical Distress,13.8,11.9,15.9,2007,1606
10001042203,Kent,Disability,Independent Living Disability,7.1,6.3,8.0,5705,4255
10003013612,New Castle,Health Outcomes,Stroke,2.7,2.4,3.0,6158,4926
10003014501,New Castle,Disability,Hearing Disability,5.7,4.9,6.6,2134,1931
10003014812,New Castle,Health-Related Social Needs,Loneliness,30.1,26.5,33.9,4559,3628
10003014813,New Castle,Health Risk Behaviors,Short Sleep Duration,34.1,29.3,39.1,4889,3848
10005051203,Sussex,Disability,Self-care Disability,2.8,2.3,3.3,792,726
10003002200,New Castle,Health Outcomes,Obesity,48.6,42.0,54.8,2874,1942
10005051314,Sussex,Health Outcomes,Current Asthma,9.9,8.7,11.1,2525,2271
10005050710,Sussex,Health Outcomes,Arthritis,34.5,31.3,37.6,1870,1457
10003016306,New Castle,Health Risk Behaviors,Current Cigarette Smoking,13.2,11.1,15.3,4598,3569
10003011700,New Castle,Health Outcomes,High Cholesterol,43.9,40.0,47.9,4260,3465
10005051900,Sussex,Health-Related Social Needs,Lack of Social/Emotional Support,21.3,18.4,24.3,4760,3685
10003012200,New Castle,Prevention,Annual Checkup,76.0,72.2,79.4,4676,3581
10003000300,New Castle,Health Outcomes,Depression,20.7,17.5,23.7,3012,2233
10003016309,New Castle,Health Outcomes,Arthritis,27.1,24.1,29.9,4125,3307
10003001600,New Castle,Health-Related Social Needs,Food Stamps,46.0,40.3,52.2,2419,1765
10001041802,Kent,Health Status,Frequent Physical Distress,12.7,11.3,14.3,6720,5103
10005051012,Sussex,Prevention,Mammography,77.1,71.4,82.7,1908,1715
10003014813,New Castle,Disability,Self-care Disability,2.7,2.3,3.2,4889,3848
10003013400,New Castle,Health-Related Social Needs,Utility Services Threat,4.8,3.9,5.8,2504,2036
10005051310,Sussex,Disability,Self-care Disability,3.0,2.5,3.7,1933,1765
10001041804,Kent,Health Outcomes,COPD,8.7,7.6,9.9,5980,4654
10003016614,New Castle,Health Outcomes,Arthritis,21.0,18.5,23.5,6239,4474
10005051008,Sussex,Health-Related Social Needs,Housing Insecurity,5.5,4.5,6.7,4100,3626
10005050303,Sussex,Health-Related Social Needs,Utility Services Threat,8.2,7.2,9.4,2935,2313
10005050904,Sussex,Prevention,Mammography,79.2,74.1,84.1,2592,2256
10003002900,New Castle,Health Outcomes,COPD,13.0,11.0,15.1,3499,2540
10003002600,New Castle,Health Outcomes,All Teeth Lost,23.2,19.6,27.1,3730,2585
10005051202,Sussex,Health Outcomes,Stroke,4.0,3.5,4.6,856,822
10005051307,Sussex,Health Outcomes,All Teeth Lost,8.2,6.8,10.1,2975,2708
10003013507,New Castle,Health Outcomes,Coronary Heart Disease,6.0,5.2,6.9,1819,1428
10003011201,New Castle,Health Outcomes,Depression,19.7,16.9,22.7,2421,1946
10003014100,New Castle,Disability,Independent Living Disability,9.9,8.7,11.2,4985,3693
10005051101,Sussex,Health Outcomes,All Teeth Lost,3.2,2.6,3.9,629,589
10005050408,Sussex,Health Outcomes,Stroke,4.9,4.4,5.4,4534,3546
10005050807,Sussex,Health-Related Social Needs,Food Stamps,10.2,7.4,13.4,1824,1622
10003011500,New Castle,Health Risk Behaviors,Current Cigarette Smoking,10.2,7.9,13.1,2908,2308
10005051309,Sussex,Disability,Cognitive Disability,9.0,7.4,10.9,1488,1407
10003013507,New Castle,Health Status,General Health,12.5,10.3,15.0,1819,1428
10003014200,New Castle,Health Outcomes,All Teeth Lost,9.1,7.4,11.1,1600,1313
10003014907,New Castle,Prevention,Annual Checkup,79.9,76.6,82.9,4921,3708
10003014909,New Castle,Health Outcomes,Coronary Heart Disease,5.1,4.6,5.8,6186,4652
10003016904,New Castle,Health Outcomes,High Cholesterol,39.0,35.1,42.7,3096,2872
10003016805,New Castle,Health-Related Social Needs,Housing Insecurity,9.4,8.0,11.1,1723,1396
10003016309,New Castle,Health Risk Behaviors,Short Sleep Duration,39.0,34.0,44.3,4125,3307
10003014906,New Castle,Health Outcomes,Diabetes,13.2,11.7,14.9,5339,4098
10003010106,New Castle,Disability,Hearing Disability,5.7,4.9,6.5,1760,1509
10005050701,Sussex,Prevention,Cholesterol Screening,90.4,88.7,91.8,5068,4322
10003014501,New Castle,Health Outcomes,Coronary Heart Disease,4.8,4.3,5.4,2134,1931
10005050711,Sussex,Health-Related Social Needs,Food Stamps,16.9,13.7,20.9,1505,1256
10005051502,Sussex,Health Risk Behaviors,Short Sleep Duration,32.4,28.1,37.5,3228,2586
10003002200,New Castle,Disability,Any Disability,47.2,42.6,52.1,2874,1942
10003013300,New Castle,Health Status,General Health,17.1,14.2,19.9,1907,1543
10003013612,New Castle,Health Outcomes,Cancer (non-skin) or Melanoma,10.1,9.2,11.0,6158,4926
10003014501,New Castle,Prevention,Mammography,70.2,63.2,76.6,2134,1931
10003011700,New Castle,Disability,Self-care Disability,2.0,1.7,2.4,4260,3465
10005050804,Sussex,Health Outcomes,Cancer (non-skin) or Melanoma,11.6,10.5,12.7,4188,3465
10003016100,New Castle,Prevention,Cholesterol Screening,90.4,88.9,91.8,1961,1661
10003014705,New Castle,Health Outcomes,Depression,22.7,19.4,25.9,5891,4572
10003014705,New Castle,Health-Related Social Needs,Transportation Barriers,9.2,7.9,10.6,5891,4572
10003016200,New Castle,Health Outcomes,Diabetes,10.8,9.4,12.3,3051,2509
10003000602,New Castle,Health Status,General Health,27.4,23.8,31.3,2876,2134
10003015400,New Castle,Prevention,Health Insurance,12.3,10.2,14.7,2932,2209
10001042203,Kent,Health Outcomes,Depression,22.0,18.9,25.6,5705,4255
10003014810,New Castle,Health Outcomes,High Blood Pressure,33.3,30.0,36.7,7083,5613
10001042000,Kent,Health-Related Social Needs,Lack of Social/Emotional Support,23.2,20.1,26.6,3064,2380
10003011400,New Castle,Health Outcomes,Obesity,27.2,22.0,32.7,3456,2735
10003001200,New Castle,Health Status,Frequent Physical Distress,8.2,7.0,9.6,1605,1454
10003001200,New Castle,Health Outcomes,High Blood Pressure,24.2,21.4,27.0,1605,1454
10003014811,New Castle,Disability,Vision Disability,2.8,2.4,3.2,6677,4822
10001042500,Kent,Disability,Vision Disability,8.1,7.3,9.1,3590,2590
10003002100,New Castle,Disability,Independent Living Disability,17.9,15.5,20.5,1809,1283
10003011800,New Castle,Prevention,High Blood Pressure Medication,79.9,76.9,82.3,4927,4135
10005050801,Sussex,Health Outcomes,Obesity,32.9,27.3,39.0,3979,3225
10001042100,Kent,Health Status,Frequent Physical Distress,16.1,14.2,18.0,3997,3098
10005050104,Sussex,Health Risk Behaviors,Binge Drinking,13.9,11.7,16.3,5031,3785
10003010502,New Castle,Disability,Mobility Disability,13.2,11.4,15.1,5779,4788
10005050707,Sussex,Disability,Vision Disability,4.6,4.0,5.3,2578,2285
10001041802,Kent,Health Outcomes,Arthritis,26.0,23.4,28.9,6720,5103
10005050405,Sussex,Health Outcomes,Depression,21.4,18.4,24.6,4378,3304
10003013507,New Castle,Health Outcomes,Diabetes,10.7,9.2,12.4,1819,1428
10003012100,New Castle,Health Outcomes,Diabetes,10.3,9.0,11.7,2901,2301
10005051302,Sussex,Prevention,Cholesterol Screening,92.6,91.4,93.8,4907,4337
10001042206,Kent,Health-Related Social Needs,Loneliness,32.7,29.0,36.8,2822,2203
10003012700,New Castle,Health Status,Frequent Mental Distress,17.0,15.0,19.0,4392,3592
10003015400,New Castle,Health Outcomes,Obesity,41.6,35.4,47.8,2932,2209
10001042900,Kent,Health Outcomes,Depression,24.5,21.1,28.2,5105,4056
10005050904,Sussex,Health Outcomes,Arthritis,40.7,36.9,44.6,2592,2256
10003001902,New Castle,Health Outcomes,Cancer (non-skin) or Melanoma,5.3,4.8,5.9,2113,1554
10005051013,Sussex,Health Outcomes,All Teeth Lost,9.1,7.5,11.0,3686,3150
10003012900,New Castle,Prevention,Health Insurance,16.3,13.7,18.8,4823,3565
10005051102,Sussex,Health-Related Social Needs,Lack of Social/Emotional Support,14.4,12.1,16.9,1029,970
10005050801,Sussex,Health Outcomes,COPD,7.5,6.3,8.7,3979,3225
10003010703,New Castle,Health-Related Social Needs,Lack of Social/Emotional Support,21.3,18.2,24.7,2036,1556
10003013906,New Castle,Health Risk Behaviors,Physical Inactivity,21.4,17.8,25.2,4648,3670
10003014403,New Castle,Health Outcomes,High Cholesterol,34.6,31.1,37.8,3611,2955
10003014403,New Castle,Disability,Self-care Disability,3.2,2.8,3.6,3611,2955
10001041803,Kent,Health Outcomes,Cancer (non-skin) or Melanoma,9.7,8.9,10.6,4384,3459
10003016308,New Castle,Disability,Hearing Disability,4.1,3.6,4.7,3728,2990
10001042206,Kent,Health Outcomes,Cancer (non-skin) or Melanoma,9.5,8.7,10.5,2822,2203
10003000602,New Castle,Health Risk Behaviors,Short Sleep Duration,46.2,40.9,51.8,2876,2134
10005050501,Sussex,Health-Related Social Needs,Utility Services Threat,8.1,6.9,9.2,4201,3285
10003013610,New Castle,Health Risk Behaviors,Current Cigarette Smoking,7.6,6.2,9.2,5460,4534
10005051012,Sussex,Health Outcomes,Depression,20.9,17.8,24.1,1908,1715
10003002200,New Castle,Prevention,Health Insurance,26.4,22.5,30.5,2874,1942
10003014904,New Castle,Health Risk Behaviors,Binge Drinking,14.8,12.5,17.3,5003,4117
10005051203,Sussex,Health-Related Social Needs,Housing Insecurity,3.4,2.6,4.2,792,726
10003014402,New Castle,Disability,Hearing Disability,5.8,5.1,6.7,2807,2383
10001041702,Kent,Health-Related Social Needs,Transportation Barriers,6.8,5.9,7.7,4472,3405
10003015502,New Castle,Health Outcomes,High Blood Pressure,43.1,39.6,46.6,2686,2035
10003010704,New Castle,Disability,Cognitive Disability,13.1,11.5,14.8,3947,3149
10003002900,New Castle,Health Outcomes,High Blood Pressure,51.9,48.0,55.3,3499,2540
10003012300,New Castle,Prevention,Health Insurance,13.8,11.5,16.3,2739,2159
10003014812,New Castle,Health Outcomes,Diabetes,10.8,9.3,12.3,4559,3628
10003015100,New Castle,Prevention,High Blood Pressure Medication,76.9,74.0,79.4,3594,2808
10005051017,Sussex,Disability,Mobility Disability,13.1,10.5,15.9,3804,3435
10003014404,New Castle,Health Outcomes,Depression,21.9,18.7,25.3,4159,3562
10003002600,New Castle,Health Outcomes,Current Asthma,11.8,10.4,13.2,3730,2585
10001042207,Kent,Health-Related Social Needs,Food Insecurity,16.2,13.7,19.0,2576,1977
10005051501,Sussex,Disability,Hearing Disability,7.2,6.3,8.1,2246,1737
10005050604,Sussex,Health Risk Behaviors,Binge Drinking,12.7,10.6,14.9,4674,3611
10003014810,New Castle,Health-Related Social Needs,Utility Services Threat,6.8,5.8,7.9,7083,5613
10005051314,Sussex,Health-Related Social Needs,Loneliness,25.4,22.1,29.0,2525,2271
10005050905,Sussex,Prevention,High Blood Pressure Medication,84.7,82.2,86.9,2848,2485
10003013608,New Castle,Health Status,Frequent Mental Distress,16.1,14.1,18.2,1959,1543
10005050104,Sussex,Health Outcomes,Arthritis,29.8,26.7,32.6,5031,3785
10003000200,New Castle,Health Status,Frequent Physical Distress,14.5,12.5,16.6,5298,4193
10003012500,New Castle,Health Outcomes,Depression,23.1,19.9,26.4,5660,4358
10003014812,New Castle,Disability,Cognitive Disability,10.5,9.0,12.0,4559,3628
10003013608,New Castle,Prevention,Annual Checkup,77.4,73.8,80.6,1959,1543
10001042205,Kent,Health Risk Behaviors,Short Sleep Duration,42.7,37.3,48.2,3019,2312
10001041802,Kent,Health Risk Behaviors,Physical Inactivity,27.7,23.8,32.0,6720,5103
10003013901,New Castle,Health-Related Social Needs,Housing Insecurity,13.4,11.4,15.6,3492,2741
10003010704,New Castle,Health Outcomes,Stroke,3.3,3.0,3.7,3947,3149
10005050501,Sussex,Health-Related Social Needs,Lack of Social/Emotional Support,22.0,19.0,25.0,4201,3285
10003013614,New Castle,Health Status,General Health,20.5,17.9,23.1,3258,2555
10001042801,Kent,Health-Related Social Needs,Transportation Barriers,5.8,4.8,6.9,2007,1606
10005050501,Sussex,Prevention,Annual Checkup,79.8,76.5,82.9,4201,3285
10003015502,New Castle,Health-Related Social Needs,Housing Insecurity,22.6,19.2,25.8,2686,2035
10003010300,New Castle,Health Outcomes,Current Asthma,10.2,9.0,11.5,4106,3232
10003013905,New Castle,Health Outcomes,High Blood Pressure,26.0,23.1,29.1,4169,3100
10005051312,Sussex,Disability,Hearing Disability,9.8,8.5,11.2,2290,2046
10003016805,New Castle,Health Risk Behaviors,Binge Drinking,16.5,13.9,19.1,1723,1396
10003013800,New Castle,Health Status,Frequent Physical Distress,11.0,9.7,12.4,5901,4752
10003011000,New Castle,Health Outcomes,High Cholesterol,40.5,36.6,44.4,3201,2542
10003016805,New Castle,Health-Related Social Needs,Food Stamps,9.0,7.1,11.2,1723,1396
10003002700,New Castle,Prevention,High Blood Pressure Medication,67.2,63.8,70.3,2990,2310
10001042204,Kent,Health Outcomes,Coronary Heart Disease,5.2,4.6,5.8,4773,3481
10003014814,New Castle,Health Outcomes,Depression,21.1,18.1,24.2,4361,3290
10003014909,New Castle,Health-Related Social Needs,Food Stamps,19.5,15.9,23.0,6186,4652
10005051101,Sussex,Health Outcomes,Current Asthma,9.0,7.9,10.1,629,589
10003010900,New Castle,Health Status,Frequent Mental Distress,14.4,12.5,16.5,2773,2237
10003012300,New Castle,Health Risk Behaviors,Physical Inactivity,32.1,27.4,36.7,2739,2159
10005050304,Sussex,Disability,Self-care Disability,4.9,4.3,5.6,4616,3670
10005051009,Sussex,Health Outcomes,Cancer (non-skin) or Melanoma,12.7,11.5,13.9,2313,1978
10003015200,New Castle,Prevention,Annual Checkup,75.9,72.2,79.2,5783,4501
10003014706,New Castle,Health Risk Behaviors,Current Cigarette Smoking,11.3,9.4,13.3,2929,2180
10003016614,New Castle,Prevention,Dental Visit,72.2,69.0,75.3,6239,4474
10003011900,New Castle,Health Risk Behaviors,Physical Inactivity,20.4,16.9,24.1,3298,2592
10003014811,New Castle,Health Risk Behaviors,Physical Inactivity,18.4,15.1,21.8,6677,4822
10003013607,New Castle,Health Outcomes,High Cholesterol,38.9,35.2,42.6,6255,5031
10005050505,Sussex,Health Outcomes,Coronary Heart Disease,6.5,5.7,7.3,2420,2212
10003001300,New Castle,Prevention,Annual Checkup,82.1,79.0,84.8,3588,3013
10003011000,New Castle,Health Outcomes,Cancer (non-skin) or Melanoma,10.8,9.8,11.7,3201,2542
10005051008,Sussex,Prevention,Cholesterol Screening,92.6,91.4,93.7,4100,3626
10003001500,New Castle,Health Risk Behaviors,Physical Inactivity,31.0,26.6,35.7,2231,1748
10003014803,New Castle,Prevention,Dental Visit,66.8,63.3,70.2,4150,3432
10005051015,Sussex,Prevention,Cholesterol Screening,92.4,91.2,93.6,1877,1626
10003012400,New Castle,Prevention,Dental Visit,59.7,56.0,63.4,4637,3486
10003014502,New Castle,Disability,Hearing Disability,3.3,2.9,3.8,7374,7189
10005050103,Sussex,Prevention,High Blood Pressure Medication,83.0,80.5,85.1,5063,4221
10005051011,Sussex,Health Outcomes,High Cholesterol,50.2,46.0,54.3,3580,3083
10005051010,Sussex,Prevention,High Blood Pressure Medication,85.3,82.8,87.5,2795,2452
10003001400,New Castle,Prevention,Cholesterol Screening,84.5,82.2,86.7,2103,1727
10003013508,New Castle,Health Outcomes,High Cholesterol,40.7,36.8,44.4,5655,4419
10005050808,Sussex,Prevention,Health Insurance,6.6,5.1,8.3,4150,3726
10003013901,New Castle,Prevention,Cholesterol Screening,85.9,83.7,88.1,3492,2741
10005050103,Sussex,Disability,Cognitive Disability,11.2,9.6,12.9,5063,4221
10005051205,Sussex,Health-Related Social Needs,Lack of Social/Emotional Support,15.4,12.8,18.0,580,543
10001042802,Kent,Disability,Independent Living Disability,8.7,7.6,9.9,5612,4350
10003016307,New Castle,Health Outcomes,Cancer (non-skin) or Melanoma,7.3,6.6,8.0,2756,2221
10005050703,Sussex,Disability,Mobility Disability,20.4,17.2,23.4,2153,1786
10005051103,Sussex,Health Outcomes,Current Asthma,9.7,8.5,10.9,952,866
10001043300,Kent,Health Outcomes,Arthritis,19.5,17.7,21.5,6553,5692
10005050709,Sussex,Health-Related Social Needs,Transportation Barriers,3.8,3.1,4.6,1956,1774
10005051900,Sussex,Health Outcomes,High Blood Pressure,39.0,35.4,42.5,4760,3685
10003016808,New Castle,Prevention,Mammography,80.2,74.9,84.9,7377,5511
10003015600,New Castle,Health Outcomes,COPD,7.5,6.5,8.6,2343,1791
10003013508,New Castle,Health Risk Behaviors,Physical Inactivity,16.6,13.6,20.2,5655,4419
10003016301,New Castle,Health Risk Behaviors,Short Sleep Duration,35.9,31.0,41.0,7385,5955
10003013604,New Castle,Health Outcomes,Obesity,29.2,24.1,34.6,4156,3372
10005051010,Sussex,Health-Related Social Needs,Transportation Barriers,4.5,3.8,5.3,2795,2452
10003013800,New Castle,Health Risk Behaviors,Short Sleep Duration,34.5,29.7,39.5,5901,4752
10005051205,Sussex,Disability,Vision Disability,3.8,3.1,4.6,580,543
10005050710,Sussex,Health Outcomes,Diabetes,14.6,12.8,16.5,1870,1457
10001041804,Kent,Health Outcomes,All Teeth Lost,14.6,12.1,17.5,5980,4654
10005051101,Sussex,Health Outcomes,High Cholesterol,51.6,47.5,55.7,629,589
10003013100,New Castle,Health-Related Social Needs,Loneliness,32.7,28.9,36.8,2248,1833
10003011500,New Castle,Health-Related Social Needs,Utility Services Threat,4.7,3.8,5.7,2908,2308
10003013903,New Castle,Health Outcomes,Current Asthma,10.9,9.6,12.2,4820,3768
10003013903,New Castle,Health Risk Behaviors,Physical Inactivity,26.1,22.2,30.4,4820,3768
10003012700,New Castle,Disability,Independent Living Disability,9.6,8.2,10.9,4392,3592
10005051302,Sussex,Prevention,Dental Visit,71.4,68.4,74.6,4907,4337
10005051201,Sussex,Health Risk Behaviors,Binge Drinking,11.5,9.6,13.5,1513,1391
10003014908,New Castle,Health Risk Behaviors,Physical Inactivity,34.0,29.2,39.2,2425,1792
10003014907,New Castle,Health-Related Social Needs,Food Insecurity,18.7,16.1,21.3,4921,3708
10001043100,Kent,Health Outcomes,Coronary Heart Disease,7.3,6.5,8.3,2573,2087
10003013906,New Castle,Health Risk Behaviors,Current Cigarette Smoking,8.9,7.2,10.7,4648,3670
10003013604,New Castle,Prevention,Health Insurance,5.5,4.3,6.9,4156,3372
10003010104,New Castle,Health Risk Behaviors,Binge Drinking,15.2,12.9,17.7,3620,2830
10003013905,New Castle,Health-Related Social Needs,Utility Services Threat,7.1,5.9,8.4,4169,3100
10005051313,Sussex,Health-Related Social Needs,Utility Services Threat,4.2,3.5,4.9,3144,2742
10001042208,Kent,Health Outcomes,Obesity,42.9,36.6,49.5,4016,3108
10003002500,New Castle,Health Outcomes,COPD,6.6,5.5,7.7,3235,2443
10005050805,Sussex,Health Outcomes,COPD,7.4,6.2,8.8,3038,2464
10003014702,New Castle,Prevention,Cholesterol Screening,86.0,84.0,87.9,1910,1510
10003012000,New Castle,Health Outcomes,Obesity,33.5,27.7,39.2,4334,3536
10005050403,Sussex,Prevention,Annual Checkup,80.5,77.2,83.4,3517,2621
10003012200,New Castle,Health-Related Social Needs,Food Insecurity,19.8,16.7,23.3,4676,3581
10003014706,New Castle,Disability,Vision Disability,4.3,3.8,4.8,2929,2180
10003002700,New Castle,Health Status,Frequent Mental Distress,16.8,14.8,19.0,2990,2310
10005050200,Sussex,Prevention,Colorectal Cancer Screening,65.5,61.5,69.7,3744,2777
10005051013,Sussex,Health Outcomes,Diabetes,13.7,11.9,15.5,3686,3150
10005050808,Sussex,Disability,Any Disability,27.4,22.9,32.0,4150,3726
10003014301,New Castle,Health Status,Frequent Mental Distress,11.3,9.8,12.9,1317,1092
10003016404,New Castle,Health Risk Behaviors,Physical Inactivity,25.9,21.9,29.8,3334,2622
10005051103,Sussex,Health Outcomes,Arthritis,34.2,30.7,37.7,952,866
10003000500,New Castle,Health-Related Social Needs,Utility Services Threat,14.2,11.9,16.6,3453,2515
10003000602,New Castle,Prevention,High Blood Pressure Medication,77.8,75.2,80.4,2876,2134
10003016612,New Castle,Disability,Vision Disability,3.4,3.0,3.8,6450,4739
10005050407,Sussex,Health Outcomes,Current Asthma,11.7,10.4,13.1,5238,4210
10003013100,New Castle,Health Outcomes,Stroke,3.4,3.0,3.8,2248,1833
10003013507,New Castle,Prevention,Colorectal Cancer Screening,69.7,65.8,73.6,1819,1428
10003014404,New Castle,Health Status,Frequent Mental Distress,15.2,13.2,17.5,4159,3562
10003014813,New Castle,Health Outcomes,High Cholesterol,35.9,32.3,39.5,4889,3848
10005051203,Sussex,Health Risk Behaviors,Binge Drinking,10.3,8.6,12.2,792,726
10005051016,Sussex,Prevention,Mammography,83.6,79.1,87.8,1879,1685
10003001200,New Castle,Health Outcomes,Diabetes,6.3,5.4,7.3,1605,1454
10003010200,New Castle,Prevention,Dental Visit,67.9,64.4,71.3,2034,1607
10005051011,Sussex,Health Outcomes,Stroke,3.9,3.3,4.5,3580,3083
10003014903,New Castle,Health Outcomes,Cancer (non-skin) or Melanoma,5.6,5.1,6.2,7365,5269
10005051900,Sussex,Health-Related Social Needs,Utility Services Threat,6.9,5.9,7.9,4760,3685
10005050807,Sussex,Prevention,Annual Checkup,85.7,83.1,88.0,1824,1622
10003001400,New Castle,Prevention,Mammography,73.6,67.0,79.4,2103,1727
10005050101,Sussex,Health-Related Social Needs,Transportation Barriers,6.0,5.2,6.8,4013,3236
10003014705,New Castle,Health Status,General Health,19.8,17.0,22.7,5891,4572
10005050406,Sussex,Disability,Mobility Disability,21.3,18.7,24.0,5475,4063
10003012500,New Castle,Health-Related Social Needs,Food Stamps,13.8,11.4,16.3,5660,4358
10001041802,Kent,Health Outcomes,High Cholesterol,37.1,33.5,40.9,6720,5103
10003011202,New Castle,Health-Related Social Needs,Food Insecurity,7.4,5.9,9.2,4003,3308
10003011600,New Castle,Health Outcomes,Diabetes,9.4,8.0,10.9,3287,2573
10005050806,Sussex,Health Status,General Health,18.1,15.1,21.2,4454,3735
10003014904,New Castle,Health Outcomes,Coronary Heart Disease,5.4,4.9,6.1,5003,4117
10003011600,New Castle,Disability,Cognitive Disability,10.2,8.5,12.3,3287,2573
10003014904,New Castle,Health-Related Social Needs,Housing Insecurity,13.8,11.9,15.9,5003,4117
10003013400,New Castle,Health Risk Behaviors,Current Cigarette Smoking,10.7,8.1,13.5,2504,2036
10003013610,New Castle,Prevention,Health Insurance,4.7,3.8,5.8,5460,4534
10005051013,Sussex,Health Outcomes,Arthritis,36.5,33.1,40.0,3686,3150
10005050801,Sussex,Disability,Any Disability,28.7,25.1,32.7,3979,3225
10003014908,New Castle,Prevention,Colorectal Cancer Screening,64.2,59.9,68.4,2425,1792
10003013501,New Castle,Health-Related Social Needs,Housing Insecurity,4.7,3.9,5.6,7213,5880
10001042208,Kent,Prevention,Health Insurance,8.9,7.5,10.7,4016,3108
10005050101,Sussex,Health Outcomes,Depression,21.6,18.5,24.7,4013,3236
10005050903,Sussex,Health Risk Behaviors,Short Sleep Duration,25.1,21.4,29.5,2161,1968
10003010300,New Castle,Health Outcomes,Obesity,32.1,26.7,37.6,4106,3232
10005050601,Sussex,Prevention,High Blood Pressure Medication,79.5,76.8,81.9,5391,4138
10003000601,New Castle,Prevention,Mammography,74.9,68.5,81.0,2773,2035
10003013604,New Castle,Health Outcomes,Stroke,3.0,2.6,3.4,4156,3372
10005051802,Sussex,Health Status,Frequent Physical Distress,16.0,14.2,17.9,4354,3076
10001042204,Kent,Prevention,Mammography,75.8,69.3,81.3,4773,3481
10003013700,New Castle,Health Outcomes,Stroke,2.9,2.6,3.3,4071,3177
10003011500,New Castle,Health Outcomes,High Blood Pressure,32.9,29.4,36.3,2908,2308
10005050709,Sussex,Prevention,Annual Checkup,87.7,85.4,89.7,1956,1774
10003016000,New Castle,Prevention,Health Insurance,13.1,10.8,15.5,2999,2265
10003015100,New Castle,Health-Related Social Needs,Transportation Barriers,8.5,7.3,9.7,3594,2808
10005050701,Sussex,Health Risk Behaviors,Binge Drinking,12.4,10.4,14.6,5068,4322
10005050408,Sussex,Health Risk Behaviors,Binge Drinking,13.3,11.2,15.6,4534,3546
10003013611,New Castle,Prevention,Cholesterol Screening,87.4,85.3,89.2,5572,4648
10003010703,New Castle,Health Outcomes,High Cholesterol,39.0,35.2,42.5,2036,1556
10003015400,New Castle,Health Risk Behaviors,Short Sleep Duration,43.9,38.6,49.4,2932,2209
10005050101,Sussex,Health Risk Behaviors,Current Cigarette Smoking,13.2,11.3,15.4,4013,3236
10005050604,Sussex,Health Outcomes,Obesity,38.4,32.2,44.6,4674,3611
10003002800,New Castle,Disability,Hearing Disability,4.2,3.7,4.7,2378,2071
10003000601,New Castle,Health-Related Social Needs,Loneliness,38.1,33.8,42.6,2773,2035
10001042100,Kent,Disability,Cognitive Disability,15.2,13.3,17.3,3997,3098
10003013507,New Castle,Health Risk Behaviors,Short Sleep Duration,29.9,25.4,34.6,1819,1428
10005050703,Sussex,Health Status,Frequent Physical Distress,17.4,15.1,19.6,2153,1786
10003013506,New Castle,Health Risk Behaviors,Short Sleep Duration,28.2,23.9,32.8,4567,3785
10003011202,New Castle,Disability,Self-care Disability,2.7,2.2,3.2,4003,3308
10005051009,Sussex,Prevention,Mammography,82.5,77.9,86.9,2313,1978
10003014803,New Castle,Disability,Mobility Disability,13.1,11.2,15.0,4150,3432
10003010104,New Castle,Disability,Self-care Disability,3.8,3.4,4.3,3620,2830
10005050708,Sussex,Health-Related Social Needs,Utility Services Threat,4.3,3.6,5.2,2774,2424
10005051016,Sussex,Disability,Self-care Disability,2.5,2.0,3.0,1879,1685
10003000200,New Castle,Health Outcomes,Diabetes,18.6,16.3,20.9,5298,4193
10003011205,New Castle,Prevention,Dental Visit,70.1,66.7,73.3,1968,1585
10003014502,New Castle,Disability,Any Disability,40.1,35.2,44.9,7374,7189
10003013508,New Castle,Health-Related Social Needs,Lack of Social/Emotional Support,17.1,14.5,20.1,5655,4419
10003016608,New Castle,Health-Related Social Needs,Food Stamps,7.0,5.5,8.8,6561,5064
10001043300,Kent,Health-Related Social Needs,Lack of Social/Emotional Support,25.5,22.1,29.4,6553,5692
10001041900,Kent,Health-Related Social Needs,Utility Services Threat,7.7,6.7,8.9,5289,4044
10003016000,New Castle,Health Outcomes,Obesity,40.8,34.5,46.7,2999,2265
10005051103,Sussex,Health Status,Frequent Physical Distress,11.3,9.8,13.1,952,866
10005050403,Sussex,Health Outcomes,High Cholesterol,43.5,39.5,47.2,3517,2621
10003011202,New Castle,Health Risk Behaviors,Binge Drinking,14.3,12.0,16.7,4003,3308
10005050804,Sussex,Health-Related Social Needs,Food Stamps,7.7,6.2,9.3,4188,3465
10003013300,New Castle,Health Status,Frequent Physical Distress,13.0,11.2,14.8,1907,1543
10005051501,Sussex,Health-Related Social Needs,Loneliness,32.2,28.4,36.1,2246,1737
10003014000,New Castle,Disability,Cognitive Disability,15.9,13.8,18.0,5441,4349
10003016611,New Castle,Disability,Independent Living Disability,5.4,4.5,6.3,7851,5645
10003001200,New Castle,Health-Related Social Needs,Utility Services Threat,3.9,3.1,4.8,1605,1454
10005051017,Sussex,Health Status,General Health,14.4,11.5,17.8,3804,3435
10001043000,Kent,Health Outcomes,All Teeth Lost,11.9,9.8,14.3,5414,4110
10003014903,New Castle,Health Outcomes,Depression,21.3,18.3,24.6,7365,5269
10005050405,Sussex,Disability,Vision Disability,5.6,4.9,6.3,4378,3304
10003016901,New Castle,Health Outcomes,Current Asthma,10.9,9.7,12.2,2364,1876
10003016613,New Castle,Disability,Mobility Disability,12.5,10.6,14.5,6109,4337
10003016309,New Castle,Prevention,Dental Visit,60.2,56.4,63.9,4125,3307
10003013100,New Castle,Health Outcomes,Arthritis,26.8,23.9,29.6,2248,1833
10003016200,New Castle,Health Outcomes,Arthritis,26.4,23.6,29.2,3051,2509
10005050706,Sussex,Health Risk Behaviors,Short Sleep Duration,28.9,24.8,33.8,1772,1557
10005050105,Sussex,Prevention,Dental Visit,55.7,52.1,59.6,5939,4388
10003012400,New Castle,Health Risk Behaviors,Physical Inactivity,31.1,26.7,35.4,4637,3486
10003002100,New Castle,Health Outcomes,Arthritis,31.6,28.7,34.7,1809,1283
10003011203,New Castle,Prevention,Colorectal Cancer Screening,65.8,61.6,70.0,4805,3884
10003000300,New Castle,Prevention,High Blood Pressure Medication,77.7,74.9,80.2,3012,2233
10003016614,New Castle,Prevention,Mammography,79.5,74.1,84.4,6239,4474
10005051701,Sussex,Prevention,Colorectal Cancer Screening,65.7,61.6,70.0,4103,3258
10005051009,Sussex,Health-Related Social Needs,Food Insecurity,5.5,4.3,6.9,2313,1978
10003013000,New Castle,Disability,Vision Disability,4.4,3.8,5.1,1927,1515
10005050808,Sussex,Health-Related Social Needs,Loneliness,26.2,22.6,30.0,4150,3726
10005051014,Sussex,Prevention,High Blood Pressure Medication,87.2,84.7,89.3,1881,1709
10003013506,New Castle,Disability,Independent Living Disability,4.3,3.5,5.3,4567,3785
10003002500,New Castle,Health Outcomes,Depression,21.8,18.7,24.9,3235,2443
10003014808,New Castle,Health-Related Social Needs,Housing Insecurity,13.6,11.8,15.5,6476,5078
10003013200,New Castle,Health Outcomes,COPD,7.1,5.8,8.5,2653,2074
10005050506,Sussex,Health Outcomes,COPD,7.4,6.1,8.8,4112,3099
10005050603,Sussex,Prevention,Colorectal Cancer Screening,75.0,71.5,78.6,3956,3165
10005050403,Sussex,Health Outcomes,All Teeth Lost,13.0,10.8,15.6,3517,2621
10003015100,New Castle,Prevention,Cholesterol Screening,87.4,85.5,89.2,3594,2808
10003013906,New Castle,Disability,Hearing Disability,4.2,3.7,4.8,4648,3670
10003001200,New Castle,Health Outcomes,Arthritis,18.4,16.3,20.6,1605,1454
10005050805,Sussex,Health Risk Behaviors,Binge Drinking,13.5,11.4,15.8,3038,2464
10005051311,Sussex,Health-Related Social Needs,Transportation Barriers,3.6,2.8,4.5,1832,1712
10003011205,New Castle,Health Status,Frequent Mental Distress,13.2,11.4,15.0,1968,1585
10003010703,New Castle,Health Outcomes,Cancer (non-skin) or Melanoma,8.4,7.5,9.2,2036,1556
10003013607,New Castle,Health Outcomes,Diabetes,10.5,9.1,12.0,6255,5031
10005051400,Sussex,Health-Related Social Needs,Utility Services Threat,7.0,6.0,8.0,3878,3033
10005051502,Sussex,Prevention,High Blood Pressure Medication,80.8,78.2,83.2,3228,2586
10003015502,New Castle,Health-Related Social Needs,Utility Services Threat,15.4,13.1,17.7,2686,2035
10003011100,New Castle,Health Outcomes,Depression,21.3,18.4,24.5,2654,2282
10005050711,Sussex,Health Outcomes,High Blood Pressure,45.1,41.4,48.8,1505,1256
10003011000,New Castle,Health Outcomes,Diabetes,10.1,8.8,11.7,3201,2542
10005051013,Sussex,Health Status,Frequent Physical Distress,14.0,12.3,15.9,3686,3150
10003014302,New Castle,Disability,Cognitive Disability,15.5,13.1,18.1,4908,4464
10003001500,New Castle,Health Risk Behaviors,Current Cigarette Smoking,14.9,12.5,17.6,2231,1748
10001042205,Kent,Prevention,High Blood Pressure Medication,79.4,76.9,81.8,3019,2312
10005051011,Sussex,Health Outcomes,All Teeth Lost,8.8,7.3,10.8,3580,3083
10003016309,New Castle,Health Status,Frequent Physical Distress,13.5,11.8,15.2,4125,3307
10003012600,New Castle,Health-Related Social Needs,Loneliness,32.0,28.1,36.2,2945,2351
10003016611,New Castle,Health Outcomes,All Teeth Lost,7.2,5.9,8.8,7851,5645
10005051802,Sussex,Health-Related Social Needs,Food Stamps,20.3,17.0,23.8,4354,3076
10005051010,Sussex,Health Status,General Health,16.3,13.9,19.1,2795,2452
10005051801,Sussex,Health Outcomes,Diabetes,14.9,13.2,16.7,5359,3933
10005051400,Sussex,Disability,Independent Living Disability,7.9,6.9,8.9,3878,3033
10003015802,New Castle,Prevention,Colorectal Cancer Screening,60.3,55.8,64.6,2276,1726
10003016612,New Castle,Health-Related Social Needs,Lack of Social/Emotional Support,19.1,16.3,22.0,6450,4739
10003002600,New Castle,Health Outcomes,COPD,7.7,6.6,8.8,3730,2585
10001042500,Kent,Disability,Self-care Disability,5.9,5.3,6.7,3590,2590
10003015502,New Castle,Health Risk Behaviors,Current Cigarette Smoking,17.0,14.5,19.7,2686,2035
10003015502,New Castle,Health Outcomes,Stroke,5.1,4.6,5.7,2686,2035
10005050710,Sussex,Health Outcomes,All Teeth Lost,15.1,12.6,18.1,1870,1457
10001041803,Kent,Health-Related Social Needs,Food Stamps,19.4,16.8,22.2,4384,3459
10005050701,Sussex,Health-Related Social Needs,Food Insecurity,12.7,10.6,15.0,5068,4322
10003013505,New Castle,Prevention,Mammography,81.6,76.3,86.0,3489,2807
10005051400,Sussex,Health Outcomes,Arthritis,29.0,26.1,32.0,3878,3033
10003016808,New Castle,Disability,Hearing Disability,4.4,3.8,5.0,7377,5511
10005051702,Sussex,Health Outcomes,Coronary Heart Disease,7.7,6.9,8.6,6577,4982
10001041900,Kent,Health Risk Behaviors,Current Cigarette Smoking,17.8,15.1,20.6,5289,4044
10001043000,Kent,Health Outcomes,Current Asthma,12.8,11.3,14.3,5414,4110
10003016401,New Castle,Disability,Independent Living Disability,6.7,5.8,7.6,6711,5269
10003011204,New Castle,Health Outcomes,Coronary Heart Disease,6.7,5.8,7.6,3313,2741
10001043202,Kent,Health-Related Social Needs,Lack of Social/Emotional Support,21.3,18.6,24.3,3722,2979
10003000300,New Castle,Health Risk Behaviors,Short Sleep Duration,45.6,40.3,51.2,3012,2233
10003016401,New Castle,Health Outcomes,All Teeth Lost,11.2,9.1,13.4,6711,5269
10005050808,Sussex,Health Outcomes,COPD,7.4,5.8,9.4,4150,3726
10003016904,New Castle,Health Risk Behaviors,Binge Drinking,16.8,14.3,19.6,3096,2872
10001042802,Kent,Health-Related Social Needs,Lack of Social/Emotional Support,21.7,18.9,25.0,5612,4350
10005050408,Sussex,Health Outcomes,Depression,22.2,19.1,25.6,4534,3546
10005051014,Sussex,Health Risk Behaviors,Short Sleep Duration,27.3,23.3,32.0,1881,1709
10003001100,New Castle,Prevention,Colorectal Cancer Screening,72.1,68.1,75.9,3375,3187
10005050706,Sussex,Health Outcomes,High Blood Pressure,44.4,40.3,48.4,1772,1557
10003016609,New Castle,Health Outcomes,Arthritis,24.7,21.9,27.8,5595,4312
10005051015,Sussex,Health Risk Behaviors,Current Cigarette Smoking,10.6,8.3,13.1,1877,1626
10003011100,New Castle,Health Outcomes,High Blood Pressure,36.5,32.9,40.1,2654,2282
10003014703,New Castle,Health Risk Behaviors,Current Cigarette Smoking,13.5,11.5,15.9,4827,3890
10003013604,New Castle,Health Outcomes,Depression,21.4,18.4,24.5,4156,3372
10005050703,Sussex,Health-Related Social Needs,Transportation Barriers,8.7,7.5,10.0,2153,1786
10005050903,Sussex,Health-Related Social Needs,Food Insecurity,5.8,4.4,7.5,2161,1968
10003016807,New Castle,Health Outcomes,Depression,21.6,18.4,24.9,1901,1411
10005051400,Sussex,Health-Related Social Needs,Food Stamps,11.0,9.2,13.0,3878,3033
10003010400,New Castle,Health Outcomes,Diabetes,10.9,9.4,12.4,4591,3725
10003011100,New Castle,Health-Related Social Needs,Lack of Social/Emotional Support,17.1,14.7,19.9,2654,2282
10003016401,New Castle,Health Outcomes,Arthritis,24.7,22.1,27.6,6711,5269
10003011000,New Castle,Prevention,Annual Checkup,80.8,77.8,83.5,3201,2542
10003012400,New Castle,Health Outcomes,All Teeth Lost,13.8,11.4,16.5,4637,3486
10003011204,New Castle,Health-Related Social Needs,Lack of Social/Emotional Support,18.7,15.8,21.6,3313,2741
10003016306,New Castle,Health Outcomes,Coronary Heart Disease,5.8,5.1,6.4,4598,3569
10003014706,New Castle,Health Outcomes,Coronary Heart Disease,4.6,4.1,5.1,2929,2180
10001042000,Kent,Health Outcomes,Arthritis,30.5,27.6,33.7,3064,2380
10005051701,Sussex,Health Outcomes,Arthritis,30.2,27.2,33.3,4103,3258
10005050603,Sussex,Health Outcomes,Obesity,31.1,25.8,37.1,3956,3165
10003001100,New Castle,Health-Related Social Needs,Transportation Barriers,6.0,4.8,7.3,3375,3187
10005051014,Sussex,Disability,Independent Living Disability,6.1,4.9,7.3,1881,1709
10003011500,New Castle,Health-Related Social Needs,Lack of Social/Emotional Support,19.1,16.1,22.4,2908,2308
10005050104,Sussex,Disability,Vision Disability,7.1,6.1,8.0,5031,3785
10003010502,New Castle,Health Outcomes,Diabetes,11.7,10.2,13.3,5779,4788
10003014813,New Castle,Prevention,Annual Checkup,77.2,73.5,80.4,4889,3848
10003013200,New Castle,Prevention,Cholesterol Screening,86.1,83.8,88.2,2653,2074
10005051015,Sussex,Prevention,Mammography,81.9,77.2,86.5,1877,1626
10003014100,New Castle,Disability,Self-care Disability,4.7,4.1,5.3,4985,3693
10005051011,Sussex,Health Risk Behaviors,Current Cigarette Smoking,10.3,8.0,12.9,3580,3083
10005051702,Sussex,Disability,Vision Disability,5.6,5.0,6.2,6577,4982
10001980000,Kent,Health Risk Behaviors,Short Sleep Duration,38.6,33.2,44.0,108,104
10001042206,Kent,Health-Related Social Needs,Food Stamps,10.0,8.3,12.1,2822,2203
10003011400,New Castle,Health Outcomes,Diabetes,9.8,8.4,11.5,3456,2735
10003014703,New Castle,Health Outcomes,Arthritis,26.8,24.2,29.5,4827,3890
10003014903,New Castle,Prevention,Health Insurance,16.5,13.6,19.8,7365,5269
10003016401,New Castle,Health Risk Behaviors,Short Sleep Duration,36.5,31.7,41.6,6711,5269
10003014904,New Castle,Prevention,Mammography,78.0,72.2,83.2,5003,4117
10003016901,New Castle,Prevention,Mammography,74.0,67.5,79.8,2364,1876
10005050703,Sussex,Health Outcomes,Diabetes,16.1,14.0,18.2,2153,1786
10003014809,New Castle,Health-Related Social Needs,Transportation Barriers,8.6,7.6,9.8,8360,6692
10005050304,Sussex,Disability,Vision Disability,6.2,5.4,7.0,4616,3670
10005051801,Sussex,Disability,Mobility Disability,18.7,16.4,21.0,5359,3933
10001041900,Kent,Health-Related Social Needs,Transportation Barriers,8.6,7.4,9.9,5289,4044
10001043400,Kent,Health Outcomes,Cancer (non-skin) or Melanoma,10.3,9.4,11.3,5648,4415
10005050904,Sussex,Disability,Independent Living Disability,8.5,6.9,10.5,2592,2256
10005050806,Sussex,Health Status,Frequent Mental Distress,13.1,11.4,14.9,4454,3735
10001041804,Kent,Health Outcomes,Coronary Heart Disease,7.3,6.5,8.1,5980,4654
10003013906,New Castle,Health Outcomes,Cancer (non-skin) or Melanoma,6.7,6.0,7.3,4648,3670
10001043000,Kent,Health Outcomes,Depression,24.1,20.8,27.9,5414,4110
10005050707,Sussex,Prevention,Colorectal Cancer Screening,77.2,73.7,80.6,2578,2285
10003013615,New Castle,Health Risk Behaviors,Current Cigarette Smoking,11.0,9.2,13.1,4107,3324
10003013508,New Castle,Prevention,Annual Checkup,80.9,77.7,83.6,5655,4419
10003010703,New Castle,Health Outcomes,Stroke,3.8,3.4,4.3,2036,1556
10003011204,New Castle,Health-Related Social Needs,Utility Services Threat,4.7,3.9,5.6,3313,2741
10005050801,Sussex,Prevention,Health Insurance,8.2,6.7,10.0,3979,3225
10003003002,New Castle,Health Status,Frequent Mental Distress,25.6,22.9,28.4,3060,2329
10005050703,Sussex,Prevention,Colorectal Cancer Screening,69.5,65.7,73.6,2153,1786
10003001600,New Castle,Disability,Independent Living Disability,16.0,13.7,18.2,2419,1765
10003016613,New Castle,Health Outcomes,Cancer (non-skin) or Melanoma,6.2,5.7,6.9,6109,4337
10005050105,Sussex,Health Risk Behaviors,Short Sleep Duration,36.9,32.3,42.3,5939,4388
10003015900,New Castle,Prevention,Annual Checkup,78.9,75.5,81.8,3344,2595
10003016904,New Castle,Health Status,Frequent Mental Distress,17.5,15.4,19.8,3096,2872
10003014402,New Castle,Health-Related Social Needs,Utility Services Threat,6.0,5.0,7.2,2807,2383
10003001300,New Castle,Health-Related Social Needs,Food Insecurity,4.3,3.3,5.5,3588,3013
10003011203,New Castle,Health Outcomes,Depression,21.5,18.6,24.5,4805,3884
10003012900,New Castle,Health Risk Behaviors,Physical Inactivity,33.9,29.1,38.6,4823,3565
10005051701,Sussex,Health Outcomes,Current Asthma,11.1,9.8,12.5,4103,3258
10001042000,Kent,Health Status,Frequent Physical Distress,15.9,14.1,17.9,3064,2380
10003014200,New Castle,Health-Related Social Needs,Transportation Barriers,5.4,4.6,6.2,1600,1313
10005050407,Sussex,Health-Related Social Needs,Loneliness,31.9,28.1,35.8,5238,4210
10003010703,New Castle,Prevention,Annual Checkup,79.8,76.4,82.9,2036,1556
10003011300,New Castle,Health-Related Social Needs,Food Insecurity,6.6,5.1,8.4,2244,1847
10005050708,Sussex,Health-Related Social Needs,Food Stamps,6.9,5.1,9.1,2774,2424
10003012600,New Castle,Health Outcomes,COPD,5.9,4.6,7.2,2945,2351
10003010800,New Castle,Health Outcomes,Current Asthma,9.6,8.5,10.7,4796,3948
10003013610,New Castle,Health Outcomes,Obesity,26.6,21.8,31.7,5460,4534
10005051701,Sussex,Health Outcomes,Obesity,34.1,28.6,40.1,4103,3258
10005051502,Sussex,Prevention,Cholesterol Screening,87.9,86.1,89.5,3228,2586
10003015400,New Castle,Health Outcomes,High Blood Pressure,44.5,41.0,48.0,2932,2209
10003010400,New Castle,Health Status,General Health,15.5,13.2,17.6,4591,3725
10001042203,Kent,Prevention,Annual Checkup,81.6,78.4,84.5,5705,4255
10005050304,Sussex,Disability,Any Disability,34.8,30.6,39.3,4616,3670
10003012900,New Castle,Health Outcomes,Depression,22.7,19.5,25.9,4823,3565
10005051313,Sussex,Health-Related Social Needs,Lack of Social/Emotional Support,16.4,13.9,18.9,3144,2742
10003010704,New Castle,Disability,Mobility Disability,13.1,11.5,14.9,3947,3149
10005051202,Sussex,Health Outcomes,COPD,6.5,5.4,7.8,856,822
10003011201,New Castle,Prevention,Health Insurance,6.2,4.7,8.3,2421,1946
10003011300,New Castle,Health Outcomes,Arthritis,29.2,26.1,32.4,2244,1847
10003016609,New Castle,Health Risk Behaviors,Short Sleep Duration,32.0,27.5,37.0,5595,4312
10003014906,New Castle,Health Status,General Health,22.1,19.5,24.8,5339,4098
10005050406,Sussex,Prevention,Dental Visit,50.4,46.8,54.3,5475,4063
10003013608,New Castle,Health Status,General Health,15.5,13.2,18.0,1959,1543
10003011201,New Castle,Health Outcomes,Obesity,25.1,20.7,30.1,2421,1946
10003014814,New Castle,Prevention,Health Insurance,6.5,5.3,7.8,4361,3290
10005051204,Sussex,Health Outcomes,Diabetes,12.1,10.4,14.0,652,627
10003010104,New Castle,Disability,Mobility Disability,13.7,11.8,15.5,3620,2830
10003011203,New Castle,Health Status,Frequent Mental Distress,15.6,13.7,17.7,4805,3884
10003012200,New Castle,Prevention,High Blood Pressure Medication,71.8,68.7,74.7,4676,3581
10003015400,New Castle,Disability,Any Disability,35.2,31.2,39.5,2932,2209
10001043202,Kent,Health Outcomes,All Teeth Lost,15.2,12.7,18.0,3722,2979
10003012300,New Castle,Health Outcomes,Depression,23.7,20.3,27.1,2739,2159
10003011300,New Castle,Prevention,Dental Visit,76.9,74.0,79.6,2244,1847
10003014908,New Castle,Disability,Hearing Disability,5.2,4.6,5.9,2425,1792
10005050905,Sussex,Health Outcomes,Obesity,30.0,24.6,35.4,2848,2485
10005051701,Sussex,Disability,Self-care Disability,4.1,3.5,4.7,4103,3258
10003013506,New Castle,Prevention,Annual Checkup,81.5,78.5,84.3,4567,3785
10003011201,New Castle,Disability,Vision Disability,3.0,2.5,3.5,2421,1946
10003014100,New Castle,Health Risk Behaviors,Binge Drinking,15.1,12.8,17.8,4985,3693
10005050801,Sussex,Health-Related Social Needs,Loneliness,29.1,25.6,32.8,3979,3225
10005050806,Sussex,Prevention,High Blood Pressure Medication,84.0,81.5,86.3,4454,3735
10003016806,New Castle,Health-Related Social Needs,Food Stamps,9.1,7.4,11.0,6347,4487
10003000602,New Castle,Prevention,Dental Visit,47.4,43.6,51.3,2876,2134
10003016301,New Castle,Disability,Independent Living Disability,7.6,6.7,8.6,7385,5955
10003014501,New Castle,Health Outcomes,Stroke,2.9,2.6,3.2,2134,1931
10003002300,New Castle,Disability,Mobility Disability,18.8,16.5,21.0,3003,2091
10005050804,Sussex,Prevention,Dental Visit,65.9,62.6,69.3,4188,3465
10003002900,New Castle,Health Outcomes,High Cholesterol,40.3,36.4,43.9,3499,2540
10003016806,New Castle,Health Outcomes,All Teeth Lost,7.2,5.9,8.8,6347,4487
10005051308,Sussex,Health-Related Social Needs,Loneliness,26.1,22.7,29.8,4074,3530
10003000400,New Castle,Health Risk Behaviors,Physical Inactivity,28.3,23.8,33.0,2957,2436
10001042206,Kent,Health Status,Frequent Physical Distress,13.9,12.4,15.6,2822,2203
10003016609,New Castle,Prevention,High Blood Pressure Medication,74.6,71.0,77.8,5595,4312
10003013614,New Castle,Prevention,Dental Visit,58.8,55.0,62.4,3258,2555
10003011600,New Castle,Disability,Mobility Disability,10.6,8.6,12.8,3287,2573
10003016610,New Castle,Disability,Self-care Disability,3.7,3.2,4.2,7062,5510
10003013000,New Castle,Health-Related Social Needs,Housing Insecurity,10.6,8.9,12.5,1927,1515
10003016807,New Castle,Health Outcomes,Stroke,2.5,2.3,2.9,1901,1411
10005050904,Sussex,Prevention,Colorectal Cancer Screening,74.8,71.1,78.7,2592,2256
10005050200,Sussex,Health Outcomes,Obesity,38.6,32.4,44.5,3744,2777
10003013604,New Castle,Health-Related Social Needs,Food Stamps,5.6,4.2,7.2,4156,3372
10001041803,Kent,Health Outcomes,Depression,22.9,19.8,26.5,4384,3459
10003002200,New Castle,Health Status,General Health,40.2,36.0,44.5,2874,1942
10003014803,New Castle,Health Outcomes,Cancer (non-skin) or Melanoma,10.2,9.3,11.2,4150,3432
10003013505,New Castle,Health Outcomes,COPD,5.2,4.3,6.3,3489,2807
10003013608,New Castle,Health Risk Behaviors,Short Sleep Duration,34.5,29.7,39.7,1959,1543
10005051010,Sussex,Prevention,Dental Visit,69.5,66.3,72.7,2795,2452
10003012000,New Castle,Health Outcomes,High Blood Pressure,37.0,33.5,40.5,4334,3536
10005050601,Sussex,Health Risk Behaviors,Short Sleep Duration,34.5,29.9,39.8,5391,4138
10003013300,New Castle,Health Risk Behaviors,Short Sleep Duration,32.8,28.2,37.8,1907,1543
10003000500,New Castle,Disability,Independent Living Disability,10.0,8.5,11.5,3453,2515
10005050303,Sussex,Health Outcomes,High Blood Pressure,39.6,36.1,43.1,2935,2313
10003016610,New Castle,Prevention,Dental Visit,59.9,56.1,63.5,7062,5510
10005050707,Sussex,Health-Related Social Needs,Housing Insecurity,6.5,5.5,7.6,2578,2285
10003016608,New Castle,Prevention,Cholesterol Screening,89.7,88.0,91.3,6561,5064
10001043100,Kent,Health Status,Frequent Mental Distress,17.4,15.2,19.7,2573,2087
10003014809,New Castle,Prevention,Colorectal Cancer Screening,65.9,61.7,70.0,8360,6692
10003014702,New Castle,Health Risk Behaviors,Short Sleep Duration,34.8,30.0,39.9,1910,1510
10003001500,New Castle,Health Outcomes,Current Asthma,11.7,10.3,13.1,2231,1748
10005050905,Sussex,Disability,Any Disability,27.7,24.0,31.4,2848,2485
10005051502,Sussex,Health-Related Social Needs,Food Insecurity,13.9,11.9,16.2,3228,2586
10003015802,New Castle,Prevention,Annual Checkup,75.3,71.5,78.8,2276,1726
10003014908,New Castle,Prevention,Health Insurance,11.4,9.3,13.8,2425,1792
10005051302,Sussex,Health Outcomes,Cancer (non-skin) or Melanoma,13.5,12.2,14.7,4907,4337
10003016301,New Castle,Prevention,High Blood Pressure Medication,75.2,72.3,77.8,7385,5955
10005051205,Sussex,Prevention,Annual Checkup,87.2,85.0,89.3,580,543
10005050604,Sussex,Health Outcomes,Depression,22.5,19.3,25.9,4674,3611
10005051201,Sussex,Disability,Independent Living Disability,6.0,4.8,7.3,1513,1391
10005050506,Sussex,Disability,Independent Living Disability,8.0,6.8,9.2,4112,3099
10003010400,New Castle,Disability,Self-care Disability,3.0,2.7,3.4,4591,3725
10003016301,New Castle,Health Status,Frequent Mental Distress,15.9,14.1,17.8,7385,5955
10003013000,New Castle,Health Outcomes,Coronary Heart Disease,6.2,5.4,7.0,1927,1515
10001042205,Kent,Disability,Mobility Disability,20.0,17.9,22.2,3019,2312
10003010800,New Castle,Disability,Self-care Disability,2.7,2.4,3.1,4796,3948
10003002400,New Castle,Health Outcomes,Current Asthma,11.8,10.5,13.2,4250,3346
10005051310,Sussex,Health-Related Social Needs,Housing Insecurity,4.3,3.3,5.3,1933,1765
10003000400,New Castle,Health Outcomes,Coronary Heart Disease,7.1,6.2,8.1,2957,2436
10003013607,New Castle,Prevention,Mammography,80.2,74.8,84.9,6255,5031
10003000400,New Castle,Health Risk Behaviors,Current Cigarette Smoking,12.9,10.2,15.7,2957,2436
10003010900,New Castle,Health Status,General Health,16.8,14.1,19.8,2773,2237
10003010105,New Castle,Health Status,Frequent Mental Distress,17.0,15.1,19.1,2916,2113
10003012100,New Castle,Health Outcomes,COPD,5.7,4.8,6.6,2901,2301
10003010800,New Castle,Health Outcomes,High Cholesterol,42.5,38.6,46.3,4796,3948
10003002100,New Castle,Prevention,Mammography,72.5,65.5,78.7,1809,1283
10005051201,Sussex,Health Status,Frequent Mental Distress,10.2,8.8,11.9,1513,1391
10003002400,New Castle,Health-Related Social Needs,Food Stamps,25.0,20.8,29.3,4250,3346
10003016613,New Castle,Health-Related Social Needs,Lack of Social/Emotional Support,24.0,20.7,27.8,6109,4337
10005051008,Sussex,Health Risk Behaviors,Physical Inactivity,22.3,18.3,26.7,4100,3626
10003010900,New Castle,Health Risk Behaviors,Short Sleep Duration,31.2,26.7,35.9,2773,2237
10005051015,Sussex,Health Outcomes,All Teeth Lost,9.7,8.0,11.6,1877,1626
10003015200,New Castle,Health Risk Behaviors,Physical Inactivity,30.5,26.1,34.8,5783,4501
10001042100,Kent,Prevention,High Blood Pressure Medication,79.3,76.5,81.9,3997,3098
10003016306,New Castle,Health Outcomes,All Teeth Lost,12.8,10.5,15.5,4598,3569
10003014501,New Castle,Health-Related Social Needs,Lack of Social/Emotional Support,22.9,18.5,28.0,2134,1931
10003012500,New Castle,Health Outcomes,High Blood Pressure,33.5,30.2,36.9,5660,4358
10005050505,Sussex,Health-Related Social Needs,Food Insecurity,20.3,16.6,24.6,2420,2212
10003013501,New Castle,Health Outcomes,Cancer (non-skin) or Melanoma,13.6,12.4,14.9,7213,5880
10003016306,New Castle,Disability,Any Disability,30.5,26.7,34.2,4598,3569
10005051314,Sussex,Health Risk Behaviors,Binge Drinking,11.9,10.0,14.0,2525,2271
10003002200,New Castle,Disability,Vision Disability,14.8,13.2,16.4,2874,1942
10005051010,Sussex,Disability,Mobility Disability,14.9,12.7,17.4,2795,2452
10005051312,Sussex,Health Outcomes,Depression,18.9,16.1,21.9,2290,2046
10001042205,Kent,Health Outcomes,Diabetes,17.0,15.0,19.0,3019,2312
10005050503,Sussex,Health Outcomes,Obesity,43.7,37.3,50.1,5604,3737
10001042207,Kent,Disability,Independent Living Disability,9.3,8.0,10.6,2576,1977
10005051015,Sussex,Disability,Hearing Disability,8.7,7.5,9.8,1877,1626
10003016613,New Castle,Health Outcomes,Stroke,3.0,2.7,3.4,6109,4337
10001041803,Kent,Disability,Cognitive Disability,16.6,14.8,18.5,4384,3459
10001042801,Kent,Health Status,General Health,17.8,15.0,21.0,2007,1606
10001041702,Kent,Health Status,General Health,18.4,16.3,21.0,4472,3405
10003002700,New Castle,Health-Related Social Needs,Food Insecurity,17.1,14.0,20.1,2990,2310
10005050302,Sussex,Prevention,Cholesterol Screening,84.4,82.2,86.3,5521,4001
10003014812,New Castle,Disability,Mobility Disability,10.6,9.1,12.4,4559,3628
10005050506,Sussex,Health-Related Social Needs,Loneliness,31.7,28.1,35.5,4112,3099
10003014706,New Castle,Disability,Hearing Disability,4.2,3.7,4.7,2929,2180
10005051012,Sussex,Disability,Cognitive Disability,11.6,9.9,13.6,1908,1715
10003011400,New Castle,Health Outcomes,Current Asthma,9.3,8.2,10.5,3456,2735
10005050903,Sussex,Health-Related Social Needs,Housing Insecurity,4.3,3.4,5.3,2161,1968
10005050403,Sussex,Health-Related Social Needs,Lack of Social/Emotional Support,23.0,20.1,26.2,3517,2621
10003014904,New Castle,Disability,Vision Disability,4.6,4.2,5.1,5003,4117
10003013901,New Castle,Health Risk Behaviors,Short Sleep Duration,36.6,31.6,41.9,3492,2741
10003000900,New Castle,Health Outcomes,Arthritis,26.7,23.8,29.5,2267,1563
10001042100,Kent,Health-Related Social Needs,Food Insecurity,14.7,12.7,17.0,3997,3098
10003014501,New Castle,Health Outcomes,High Blood Pressure,24.4,21.5,27.2,2134,1931
10003010502,New Castle,Health Risk Behaviors,Current Cigarette Smoking,11.2,9.4,13.4,5779,4788
10005051011,Sussex,Health Outcomes,Current Asthma,9.9,8.8,11.2,3580,3083
10003011800,New Castle,Health Outcomes,Diabetes,10.2,8.9,11.6,4927,4135
10003015600,New Castle,Health-Related Social Needs,Loneliness,36.0,32.0,40.1,2343,1791
10003002800,New Castle,Health Risk Behaviors,Physical Inactivity,26.4,22.1,30.4,2378,2071
10003012100,New Castle,Prevention,Health Insurance,9.2,7.4,11.0,2901,2301
10003013607,New Castle,Health Outcomes,Coronary Heart Disease,5.4,4.8,6.1,6255,5031
10001043100,Kent,Disability,Mobility Disability,16.6,14.3,19.0,2573,2087
10003014810,New Castle,Health Outcomes,Depression,21.6,18.6,24.8,7083,5613
10001042204,Kent,Health Outcomes,COPD,5.7,5.0,6.4,4773,3481
10003015000,New Castle,Health-Related Social Needs,Housing Insecurity,17.5,15.1,20.1,5659,4542
10005050505,Sussex,Health Risk Behaviors,Binge Drinking,17.8,15.0,20.7,2420,2212
10003012100,New Castle,Health Risk Behaviors,Binge Drinking,16.8,14.2,19.6,2901,2301
10003013905,New Castle,Health Status,Frequent Mental Distress,15.8,13.8,17.8,4169,3100
10001042500,Kent,Health Outcomes,High Blood Pressure,42.5,39.1,46.4,3590,2590
10005050601,Sussex,Disability,Any Disability,31.4,27.3,35.3,5391,4138
10003014501,New Castle,Health Status,Frequent Physical Distress,14.9,12.1,17.9,2134,1931
10005050501,Sussex,Health Outcomes,High Cholesterol,43.3,39.5,46.9,4201,3285
10005051313,Sussex,Health Outcomes,High Blood Pressure,45.9,41.9,49.8,3144,2742
10003012700,New Castle,Prevention,Dental Visit,59.9,56.2,63.5,4392,3592
10001980000,Kent,Health Outcomes,Depression,23.2,19.9,26.9,108,104
10001041802,Kent,Health Risk Behaviors,Current Cigarette Smoking,11.7,9.9,13.6,6720,5103
10005051309,Sussex,Health Outcomes,Obesity,29.9,24.5,35.5,1488,1407
10005051309,Sussex,Health Outcomes,High Blood Pressure,46.8,42.4,50.9,1488,1407
10001042900,Kent,Health Outcomes,High Cholesterol,43.5,39.6,47.6,5105,4056
10003014909,New Castle,Health Outcomes,High Blood Pressure,36.0,32.5,39.3,6186,4652
10003013800,New Castle,Disability,Cognitive Disability,12.4,10.7,14.1,5901,4752
10003000500,New Castle,Health-Related Social Needs,Food Stamps,23.2,18.5,27.8,3453,2515
10003002900,New Castle,Health-Related Social Needs,Lack of Social/Emotional Support,32.5,28.4,37.1,3499,2540
10003014813,New Castle,Health Status,Frequent Mental Distress,15.2,13.2,17.3,4889,3848
10001042207,Kent,Prevention,Annual Checkup,81.9,78.6,84.9,2576,1977
10003015400,New Castle,Health Risk Behaviors,Physical Inactivity,34.6,29.9,39.5,2932,2209
10003013903,New Castle,Prevention,Colorectal Cancer Screening,66.8,62.5,70.9,4820,3768
10003016612,New Castle,Health-Related Social Needs,Transportation Barriers,5.5,4.7,6.4,6450,4739
10003011800,New Castle,Health Status,Frequent Physical Distress,10.1,8.8,11.4,4927,4135
10005051016,Sussex,Disability,Hearing Disability,7.9,6.8,9.1,1879,1685
10003014702,New Castle,Prevention,High Blood Pressure Medication,74.7,71.7,77.3,1910,1510
10003011700,New Castle,Health-Related Social Needs,Food Insecurity,3.8,2.9,4.9,4260,3465
10005051307,Sussex,Disability,Self-care Disability,4.3,3.3,5.4,2975,2708
10005050708,Sussex,Health Outcomes,High Blood Pressure,45.4,40.9,49.6,2774,2424
10003013903,New Castle,Health Status,Frequent Physical Distress,12.7,11.2,14.2,4820,3768
10003016609,New Castle,Prevention,Colorectal Cancer Screening,65.2,61.1,69.3,5595,4312
10005051016,Sussex,Disability,Vision Disability,3.0,2.5,3.6,1879,1685
10003013501,New Castle,Health Outcomes,Stroke,3.4,3.0,3.9,7213,5880
10003012500,New Castle,Health-Related Social Needs,Utility Services Threat,9.3,8.0,10.7,5660,4358
10001041803,Kent,Health Outcomes,Obesity,46.0,39.6,52.9,4384,3459
10003015900,New Castle,Health-Related Social Needs,Transportation Barriers,9.2,8.1,10.6,3344,2595
10005050701,Sussex,Health Outcomes,Coronary Heart Disease,9.6,8.4,10.8,5068,4322
10005050708,Sussex,Prevention,Cholesterol Screening,92.6,91.3,93.7,2774,2424
10001042802,Kent,Health Status,Frequent Mental Distress,17.5,15.5,19.6,5612,4350
10001042203,Kent,Health Outcomes,Stroke,3.0,2.8,3.3,5705,4255
10003016904,New Castle,Health Status,General Health,25.0,21.6,28.5,3096,2872
10003000602,New Castle,Health-Related Social Needs,Food Insecurity,30.8,26.0,35.9,2876,2134
10003014000,New Castle,Health Outcomes,Stroke,3.6,3.2,4.0,5441,4349
10003014909,New Castle,Health Outcomes,All Teeth Lost,13.0,10.6,15.6,6186,4652
10003016610,New Castle,Health Outcomes,Arthritis,28.1,25.4,30.8,7062,5510
10003011100,New Castle,Health-Related Social Needs,Utility Services Threat,4.1,3.4,4.8,2654,2282
10003016200,New Castle,Health Outcomes,COPD,5.7,4.7,6.8,3051,2509
10001042203,Kent,Health Outcomes,Cancer (non-skin) or Melanoma,8.1,7.3,8.9,5705,4255
10003014200,New Castle,Disability,Mobility Disability,11.5,9.8,13.2,1600,1313
10005051101,Sussex,Health-Related Social Needs,Lack of Social/Emotional Support,13.4,11.3,15.9,629,589
10003002600,New Castle,Health-Related Social Needs,Loneliness,36.3,32.2,40.5,3730,2585
10003012600,New Castle,Disability,Vision Disability,4.0,3.4,4.6,2945,2351
10003012400,New Castle,Health Outcomes,High Blood Pressure,34.0,30.6,37.4,4637,3486
10003011900,New Castle,Health Status,Frequent Physical Distress,11.2,9.7,12.8,3298,2592
10003013507,New Castle,Health Outcomes,High Blood Pressure,34.1,30.5,37.7,1819,1428
10005050601,Sussex,Health-Related Social Needs,Food Insecurity,15.3,13.0,17.8,5391,4138
10001042000,Kent,Disability,Hearing Disability,7.5,6.6,8.5,3064,2380
10005050104,Sussex,Disability,Self-care Disability,5.2,4.4,6.0,5031,3785
10003016610,New Castle,Health Risk Behaviors,Current Cigarette Smoking,11.7,9.6,13.7,7062,5510
10003013300,New Castle,Health Outcomes,Arthritis,27.5,24.6,30.3,1907,1543
10003016308,New Castle,Prevention,Mammography,80.2,74.7,85.2,3728,2990
10005051204,Sussex,Prevention,Colorectal Cancer Screening,81.2,78.1,84.3,652,627
10005051802,Sussex,Health Risk Behaviors,Physical Inactivity,32.4,28.0,36.9,4354,3076
10005050701,Sussex,Disability,Vision Disability,5.4,4.7,6.2,5068,4322
10003014705,New Castle,Health Status,Frequent Mental Distress,17.0,15.0,19.1,5891,4572
10005050405,Sussex,Health Status,Frequent Mental Distress,16.4,14.4,18.4,4378,3304
10003002300,New Castle,Health Risk Behaviors,Physical Inactivity,38.6,33.6,43.5,3003,2091
10001042802,Kent,Health Risk Behaviors,Current Cigarette Smoking,13.9,11.7,16.4,5612,4350
10003015600,New Castle,Health Status,Frequent Physical Distress,15.4,13.6,17.2,2343,1791
10003011900,New Castle,Prevention,Annual Checkup,82.5,79.4,85.1,3298,2592
10003001500,New Castle,Health Status,Frequent Physical Distress,14.6,12.9,16.5,2231,1748
10003014403,New Castle,Health Outcomes,Current Asthma,10.4,9.2,11.6,3611,2955
10005051307,Sussex,Health Outcomes,High Cholesterol,54.2,50.0,58.4,2975,2708
10003001902,New Castle,Health Outcomes,Diabetes,14.7,12.9,16.7,2113,1554
10003016806,New Castle,Health Outcomes,Stroke,2.7,2.4,2.9,6347,4487
10005050506,Sussex,Prevention,High Blood Pressure Medication,78.9,76.1,81.3,4112,3099
10003010704,New Castle,Prevention,Dental Visit,61.1,57.4,64.7,3947,3149
10003014402,New Castle,Prevention,Dental Visit,65.8,62.2,69.2,2807,2383
10003013901,New Castle,Prevention,High Blood Pressure Medication,73.7,70.7,76.6,3492,2741
10003010106,New Castle,Health-Related Social Needs,Transportation Barriers,8.8,7.4,10.4,1760,1509
10005050710,Sussex,Health Risk Behaviors,Physical Inactivity,33.7,29.0,38.5,1870,1457
10005050503,Sussex,Health Outcomes,Depression,22.5,19.3,25.9,5604,3737
10003014907,New Castle,Prevention,High Blood Pressure Medication,75.3,72.5,77.9,4921,3708
10003012600,New Castle,Disability,Any Disability,27.8,23.5,32.2,2945,2351
10003001400,New Castle,Prevention,High Blood Pressure Medication,76.0,73.4,78.5,2103,1727
10005050200,Sussex,Health Outcomes,Current Asthma,11.4,10.1,12.7,3744,2777
10001043400,Kent,Health Outcomes,Stroke,4.0,3.7,4.4,5648,4415
10003010400,New Castle,Health Risk Behaviors,Binge Drinking,16.2,13.8,18.8,4591,3725
10003016610,New Castle,Health Status,Frequent Physical Distress,12.9,11.3,14.5,7062,5510
10005051101,Sussex,Health Risk Behaviors,Current Cigarette Smoking,6.6,5.2,8.3,629,589
10003014301,New Castle,Health Outcomes,Cancer (non-skin) or Melanoma,13.4,12.2,14.8,1317,1092
10003000900,New Castle,Health Outcomes,Obesity,47.8,41.1,54.2,2267,1563
10001980000,Kent,Disability,Independent Living Disability,7.7,6.8,8.7,108,104
10005051702,Sussex,Health-Related Social Needs,Housing Insecurity,12.2,10.6,14.1,6577,4982
10005050401,Sussex,Health-Related Social Needs,Transportation Barriers,7.5,6.4,8.6,3606,2872
10003013400,New Castle,Health Status,Frequent Physical Distress,12.3,10.4,14.4,2504,2036
10003002600,New Castle,Prevention,High Blood Pressure Medication,72.7,69.6,75.6,3730,2585
10003012700,New Castle,Health Risk Behaviors,Short Sleep Duration,34.8,30.1,39.9,4392,3592
10003015502,New Castle,Prevention,Cholesterol Screening,85.0,82.7,87.1,2686,2035
10003015502,New Castle,Health-Related Social Needs,Food Stamps,26.8,22.2,31.4,2686,2035
10001042208,Kent,Prevention,Colorectal Cancer Screening,67.6,63.3,71.8,4016,3108
10005051501,Sussex,Disability,Vision Disability,5.7,5.1,6.3,2246,1737
10003011800,New Castle,Health Outcomes,Arthritis,28.6,25.7,31.5,4927,4135
10005050302,Sussex,Prevention,Colorectal Cancer Screening,64.3,60.2,68.6,5521,4001
10003014702,New Castle,Disability,Mobility Disability,14.3,12.5,16.3,1910,1510
10003013905,New Castle,Health-Related Social Needs,Food Stamps,9.4,7.3,11.8,4169,3100
10003014502,New Castle,Health Outcomes,COPD,4.5,3.9,5.2,7374,7189
10003014814,New Castle,Prevention,Colorectal Cancer Screening,65.0,60.8,69.1,4361,3290
10001043300,Kent,Disability,Independent Living Disability,11.0,9.5,12.9,6553,5692
10003010703,New Castle,Disability,Vision Disability,5.4,4.8,6.1,2036,1556
10005050105,Sussex,Health-Related Social Needs,Transportation Barriers,9.6,8.4,10.8,5939,4388
10005050703,Sussex,Health Outcomes,Arthritis,35.8,32.3,38.9,2153,1786
10001042206,Kent,Health Outcomes,Arthritis,30.4,27.3,33.5,2822,2203
10005051307,Sussex,Prevention,Mammography,81.2,76.2,85.9,2975,2708
10003014909,New Castle,Health-Related Social Needs,Housing Insecurity,19.3,16.5,22.0,6186,4652
10005051310,Sussex,Health-Related Social Needs,Food Insecurity,5.7,4.2,7.5,1933,1765
10003015400,New Castle,Prevention,Annual Checkup,82.0,79.0,84.7,2932,2209
10003016309,New Castle,Health Status,General Health,20.9,18.0,23.8,4125,3307
10005051314,Sussex,Health Outcomes,High Cholesterol,51.8,47.7,55.8,2525,2271
10005051202,Sussex,Health Outcomes,Obesity,26.2,21.4,31.4,856,822
10003016404,New Castle,Health-Related Social Needs,Housing Insecurity,11.4,9.8,13.2,3334,2622
10003014301,New Castle,Health-Related Social Needs,Lack of Social/Emotional Support,16.8,14.3,19.8,1317,1092
10003016200,New Castle,Health Status,Frequent Physical Distress,11.8,10.3,13.4,3051,2509
10005051102,Sussex,Health Outcomes,Stroke,3.7,3.3,4.2,1029,970
10003014302,New Castle,Health Outcomes,Coronary Heart Disease,3.5,3.1,3.9,4908,4464
10005051312,Sussex,Health-Related Social Needs,Transportation Barriers,4.2,3.6,4.9,2290,2046
10003016609,New Castle,Disability,Hearing Disability,4.9,4.2,5.7,5595,4312
10005051205,Sussex,Health Outcomes,High Blood Pressure,45.0,40.8,49.0,580,543
10003014812,New Castle,Health Outcomes,COPD,4.7,3.9,5.5,4559,3628
10003010104,New Castle,Prevention,Dental Visit,60.8,57.1,64.4,3620,2830
10003002100,New Castle,Prevention,Annual Checkup,80.7,77.5,83.7,1809,1283
10003014904,New Castle,Health-Related Social Needs,Food Insecurity,15.7,13.5,18.2,5003,4117
10005050711,Sussex,Disability,Independent Living Disability,11.0,9.2,12.7,1505,1256
10003013608,New Castle,Prevention,High Blood Pressure Medication,73.0,69.6,76.0,1959,1543
10005051009,Sussex,Prevention,Cholesterol Screening,93.0,91.7,94.1,2313,1978
10001042208,Kent,Health Risk Behaviors,Physical Inactivity,30.3,26.0,34.9,4016,3108
10005051308,Sussex,Health Outcomes,Depression,20.2,17.1,23.4,4074,3530
10003010300,New Castle,Health Risk Behaviors,Binge Drinking,16.4,13.9,19.0,4106,3232
10003011700,New Castle,Prevention,Mammography,82.7,77.7,87.1,4260,3465
10003015802,New Castle,Disability,Self-care Disability,4.0,3.4,4.5,2276,1726
10003011300,New Castle,Prevention,Cholesterol Screening,91.5,89.8,92.8,2244,1847
10003014403,New Castle,Health Outcomes,All Teeth Lost,7.9,6.4,9.6,3611,2955
10001042900,Kent,Health Outcomes,Cancer (non-skin) or Melanoma,10.3,9.3,11.2,5105,4056
10003011500,New Castle,Disability,Vision Disability,3.5,2.9,4.2,2908,2308
10005051103,Sussex,Disability,Cognitive Disability,7.9,6.7,9.4,952,866
10005050709,Sussex,Health Risk Behaviors,Short Sleep Duration,26.7,22.8,31.3,1956,1774
10003016307,New Castle,Disability,Any Disability,26.5,22.9,30.1,2756,2221
10001043202,Kent,Health Outcomes,COPD,9.4,8.2,10.6,3722,2979
10003001400,New Castle,Health Risk Behaviors,Short Sleep Duration,38.9,33.9,44.1,2103,1727
10003014301,New Castle,Health Outcomes,Stroke,3.3,2.9,3.8,1317,1092
10005050505,Sussex,Health Outcomes,COPD,7.2,6.1,8.3,2420,2212
10003014302,New Castle,Disability,Hearing Disability,4.0,3.5,4.5,4908,4464
10003011206,New Castle,Disability,Hearing Disability,6.2,5.3,7.1,4319,3345
10003011206,New Castle,Health-Related Social Needs,Loneliness,26.7,23.3,30.6,4319,3345
10003012300,New Castle,Prevention,High Blood Pressure Medication,73.4,70.4,76.1,2739,2159
10001042204,Kent,Disability,Vision Disability,4.1,3.7,4.5,4773,3481
10003014808,New Castle,Health-Related Social Needs,Food Insecurity,15.2,13.1,17.4,6476,5078
10003012500,New Castle,Health Status,Frequent Mental Distress,17.3,15.4,19.3,5660,4358
10001043400,Kent,Health Outcomes,Obesity,41.6,35.3,48.3,5648,4415
10001042205,Kent,Health Status,General Health,24.8,22.1,27.5,3019,2312
10003012300,New Castle,Health Outcomes,Obesity,37.4,31.3,43.6,2739,2159
10003013901,New Castle,Prevention,Health Insurance,11.1,8.9,13.4,3492,2741
10003002300,New Castle,Prevention,Dental Visit,44.6,40.7,48.6,3003,2091
10003013615,New Castle,Health-Related Social Needs,Transportation Barriers,6.5,5.6,7.6,4107,3324
10001042801,Kent,Health Outcomes,Current Asthma,11.8,10.4,13.3,2007,1606
10003011000,New Castle,Prevention,Colorectal Cancer Screening,70.4,66.5,74.3,3201,2542
10005050407,Sussex,Health Outcomes,Diabetes,17.5,15.5,19.6,5238,4210
10003010502,New Castle,Health-Related Social Needs,Transportation Barriers,6.7,5.8,7.7,5779,4788
10001042500,Kent,Prevention,Mammography,71.7,64.7,78.0,3590,2590
10003011100,New Castle,Prevention,Health Insurance,5.0,4.1,6.1,2654,2282
10005050407,Sussex,Disability,Cognitive Disability,15.8,13.9,17.8,5238,4210
10003016000,New Castle,Health-Related Social Needs,Loneliness,35.4,31.4,39.4,2999,2265
10003013604,New Castle,Health Outcomes,Cancer (non-skin) or Melanoma,10.8,9.8,11.9,4156,3372
10005051008,Sussex,Health Risk Behaviors,Current Cigarette Smoking,9.9,7.9,12.3,4100,3626
10003011300,New Castle,Health Risk Behaviors,Binge Drinking,14.6,12.5,17.1,2244,1847
10003014803,New Castle,Disability,Cognitive Disability,11.4,9.8,13.1,4150,3432
10003016306,New Castle,Disability,Mobility Disability,14.9,12.9,16.8,4598,3569
10001043300,Kent,Health Status,Frequent Mental Distress,22.5,19.7,25.1,6553,5692
10003014813,New Castle,Health-Related Social Needs,Food Insecurity,11.7,9.3,14.3,4889,3848
10001041803,Kent,Health Outcomes,Stroke,5.1,4.7,5.6,4384,3459
10003014404,New Castle,Health-Related Social Needs,Transportation Barriers,6.7,5.7,8.0,4159,3562
10005051311,Sussex,Health Outcomes,Diabetes,14.2,12.0,16.7,1832,1712
10005050505,Sussex,Prevention,Mammography,79.5,74.3,84.7,2420,2212
10003014302,New Castle,Disability,Vision Disability,3.2,2.8,3.6,4908,4464
10003014809,New Castle,Prevention,Annual Checkup,79.4,76.0,82.4,8360,6692
10003016309,New Castle,Prevention,Colorectal Cancer Screening,67.0,62.7,71.2,4125,3307
10005051313,Sussex,Disability,Mobility Disability,16.6,14.3,19.2,3144,2742
10001042802,Kent,Health Outcomes,High Cholesterol,40.6,36.7,44.5,5612,4350
10005051501,Sussex,Health Outcomes,COPD,7.7,6.7,8.8,2246,1737
10003010502,New Castle,Prevention,Annual Checkup,79.9,76.7,82.8,5779,4788
10003012400,New Castle,Disability,Cognitive Disability,16.7,14.7,18.7,4637,3486
10005050905,Sussex,Prevention,Health Insurance,5.8,4.6,7.2,2848,2485
10005050302,Sussex,Health-Related Social Needs,Transportation Barriers,10.7,9.3,12.1,5521,4001
10005051103,Sussex,Health Outcomes,All Teeth Lost,5.3,4.4,6.5,952,866
10003002500,New Castle,Health Outcomes,Coronary Heart Disease,5.8,5.1,6.5,3235,2443
10003010200,New Castle,Disability,Cognitive Disability,11.4,9.7,13.2,2034,1607
10005050706,Sussex,Health Outcomes,High Cholesterol,51.1,46.8,55.2,1772,1557
10005051017,Sussex,Prevention,Dental Visit,74.9,72.1,77.8,3804,3435
10005050104,Sussex,Health Outcomes,Coronary Heart Disease,8.2,7.2,9.3,5031,3785
10003014706,New Castle,Health-Related Social Needs,Utility Services Threat,8.9,7.5,10.3,2929,2180
10005050403,Sussex,Health Outcomes,Current Asthma,11.1,9.9,12.5,3517,2621
10005051309,Sussex,Prevention,Health Insurance,5.2,3.7,7.0,1488,1407
10003011600,New Castle,Health Outcomes,Stroke,2.7,2.3,3.2,3287,2573
10003010900,New Castle,Prevention,High Blood Pressure Medication,79.3,76.4,81.9,2773,2237
10005050200,Sussex,Disability,Any Disability,33.9,30.2,37.6,3744,2777
10003014703,New Castle,Health Risk Behaviors,Physical Inactivity,29.9,25.8,34.4,4827,3890
10003013700,New Castle,Health Outcomes,Cancer (non-skin) or Melanoma,6.9,6.3,7.6,4071,3177
10003014908,New Castle,Health Outcomes,Obesity,41.2,35.1,47.4,2425,1792
10003016306,New Castle,Prevention,Health Insurance,10.1,8.4,12.0,4598,3569
10003010800,New Castle,Health Outcomes,All Teeth Lost,6.2,5.0,7.6,4796,3948
10003015100,New Castle,Health Outcomes,Diabetes,13.4,11.7,15.2,3594,2808
10003002900,New Castle,Health Outcomes,All Teeth Lost,31.1,26.7,35.9,3499,2540
10003002700,New Castle,Health Risk Behaviors,Physical Inactivity,24.0,20.1,28.0,2990,2310
10003013610,New Castle,Disability,Any Disability,23.1,19.9,26.3,5460,4534
10003014000,New Castle,Health Outcomes,Arthritis,24.8,22.2,27.4,5441,4349
10001042802,Kent,Prevention,Annual Checkup,81.9,78.9,84.9,5612,4350
10005050801,Sussex,Health Outcomes,Stroke,3.7,3.3,4.2,3979,3225
10005050505,Sussex,Disability,Vision Disability,5.7,4.9,6.6,2420,2212
10005050104,Sussex,Disability,Hearing Disability,8.1,7.0,9.2,5031,3785
10001041804,Kent,Disability,Self-care Disability,4.6,4.1,5.2,5980,4654
10005050401,Sussex,Disability,Mobility Disability,16.4,14.2,19.0,3606,2872
10003016614,New Castle,Disability,Cognitive Disability,10.8,9.3,12.5,6239,4474
10001043300,Kent,Health Risk Behaviors,Current Cigarette Smoking,10.7,9.0,12.6,6553,5692
10005050709,Sussex,Disability,Hearing Disability,10.8,9.3,12.5,1956,1774
10003013506,New Castle,Prevention,Mammography,80.0,74.3,84.8,4567,3785
10003013613,New Castle,Prevention,Mammography,78.1,72.5,83.1,5657,4676
10003010105,New Castle,Health Outcomes,Current Asthma,10.7,9.5,12.1,2916,2113
10003014808,New Castle,Disability,Self-care Disability,3.3,3.0,3.7,6476,5078
10001042000,Kent,Health-Related Social Needs,Loneliness,35.6,31.6,39.9,3064,2380
10005050805,Sussex,Prevention,Mammography,80.7,75.7,85.5,3038,2464
10003000900,New Castle,Health-Related Social Needs,Food Insecurity,41.4,35.6,47.3,2267,1563
10001043100,Kent,Health-Related Social Needs,Food Stamps,10.3,8.4,12.7,2573,2087
10003014811,New Castle,Health Risk Behaviors,Binge Drinking,16.5,14.0,19.2,6677,4822
10003014302,New Castle,Prevention,Mammography,79.3,73.7,84.3,4908,4464
10003015600,New Castle,Health Outcomes,Diabetes,16.6,14.7,18.7,2343,1791
10005051501,Sussex,Prevention,Health Insurance,13.2,11.2,15.4,2246,1737
10003014907,New Castle,Health Outcomes,High Cholesterol,37.1,33.4,40.5,4921,3708
10005051203,Sussex,Health Outcomes,Coronary Heart Disease,9.4,8.2,10.8,792,726
10003011202,New Castle,Health Outcomes,High Cholesterol,43.4,39.5,47.3,4003,3308
10003014000,New Castle,Prevention,Dental Visit,56.5,52.8,60.1,5441,4349
10005050405,Sussex,Disability,Cognitive Disability,14.4,12.5,16.5,4378,3304
10001042802,Kent,Health-Related Social Needs,Utility Services Threat,7.5,6.4,8.6,5612,4350
10003011600,New Castle,Prevention,Dental Visit,72.8,69.7,75.8,3287,2573
10001041803,Kent,Disability,Independent Living Disability,11.1,9.9,12.3,4384,3459
10005050709,Sussex,Health Outcomes,Arthritis,40.4,36.3,44.3,1956,1774
10003012600,New Castle,Disability,Hearing Disability,5.5,4.7,6.4,2945,2351
10005051013,Sussex,Health Outcomes,COPD,8.6,7.2,10.1,3686,3150
10003003002,New Castle,Disability,Vision Disability,14.2,12.4,16.1,3060,2329
10003013905,New Castle,Disability,Independent Living Disability,5.7,4.9,6.6,4169,3100
10003013614,New Castle,Disability,Cognitive Disability,16.0,14.0,18.0,3258,2555
10003013903,New Castle,Health Outcomes,All Teeth Lost,8.9,7.2,10.8,4820,3768
10005050706,Sussex,Prevention,Annual Checkup,85.3,82.7,87.6,1772,1557
10005050101,Sussex,Disability,Hearing Disability,7.7,6.8,8.7,4013,3236
10001042208,Kent,Disability,Any Disability,34.2,30.2,38.3,4016,3108
10005050806,Sussex,Disability,Independent Living Disability,7.3,6.1,8.5,4454,3735
10003016805,New Castle,Disability,Mobility Disability,14.7,12.4,17.3,1723,1396
10001043400,Kent,Disability,Hearing Disability,8.0,7.0,8.9,5648,4415
10005050807,Sussex,Health-Related Social Needs,Utility Services Threat,5.1,4.1,6.1,1824,1622
10003014100,New Castle,Prevention,Mammography,75.7,69.4,81.3,4985,3693
10003012700,New Castle,Prevention,Cholesterol Screening,86.0,84.0,88.0,4392,3592
10001043000,Kent,Disability,Self-care Disability,3.9,3.5,4.4,5414,4110
10001042500,Kent,Prevention,Dental Visit,53.7,49.6,57.6,3590,2590
10005051308,Sussex,Disability,Mobility Disability,16.0,13.1,19.1,4074,3530
10001041803,Kent,Prevention,Health Insurance,11.7,9.9,13.7,4384,3459
10005051802,Sussex,Health-Related Social Needs,Housing Insecurity,16.9,14.4,19.4,4354,3076
10005051017,Sussex,Health-Related Social Needs,Transportation Barriers,3.7,3.0,4.6,3804,3435
10003012300,New Castle,Prevention,Colorectal Cancer Screening,60.1,55.5,64.7,2739,2159
10001042100,Kent,Prevention,Dental Visit,60.4,56.4,64.1,3997,3098
10003013614,New Castle,Disability,Self-care Disability,3.7,3.3,4.2,3258,2555
10001042100,Kent,Disability,Independent Living Disability,9.4,8.3,10.6,3997,3098
10005051501,Sussex,Disability,Any Disability,31.6,28.0,35.3,2246,1737
10005050406,Sussex,Health-Related Social Needs,Utility Services Threat,12.6,10.8,14.3,5475,4063
10005050105,Sussex,Prevention,High Blood Pressure Medication,79.0,76.2,81.4,5939,4388
10003011201,New Castle,Health-Related Social Needs,Loneliness,30.9,27.0,35.1,2421,1946
10003012000,New Castle,Health-Related Social Needs,Food Stamps,11.0,9.1,13.2,4334,3536
10003015000,New Castle,Prevention,Cholesterol Screening,85.5,83.4,87.3,5659,4542
10003003002,New Castle,Health Outcomes,Depression,22.5,19.2,25.9,3060,2329
10003013507,New Castle,Disability,Mobility Disability,10.9,9.0,13.1,1819,1428
10003011700,New Castle,Health Risk Behaviors,Binge Drinking,14.3,12.1,16.6,4260,3465
10005050711,Sussex,Health-Related Social Needs,Utility Services Threat,8.6,7.2,10.0,1505,1256
10005050708,Sussex,Disability,Mobility Disability,15.9,12.8,19.2,2774,2424
10003011206,New Castle,Disability,Cognitive Disability,8.7,7.1,10.3,4319,3345
10003000500,New Castle,Health Outcomes,Current Asthma,12.5,11.0,13.9,3453,2515
10005050103,Sussex,Health Outcomes,Depression,20.6,17.5,23.7,5063,4221
10003014803,New Castle,Health-Related Social Needs,Loneliness,29.7,26.0,33.5,4150,3432
10001980000,Kent,Disability,Mobility Disability,2.9,2.5,3.4,108,104
10003012200,New Castle,Health Outcomes,High Cholesterol,37.2,33.6,40.8,4676,3581
10003013400,New Castle,Health Risk Behaviors,Physical Inactivity,22.8,18.3,27.4,2504,2036
10003015802,New Castle,Health Status,Frequent Physical Distress,13.9,12.2,15.7,2276,1726
10003000900,New Castle,Health Outcomes,Current Asthma,13.7,12.1,15.4,2267,1563
10003000300,New Castle,Health Status,General Health,27.8,23.6,32.2,3012,2233
10003016613,New Castle,Health Outcomes,Diabetes,11.5,9.9,13.0,6109,4337
10003014908,New Castle,Health Outcomes,Depression,20.9,17.9,24.0,2425,1792
10003016404,New Castle,Disability,Any Disability,30.2,26.5,33.9,3334,2622
10005050407,Sussex,Health Outcomes,All Teeth Lost,19.2,16.4,22.7,5238,4210
10003013000,New Castle,Health-Related Social Needs,Utility Services Threat,6.6,5.5,7.7,1927,1515
10003014502,New Castle,Prevention,Mammography,68.8,61.3,75.7,7374,7189
10005051013,Sussex,Prevention,Mammography,82.6,78.0,87.0,3686,3150
10003011900,New Castle,Prevention,Colorectal Cancer Screening,69.9,65.8,73.8,3298,2592
10003016806,New Castle,Health Outcomes,Current Asthma,10.5,9.3,11.8,6347,4487
10005051309,Sussex,Health Outcomes,Depression,18.6,15.8,21.6,1488,1407
10005050706,Sussex,Health Outcomes,Obesity,31.7,26.1,37.4,1772,1557
10003014000,New Castle,Health Status,Frequent Physical Distress,13.8,12.1,15.5,5441,4349
10001042900,Kent,Prevention,Health Insurance,10.2,8.6,12.2,5105,4056
10003000200,New Castle,Health Outcomes,COPD,7.7,6.4,9.3,5298,4193
10003015200,New Castle,Health Outcomes,High Blood Pressure,32.8,29.5,36.1,5783,4501
10005050200,Sussex,Disability,Self-care Disability,4.9,4.5,5.4,3744,2777
10005051203,Sussex,Disability,Vision Disability,3.4,2.8,4.1,792,726
10005050903,Sussex,Prevention,Cholesterol Screening,94.3,93.3,95.2,2161,1968
10005050805,Sussex,Health Outcomes,Current Asthma,10.0,8.8,11.2,3038,2464
10005050709,Sussex,Health Outcomes,COPD,8.9,6.9,11.0,1956,1774
10003016306,New Castle,Disability,Hearing Disability,5.1,4.4,5.7,4598,3569
10003013501,New Castle,Health-Related Social Needs,Food Stamps,3.7,2.9,4.8,7213,5880
10003013614,New Castle,Health Risk Behaviors,Physical Inactivity,29.4,25.2,34.0,3258,2555
10003013507,New Castle,Prevention,Health Insurance,4.9,3.7,6.3,1819,1428
10005050501,Sussex,Health Outcomes,High Blood Pressure,37.9,34.4,41.4,4201,3285
10003001500,New Castle,Health Outcomes,Arthritis,27.8,25.0,30.5,2231,1748
10003002300,New Castle,Health Risk Behaviors,Current Cigarette Smoking,17.7,15.3,20.4,3003,2091
10001043202,Kent,Health Outcomes,High Cholesterol,41.7,37.9,45.7,3722,2979
10003011204,New Castle,Disability,Vision Disability,3.6,3.1,4.2,3313,2741
10003001902,New Castle,Health Outcomes,Stroke,3.9,3.5,4.5,2113,1554
10005051016,Sussex,Disability,Cognitive Disability,7.5,6.2,9.0,1879,1685
10003010900,New Castle,Health-Related Social Needs,Transportation Barriers,5.9,4.9,6.9,2773,2237
10003014903,New Castle,Health Outcomes,Stroke,4.0,3.5,4.4,7365,5269
10003016401,New Castle,Health Status,General Health,16.1,14.0,18.6,6711,5269
10003011300,New Castle,Health-Related Social Needs,Housing Insecurity,5.9,4.7,7.3,2244,1847
10005050302,Sussex,Health-Related Social Needs,Housing Insecurity,15.8,13.6,18.0,5521,4001
10005051900,Sussex,Prevention,Annual Checkup,81.1,78.0,84.0,4760,3685
10003000300,New Castle,Prevention,Health Insurance,10.9,8.2,13.8,3012,2233
10003000400,New Castle,Disability,Vision Disability,6.1,5.2,7.1,2957,2436
10005050200,Sussex,Health-Related Social Needs,Food Insecurity,20.4,17.9,23.0,3744,2777
10003014703,New Castle,Health Outcomes,High Cholesterol,39.2,35.6,42.8,4827,3890
10003010800,New Castle,Prevention,Mammography,79.2,73.7,84.2,4796,3948
10003011400,New Castle,Health Outcomes,Arthritis,28.1,25.0,31.3,3456,2735
10003013611,New Castle,Health Outcomes,All Teeth Lost,8.5,6.9,10.4,5572,4648
10005051900,Sussex,Disability,Independent Living Disability,8.3,7.3,9.3,4760,3685
10005050503,Sussex,Health-Related Social Needs,Loneliness,37.7,33.8,42.0,5604,3737
10005050604,Sussex,Health-Related Social Needs,Loneliness,31.3,27.6,35.1,4674,3611
10005051311,Sussex,Prevention,Colorectal Cancer Screening,78.8,75.4,82.2,1832,1712
10003001300,New Castle,Health Status,Frequent Mental Distress,11.3,9.9,12.8,3588,3013
10003014811,New Castle,Disability,Cognitive Disability,9.6,8.1,11.1,6677,4822
10003010900,New Castle,Health Outcomes,Depression,22.6,19.5,25.9,2773,2237
10003016806,New Castle,Health Outcomes,High Cholesterol,35.7,32.0,39.3,6347,4487
10003011205,New Castle,Disability,Cognitive Disability,10.2,8.5,12.0,1968,1585
10003014811,New Castle,Health-Related Social Needs,Housing Insecurity,7.5,6.2,9.0,6677,4822
10001043000,Kent,Health Risk Behaviors,Binge Drinking,13.6,11.5,16.2,5414,4110
10005050405,Sussex,Prevention,Health Insurance,10.8,8.9,13.0,4378,3304
10005051400,Sussex,Health Outcomes,Cancer (non-skin) or Melanoma,9.0,8.2,9.9,3878,3033
10001041900,Kent,Prevention,Cholesterol Screening,84.3,82.0,86.5,5289,4044
10003012000,New Castle,Disability,Independent Living Disability,8.1,7.0,9.2,4334,3536
10005051103,Sussex,Prevention,Mammography,82.6,78.0,86.9,952,866
10003016901,New Castle,Disability,Cognitive Disability,14.9,13.1,16.8,2364,1876
10003016901,New Castle,Disability,Independent Living Disability,8.9,7.8,10.1,2364,1876
10005051311,Sussex,Health Outcomes,All Teeth Lost,8.4,6.9,10.3,1832,1712
10005050406,Sussex,Health Outcomes,High Blood Pressure,44.2,40.6,47.8,5475,4063
10001042000,Kent,Health Outcomes,COPD,8.9,7.7,10.2,3064,2380
10003000900,New Castle,Disability,Self-care Disability,7.7,6.5,8.9,2267,1563
10003001500,New Castle,Health Outcomes,All Teeth Lost,19.1,15.9,22.4,2231,1748
10005050103,Sussex,Prevention,Mammography,80.9,75.9,85.6,5063,4221
10003011202,New Castle,Health Outcomes,All Teeth Lost,10.1,8.3,12.2,4003,3308
10003012100,New Castle,Disability,Mobility Disability,12.1,10.4,13.9,2901,2301
10005050904,Sussex,Health Outcomes,Diabetes,15.0,12.8,17.2,2592,2256
10001041804,Kent,Health Risk Behaviors,Binge Drinking,12.6,10.5,14.9,5980,4654
10005050505,Sussex,Disability,Self-care Disability,4.1,3.6,4.7,2420,2212
10001042204,Kent,Health-Related Social Needs,Housing Insecurity,11.3,9.7,13.0,4773,3481
10003015000,New Castle,Health-Related Social Needs,Loneliness,34.1,30.1,38.2,5659,4542
10005051310,Sussex,Health Outcomes,Coronary Heart Disease,9.4,8.0,10.9,1933,1765
10003015100,New Castle,Health Risk Behaviors,Short Sleep Duration,35.9,31.1,41.1,3594,2808
10005051011,Sussex,Health-Related Social Needs,Lack of Social/Emotional Support,16.2,13.6,18.9,3580,3083
10003012600,New Castle,Health Outcomes,Coronary Heart Disease,5.4,4.6,6.2,2945,2351
10003011000,New Castle,Health-Related Social Needs,Transportation Barriers,4.4,3.8,5.2,3201,2542
10005051012,Sussex,Health Outcomes,Stroke,4.9,4.2,5.6,1908,1715
10003014702,New Castle,Health Status,General Health,18.7,16.3,21.3,1910,1510
10003011800,New Castle,Health-Related Social Needs,Food Insecurity,5.2,4.2,6.3,4927,4135
10001042207,Kent,Health Risk Behaviors,Short Sleep Duration,41.4,35.9,46.9,2576,1977
10003000200,New Castle,Prevention,Mammography,82.0,77.0,86.5,5298,4193
10005050401,Sussex,Health Risk Behaviors,Current Cigarette Smoking,16.9,14.2,20.0,3606,2872
10003016301,New Castle,Health Outcomes,Depression,20.8,17.9,23.8,7385,5955
10003000500,New Castle,Health Outcomes,All Teeth Lost,13.0,10.8,15.6,3453,2515
10003010106,New Castle,Prevention,Cholesterol Screening,85.9,83.3,88.0,1760,1509
10005051014,Sussex,Health Status,Frequent Mental Distress,10.5,8.8,12.3,1881,1709
10003013612,New Castle,Health Status,Frequent Mental Distress,12.1,10.7,13.5,6158,4926
10003016100,New Castle,Health Outcomes,Stroke,4.0,3.5,4.5,1961,1661
10003011500,New Castle,Health Outcomes,Coronary Heart Disease,5.9,5.1,6.9,2908,2308
10005050706,Sussex,Health-Related Social Needs,Lack of Social/Emotional Support,17.3,14.7,20.4,1772,1557
10003012000,New Castle,Prevention,Annual Checkup,78.9,75.5,81.9,4334,3536
10003014404,New Castle,Prevention,Colorectal Cancer Screening,67.5,63.4,71.4,4159,3562
10005050101,Sussex,Health Outcomes,Stroke,3.7,3.3,4.0,4013,3236
10003002900,New Castle,Health Outcomes,Stroke,7.4,6.6,8.3,3499,2540
10005051502,Sussex,Health-Related Social Needs,Housing Insecurity,10.6,9.1,12.2,3228,2586
10003014811,New Castle,Health Outcomes,Coronary Heart Disease,3.8,3.3,4.3,6677,4822
10005051009,Sussex,Health Outcomes,Depression,18.1,15.4,21.0,2313,1978
10003016614,New Castle,Health Status,Frequent Physical Distress,9.7,8.5,11.0,6239,4474
10003000602,New Castle,Prevention,Cholesterol Screening,86.7,84.4,88.7,2876,2134
10003016309,New Castle,Prevention,High Blood Pressure Medication,77.2,74.2,79.6,4125,3307
10005050805,Sussex,Health Outcomes,All Teeth Lost,8.7,7.2,10.4,3038,2464
10003011205,New Castle,Health-Related Social Needs,Utility Services Threat,4.4,3.5,5.3,1968,1585
10003002600,New Castle,Disability,Independent Living Disability,12.0,10.4,13.7,3730,2585
10003000200,New Castle,Prevention,Cholesterol Screening,88.6,86.7,90.3,5298,4193
10005051015,Sussex,Prevention,Health Insurance,6.0,4.7,7.7,1877,1626
10005051011,Sussex,Disability,Any Disability,27.1,23.1,31.3,3580,3083
10001043000,Kent,Health-Related Social Needs,Food Insecurity,14.1,12.1,16.4,5414,4110
10005050808,Sussex,Health-Related Social Needs,Housing Insecurity,5.6,4.5,6.9,4150,3726
10005051309,Sussex,Health-Related Social Needs,Utility Services Threat,3.2,2.6,4.0,1488,1407
10001042500,Kent,Health Outcomes,Depression,23.6,20.4,27.4,3590,2590
10003013501,New Castle,Disability,Any Disability,26.0,22.6,29.7,7213,5880
10003000900,New Castle,Health Risk Behaviors,Physical Inactivity,41.3,35.6,46.8,2267,1563
10003013505,New Castle,Health Risk Behaviors,Short Sleep Duration,29.5,25.1,34.2,3489,2807
10003011600,New Castle,Health-Related Social Needs,Loneliness,28.1,24.4,31.9,3287,2573
10003000400,New Castle,Prevention,Health Insurance,8.5,6.6,10.6,2957,2436
10003010400,New Castle,Health Outcomes,COPD,5.9,5.1,6.9,4591,3725
10003011201,New Castle,Health-Related Social Needs,Utility Services Threat,4.0,3.2,4.9,2421,1946
10005050903,Sussex,Prevention,Mammography,82.8,78.2,87.2,2161,1968
10003014809,New Castle,Health Status,Frequent Mental Distress,16.5,14.7,18.5,8360,6692
10003016611,New Castle,Health Outcomes,Obesity,30.5,24.9,36.1,7851,5645
10005051205,Sussex,Health Status,Frequent Mental Distress,10.1,8.7,11.6,580,543
10003014803,New Castle,Health Status,General Health,15.6,13.5,18.0,4150,3432
10003014803,New Castle,Prevention,Cholesterol Screening,89.0,87.4,90.4,4150,3432
10003014908,New Castle,Health Outcomes,Stroke,4.5,3.9,5.0,2425,1792
10003001100,New Castle,Health Outcomes,Depression,21.8,18.6,25.0,3375,3187
10005050707,Sussex,Health Outcomes,Depression,20.0,17.1,23.1,2578,2285
10003016614,New Castle,Health Risk Behaviors,Binge Drinking,17.4,14.8,20.1,6239,4474
10003014812,New Castle,Disability,Self-care Disability,2.6,2.3,3.0,4559,3628
10003014703,New Castle,Disability,Any Disability,33.1,29.5,37.1,4827,3890
10001041804,Kent,Health-Related Social Needs,Housing Insecurity,14.6,12.6,16.8,5980,4654
10005051015,Sussex,Disability,Any Disability,27.9,23.9,32.0,1877,1626
10003003002,New Castle,Health-Related Social Needs,Lack of Social/Emotional Support,36.0,31.3,40.6,3060,2329
10003001600,New Castle,Health Risk Behaviors,Current Cigarette Smoking,23.4,19.8,27.1,2419,1765
10005050707,Sussex,Health-Related Social Needs,Food Stamps,7.2,5.7,8.7,2578,2285
10003016901,New Castle,Disability,Mobility Disability,16.5,14.3,18.7,2364,1876
10003011202,New Castle,Health Outcomes,Diabetes,11.5,10.0,13.1,4003,3308
10003010105,New Castle,Health Outcomes,High Cholesterol,32.8,29.5,36.2,2916,2113
10001042206,Kent,Health Risk Behaviors,Current Cigarette Smoking,12.7,10.8,14.8,2822,2203
10003016000,New Castle,Disability,Vision Disability,7.5,6.7,8.4,2999,2265
10003012100,New Castle,Health-Related Social Needs,Food Insecurity,10.7,8.8,12.5,2901,2301
10003014906,New Castle,Disability,Mobility Disability,14.7,13.0,16.6,5339,4098
10003016100,New Castle,Health Outcomes,Obesity,33.5,27.8,39.6,1961,1661
10005050200,Sussex,Health Risk Behaviors,Physical Inactivity,32.1,27.9,36.5,3744,2777
10003011100,New Castle,Disability,Hearing Disability,6.9,6.0,7.8,2654,2282
10003002100,New Castle,Prevention,Colorectal Cancer Screening,56.3,51.6,60.8,1809,1283
10003013906,New Castle,Prevention,Cholesterol Screening,88.5,86.7,90.2,4648,3670
10005050405,Sussex,Health Outcomes,Coronary Heart Disease,7.6,6.7,8.5,4378,3304
10003011100,New Castle,Health Outcomes,Coronary Heart Disease,6.8,6.0,7.7,2654,2282
10005051313,Sussex,Prevention,Health Insurance,6.5,5.3,8.0,3144,2742
10003016307,New Castle,Health Risk Behaviors,Physical Inactivity,23.5,19.9,27.4,2756,2221
10005051802,Sussex,Health Outcomes,Depression,22.6,19.5,25.9,4354,3076
10005050905,Sussex,Health Risk Behaviors,Physical Inactivity,22.6,18.9,26.6,2848,2485
10003011500,New Castle,Disability,Hearing Disability,6.1,5.2,7.0,2908,2308
10003011201,New Castle,Health-Related Social Needs,Lack of Social/Emotional Support,20.7,17.5,24.2,2421,1946
10003002400,New Castle,Prevention,Colorectal Cancer Screening,62.3,57.7,66.8,4250,3346
10003002600,New Castle,Health Risk Behaviors,Short Sleep Duration,43.3,38.1,48.7,3730,2585
10003016614,New Castle,Disability,Self-care Disability,2.3,2.0,2.7,6239,4474
10003015100,New Castle,Health-Related Social Needs,Food Insecurity,15.4,13.1,17.9,3594,2808
10003010704,New Castle,Prevention,Mammography,79.8,74.3,84.6,3947,3149
10005051015,Sussex,Health Status,Frequent Physical Distress,13.1,11.3,15.1,1877,1626
10003013508,New Castle,Prevention,High Blood Pressure Medication,77.1,73.8,80.0,5655,4419
10005050103,Sussex,Health-Related Social Needs,Housing Insecurity,7.8,6.6,9.0,5063,4221
10003000300,New Castle,Health Outcomes,Diabetes,18.8,16.5,21.2,3012,2233
10003014909,New Castle,Prevention,Mammography,78.4,72.5,83.5,6186,4652
10003010703,New Castle,Health Risk Behaviors,Physical Inactivity,27.6,23.3,31.8,2036,1556
10003016806,New Castle,Health-Related Social Needs,Transportation Barriers,6.9,6.0,7.8,6347,4487
10005051102,Sussex,Health Outcomes,Cancer (non-skin) or Melanoma,15.1,13.7,16.6,1029,970
10003001100,New Castle,Health Status,Frequent Mental Distress,14.0,12.1,16.2,3375,3187
10003014904,New Castle,Health Status,Frequent Physical Distress,12.3,10.9,13.8,5003,4117
10003016904,New Castle,Health-Related Social Needs,Transportation Barriers,12.1,10.2,14.1,3096,2872
10001043202,Kent,Disability,Hearing Disability,8.0,7.1,9.0,3722,2979
10003013608,New Castle,Health Outcomes,Diabetes,10.3,8.9,11.7,1959,1543
10003013611,New Castle,Health Outcomes,Depression,22.8,19.7,26.1,5572,4648
10001043400,Kent,Health Outcomes,Arthritis,31.9,28.9,35.1,5648,4415
10005050701,Sussex,Health Outcomes,Diabetes,15.2,13.2,17.3,5068,4322
10003011800,New Castle,Health Outcomes,COPD,4.9,4.1,5.8,4927,4135
10005051203,Sussex,Health Status,Frequent Physical Distress,12.2,10.4,14.2,792,726
10003014909,New Castle,Disability,Self-care Disability,4.2,3.7,4.8,6186,4652
10005050304,Sussex,Prevention,High Blood Pressure Medication,84.2,81.9,86.3,4616,3670
10003014904,New Castle,Prevention,Dental Visit,60.7,56.9,64.3,5003,4117
10003010300,New Castle,Health Risk Behaviors,Physical Inactivity,23.9,19.9,28.0,4106,3232
10005051101,Sussex,Health Status,Frequent Mental Distress,9.1,7.9,10.4,629,589
10003014813,New Castle,Disability,Mobility Disability,10.2,8.5,12.0,4889,3848
10003011600,New Castle,Disability,Hearing Disability,5.7,4.9,6.6,3287,2573
10005050603,Sussex,Prevention,Health Insurance,6.7,5.3,8.3,3956,3165
10003013400,New Castle,Prevention,Health Insurance,7.0,5.2,9.0,2504,2036
10001042900,Kent,Disability,Cognitive Disability,16.2,14.1,18.3,5105,4056
10003000500,New Castle,Health Status,General Health,23.4,20.1,26.8,3453,2515
10003011205,New Castle,Health Outcomes,Coronary Heart Disease,6.3,5.5,7.2,1968,1585
10001043000,Kent,Prevention,Mammography,73.7,67.2,79.5,5414,4110
10003001200,New Castle,Disability,Hearing Disability,4.1,3.6,4.7,1605,1454
10005051801,Sussex,Health-Related Social Needs,Loneliness,32.7,29.0,36.8,5359,3933
10003011203,New Castle,Health-Related Social Needs,Lack of Social/Emotional Support,21.7,18.6,24.8,4805,3884
10003014904,New Castle,Health-Related Social Needs,Utility Services Threat,8.4,7.2,9.7,5003,4117
10003000601,New Castle,Health Outcomes,High Blood Pressure,47.1,43.4,50.8,2773,2035
10005050304,Sussex,Health-Related Social Needs,Loneliness,29.4,26.0,33.2,4616,3670
10001042203,Kent,Health Outcomes,COPD,6.0,5.2,6.8,5705,4255
10003016805,New Castle,Prevention,Colorectal Cancer Screening,66.5,62.0,71.0,1723,1396
10005050403,Sussex,Health-Related Social Needs,Food Insecurity,16.9,14.7,19.3,3517,2621
10005051202,Sussex,Health Outcomes,Diabetes,12.4,10.7,14.3,856,822
10005051012,Sussex,Health Outcomes,Cancer (non-skin) or Melanoma,13.9,12.5,15.4,1908,1715
10003001902,New Castle,Disability,Hearing Disability,4.4,3.9,5.1,2113,1554
10003002200,New Castle,Disability,Independent Living Disability,17.2,15.2,19.4,2874,1942
10003011206,New Castle,Health Outcomes,Stroke,2.8,2.5,3.3,4319,3345
10005051501,Sussex,Disability,Mobility Disability,15.4,13.6,17.4,2246,1737
10005050806,Sussex,Health-Related Social Needs,Transportation Barriers,5.5,4.7,6.4,4454,3735
10003015802,New Castle,Health-Related Social Needs,Lack of Social/Emotional Support,25.9,22.6,29.5,2276,1726
10005050101,Sussex,Health Outcomes,Cancer (non-skin) or Melanoma,10.6,9.7,11.5,4013,3236
10003012500,New Castle,Health Outcomes,Coronary Heart Disease,5.8,5.2,6.5,5660,4358
10003010400,New Castle,Health Outcomes,High Cholesterol,39.0,35.2,42.4,4591,3725
10005051204,Sussex,Health Outcomes,All Teeth Lost,4.4,3.5,5.4,652,627
10003015200,New Castle,Health-Related Social Needs,Food Insecurity,20.7,17.9,23.4,5783,4501
10001043202,Kent,Disability,Self-care Disability,4.4,4.0,5.0,3722,2979
10003016609,New Castle,Prevention,Annual Checkup,79.0,75.5,82.1,5595,4312
10005050104,Sussex,Health-Related Social Needs,Utility Services Threat,10.5,9.0,12.0,5031,3785
10003014402,New Castle,Disability,Vision Disability,4.1,3.6,4.7,2807,2383
10005050904,Sussex,Health Status,General Health,19.8,16.2,23.9,2592,2256
10003015802,New Castle,Health Outcomes,High Cholesterol,37.0,33.3,40.6,2276,1726
10003014200,New Castle,Health Status,Frequent Mental Distress,14.8,13.0,16.6,1600,1313
10003002500,New Castle,Health-Related Social Needs,Food Stamps,19.2,15.6,22.9,3235,2443
10005051802,Sussex,Prevention,Mammography,75.9,70.2,81.3,4354,3076
10003016612,New Castle,Disability,Independent Living Disability,5.8,5.0,6.6,6450,4739
10005050506,Sussex,Disability,Mobility Disability,14.0,11.8,16.3,4112,3099
10003016612,New Castle,Health Outcomes,Coronary Heart Disease,5.3,4.7,6.0,6450,4739
10003013613,New Castle,Prevention,Dental Visit,71.9,68.7,75.0,5657,4676
10005051400,Sussex,Health-Related Social Needs,Transportation Barriers,7.4,6.4,8.4,3878,3033
10003015400,New Castle,Health Risk Behaviors,Current Cigarette Smoking,14.4,12.3,16.8,2932,2209
10005050701,Sussex,Health Outcomes,Current Asthma,10.8,9.6,12.2,5068,4322
10003016611,New Castle,Prevention,Health Insurance,5.8,4.6,7.4,7851,5645
10005050200,Sussex,Prevention,Health Insurance,13.0,11.0,15.1,3744,2777
10003010502,New Castle,Health Risk Behaviors,Short Sleep Duration,33.3,28.6,38.3,5779,4788
10005051701,Sussex,Health Outcomes,All Teeth Lost,15.3,12.8,18.4,4103,3258
10001042207,Kent,Prevention,Mammography,73.0,66.1,78.9,2576,1977
10003013604,New Castle,Health-Related Social Needs,Housing Insecurity,6.7,5.5,8.1,4156,3372
10003014906,New Castle,Disability,Independent Living Disability,9.8,8.6,11.0,5339,4098
10001980000,Kent,Health-Related Social Needs,Lack of Social/Emotional Support,27.7,24.1,31.9,108,104
10003013610,New Castle,Health Outcomes,High Cholesterol,39.5,35.8,43.3,5460,4534
10003013800,New Castle,Disability,Hearing Disability,5.2,4.6,5.9,5901,4752
10003012600,New Castle,Health Outcomes,Diabetes,10.1,8.6,11.8,2945,2351
10003010400,New Castle,Health Outcomes,Arthritis,26.0,23.2,28.7,4591,3725
10003011100,New Castle,Health-Related Social Needs,Transportation Barriers,4.6,3.9,5.3,2654,2282
10005050708,Sussex,Health-Related Social Needs,Housing Insecurity,6.6,5.3,8.0,2774,2424
10003014200,New Castle,Health-Related Social Needs,Food Insecurity,8.8,7.3,10.5,1600,1313
10005051701,Sussex,Health Risk Behaviors,Physical Inactivity,28.7,23.8,33.5,4103,3258
10005050801,Sussex,Disability,Hearing Disability,7.7,6.7,8.7,3979,3225
10003000400,New Castle,Health Outcomes,Obesity,37.9,31.9,44.1,2957,2436
10003013604,New Castle,Prevention,Colorectal Cancer Screening,70.2,66.3,73.8,4156,3372
10003000900,New Castle,Health Status,Frequent Physical Distress,17.1,14.9,19.3,2267,1563
10003016808,New Castle,Health Outcomes,Arthritis,21.8,19.3,24.2,7377,5511
10005050806,Sussex,Prevention,Annual Checkup,84.3,81.6,86.8,4454,3735
10001042000,Kent,Health Outcomes,Stroke,3.7,3.4,4.2,3064,2380
10001042802,Kent,Disability,Hearing Disability,7.1,6.2,8.0,5612,4350
10003014803,New Castle,Prevention,High Blood Pressure Medication,77.9,75.2,80.4,4150,3432
10005050200,Sussex,Health Status,Frequent Physical Distress,15.8,14.1,17.5,3744,2777
10003012000,New Castle,Health Risk Behaviors,Physical Inactivity,28.0,23.5,32.8,4334,3536
10003014812,New Castle,Health-Related Social Needs,Food Insecurity,9.2,7.6,11.0,4559,3628
10001042206,Kent,Prevention,Annual Checkup,82.6,79.5,85.4,2822,2203
10003015502,New Castle,Health Outcomes,Obesity,42.1,36.1,48.4,2686,2035
10003000400,New Castle,Health Outcomes,High Blood Pressure,41.8,38.3,45.4,2957,2436
10001042204,Kent,Prevention,Health Insurance,7.7,6.4,9.2,4773,3481
10005051314,Sussex,Prevention,Dental Visit,72.1,69.1,75.3,2525,2271
10003010900,New Castle,Disability,Independent Living Disability,7.3,6.1,8.6,2773,2237
10001041804,Kent,Prevention,Mammography,75.1,68.6,80.9,5980,4654
10003012900,New Castle,Health-Related Social Needs,Lack of Social/Emotional Support,25.2,22.1,28.9,4823,3565
10003016308,New Castle,Health Status,Frequent Physical Distress,12.7,11.2,14.4,3728,2990
10003000602,New Castle,Disability,Cognitive Disability,17.3,14.9,19.8,2876,2134
10005051008,Sussex,Health Outcomes,Obesity,29.4,24.1,35.1,4100,3626
10005050506,Sussex,Health Status,General Health,19.8,16.8,22.7,4112,3099
10005051017,Sussex,Health Outcomes,All Teeth Lost,7.8,6.4,9.5,3804,3435
10003011700,New Castle,Prevention,Dental Visit,77.8,74.9,80.4,4260,3465
10003012200,New Castle,Health Status,Frequent Physical Distress,14.3,12.6,16.1,4676,3581
10001042801,Kent,Disability,Any Disability,31.5,27.2,36.1,2007,1606
10003002800,New Castle,Health Outcomes,Obesity,37.8,31.6,43.7,2378,2071
10003011206,New Castle,Prevention,Cholesterol Screening,91.8,90.3,93.1,4319,3345
10005051312,Sussex,Health Outcomes,High Blood Pressure,44.9,40.7,48.9,2290,2046
10003010800,New Castle,Health Status,General Health,13.9,11.9,15.9,4796,3948
10003000400,New Castle,Disability,Any Disability,32.0,27.9,36.3,2957,2436
10003011600,New Castle,Prevention,Cholesterol Screening,90.0,88.2,91.6,3287,2573
10003001902,New Castle,Health Outcomes,COPD,6.7,5.6,8.0,2113,1554
10003014809,New Castle,Health Outcomes,Depression,21.6,18.6,24.8,8360,6692
10003011300,New Castle,Disability,Cognitive Disability,9.6,7.8,11.5,2244,1847
10005051701,Sussex,Health Outcomes,High Cholesterol,44.8,41.1,48.7,4103,3258
10003010200,New Castle,Disability,Vision Disability,3.7,3.2,4.3,2034,1607
10003013200,New Castle,Health-Related Social Needs,Food Stamps,12.8,10.2,15.8,2653,2074
10003013100,New Castle,Health Outcomes,Coronary Heart Disease,6.4,5.5,7.2,2248,1833
10001042203,Kent,Health Status,Frequent Physical Distress,12.5,11.1,14.1,5705,4255
10005050604,Sussex,Prevention,Colorectal Cancer Screening,67.9,63.9,72.0,4674,3611
10003016301,New Castle,Health-Related Social Needs,Transportation Barriers,8.4,7.2,9.6,7385,5955
10003002100,New Castle,Prevention,Dental Visit,39.6,36.0,43.2,1809,1283
10005050804,Sussex,Prevention,Mammography,79.0,73.7,84.1,4188,3465
10003013607,New Castle,Health Outcomes,High Blood Pressure,32.4,29.0,35.8,6255,5031
10005050501,Sussex,Disability,Any Disability,31.6,27.9,35.3,4201,3285
10003013100,New Castle,Disability,Hearing Disability,6.5,5.6,7.4,2248,1833
10003016404,New Castle,Health Outcomes,Stroke,3.5,3.2,3.8,3334,2622
10003016000,New Castle,Disability,Hearing Disability,6.3,5.6,7.1,2999,2265
10003012500,New Castle,Disability,Vision Disability,5.2,4.6,5.8,5660,4358
10003014703,New Castle,Prevention,Health Insurance,11.9,9.8,14.2,4827,3890
10003011204,New Castle,Health Outcomes,Obesity,29.9,24.4,35.3,3313,2741
10005051015,Sussex,Health-Related Social Needs,Lack of Social/Emotional Support,15.9,13.5,18.6,1877,1626
10005051313,Sussex,Disability,Hearing Disability,10.0,8.8,11.3,3144,2742
10005051309,Sussex,Health Risk Behaviors,Physical Inactivity,24.0,19.0,29.3,1488,1407
10003010400,New Castle,Health Outcomes,All Teeth Lost,7.4,6.0,9.0,4591,3725
10005051701,Sussex,Health Risk Behaviors,Binge Drinking,15.2,12.8,17.8,4103,3258
10003014100,New Castle,Health Outcomes,Arthritis,26.7,23.9,29.4,4985,3693
10005051201,Sussex,Health Risk Behaviors,Current Cigarette Smoking,8.8,6.7,11.4,1513,1391
10001042100,Kent,Prevention,Health Insurance,9.1,7.6,10.9,3997,3098
10001041702,Kent,Disability,Any Disability,31.5,28.0,35.6,4472,3405
10003002700,New Castle,Health Outcomes,High Cholesterol,31.4,28.0,34.7,2990,2310
10003001500,New Castle,Health Status,General Health,23.3,20.4,26.6,2231,1748
10003016200,New Castle,Disability,Self-care Disability,2.9,2.5,3.3,3051,2509
10005051310,Sussex,Disability,Cognitive Disability,8.3,6.8,10.1,1933,1765
10003014810,New Castle,Prevention,Colorectal Cancer Screening,68.6,64.5,72.7,7083,5613
10005050706,Sussex,Health Outcomes,Depression,20.4,17.4,23.6,1772,1557
10003012100,New Castle,Health-Related Social Needs,Housing Insecurity,9.7,8.1,11.3,2901,2301
10003011201,New Castle,Health Outcomes,Coronary Heart Disease,4.8,4.2,5.6,2421,1946
10003001200,New Castle,Health-Related Social Needs,Loneliness,29.6,25.8,33.8,1605,1454
10005050601,Sussex,Health Outcomes,High Cholesterol,44.4,40.4,48.2,5391,4138
10003015900,New Castle,Prevention,High Blood Pressure Medication,75.6,72.8,78.3,3344,2595
10003002100,New Castle,Health Status,Frequent Physical Distress,20.4,18.0,23.0,1809,1283
10003014907,New Castle,Health Risk Behaviors,Short Sleep Duration,39.2,34.2,44.5,4921,3708
10003013905,New Castle,Health Risk Behaviors,Current Cigarette Smoking,10.2,8.3,12.4,4169,3100
10003016613,New Castle,Disability,Hearing Disability,4.3,3.8,4.9,6109,4337
10005050506,Sussex,Health Risk Behaviors,Short Sleep Duration,33.1,28.6,38.2,4112,3099
10003011000,New Castle,Prevention,Health Insurance,4.9,3.9,6.2,3201,2542
10003016609,New Castle,Health Outcomes,Stroke,2.6,2.3,3.0,5595,4312
10003016612,New Castle,Health Status,Frequent Mental Distress,13.8,12.2,15.6,6450,4739
10001042203,Kent,Health Outcomes,Arthritis,26.2,23.5,29.2,5705,4255
10003013505,New Castle,Prevention,Cholesterol Screening,91.5,90.2,92.7,3489,2807
10001043400,Kent,Disability,Independent Living Disability,8.5,7.4,9.6,5648,4415
10003016401,New Castle,Prevention,High Blood Pressure Medication,76.3,73.1,79.0,6711,5269
10003012600,New Castle,Health-Related Social Needs,Utility Services Threat,5.8,4.8,6.9,2945,2351
10003000601,New Castle,Disability,Vision Disability,9.8,8.4,11.3,2773,2035
10005050708,Sussex,Health Outcomes,Coronary Heart Disease,9.5,8.1,11.0,2774,2424
10003015000,New Castle,Health-Related Social Needs,Food Stamps,18.7,15.7,21.9,5659,4542
10003014402,New Castle,Disability,Self-care Disability,2.9,2.5,3.3,2807,2383
10003016904,New Castle,Disability,Mobility Disability,16.5,14.4,18.8,3096,2872
10003014000,New Castle,Health-Related Social Needs,Food Insecurity,19.6,16.5,22.6,5441,4349
10003014502,New Castle,Health Outcomes,High Blood Pressure,17.8,15.4,20.3,7374,7189
10001042208,Kent,Disability,Vision Disability,5.2,4.6,5.8,4016,3108
10005051011,Sussex,Health Risk Behaviors,Physical Inactivity,22.5,18.4,26.8,3580,3083
10003012200,New Castle,Health Outcomes,Diabetes,12.4,10.8,14.0,4676,3581
10003015900,New Castle,Health Status,Frequent Mental Distress,16.6,14.6,18.5,3344,2595
10003013200,New Castle,Health Outcomes,Cancer (non-skin) or Melanoma,8.3,7.5,9.2,2653,2074
10003010703,New Castle,Health Risk Behaviors,Current Cigarette Smoking,13.9,11.4,16.6,2036,1556
10005051702,Sussex,Health Outcomes,Depression,23.5,20.3,27.1,6577,4982
10003014813,New Castle,Health-Related Social Needs,Transportation Barriers,6.8,5.6,8.1,4889,3848
10001042207,Kent,Health Outcomes,COPD,8.2,7.0,9.6,2576,1977
10003015200,New Castle,Health Outcomes,Obesity,35.7,30.0,41.8,5783,4501
10003013800,New Castle,Prevention,High Blood Pressure Medication,72.2,69.4,74.9,5901,4752
10005050806,Sussex,Health Risk Behaviors,Current Cigarette Smoking,13.2,10.5,16.0,4454,3735
10003010704,New Castle,Health-Related Social Needs,Housing Insecurity,14.3,12.1,16.6,3947,3149
10003014908,New Castle,Health Outcomes,High Cholesterol,37.8,34.0,41.3,2425,1792
10001042207,Kent,Health Outcomes,Cancer (non-skin) or Melanoma,8.2,7.4,9.1,2576,1977
10003014814,New Castle,Health Risk Behaviors,Short Sleep Duration,35.0,30.1,40.0,4361,3290
10003014808,New Castle,Health-Related Social Needs,Loneliness,33.8,29.9,37.7,6476,5078
10005050703,Sussex,Prevention,High Blood Pressure Medication,83.2,80.9,85.5,2153,1786
10001042100,Kent,Health Outcomes,Depression,24.0,20.8,27.8,3997,3098
10005050601,Sussex,Health Risk Behaviors,Current Cigarette Smoking,16.2,13.6,18.6,5391,4138
10005051313,Sussex,Health Outcomes,Coronary Heart Disease,10.0,8.9,11.3,3144,2742
10005051203,Sussex,Health-Related Social Needs,Food Stamps,3.2,2.2,4.4,792,726
10001041803,Kent,Prevention,Dental Visit,52.2,48.3,56.1,4384,3459
10005051309,Sussex,Health Outcomes,Coronary Heart Disease,9.8,8.3,11.4,1488,1407
10001042900,Kent,Health-Related Social Needs,Loneliness,33.8,30.1,37.9,5105,4056
10003016401,New Castle,Health Outcomes,Current Asthma,10.4,9.2,11.6,6711,5269
10003013613,New Castle,Health Outcomes,Cancer (non-skin) or Melanoma,9.8,8.9,10.7,5657,4676
10005050503,Sussex,Prevention,Cholesterol Screening,75.1,71.8,78.4,5604,3737
10003016807,New Castle,Disability,Hearing Disability,4.4,3.8,5.0,1901,1411
10003013612,New Castle,Health Risk Behaviors,Current Cigarette Smoking,7.9,6.5,9.5,6158,4926
10003016610,New Castle,Prevention,Mammography,78.4,72.7,83.3,7062,5510
10005051307,Sussex,Health-Related Social Needs,Food Insecurity,9.2,6.6,12.3,2975,2708
10003002600,New Castle,Disability,Mobility Disability,19.0,16.6,21.4,3730,2585
10003000200,New Castle,Health-Related Social Needs,Food Insecurity,24.2,19.6,28.7,5298,4193
10005051101,Sussex,Disability,Any Disability,23.8,20.4,27.2,629,589
10001041900,Kent,Health Status,General Health,24.2,21.0,27.5,5289,4044
10005050103,Sussex,Health-Related Social Needs,Utility Services Threat,5.2,4.4,6.0,5063,4221
10005050805,Sussex,Health Status,General Health,15.9,13.6,18.5,3038,2464
10003011400,New Castle,Health Status,Frequent Mental Distress,11.8,10.2,13.6,3456,2735
10005051312,Sussex,Health Status,Frequent Mental Distress,11.5,10.0,13.1,2290,2046
10005050903,Sussex,Health Outcomes,COPD,7.7,6.2,9.8,2161,1968
10003014810,New Castle,Disability,Hearing Disability,5.0,4.3,5.6,7083,5613
10005050604,Sussex,Health-Related Social Needs,Utility Services Threat,10.5,9.0,12.0,4674,3611
10003013905,New Castle,Health-Related Social Needs,Transportation Barriers,7.4,6.2,8.6,4169,3100
10003012200,New Castle,Health Outcomes,Arthritis,24.3,21.8,26.9,4676,3581
10003010106,New Castle,Health Status,Frequent Mental Distress,15.5,13.5,17.6,1760,1509
10005050104,Sussex,Health Status,Frequent Physical Distress,16.4,14.2,18.6,5031,3785
10001041802,Kent,Prevention,Cholesterol Screening,86.8,84.9,88.6,6720,5103
10003014402,New Castle,Health-Related Social Needs,Lack of Social/Emotional Support,19.2,16.3,22.4,2807,2383
10005051900,Sussex,Prevention,Health Insurance,9.1,7.5,10.8,4760,3685
10005051015,Sussex,Disability,Self-care Disability,3.3,2.7,3.9,1877,1626
10005050200,Sussex,Health Risk Behaviors,Binge Drinking,14.5,12.3,17.1,3744,2777
10003013903,New Castle,Health Outcomes,Depression,21.7,18.6,24.8,4820,3768
10003002900,New Castle,Disability,Hearing Disability,6.7,5.8,7.5,3499,2540
10003010400,New Castle,Health Outcomes,Current Asthma,10.3,9.1,11.5,4591,3725
10005050104,Sussex,Health-Related Social Needs,Loneliness,33.0,29.0,36.9,5031,3785
10003011900,New Castle,Prevention,High Blood Pressure Medication,80.1,76.9,82.7,3298,2592
10003016807,New Castle,Health Risk Behaviors,Current Cigarette Smoking,9.2,7.1,11.4,1901,1411
10001042900,Kent,Health Outcomes,Obesity,44.7,38.3,51.5,5105,4056
10003011204,New Castle,Health Outcomes,High Blood Pressure,36.6,32.8,40.2,3313,2741
10003013501,New Castle,Health-Related Social Needs,Loneliness,26.6,23.2,30.3,7213,5880
10003015600,New Castle,Health Risk Behaviors,Short Sleep Duration,39.7,34.6,45.0,2343,1791
10003014402,New Castle,Disability,Cognitive Disability,13.6,11.3,16.1,2807,2383
10003013200,New Castle,Health Outcomes,Stroke,3.5,3.0,3.9,2653,2074
10003002300,New Castle,Health-Related Social Needs,Food Insecurity,34.8,30.3,39.6,3003,2091
10005051201,Sussex,Health-Related Social Needs,Transportation Barriers,3.5,2.8,4.2,1513,1391
10005050408,Sussex,Prevention,Mammography,76.5,70.9,82.1,4534,3546
10003013800,New Castle,Health Status,General Health,15.6,13.5,17.9,5901,4752
10005050408,Sussex,Prevention,Colorectal Cancer Screening,63.9,59.6,68.3,4534,3546
10005051309,Sussex,Health-Related Social Needs,Lack of Social/Emotional Support,15.8,13.1,18.8,1488,1407
10005050405,Sussex,Health-Related Social Needs,Transportation Barriers,8.6,7.4,9.8,4378,3304
10003010200,New Castle,Disability,Hearing Disability,5.6,4.8,6.4,2034,1607
10005051202,Sussex,Health Risk Behaviors,Physical Inactivity,19.0,15.4,22.8,856,822
10003001600,New Castle,Health Status,Frequent Mental Distress,23.1,20.5,25.6,2419,1765
10003016404,New Castle,Health-Related Social Needs,Food Stamps,11.0,9.2,13.1,3334,2622
10003016200,New Castle,Prevention,Mammography,80.4,74.9,85.2,3051,2509
10001042208,Kent,Health Outcomes,Coronary Heart Disease,6.9,6.2,7.8,4016,3108
10003002800,New Castle,Health Outcomes,Depression,23.7,20.2,27.1,2378,2071
10003000601,New Castle,Health Risk Behaviors,Current Cigarette Smoking,19.3,16.1,22.9,2773,2035
10003013612,New Castle,Health-Related Social Needs,Lack of Social/Emotional Support,18.9,16.3,21.5,6158,4926
10003015802,New Castle,Health Outcomes,All Teeth Lost,12.4,10.2,14.8,2276,1726
10005050302,Sussex,Health Outcomes,Depression,22.9,19.7,26.4,5521,4001
10005050105,Sussex,Disability,Independent Living Disability,9.3,8.2,10.4,5939,4388
10005051312,Sussex,Prevention,Annual Checkup,85.9,83.3,88.1,2290,2046
10003015100,New Castle,Health Outcomes,COPD,7.2,6.1,8.4,3594,2808
10003002500,New Castle,Health Outcomes,High Blood Pressure,35.4,32.0,38.6,3235,2443
10003015200,New Castle,Prevention,Health Insurance,15.0,12.6,17.6,5783,4501
10005050503,Sussex,Health Outcomes,Stroke,4.9,4.5,5.4,5604,3737
10003013505,New Castle,Health-Related Social Needs,Food Insecurity,6.1,4.9,7.5,3489,2807
10005051008,Sussex,Health Outcomes,Stroke,3.9,3.4,4.5,4100,3626
10005051310,Sussex,Disability,Mobility Disability,14.3,11.5,17.5,1933,1765
10003014100,New Castle,Health Risk Behaviors,Physical Inactivity,30.4,26.1,34.8,4985,3693
10003012200,New Castle,Health-Related Social Needs,Transportation Barriers,10.7,9.2,12.3,4676,3581
10005050302,Sussex,Health-Related Social Needs,Utility Services Threat,10.6,9.1,12.1,5521,4001
10003010300,New Castle,Disability,Mobility Disability,10.8,9.2,12.3,4106,3232
10003015502,New Castle,Health Outcomes,Cancer (non-skin) or Melanoma,6.3,5.7,7.0,2686,2035
10005051311,Sussex,Disability,Self-care Disability,3.3,2.7,4.1,1832,1712
10001043100,Kent,Health Outcomes,Diabetes,13.7,11.9,15.6,2573,2087
10003014302,New Castle,Health Outcomes,High Blood Pressure,21.5,19.0,23.9,4908,4464
10003013905,New Castle,Health-Related Social Needs,Housing Insecurity,11.9,9.9,14.1,4169,3100
10003010106,New Castle,Health Outcomes,Cancer (non-skin) or Melanoma,7.5,6.8,8.2,1760,1509
10003013400,New Castle,Health Status,General Health,15.6,12.6,18.8,2504,2036
10003014703,New Castle,Health Outcomes,All Teeth Lost,10.7,8.8,12.8,4827,3890
10003000500,New Castle,Prevention,Colorectal Cancer Screening,64.0,59.6,68.5,3453,2515
10001042802,Kent,Health Outcomes,High Blood Pressure,39.3,35.7,43.1,5612,4350
10003015900,New Castle,Disability,Independent Living Disability,8.4,7.3,9.5,3344,2595
10003016308,New Castle,Health Outcomes,Diabetes,14.0,12.3,15.9,3728,2990
10003010800,New Castle,Health Outcomes,Diabetes,11.6,10.0,13.1,4796,3948
10005051308,Sussex,Prevention,Colorectal Cancer Screening,74.1,70.3,77.9,4074,3530
10001042208,Kent,Health-Related Social Needs,Housing Insecurity,12.2,10.6,14.1,4016,3108
10001043000,Kent,Prevention,Cholesterol Screening,86.5,84.6,88.5,5414,4110
10003014301,New Castle,Disability,Hearing Disability,7.2,6.2,8.3,1317,1092
10003014809,New Castle,Prevention,High Blood Pressure Medication,75.4,72.4,78.2,8360,6692
10005051900,Sussex,Health Status,General Health,19.2,16.8,21.6,4760,3685
10003015400,New Castle,Health-Related Social Needs,Utility Services Threat,13.9,12.0,15.8,2932,2209
10005050303,Sussex,Health-Related Social Needs,Loneliness,33.9,30.1,37.8,2935,2313
10003015600,New Castle,Prevention,High Blood Pressure Medication,77.2,74.6,79.6,2343,1791
10003012000,New Castle,Prevention,Colorectal Cancer Screening,67.6,63.3,71.6,4334,3536
10003012300,New Castle,Prevention,Annual Checkup,76.8,73.2,80.1,2739,2159
10003011700,New Castle,Health Status,Frequent Physical Distress,9.4,8.0,10.9,4260,3465
10003002400,New Castle,Prevention,Health Insurance,12.1,9.8,14.3,4250,3346
10003016613,New Castle,Disability,Any Disability,27.7,23.8,31.6,6109,4337
10003014702,New Castle,Health-Related Social Needs,Loneliness,32.8,28.9,36.8,1910,1510
10003002900,New Castle,Health-Related Social Needs,Transportation Barriers,24.2,20.7,27.6,3499,2540
10005051308,Sussex,Disability,Hearing Disability,9.9,8.5,11.4,4074,3530
10003015100,New Castle,Health Outcomes,Arthritis,28.2,25.3,31.1,3594,2808
10003012100,New Castle,Prevention,Cholesterol Screening,87.6,85.6,89.3,2901,2301
10003002500,New Castle,Disability,Vision Disability,6.2,5.4,7.0,3235,2443
10003014301,New Castle,Prevention,Colorectal Cancer Screening,74.5,70.8,78.1,1317,1092
10005050801,Sussex,Health Outcomes,Cancer (non-skin) or Melanoma,10.8,9.8,11.8,3979,3225
10005051313,Sussex,Health-Related Social Needs,Loneliness,26.3,22.9,29.9,3144,2742
10003014302,New Castle,Health-Related Social Needs,Lack of Social/Emotional Support,22.3,19.1,25.9,4908,4464
10003013901,New Castle,Health Status,Frequent Physical Distress,12.9,11.3,14.7,3492,2741
10003011206,New Castle,Disability,Mobility Disability,10.4,8.6,12.5,4319,3345
10003010400,New Castle,Health Status,Frequent Physical Distress,12.0,10.4,13.5,4591,3725
10003001400,New Castle,Health Outcomes,Arthritis,28.7,25.9,31.6,2103,1727
10003010104,New Castle,Disability,Cognitive Disability,14.2,12.3,16.2,3620,2830
10003016306,New Castle,Health-Related Social Needs,Loneliness,33.9,30.0,38.0,4598,3569
10005051702,Sussex,Health-Related Social Needs,Food Stamps,14.5,12.2,17.1,6577,4982
10005050701,Sussex,Health-Related Social Needs,Loneliness,29.2,25.7,33.1,5068,4322
10003012700,New Castle,Disability,Cognitive Disability,15.7,13.5,17.7,4392,3592
10005050401,Sussex,Disability,Self-care Disability,4.4,3.8,5.1,3606,2872
10003013400,New Castle,Prevention,High Blood Pressure Medication,77.6,74.4,80.3,2504,2036
10003013615,New Castle,Health Status,Frequent Mental Distress,14.7,13.0,16.7,4107,3324
10001042207,Kent,Prevention,Health Insurance,9.0,7.3,11.0,2576,1977
10005050703,Sussex,Health Outcomes,High Cholesterol,48.9,44.8,52.7,2153,1786
10003013613,New Castle,Health Status,Frequent Physical Distress,10.6,9.4,12.0,5657,4676
10003016808,New Castle,Health Outcomes,Stroke,2.5,2.2,2.8,7377,5511
10003014808,New Castle,Health Outcomes,All Teeth Lost,11.6,9.6,14.0,6476,5078
10005050407,Sussex,Prevention,Dental Visit,53.8,50.2,57.6,5238,4210
10005050805,Sussex,Health Status,Frequent Physical Distress,12.9,11.2,14.6,3038,2464
10003000900,New Castle,Health Outcomes,High Cholesterol,35.6,32.0,39.1,2267,1563
10003010502,New Castle,Prevention,High Blood Pressure Medication,76.5,73.6,79.2,5779,4788
10003016306,New Castle,Health Outcomes,High Cholesterol,37.8,34.1,41.5,4598,3569
10003015400,New Castle,Disability,Independent Living Disability,10.3,9.0,11.7,2932,2209
10003016805,New Castle,Disability,Self-care Disability,3.5,3.0,4.2,1723,1396
10005051400,Sussex,Prevention,High Blood Pressure Medication,80.3,77.6,82.7,3878,3033
10003001100,New Castle,Health-Related Social Needs,Food Stamps,7.7,5.6,10.3,3375,3187
10005051311,Sussex,Health Outcomes,High Cholesterol,54.2,49.8,58.3,1832,1712
10005050103,Sussex,Prevention,Cholesterol Screening,90.3,88.8,91.6,5063,4221
10003001100,New Castle,Disability,Independent Living Disability,6.6,5.6,8.0,3375,3187
10005050706,Sussex,Health-Related Social Needs,Utility Services Threat,4.1,3.4,4.9,1772,1557
10003016808,New Castle,Disability,Vision Disability,3.2,2.8,3.6,7377,5511
10001041900,Kent,Health Outcomes,Diabetes,14.1,12.4,15.9,5289,4044
10003014302,New Castle,Health-Related Social Needs,Utility Services Threat,5.4,4.5,6.5,4908,4464
10003013506,New Castle,Health Status,Frequent Physical Distress,9.3,7.8,11.0,4567,3785
10005050505,Sussex,Health Status,Frequent Physical Distress,13.7,12.0,15.5,2420,2212
10003016306,New Castle,Health-Related Social Needs,Lack of Social/Emotional Support,25.2,21.8,28.7,4598,3569
10001042500,Kent,Disability,Independent Living Disability,11.9,10.5,13.6,3590,2590
10003016612,New Castle,Health Risk Behaviors,Current Cigarette Smoking,9.5,7.9,11.4,6450,4739
10003000300,New Castle,Health Outcomes,Arthritis,28.9,25.9,32.0,3012,2233
10003011400,New Castle,Health Risk Behaviors,Binge Drinking,15.4,13.0,17.9,3456,2735
10003014808,New Castle,Health Outcomes,Cancer (non-skin) or Melanoma,6.8,6.2,7.5,6476,5078
10003016611,New Castle,Health Risk Behaviors,Binge Drinking,17.5,14.8,20.2,7851,5645
10005050708,Sussex,Health-Related Social Needs,Loneliness,26.9,23.3,30.7,2774,2424
10005050706,Sussex,Health Risk Behaviors,Physical Inactivity,25.3,21.0,30.3,1772,1557
10003002100,New Castle,Prevention,High Blood Pressure Medication,77.1,74.7,79.5,1809,1283
10003014808,New Castle,Health Outcomes,High Cholesterol,36.4,32.9,39.9,6476,5078
10005050603,Sussex,Health-Related Social Needs,Food Stamps,6.5,5.0,8.1,3956,3165
10003013906,New Castle,Health Outcomes,Stroke,2.6,2.3,2.9,4648,3670
10003014706,New Castle,Health Status,Frequent Mental Distress,16.6,14.7,18.7,2929,2180
10003016610,New Castle,Health Risk Behaviors,Binge Drinking,14.3,12.1,16.6,7062,5510
10003014404,New Castle,Health Outcomes,Stroke,2.7,2.4,3.1,4159,3562
10005050807,Sussex,Health Outcomes,Obesity,32.6,26.9,38.6,1824,1622
10003012200,New Castle,Prevention,Colorectal Cancer Screening,62.7,58.5,66.9,4676,3581
10005051502,Sussex,Disability,Mobility Disability,15.6,13.7,17.7,3228,2586
10003014812,New Castle,Health Risk Behaviors,Binge Drinking,15.7,13.3,18.3,4559,3628
10001043300,Kent,Prevention,Cholesterol Screening,77.2,73.8,80.5,6553,5692
10005050709,Sussex,Health-Related Social Needs,Lack of Social/Emotional Support,16.2,13.4,19.2,1956,1774
10003011000,New Castle,Health Outcomes,Depression,20.8,17.7,23.9,3201,2542
10005050601,Sussex,Health Risk Behaviors,Physical Inactivity,28.5,24.0,32.9,5391,4138
10003013300,New Castle,Health Outcomes,COPD,6.6,5.3,7.8,1907,1543
10003011700,New Castle,Health Outcomes,Arthritis,29.6,26.3,32.8,4260,3465
10003010900,New Castle,Prevention,Annual Checkup,81.3,78.1,84.0,2773,2237
10001043000,Kent,Prevention,Dental Visit,60.9,57.1,64.6,5414,4110
10005051900,Sussex,Prevention,Colorectal Cancer Screening,66.0,62.0,70.3,4760,3685
10005051311,Sussex,Health Outcomes,Current Asthma,9.7,8.5,11.0,1832,1712
10003014302,New Castle,Health Status,Frequent Physical Distress,9.2,8.1,10.4,4908,4464
10005051400,Sussex,Health Risk Behaviors,Short Sleep Duration,33.7,29.2,38.9,3878,3033
10003012700,New Castle,Health Outcomes,High Cholesterol,40.9,37.1,44.5,4392,3592
10001042900,Kent,Health Outcomes,Stroke,4.7,4.2,5.1,5105,4056
10003011300,New Castle,Prevention,Mammography,81.1,75.9,85.8,2244,1847
10003013000,New Castle,Health Status,Frequent Mental Distress,16.0,14.1,18.0,1927,1515
10005051801,Sussex,Health Outcomes,Coronary Heart Disease,8.8,7.9,9.8,5359,3933
10003011203,New Castle,Prevention,Annual Checkup,79.6,76.2,82.6,4805,3884
10003016200,New Castle,Health Risk Behaviors,Binge Drinking,16.0,13.6,18.5,3051,2509
10005050505,Sussex,Health-Related Social Needs,Utility Services Threat,10.5,8.8,12.3,2420,2212
10003014501,New Castle,Health Outcomes,Depression,32.5,27.7,37.0,2134,1931
10001042801,Kent,Health Risk Behaviors,Binge Drinking,14.6,12.3,17.3,2007,1606
10003012600,New Castle,Health-Related Social Needs,Lack of Social/Emotional Support,21.7,18.6,25.2,2945,2351
10005051308,Sussex,Health Risk Behaviors,Short Sleep Duration,29.4,25.3,34.4,4074,3530
10005050604,Sussex,Health-Related Social Needs,Housing Insecurity,14.5,12.5,16.7,4674,3611
10005051204,Sussex,Health Status,General Health,11.8,10.0,14.0,652,627
10003013604,New Castle,Prevention,Cholesterol Screening,90.3,88.7,91.7,4156,3372
10003014703,New Castle,Health Outcomes,Obesity,33.6,28.1,39.2,4827,3890
10003010105,New Castle,Health Risk Behaviors,Binge Drinking,16.5,14.0,19.2,2916,2113
10005051008,Sussex,Disability,Any Disability,27.8,23.8,32.0,4100,3626
10003001600,New Castle,Health Outcomes,Stroke,5.4,4.8,6.1,2419,1765
10005050904,Sussex,Health Risk Behaviors,Short Sleep Duration,28.9,24.8,33.6,2592,2256
10003000200,New Castle,Health-Related Social Needs,Housing Insecurity,19.8,16.4,23.1,5298,4193
10003016100,New Castle,Prevention,Dental Visit,67.3,63.7,70.6,1961,1661
10003014403,New Castle,Health-Related Social Needs,Transportation Barriers,8.9,7.4,10.5,3611,2955
10005050101,Sussex,Health Risk Behaviors,Short Sleep Duration,31.7,27.4,36.8,4013,3236
10005051307,Sussex,Health Status,Frequent Physical Distress,15.5,12.9,18.2,2975,2708
10003010300,New Castle,Prevention,Dental Visit,63.3,59.7,66.7,4106,3232
10001042205,Kent,Health Risk Behaviors,Physical Inactivity,35.8,31.3,40.4,3019,2312
10005050706,Sussex,Health-Related Social Needs,Food Insecurity,8.1,6.6,10.1,1772,1557
10003013614,New Castle,Health Outcomes,All Teeth Lost,13.1,10.8,15.7,3258,2555
10001042100,Kent,Prevention,Mammography,73.2,66.5,79.1,3997,3098
10003016404,New Castle,Disability,Independent Living Disability,7.9,7.0,8.9,3334,2622
10005050703,Sussex,Health Risk Behaviors,Short Sleep Duration,33.4,28.9,38.4,2153,1786
10005050105,Sussex,Prevention,Annual Checkup,80.6,77.3,83.5,5939,4388
10003011900,New Castle,Health Outcomes,Depression,19.9,17.0,22.8,3298,2592
10003011204,New Castle,Prevention,Health Insurance,5.6,4.5,7.1,3313,2741
10003002600,New Castle,Health Status,General Health,28.9,25.2,32.5,3730,2585
10003001300,New Castle,Prevention,Dental Visit,79.9,77.2,82.4,3588,3013
10003013700,New Castle,Prevention,Mammography,75.7,69.6,81.5,4071,3177
10003010502,New Castle,Health Status,General Health,16.2,14.1,18.6,5779,4788
10003010800,New Castle,Prevention,Colorectal Cancer Screening,70.0,65.9,74.0,4796,3948
10005050905,Sussex,Health Risk Behaviors,Current Cigarette Smoking,10.5,8.6,12.6,2848,2485
10003016610,New Castle,Prevention,Annual Checkup,80.3,77.0,83.1,7062,5510
10003016308,New Castle,Prevention,Cholesterol Screening,86.8,84.7,88.6,3728,2990
10005050401,Sussex,Health-Related Social Needs,Food Insecurity,14.2,11.8,16.8,3606,2872
10003014100,New Castle,Health Outcomes,Diabetes,13.8,12.0,15.5,4985,3693
10003000602,New Castle,Disability,Mobility Disability,20.8,18.1,23.8,2876,2134
10001042900,Kent,Disability,Hearing Disability,8.8,7.8,9.9,5105,4056
10003012600,New Castle,Health Outcomes,High Blood Pressure,31.2,27.7,34.8,2945,2351
10005050805,Sussex,Disability,Self-care Disability,3.1,2.7,3.6,3038,2464
10001042000,Kent,Health Outcomes,High Cholesterol,41.3,37.5,45.3,3064,2380
10005050408,Sussex,Prevention,Annual Checkup,81.4,78.1,84.2,4534,3546
10003014808,New Castle,Health Outcomes,Diabetes,11.4,9.9,12.8,6476,5078
10001042208,Kent,Health Status,General Health,20.5,17.9,23.3,4016,3108
10005051308,Sussex,Health Outcomes,Current Asthma,10.2,8.9,11.5,4074,3530
10005051017,Sussex,Health Risk Behaviors,Binge Drinking,12.7,10.7,14.8,3804,3435
10003014000,New Castle,Prevention,Mammography,76.5,70.3,81.9,5441,4349
10005051204,Sussex,Health Outcomes,Current Asthma,8.9,7.9,10.1,652,627
10003011202,New Castle,Health-Related Social Needs,Transportation Barriers,4.5,3.8,5.4,4003,3308
10001041804,Kent,Health Outcomes,Current Asthma,12.9,11.5,14.4,5980,4654
10005051702,Sussex,Disability,Independent Living Disability,9.5,8.4,10.7,6577,4982
10001043300,Kent,Health-Related Social Needs,Transportation Barriers,13.4,11.3,15.9,6553,5692
10003002200,New Castle,Health Outcomes,Current Asthma,12.4,11.0,13.9,2874,1942
10003000601,New Castle,Health-Related Social Needs,Lack of Social/Emotional Support,31.4,27.1,35.7,2773,2035
10003016401,New Castle,Health Status,Frequent Physical Distress,11.5,10.1,13.1,6711,5269
10001043202,Kent,Health Outcomes,High Blood Pressure,40.2,36.5,44.0,3722,2979
10005050808,Sussex,Prevention,Cholesterol Screening,92.5,91.1,93.7,4150,3726
10003013903,New Castle,Disability,Self-care Disability,3.7,3.2,4.2,4820,3768
10005051012,Sussex,Health-Related Social Needs,Food Stamps,8.8,6.6,11.0,1908,1715
10003012000,New Castle,Health-Related Social Needs,Housing Insecurity,11.8,10.2,13.6,4334,3536
10003013614,New Castle,Health Outcomes,Obesity,34.5,28.8,40.3,3258,2555
10003011300,New Castle,Health Outcomes,Current Asthma,9.5,8.4,10.7,2244,1847
10005051205,Sussex,Health Risk Behaviors,Current Cigarette Smoking,8.6,6.7,11.0,580,543
10005050501,Sussex,Health Outcomes,Coronary Heart Disease,7.3,6.5,8.2,4201,3285
10003010200,New Castle,Health Outcomes,Coronary Heart Disease,5.7,5.0,6.5,2034,1607
10003012300,New Castle,Disability,Independent Living Disability,10.0,8.8,11.3,2739,2159
10001042802,Kent,Disability,Mobility Disability,16.5,14.3,18.7,5612,4350
10003015900,New Castle,Health Outcomes,Depression,21.1,18.2,24.3,3344,2595
10003014404,New Castle,Health Outcomes,High Cholesterol,36.1,32.6,39.6,4159,3562
10005050904,Sussex,Prevention,High Blood Pressure Medication,87.2,85.0,89.1,2592,2256
10001042500,Kent,Disability,Cognitive Disability,18.0,15.8,20.6,3590,2590
10003014803,New Castle,Health Risk Behaviors,Short Sleep Duration,32.7,28.1,37.7,4150,3432
10003011400,New Castle,Health Status,General Health,11.7,9.6,14.1,3456,2735
10003014903,New Castle,Disability,Hearing Disability,5.3,4.6,6.0,7365,5269
10003010704,New Castle,Health-Related Social Needs,Food Insecurity,15.6,12.9,18.3,3947,3149
10003016808,New Castle,Prevention,Dental Visit,68.6,65.2,71.9,7377,5511
10005050709,Sussex,Health Outcomes,Diabetes,14.2,12.1,16.5,1956,1774
10005050905,Sussex,Health Outcomes,High Blood Pressure,42.3,38.4,46.1,2848,2485
10003000200,New Castle,Health Risk Behaviors,Short Sleep Duration,39.6,34.5,44.9,5298,4193
10003016404,New Castle,Health Risk Behaviors,Current Cigarette Smoking,13.7,11.6,15.9,3334,2622
10003013613,New Castle,Health-Related Social Needs,Lack of Social/Emotional Support,18.3,15.7,21.1,5657,4676
10005050406,Sussex,Disability,Vision Disability,8.5,7.5,9.6,5475,4063
10003001400,New Castle,Health Outcomes,Stroke,4.6,4.2,5.1,2103,1727
10005050302,Sussex,Health Status,Frequent Mental Distress,17.6,15.6,19.7,5521,4001
10005051103,Sussex,Disability,Self-care Disability,2.6,2.2,3.0,952,866
10005050603,Sussex,Health Outcomes,Stroke,3.4,3.0,3.8,3956,3165
10005050711,Sussex,Health Status,Frequent Mental Distress,16.4,14.3,18.6,1505,1256
10001042204,Kent,Health Risk Behaviors,Short Sleep Duration,40.0,34.7,45.4,4773,3481
10005050407,Sussex,Health-Related Social Needs,Food Insecurity,22.6,19.6,25.7,5238,4210
10001041804,Kent,Disability,Any Disability,36.7,32.7,40.9,5980,4654
10003013400,New Castle,Health Outcomes,Obesity,30.1,24.6,35.6,2504,2036
10003016609,New Castle,Health-Related Social Needs,Loneliness,29.3,25.5,33.1,5595,4312
10003002100,New Castle,Prevention,Cholesterol Screening,81.9,79.0,84.5,1809,1283
10005051103,Sussex,Prevention,Dental Visit,76.6,73.9,79.3,952,866
10003014702,New Castle,Disability,Independent Living Disability,8.2,7.2,9.4,1910,1510
10003011000,New Castle,Health Status,Frequent Mental Distress,12.7,11.1,14.5,3201,2542
10003000900,New Castle,Health Risk Behaviors,Binge Drinking,11.5,9.6,13.7,2267,1563
10003016307,New Castle,Health Risk Behaviors,Current Cigarette Smoking,10.7,9.0,12.7,2756,2221
10003011800,New Castle,Health Outcomes,High Cholesterol,42.3,38.4,46.1,4927,4135
10005051400,Sussex,Prevention,Cholesterol Screening,87.9,86.2,89.6,3878,3033
10003000400,New Castle,Health-Related Social Needs,Utility Services Threat,10.2,8.5,12.1,2957,2436
10003016901,New Castle,Health Status,General Health,20.2,17.5,22.9,2364,1876
10005050200,Sussex,Health Outcomes,High Cholesterol,43.0,39.2,46.7,3744,2777
10003010800,New Castle,Health Status,Frequent Physical Distress,11.1,9.7,12.6,4796,3948
10003013901,New Castle,Disability,Cognitive Disability,14.6,12.6,16.7,3492,2741
10003011205,New Castle,Health Status,General Health,13.5,11.3,16.2,1968,1585
10003013000,New Castle,Health Outcomes,Depression,23.0,19.8,26.2,1927,1515
10005050403,Sussex,Health Status,Frequent Mental Distress,16.4,14.6,18.4,3517,2621
10003011206,New Castle,Prevention,Dental Visit,75.9,73.0,78.7,4319,3345
10003014404,New Castle,Health Outcomes,All Teeth Lost,10.6,8.6,12.8,4159,3562
10003010106,New Castle,Health Outcomes,Depression,19.2,16.4,22.1,1760,1509
10003016000,New Castle,Health Outcomes,Coronary Heart Disease,7.5,6.7,8.4,2999,2265
10001042205,Kent,Prevention,Cholesterol Screening,86.4,84.6,88.2,3019,2312
10005050302,Sussex,Health-Related Social Needs,Food Stamps,19.2,16.3,22.5,5521,4001
10005051900,Sussex,Prevention,High Blood Pressure Medication,80.0,77.4,82.4,4760,3685
10003015802,New Castle,Prevention,Mammography,74.8,68.3,80.6,2276,1726
10001043202,Kent,Prevention,Annual Checkup,81.4,78.1,84.4,3722,2979
10005050407,Sussex,Disability,Self-care Disability,6.1,5.5,6.9,5238,4210
10005051501,Sussex,Health Risk Behaviors,Current Cigarette Smoking,14.6,12.5,16.8,2246,1737
10003014200,New Castle,Health Outcomes,COPD,5.5,4.7,6.5,1600,1313
10003016100,New Castle,Health-Related Social Needs,Food Stamps,9.4,7.5,11.6,1961,1661
10005050604,Sussex,Disability,Mobility Disability,18.9,16.4,21.6,4674,3611
10005051302,Sussex,Disability,Hearing Disability,8.5,7.4,9.6,4907,4337
10003016200,New Castle,Health-Related Social Needs,Housing Insecurity,9.9,8.3,11.7,3051,2509
10005050710,Sussex,Health Outcomes,Depression,22.7,19.4,26.0,1870,1457
10001042801,Kent,Health Outcomes,Coronary Heart Disease,6.4,5.6,7.3,2007,1606
10005051302,Sussex,Prevention,Health Insurance,6.0,4.8,7.4,4907,4337
10003016309,New Castle,Disability,Independent Living Disability,8.7,7.5,9.9,4125,3307
10003016806,New Castle,Disability,Any Disability,24.4,21.3,27.7,6347,4487
10005050200,Sussex,Health Outcomes,All Teeth Lost,14.3,12.0,16.9,3744,2777
10003013000,New Castle,Prevention,Mammography,78.4,72.5,83.7,1927,1515
10003016608,New Castle,Health Outcomes,COPD,5.5,4.6,6.6,6561,5064
10005051016,Sussex,Prevention,Dental Visit,76.1,73.4,79.0,1879,1685
10003011900,New Castle,Health Risk Behaviors,Short Sleep Duration,27.9,23.7,32.5,3298,2592
10005050808,Sussex,Health Outcomes,Stroke,3.9,3.3,4.5,4150,3726
10005050103,Sussex,Health Outcomes,Arthritis,32.6,29.3,35.7,5063,4221
10005050403,Sussex,Health Outcomes,Depression,21.5,18.4,24.7,3517,2621
10003014909,New Castle,Health Outcomes,Depression,21.2,18.1,24.3,6186,4652
10005051009,Sussex,Prevention,Colorectal Cancer Screening,75.0,71.4,78.8,2313,1978
10003014814,New Castle,Health Status,Frequent Mental Distress,15.1,13.3,16.9,4361,3290
10003000300,New Castle,Disability,Independent Living Disability,12.3,10.3,14.4,3012,2233
10003014703,New Castle,Health-Related Social Needs,Food Insecurity,17.2,14.7,19.9,4827,3890
10001042207,Kent,Health Outcomes,Obesity,44.8,38.2,51.7,2576,1977
10003000900,New Castle,Health Outcomes,All Teeth Lost,28.1,23.7,32.6,2267,1563
10005051014,Sussex,Health-Related Social Needs,Transportation Barriers,3.6,2.9,4.3,1881,1709
10001043300,Kent,Health Outcomes,Stroke,2.9,2.6,3.3,6553,5692
10003014706,New Castle,Prevention,Mammography,79.3,73.7,84.3,2929,2180
10005050104,Sussex,Health Outcomes,Diabetes,14.3,12.4,16.2,5031,3785
10005050807,Sussex,Disability,Vision Disability,5.8,4.8,7.1,1824,1622
10005050401,Sussex,Health Status,Frequent Mental Distress,16.0,14.2,18.1,3606,2872
10003014100,New Castle,Health Status,Frequent Physical Distress,14.7,12.9,16.5,4985,3693
10001043400,Kent,Disability,Cognitive Disability,13.7,12.1,15.6,5648,4415
10003002300,New Castle,Prevention,Annual Checkup,77.4,73.7,80.6,3003,2091
10003014811,New Castle,Health-Related Social Needs,Food Stamps,5.4,4.2,7.0,6677,4822
10003014811,New Castle,Health Outcomes,High Blood Pressure,28.4,25.2,31.6,6677,4822
10005051314,Sussex,Health-Related Social Needs,Food Insecurity,6.6,5.4,8.0,2525,2271
10003013903,New Castle,Disability,Independent Living Disability,7.7,6.7,8.8,4820,3768
10003016901,New Castle,Prevention,Dental Visit,61.2,57.4,64.8,2364,1876
10003016608,New Castle,Prevention,Mammography,81.3,75.9,86.0,6561,5064
10003016309,New Castle,Prevention,Annual Checkup,80.4,77.3,83.2,4125,3307
10003011205,New Castle,Disability,Vision Disability,3.4,2.9,3.9,1968,1585
10005050406,Sussex,Health Outcomes,Coronary Heart Disease,9.5,8.5,10.6,5475,4063
10001042000,Kent,Prevention,Annual Checkup,80.1,76.8,83.3,3064,2380
10003013506,New Castle,Health Risk Behaviors,Physical Inactivity,15.9,12.7,19.6,4567,3785
10001041804,Kent,Disability,Vision Disability,6.1,5.5,6.8,5980,4654
10005050101,Sussex,Health-Related Social Needs,Lack of Social/Emotional Support,19.7,17.1,22.6,4013,3236
10003013611,New Castle,Health-Related Social Needs,Transportation Barriers,6.2,5.3,7.4,5572,4648
10003016610,New Castle,Health-Related Social Needs,Food Insecurity,14.5,12.2,16.8,7062,5510
10005050303,Sussex,Health Outcomes,COPD,9.5,8.2,10.8,2935,2313
10003000500,New Castle,Health-Related Social Needs,Transportation Barriers,13.0,10.9,15.0,3453,2515
10005051502,Sussex,Prevention,Dental Visit,64.9,61.6,68.4,3228,2586
10003015000,New Castle,Disability,Mobility Disability,16.5,14.5,18.6,5659,4542
10005050805,Sussex,Health Outcomes,Arthritis,33.1,29.9,36.5,3038,2464
10003016309,New Castle,Prevention,Mammography,80.3,75.0,85.1,4125,3307
10003013700,New Castle,Disability,Hearing Disability,5.3,4.6,6.0,4071,3177
10003014502,New Castle,Health-Related Social Needs,Utility Services Threat,15.9,13.4,18.3,7374,7189
10003012000,New Castle,Disability,Vision Disability,5.1,4.5,5.7,4334,3536
10005050505,Sussex,Health-Related Social Needs,Food Stamps,16.1,12.8,19.9,2420,2212
10003015100,New Castle,Health Outcomes,High Cholesterol,39.9,36.1,43.4,3594,2808
10003013615,New Castle,Health Outcomes,Cancer (non-skin) or Melanoma,9.8,8.8,10.7,4107,3324
10003011204,New Castle,Disability,Cognitive Disability,10.4,8.7,12.2,3313,2741
10003011205,New Castle,Health-Related Social Needs,Housing Insecurity,6.6,5.3,8.1,1968,1585
10003003002,New Castle,Disability,Hearing Disability,5.7,5.0,6.5,3060,2329
10003014705,New Castle,Health Outcomes,Current Asthma,10.8,9.5,12.1,5891,4572
10003013906,New Castle,Health Outcomes,Obesity,29.1,24.1,34.4,4648,3670
10005050707,Sussex,Health Outcomes,Obesity,32.3,26.4,37.9,2578,2285
10003016614,New Castle,Health-Related Social Needs,Food Insecurity,9.4,7.7,11.5,6239,4474
10003015502,New Castle,Health-Related Social Needs,Loneliness,36.2,31.8,40.4,2686,2035
10005051307,Sussex,Health Risk Behaviors,Binge Drinking,10.5,8.8,12.4,2975,2708
10005050903,Sussex,Health Status,Frequent Physical Distress,12.7,10.8,14.9,2161,1968
10003002300,New Castle,Prevention,High Blood Pressure Medication,71.8,68.8,74.5,3003,2091
10001043202,Kent,Health Status,Frequent Mental Distress,18.3,16.4,20.4,3722,2979
10005050707,Sussex,Disability,Any Disability,32.3,27.9,36.3,2578,2285
10003016901,New Castle,Disability,Self-care Disability,4.2,3.6,4.7,2364,1876
10003015100,New Castle,Prevention,Mammography,78.6,72.8,83.8,3594,2808
10003014812,New Castle,Health-Related Social Needs,Housing Insecurity,8.8,7.4,10.3,4559,3628
10003002800,New Castle,Health Outcomes,Cancer (non-skin) or Melanoma,4.7,4.3,5.2,2378,2071
10005051102,Sussex,Disability,Cognitive Disability,7.8,6.6,9.0,1029,970
10003002900,New Castle,Health Outcomes,Depression,21.5,18.3,24.5,3499,2540
10005051309,Sussex,Disability,Vision Disability,4.0,3.3,5.0,1488,1407
10003010900,New Castle,Health-Related Social Needs,Utility Services Threat,5.5,4.5,6.5,2773,2237
10001041802,Kent,Disability,Hearing Disability,5.4,4.8,6.1,6720,5103
10003016404,New Castle,Health Outcomes,Current Asthma,10.9,9.6,12.2,3334,2622
10001042500,Kent,Health-Related Social Needs,Food Insecurity,25.9,22.3,29.4,3590,2590
10005050405,Sussex,Health Outcomes,High Blood Pressure,39.8,36.0,43.3,4378,3304
10003015802,New Castle,Health Outcomes,Arthritis,22.9,20.4,25.4,2276,1726
10003014906,New Castle,Health Outcomes,Current Asthma,12.0,10.7,13.5,5339,4098
10003013300,New Castle,Prevention,Annual Checkup,78.1,74.6,81.3,1907,1543
10001043100,Kent,Health Outcomes,Current Asthma,12.2,10.8,13.8,2573,2087
10001042801,Kent,Prevention,Colorectal Cancer Screening,68.7,64.3,72.8,2007,1606
10003016000,New Castle,Health Risk Behaviors,Current Cigarette Smoking,15.5,13.2,18.1,2999,2265
10005051102,Sussex,Prevention,Cholesterol Screening,93.7,92.7,94.6,1029,970
10003000400,New Castle,Health-Related Social Needs,Food Stamps,16.6,13.0,20.6,2957,2436
10003013607,New Castle,Disability,Self-care Disability,2.7,2.4,3.1,6255,5031
10003002800,New Castle,Health-Related Social Needs,Loneliness,34.6,30.5,38.6,2378,2071
10003013200,New Castle,Health Status,Frequent Physical Distress,13.9,12.0,15.8,2653,2074
10005050406,Sussex,Health-Related Social Needs,Housing Insecurity,18.5,15.9,21.0,5475,4063
10003016200,New Castle,Disability,Vision Disability,3.8,3.3,4.3,3051,2509
10005051101,Sussex,Health-Related Social Needs,Transportation Barriers,2.7,2.3,3.3,629,589
10001042801,Kent,Disability,Self-care Disability,3.2,2.8,3.8,2007,1606
10005050808,Sussex,Health-Related Social Needs,Food Stamps,5.2,3.8,7.0,4150,3726
10005050406,Sussex,Disability,Hearing Disability,9.1,8.0,10.2,5475,4063
10005051202,Sussex,Disability,Hearing Disability,9.9,8.6,11.3,856,822
10001043400,Kent,Prevention,Mammography,76.1,69.9,81.6,5648,4415
10003011500,New Castle,Health Outcomes,COPD,5.8,4.6,7.3,2908,2308
10003016611,New Castle,Health-Related Social Needs,Transportation Barriers,5.8,4.9,6.9,7851,5645
10003016608,New Castle,Disability,Any Disability,25.4,21.9,29.1,6561,5064
10003013508,New Castle,Disability,Any Disability,20.7,17.5,24.3,5655,4419
10001043000,Kent,Health-Related Social Needs,Housing Insecurity,12.6,10.8,14.4,5414,4110
10003002200,New Castle,Health Risk Behaviors,Current Cigarette Smoking,23.7,20.4,27.1,2874,1942
10001041802,Kent,Health Outcomes,Stroke,3.1,2.9,3.4,6720,5103
10005050710,Sussex,Health Risk Behaviors,Binge Drinking,13.4,11.3,15.7,1870,1457
10005050701,Sussex,Health Outcomes,COPD,9.7,8.1,11.4,5068,4322
10005050408,Sussex,Health Outcomes,High Cholesterol,45.3,41.4,49.1,4534,3546
10003011900,New Castle,Prevention,Health Insurance,5.1,3.9,6.4,3298,2592
10005051203,Sussex,Prevention,Mammography,84.4,80.1,88.3,792,726
10003013100,New Castle,Health Outcomes,COPD,7.1,5.9,8.5,2248,1833
10003002400,New Castle,Health Outcomes,Depression,22.7,19.7,25.9,4250,3346
10003016611,New Castle,Health Outcomes,Depression,21.1,17.9,24.3,7851,5645
10005050708,Sussex,Health Outcomes,COPD,8.8,6.8,11.0,2774,2424
10003015600,New Castle,Health-Related Social Needs,Housing Insecurity,20.2,17.5,23.1,2343,1791
10001042900,Kent,Prevention,Dental Visit,57.8,53.9,61.6,5105,4056
10003010106,New Castle,Health-Related Social Needs,Lack of Social/Emotional Support,25.7,22.2,29.4,1760,1509
10005050806,Sussex,Disability,Vision Disability,4.6,3.9,5.3,4454,3735
10005051011,Sussex,Prevention,Health Insurance,5.7,4.5,7.4,3580,3083
10003013700,New Castle,Health Outcomes,COPD,5.7,4.8,6.8,4071,3177
10005050103,Sussex,Health-Related Social Needs,Food Stamps,7.9,6.4,9.5,5063,4221
10003016807,New Castle,Prevention,Cholesterol Screening,89.3,87.6,91.0,1901,1411
10003016806,New Castle,Health Status,Frequent Mental Distress,15.3,13.6,17.2,6347,4487
10003014200,New Castle,Disability,Any Disability,26.1,22.7,29.5,1600,1313
10003011201,New Castle,Prevention,Dental Visit,73.0,69.9,75.9,2421,1946
10003014907,New Castle,Disability,Mobility Disability,14.6,12.9,16.4,4921,3708
10005051313,Sussex,Disability,Cognitive Disability,10.3,8.8,11.9,3144,2742
10003016307,New Castle,Health-Related Social Needs,Housing Insecurity,11.9,10.1,14.0,2756,2221
10003000500,New Castle,Health Risk Behaviors,Binge Drinking,12.3,10.2,14.4,3453,2515
10003015400,New Castle,Prevention,Colorectal Cancer Screening,63.9,59.5,68.4,2932,2209
10003013505,New Castle,Prevention,High Blood Pressure Medication,79.6,76.5,82.2,3489,2807
10003015600,New Castle,Health-Related Social Needs,Food Insecurity,24.6,21.3,28.4,2343,1791
10001042203,Kent,Prevention,Mammography,75.7,69.4,81.3,5705,4255
10005051013,Sussex,Health Risk Behaviors,Binge Drinking,12.2,10.2,14.3,3686,3150
10005050405,Sussex,Health-Related Social Needs,Utility Services Threat,8.6,7.3,9.9,4378,3304
10003014808,New Castle,Health Outcomes,Arthritis,23.5,20.9,26.0,6476,5078
10003016612,New Castle,Health Outcomes,High Blood Pressure,33.7,30.2,37.0,6450,4739
10003013613,New Castle,Disability,Cognitive Disability,10.6,9.2,12.1,5657,4676
10005051400,Sussex,Health Status,Frequent Mental Distress,14.7,13.0,16.5,3878,3033
10003016805,New Castle,Health Outcomes,Diabetes,12.0,10.4,13.8,1723,1396
10005050801,Sussex,Health-Related Social Needs,Lack of Social/Emotional Support,18.8,16.1,21.5,3979,3225
10005051312,Sussex,Health-Related Social Needs,Utility Services Threat,3.6,3.1,4.3,2290,2046
10001041702,Kent,Health Outcomes,Obesity,41.3,35.1,48.1,4472,3405
10005051008,Sussex,Prevention,Health Insurance,6.7,5.2,8.3,4100,3626
10003000601,New Castle,Health Outcomes,Coronary Heart Disease,7.3,6.4,8.3,2773,2035
10005050401,Sussex,Health Risk Behaviors,Binge Drinking,14.1,11.9,16.6,3606,2872
10003014906,New Castle,Health-Related Social Needs,Loneliness,36.0,32.1,40.1,5339,4098
10003013611,New Castle,Health-Related Social Needs,Food Insecurity,9.9,8.1,12.2,5572,4648
10003014402,New Castle,Health-Related Social Needs,Loneliness,32.2,28.1,36.3,2807,2383
10005051012,Sussex,Prevention,Cholesterol Screening,91.8,90.4,93.1,1908,1715
10003012500,New Castle,Prevention,Cholesterol Screening,85.7,83.6,87.5,5660,4358
10001980000,Kent,Health Outcomes,Current Asthma,10.2,9.0,11.5,108,104
10003011300,New Castle,Health Outcomes,All Teeth Lost,3.1,2.5,3.8,2244,1847
10003014814,New Castle,Disability,Hearing Disability,4.2,3.7,4.7,4361,3290
10005050501,Sussex,Health Risk Behaviors,Physical Inactivity,28.8,24.6,33.0,4201,3285
10003016401,New Castle,Health Risk Behaviors,Physical Inactivity,24.1,20.3,28.1,6711,5269
10003014809,New Castle,Disability,Self-care Disability,3.7,3.3,4.1,8360,6692
10005050304,Sussex,Disability,Mobility Disability,19.0,16.3,21.6,4616,3670
10001043000,Kent,Disability,Vision Disability,5.1,4.6,5.7,5414,4110
10001042203,Kent,Health Outcomes,Diabetes,11.7,10.3,13.3,5705,4255
10003012100,New Castle,Disability,Self-care Disability,2.8,2.4,3.2,2901,2301
10003002400,New Castle,Health Risk Behaviors,Physical Inactivity,34.1,29.0,38.8,4250,3346
10005051017,Sussex,Disability,Self-care Disability,2.9,2.3,3.6,3804,3435
10003011100,New Castle,Health Outcomes,Obesity,29.3,24.1,34.6,2654,2282
10003014814,New Castle,Prevention,Annual Checkup,78.3,75.0,81.5,4361,3290
10003015000,New Castle,Health Outcomes,Cancer (non-skin) or Melanoma,7.3,6.6,8.0,5659,4542
10003000900,New Castle,Health Risk Behaviors,Current Cigarette Smoking,21.4,17.9,24.9,2267,1563
10003016306,New Castle,Prevention,Annual Checkup,79.4,76.0,82.3,4598,3569
10005051202,Sussex,Prevention,High Blood Pressure Medication,88.5,86.2,90.4,856,822
10003001200,New Castle,Health Risk Behaviors,Binge Drinking,21.1,18.1,24.3,1605,1454
10001041900,Kent,Prevention,High Blood Pressure Medication,76.9,74.0,79.7,5289,4044
10003010300,New Castle,Health Outcomes,Stroke,2.7,2.4,3.0,4106,3232
10003014000,New Castle,Prevention,Cholesterol Screening,84.4,82.2,86.5,5441,4349
10005050303,Sussex,Disability,Hearing Disability,8.4,7.4,9.3,2935,2313
10003002800,New Castle,Prevention,Health Insurance,10.2,8.1,12.9,2378,2071
10003014809,New Castle,Health Risk Behaviors,Short Sleep Duration,37.6,32.6,42.8,8360,6692
10003015200,New Castle,Health Outcomes,Depression,22.4,19.3,25.6,5783,4501
10003001600,New Castle,Disability,Any Disability,43.0,38.3,47.6,2419,1765
10003015000,New Castle,Health Outcomes,Diabetes,14.2,12.6,15.9,5659,4542
10001043100,Kent,Health Outcomes,Arthritis,31.9,28.8,35.3,2573,2087
10003014200,New Castle,Health Outcomes,High Cholesterol,39.1,35.4,42.8,1600,1313
10003012400,New Castle,Health-Related Social Needs,Food Insecurity,20.4,17.7,23.3,4637,3486
10003016904,New Castle,Health Outcomes,All Teeth Lost,20.7,17.4,24.5,3096,2872
10005051016,Sussex,Health Outcomes,High Blood Pressure,41.0,37.1,45.0,1879,1685
10003010704,New Castle,Prevention,Cholesterol Screening,88.1,86.2,89.7,3947,3149
10003014702,New Castle,Disability,Cognitive Disability,14.4,12.5,16.5,1910,1510
10001980000,Kent,Disability,Hearing Disability,2.6,2.3,3.0,108,104
10003012700,New Castle,Disability,Mobility Disability,17.6,15.1,20.0,4392,3592
10001042206,Kent,Health Risk Behaviors,Physical Inactivity,28.3,24.1,32.4,2822,2203
10003016904,New Castle,Prevention,Dental Visit,48.4,44.5,52.3,3096,2872
10003000300,New Castle,Health Risk Behaviors,Physical Inactivity,36.1,30.3,41.8,3012,2233
10001041803,Kent,Prevention,Mammography,71.9,64.9,77.9,4384,3459
10005050807,Sussex,Health Risk Behaviors,Current Cigarette Smoking,13.9,10.7,17.8,1824,1622
10005051302,Sussex,Health-Related Social Needs,Loneliness,26.4,23.0,30.2,4907,4337
10005051009,Sussex,Health-Related Social Needs,Utility Services Threat,3.2,2.6,3.8,2313,1978
10003002300,New Castle,Health Outcomes,High Cholesterol,35.4,31.8,39.0,3003,2091
10003010703,New Castle,Prevention,Health Insurance,7.9,6.3,9.7,2036,1556
10005050303,Sussex,Disability,Vision Disability,6.1,5.3,6.8,2935,2313
10003010200,New Castle,Prevention,Mammography,82.2,77.2,86.6,2034,1607
10003013613,New Castle,Health Outcomes,Arthritis,25.4,22.7,28.2,5657,4676
10003002400,New Castle,Disability,Hearing Disability,6.4,5.6,7.2,4250,3346
10003012900,New Castle,Health Outcomes,Stroke,3.7,3.4,4.0,4823,3565
10003011206,New Castle,Health Outcomes,Cancer (non-skin) or Melanoma,11.9,10.7,13.1,4319,3345
10005051102,Sussex,Health Outcomes,Depression,17.9,15.3,20.7,1029,970
10005051310,Sussex,Prevention,Dental Visit,70.1,67.0,73.3,1933,1765
10001042204,Kent,Health Status,General Health,17.0,14.9,19.2,4773,3481
10003015200,New Castle,Health Risk Behaviors,Short Sleep Duration,38.3,33.4,43.7,5783,4501
10005050501,Sussex,Health Risk Behaviors,Current Cigarette Smoking,16.2,13.8,18.6,4201,3285
10003013608,New Castle,Prevention,Colorectal Cancer Screening,65.4,61.0,69.8,1959,1543
10003014810,New Castle,Health Outcomes,Coronary Heart Disease,5.2,4.6,5.9,7083,5613
10003014809,New Castle,Health-Related Social Needs,Food Insecurity,15.6,13.6,17.8,8360,6692
10003016614,New Castle,Health-Related Social Needs,Housing Insecurity,9.4,7.8,11.3,6239,4474
10003016100,New Castle,Health Outcomes,Cancer (non-skin) or Melanoma,10.8,9.9,11.9,1961,1661
10003002500,New Castle,Health-Related Social Needs,Housing Insecurity,18.0,15.1,20.8,3235,2443
10003013611,New Castle,Disability,Cognitive Disability,12.1,10.3,14.1,5572,4648
10005050408,Sussex,Health Outcomes,Diabetes,15.8,13.8,17.6,4534,3546
10003014903,New Castle,Health Risk Behaviors,Physical Inactivity,34.8,29.8,39.7,7365,5269
10005050304,Sussex,Health-Related Social Needs,Lack of Social/Emotional Support,19.9,17.3,23.0,4616,3670
10005051400,Sussex,Health Outcomes,Depression,20.0,17.1,23.1,3878,3033
10003016308,New Castle,Health Outcomes,Arthritis,23.6,20.9,26.4,3728,2990
10003014403,New Castle,Disability,Mobility Disability,11.7,10.0,13.4,3611,2955
10003013508,New Castle,Health Risk Behaviors,Short Sleep Duration,28.5,24.2,33.0,5655,4419
10003011500,New Castle,Prevention,Mammography,77.8,72.0,83.0,2908,2308
10005051201,Sussex,Health Outcomes,All Teeth Lost,7.1,5.8,8.6,1513,1391
10003010105,New Castle,Health Outcomes,All Teeth Lost,11.3,9.2,13.7,2916,2113
10003000300,New Castle,Prevention,Colorectal Cancer Screening,62.0,57.5,66.3,3012,2233
10003001200,New Castle,Prevention,Mammography,79.4,73.9,84.2,1605,1454
10003015200,New Castle,Health Status,General Health,21.8,19.2,24.5,5783,4501
10005051900,Sussex,Health Outcomes,Obesity,34.2,28.3,40.0,4760,3685
10005050302,Sussex,Health Outcomes,High Blood Pressure,39.5,35.9,43.1,5521,4001
10003013400,New Castle,Disability,Vision Disability,3.8,3.2,4.6,2504,2036
10003013905,New Castle,Disability,Any Disability,22.2,18.9,25.6,4169,3100
10005051008,Sussex,Health-Related Social Needs,Food Stamps,5.1,3.8,6.6,4100,3626
10003014813,New Castle,Prevention,Colorectal Cancer Screening,66.4,62.3,70.4,4889,3848
10003015600,New Castle,Prevention,Cholesterol Screening,85.9,83.7,87.8,2343,1791
10005050706,Sussex,Prevention,Colorectal Cancer Screening,75.7,72.1,79.5,1772,1557
10003012500,New Castle,Health-Related Social Needs,Transportation Barriers,9.3,8.1,10.6,5660,4358
10003013614,New Castle,Health Outcomes,Current Asthma,10.5,9.3,11.8,3258,2555
10005050905,Sussex,Disability,Independent Living Disability,6.3,5.4,7.2,2848,2485
10001043100,Kent,Health Status,Frequent Physical Distress,15.3,13.4,17.3,2573,2087
10003016308,New Castle,Health Outcomes,Stroke,3.6,3.2,4.0,3728,2990
10005050405,Sussex,Disability,Hearing Disability,7.5,6.6,8.5,4378,3304
10005051310,Sussex,Health Outcomes,All Teeth Lost,6.2,5.1,7.7,1933,1765
10003015400,New Castle,Health-Related Social Needs,Food Stamps,23.2,19.4,27.0,2932,2209
10003011400,New Castle,Health Outcomes,Depression,20.2,17.2,23.4,3456,2735
10003011204,New Castle,Health Outcomes,Depression,20.6,17.5,23.6,3313,2741
10003001500,New Castle,Disability,Independent Living Disability,10.5,9.1,12.0,2231,1748
10005051802,Sussex,Prevention,High Blood Pressure Medication,78.0,75.5,80.5,4354,3076
10003014403,New Castle,Prevention,Dental Visit,65.4,61.8,68.7,3611,2955
10003012900,New Castle,Health Outcomes,Cancer (non-skin) or Melanoma,6.3,5.7,6.9,4823,3565
10003014502,New Castle,Health-Related Social Needs,Lack of Social/Emotional Support,25.2,21.6,28.8,7374,7189
10003016000,New Castle,Health-Related Social Needs,Lack of Social/Emotional Support,27.1,23.5,30.7,2999,2265
10005051307,Sussex,Health Outcomes,Arthritis,41.2,37.2,45.0,2975,2708
10003010703,New Castle,Health Outcomes,Obesity,37.1,31.2,43.0,2036,1556
10005050604,Sussex,Disability,Vision Disability,7.0,6.2,7.9,4674,3611
10003014000,New Castle,Health-Related Social Needs,Housing Insecurity,16.0,13.7,18.4,5441,4349
10003014402,New Castle,Health Outcomes,Current Asthma,10.3,9.0,11.5,2807,2383
10003002800,New Castle,Health Outcomes,Stroke,2.8,2.5,3.1,2378,2071
10003011700,New Castle,Health Outcomes,All Teeth Lost,5.7,4.6,6.8,4260,3465
10005050904,Sussex,Health Status,Frequent Physical Distress,15.3,13.0,17.9,2592,2256
10003012700,New Castle,Health-Related Social Needs,Transportation Barriers,9.2,8.0,10.5,4392,3592
10005051309,Sussex,Disability,Hearing Disability,9.8,8.4,11.3,1488,1407
10003014705,New Castle,Prevention,Colorectal Cancer Screening,65.5,61.3,69.5,5891,4572
10003002800,New Castle,Disability,Cognitive Disability,16.1,13.8,18.6,2378,2071
10003011201,New Castle,Health-Related Social Needs,Housing Insecurity,7.0,5.6,8.7,2421,1946
10003013610,New Castle,Health Outcomes,High Blood Pressure,31.2,28.0,34.6,5460,4534
10003001300,New Castle,Prevention,High Blood Pressure Medication,78.8,75.7,81.6,3588,3013
10003014808,New Castle,Disability,Mobility Disability,12.4,10.9,14.0,6476,5078
10003014810,New Castle,Health-Related Social Needs,Lack of Social/Emotional Support,22.3,19.3,25.4,7083,5613
10003012300,New Castle,Health-Related Social Needs,Utility Services Threat,11.2,9.7,12.9,2739,2159
10003011201,New Castle,Health Outcomes,High Blood Pressure,28.5,25.6,31.6,2421,1946
10003014810,New Castle,Health Risk Behaviors,Physical Inactivity,22.8,19.2,26.6,7083,5613
10005050807,Sussex,Health-Related Social Needs,Housing Insecurity,7.3,5.8,8.9,1824,1622
10003011500,New Castle,Disability,Any Disability,26.4,22.4,30.7,2908,2308
10003013612,New Castle,Prevention,Cholesterol Screening,90.9,89.3,92.2,6158,4926
10003014200,New Castle,Disability,Self-care Disability,2.6,2.3,3.0,1600,1313
10005051802,Sussex,Health Risk Behaviors,Short Sleep Duration,38.3,33.6,43.7,4354,3076
10005051013,Sussex,Health Outcomes,Coronary Heart Disease,9.1,8.1,10.2,3686,3150
10003016807,New Castle,Health-Related Social Needs,Lack of Social/Emotional Support,19.0,16.0,22.0,1901,1411
10003014813,New Castle,Health Outcomes,Diabetes,9.7,8.4,11.1,4889,3848
10003002200,New Castle,Health Risk Behaviors,Physical Inactivity,49.7,44.4,55.2,2874,1942
10005050707,Sussex,Health-Related Social Needs,Utility Services Threat,4.4,3.8,5.1,2578,2285
10003014100,New Castle,Health Status,General Health,22.3,19.5,25.1,4985,3693
10003014502,New Castle,Health Outcomes,Coronary Heart Disease,2.0,1.8,2.3,7374,7189
10005051013,Sussex,Health Status,General Health,17.3,14.8,20.0,3686,3150
10005051011,Sussex,Health Outcomes,Obesity,30.8,25.3,36.6,3580,3083
10005050703,Sussex,Prevention,Annual Checkup,82.6,79.6,85.3,2153,1786
10005050710,Sussex,Health Status,General Health,24.3,21.3,27.6,1870,1457
10003013507,New Castle,Disability,Independent Living Disability,5.1,4.2,6.1,1819,1428
10001042206,Kent,Health Outcomes,High Cholesterol,41.0,37.1,45.0,2822,2203
10005051204,Sussex,Health Status,Frequent Mental Distress,8.3,7.2,9.6,652,627
10003001200,New Castle,Health Outcomes,Coronary Heart Disease,3.6,3.1,4.2,1605,1454
10003011800,New Castle,Health-Related Social Needs,Loneliness,26.3,22.9,29.8,4927,4135
10003016904,New Castle,Health Risk Behaviors,Current Cigarette Smoking,20.3,16.9,23.7,3096,2872
10003002100,New Castle,Health Status,General Health,38.8,34.3,43.6,1809,1283
10003010703,New Castle,Disability,Any Disability,31.4,27.4,35.2,2036,1556
10005050711,Sussex,Health Risk Behaviors,Current Cigarette Smoking,18.8,15.4,22.3,1505,1256
10005051501,Sussex,Health Outcomes,Coronary Heart Disease,7.4,6.6,8.2,2246,1737
10005050801,Sussex,Health Risk Behaviors,Physical Inactivity,24.7,20.8,28.9,3979,3225
10005050707,Sussex,Health Outcomes,High Blood Pressure,47.0,42.8,50.7,2578,2285
10001042100,Kent,Health Outcomes,Stroke,4.2,3.8,4.6,3997,3098
10003014501,New Castle,Disability,Cognitive Disability,28.4,21.9,34.8,2134,1931
10005050405,Sussex,Health Outcomes,Obesity,35.7,29.7,41.5,4378,3304
10003000601,New Castle,Health-Related Social Needs,Utility Services Threat,21.6,18.5,24.8,2773,2035
10001042204,Kent,Prevention,High Blood Pressure Medication,76.3,73.4,79.0,4773,3481
10003011900,New Castle,Disability,Independent Living Disability,5.7,4.9,6.7,3298,2592
10005051802,Sussex,Disability,Cognitive Disability,16.7,14.7,18.9,4354,3076
10003011900,New Castle,Health-Related Social Needs,Food Insecurity,6.9,5.4,8.6,3298,2592
10003016200,New Castle,Health Outcomes,Coronary Heart Disease,5.8,5.0,6.5,3051,2509
10003014811,New Castle,Health-Related Social Needs,Utility Services Threat,4.7,3.9,5.5,6677,4822
10005050804,Sussex,Prevention,Cholesterol Screening,91.0,89.6,92.2,4188,3465
10003016805,New Castle,Health Outcomes,Arthritis,29.6,26.5,32.6,1723,1396
10005050503,Sussex,Health Outcomes,Cancer (non-skin) or Melanoma,5.3,4.9,5.8,5604,3737
10003011800,New Castle,Prevention,Annual Checkup,82.1,79.3,84.8,4927,4135
10005051203,Sussex,Health Outcomes,Arthritis,39.0,35.2,42.7,792,726
10003016609,New Castle,Health Outcomes,High Blood Pressure,31.4,27.9,35.1,5595,4312
10005050903,Sussex,Health Outcomes,Diabetes,13.6,11.6,15.6,2161,1968
10003000400,New Castle,Disability,Cognitive Disability,13.6,11.5,15.8,2957,2436
10003011400,New Castle,Health-Related Social Needs,Transportation Barriers,3.8,3.1,4.6,3456,2735
10003011300,New Castle,Health Status,Frequent Physical Distress,11.0,9.3,12.9,2244,1847
10003002700,New Castle,Prevention,Annual Checkup,76.2,72.4,79.6,2990,2310
10005050709,Sussex,Prevention,Cholesterol Screening,94.0,93.0,95.0,1956,1774
10003012200,New Castle,Health Risk Behaviors,Short Sleep Duration,36.7,31.7,41.9,4676,3581
10003012400,New Castle,Disability,Any Disability,33.5,29.8,37.3,4637,3486
10003011600,New Castle,Prevention,High Blood Pressure Medication,75.6,72.3,78.5,3287,2573
10001041802,Kent,Health-Related Social Needs,Housing Insecurity,12.7,11.0,14.5,6720,5103
10003000500,New Castle,Health Status,Frequent Mental Distress,17.9,15.7,20.1,3453,2515
10003015900,New Castle,Health Status,General Health,20.1,17.6,22.6,3344,2595
10003002100,New Castle,Health Risk Behaviors,Short Sleep Duration,47.0,41.7,52.4,1809,1283
10003016308,New Castle,Health Outcomes,COPD,5.7,4.8,6.7,3728,2990
10003014301,New Castle,Health-Related Social Needs,Transportation Barriers,3.6,3.0,4.3,1317,1092
10003011205,New Castle,Health-Related Social Needs,Transportation Barriers,4.8,4.0,5.7,1968,1585
10003016805,New Castle,Health Outcomes,Current Asthma,10.6,9.4,11.9,1723,1396
10005051312,Sussex,Health-Related Social Needs,Lack of Social/Emotional Support,16.8,14.3,19.6,2290,2046
10003012900,New Castle,Health Outcomes,High Cholesterol,36.9,33.3,40.4,4823,3565
10005050603,Sussex,Health Outcomes,Cancer (non-skin) or Melanoma,10.9,9.9,12.0,3956,3165
10003014302,New Castle,Prevention,Dental Visit,69.0,65.5,72.2,4908,4464
10005051102,Sussex,Prevention,Mammography,83.3,78.9,87.6,1029,970
10003013400,New Castle,Disability,Independent Living Disability,6.7,5.4,8.1,2504,2036
10003014403,New Castle,Health-Related Social Needs,Food Insecurity,14.3,11.7,17.3,3611,2955
10005050303,Sussex,Disability,Any Disability,35.1,31.0,39.2,2935,2313
10003014100,New Castle,Prevention,Colorectal Cancer Screening,60.4,55.9,65.0,4985,3693
10003014906,New Castle,Disability,Vision Disability,6.1,5.5,6.8,5339,4098
10005050903,Sussex,Health Outcomes,Stroke,4.4,3.8,5.2,2161,1968
10003014906,New Castle,Health Outcomes,COPD,6.4,5.6,7.3,5339,4098
10005051014,Sussex,Health Risk Behaviors,Current Cigarette Smoking,10.0,7.3,12.9,1881,1709
10003016100,New Castle,Health-Related Social Needs,Housing Insecurity,10.0,8.4,11.8,1961,1661
10003016612,New Castle,Disability,Any Disability,23.9,20.8,27.1,6450,4739
10005051801,Sussex,Disability,Vision Disability,7.2,6.5,8.0,5359,3933
10003015100,New Castle,Prevention,Annual Checkup,79.3,76.1,82.3,3594,2808
10001041803,Kent,Health Outcomes,Arthritis,34.8,31.6,38.2,4384,3459
10003013508,New Castle,Health-Related Social Needs,Food Insecurity,5.2,4.1,6.6,5655,4419
10005050105,Sussex,Health-Related Social Needs,Food Insecurity,19.0,16.4,21.7,5939,4388
10005051016,Sussex,Health-Related Social Needs,Utility Services Threat,2.9,2.3,3.6,1879,1685
10003014404,New Castle,Health-Related Social Needs,Lack of Social/Emotional Support,19.6,16.7,22.8,4159,3562
10003014200,New Castle,Health Outcomes,High Blood Pressure,32.5,29.1,35.8,1600,1313
10003014301,New Castle,Health Outcomes,Depression,19.1,16.3,22.0,1317,1092
10001042000,Kent,Health Risk Behaviors,Current Cigarette Smoking,15.9,13.6,18.4,3064,2380
10005051314,Sussex,Disability,Mobility Disability,14.4,12.4,16.8,2525,2271
10001043000,Kent,Health Outcomes,Coronary Heart Disease,6.5,5.8,7.3,5414,4110
10005050905,Sussex,Prevention,Annual Checkup,85.1,82.3,87.4,2848,2485
10003013906,New Castle,Disability,Any Disability,22.9,19.8,26.3,4648,3670
10003010400,New Castle,Prevention,Mammography,79.0,73.4,84.0,4591,3725
10003010800,New Castle,Health Outcomes,Arthritis,29.1,26.2,32.0,4796,3948
10003013800,New Castle,Prevention,Mammography,78.9,73.3,83.9,5901,4752
10003014809,New Castle,Health Risk Behaviors,Binge Drinking,14.9,12.5,17.4,8360,6692
10003016611,New Castle,Health Status,General Health,12.5,10.4,14.7,7851,5645
10003002900,New Castle,Health Outcomes,Coronary Heart Disease,9.8,8.6,11.1,3499,2540
10003010200,New Castle,Prevention,High Blood Pressure Medication,76.5,73.5,79.3,2034,1607
10003015000,New Castle,Health Outcomes,Stroke,4.0,3.6,4.4,5659,4542
10003002700,New Castle,Health Risk Behaviors,Current Cigarette Smoking,11.0,9.1,13.1,2990,2310
10003013613,New Castle,Health Outcomes,Stroke,2.7,2.4,3.0,5657,4676
10005050401,Sussex,Health Outcomes,All Teeth Lost,10.8,9.0,12.9,3606,2872
10005050708,Sussex,Health Outcomes,Obesity,31.9,26.1,37.8,2774,2424
10005050505,Sussex,Health Outcomes,Arthritis,22.5,20.1,24.9,2420,2212
10005050701,Sussex,Disability,Mobility Disability,17.6,15.1,20.4,5068,4322
10003016401,New Castle,Health Risk Behaviors,Current Cigarette Smoking,10.9,8.9,13.0,6711,5269
10003015000,New Castle,Health-Related Social Needs,Utility Services Threat,11.4,9.8,13.1,5659,4542
10003015200,New Castle,Prevention,High Blood Pressure Medication,71.3,68.0,74.3,5783,4501
10003011202,New Castle,Disability,Mobility Disability,12.5,10.5,14.8,4003,3308
10003013100,New Castle,Health Risk Behaviors,Binge Drinking,16.7,14.1,19.5,2248,1833
10003016000,New Castle,Health Risk Behaviors,Physical Inactivity,34.7,30.0,39.9,2999,2265
10003001902,New Castle,Prevention,Cholesterol Screening,85.7,83.1,87.9,2113,1554
10005051501,Sussex,Health-Related Social Needs,Lack of Social/Emotional Support,22.4,19.4,25.6,2246,1737
10005050604,Sussex,Health Outcomes,Current Asthma,11.7,10.3,13.2,4674,3611
10005051013,Sussex,Disability,Self-care Disability,3.5,3.1,4.0,3686,3150
10003013905,New Castle,Health Outcomes,Coronary Heart Disease,3.1,2.8,3.6,4169,3100
10003010703,New Castle,Disability,Hearing Disability,6.1,5.3,6.9,2036,1556
10003013610,New Castle,Health-Related Social Needs,Utility Services Threat,3.7,3.0,4.3,5460,4534
10003013612,New Castle,Disability,Hearing Disability,5.3,4.6,6.0,6158,4926
10003002900,New Castle,Health Status,Frequent Mental Distress,22.0,19.4,24.6,3499,2540
10003001300,New Castle,Health Outcomes,Stroke,2.7,2.3,3.1,3588,3013
10003001902,New Castle,Prevention,Mammography,77.9,71.9,83.3,2113,1554
10003013604,New Castle,Health Risk Behaviors,Physical Inactivity,20.0,16.5,23.9,4156,3372
10003002500,New Castle,Prevention,Dental Visit,63.7,60.0,67.1,3235,2443
10005051205,Sussex,Health-Related Social Needs,Utility Services Threat,2.6,2.1,3.2,580,543
10003012500,New Castle,Prevention,Colorectal Cancer Screening,60.3,56.1,64.5,5660,4358
10003011400,New Castle,Disability,Independent Living Disability,5.1,4.2,6.3,3456,2735
10003013000,New Castle,Disability,Cognitive Disability,13.5,11.5,15.6,1927,1515
10003013100,New Castle,Disability,Mobility Disability,14.2,12.1,16.5,2248,1833
10003013610,New Castle,Prevention,Annual Checkup,79.6,76.1,82.4,5460,4534
10001041900,Kent,Disability,Mobility Disability,18.6,16.3,21.1,5289,4044
10003012400,New Castle,Prevention,Health Insurance,14.5,12.1,17.1,4637,3486
10003012000,New Castle,Disability,Any Disability,32.1,28.0,36.2,4334,3536
10003016901,New Castle,Health Risk Behaviors,Binge Drinking,15.7,13.3,18.3,2364,1876
10001043300,Kent,Health Outcomes,Cancer (non-skin) or Melanoma,5.1,4.5,5.6,6553,5692
10005050709,Sussex,Health Status,Frequent Mental Distress,10.7,9.1,12.4,1956,1774
10001041900,Kent,Health Risk Behaviors,Short Sleep Duration,39.8,34.4,45.2,5289,4044
10005051311,Sussex,Health Risk Behaviors,Binge Drinking,10.9,9.1,12.8,1832,1712
10003016401,New Castle,Prevention,Dental Visit,64.2,60.6,67.7,6711,5269
10001042204,Kent,Disability,Independent Living Disability,6.9,6.1,7.8,4773,3481
10003001100,New Castle,Health Outcomes,Cancer (non-skin) or Melanoma,9.7,8.8,10.7,3375,3187
10003011400,New Castle,Health Outcomes,Stroke,2.9,2.5,3.4,3456,2735
10005050304,Sussex,Prevention,Cholesterol Screening,89.5,88.0,90.9,4616,3670
10003001100,New Castle,Health Outcomes,High Blood Pressure,34.3,30.9,37.6,3375,3187
10005050807,Sussex,Health Risk Behaviors,Physical Inactivity,29.0,23.9,35.2,1824,1622
10001042207,Kent,Health Outcomes,Depression,23.8,20.4,27.5,2576,1977
10003014811,New Castle,Health Outcomes,Obesity,27.7,22.7,32.8,6677,4822
10003013607,New Castle,Health-Related Social Needs,Food Insecurity,9.8,8.1,11.6,6255,5031
10005051302,Sussex,Disability,Cognitive Disability,9.9,8.5,11.4,4907,4337
10003013615,New Castle,Health Outcomes,Stroke,3.3,2.9,3.8,4107,3324
10001041702,Kent,Health Status,Frequent Mental Distress,15.4,13.7,17.3,4472,3405
10005051015,Sussex,Health Outcomes,Cancer (non-skin) or Melanoma,13.7,12.5,15.0,1877,1626
10005050407,Sussex,Health Risk Behaviors,Binge Drinking,12.4,10.4,14.6,5238,4210
10005050503,Sussex,Health-Related Social Needs,Food Stamps,41.6,37.0,46.4,5604,3737
10003013615,New Castle,Health-Related Social Needs,Food Stamps,8.4,6.8,10.2,4107,3324
10005050706,Sussex,Disability,Independent Living Disability,7.2,6.1,8.4,1772,1557
10003016805,New Castle,Health Outcomes,All Teeth Lost,9.7,7.9,11.9,1723,1396
10003000500,New Castle,Health Outcomes,Depression,19.2,16.3,22.1,3453,2515
10001042801,Kent,Disability,Vision Disability,4.1,3.6,4.8,2007,1606
10001042205,Kent,Health-Related Social Needs,Housing Insecurity,16.2,14.4,18.4,3019,2312
10005051310,Sussex,Health-Related Social Needs,Loneliness,24.7,21.1,28.5,1933,1765
10003013506,New Castle,Prevention,Colorectal Cancer Screening,72.3,68.5,75.9,4567,3785
10003016307,New Castle,Prevention,Cholesterol Screening,88.5,86.7,90.1,2756,2221
10005051103,Sussex,Health Risk Behaviors,Binge Drinking,12.9,10.9,15.2,952,866
10005051201,Sussex,Health Outcomes,Current Asthma,9.6,8.4,10.8,1513,1391
10003016404,New Castle,Health Status,Frequent Mental Distress,16.8,14.9,18.8,3334,2622
10001043100,Kent,Prevention,Colorectal Cancer Screening,65.9,61.2,70.4,2573,2087
10005051313,Sussex,Disability,Vision Disability,4.6,4.0,5.3,3144,2742
10005051010,Sussex,Prevention,Annual Checkup,85.7,83.1,87.9,2795,2452
10003013200,New Castle,Health Outcomes,Arthritis,26.2,23.3,28.9,2653,2074
10003016100,New Castle,Disability,Cognitive Disability,12.0,10.3,13.9,1961,1661
10005051016,Sussex,Health Status,Frequent Physical Distress,11.0,9.4,13.0,1879,1685
10003014404,New Castle,Health Outcomes,Current Asthma,9.7,8.5,11.0,4159,3562
10005050604,Sussex,Health-Related Social Needs,Food Stamps,19.3,16.1,22.6,4674,3611
10005050703,Sussex,Health-Related Social Needs,Food Insecurity,17.4,14.5,20.5,2153,1786
10003015502,New Castle,Health Outcomes,COPD,8.5,7.3,9.8,2686,2035
10005051204,Sussex,Disability,Independent Living Disability,4.7,4.0,5.6,652,627
10003012700,New Castle,Health-Related Social Needs,Food Insecurity,17.3,14.7,20.1,4392,3592
10003013905,New Castle,Disability,Vision Disability,3.2,2.9,3.7,4169,3100
10005051900,Sussex,Health Outcomes,Depression,21.8,18.7,25.0,4760,3685
10001042208,Kent,Health Risk Behaviors,Short Sleep Duration,38.5,33.2,43.8,4016,3108
10003010104,New Castle,Health Outcomes,Current Asthma,11.1,9.8,12.4,3620,2830
10003014907,New Castle,Health Risk Behaviors,Current Cigarette Smoking,13.0,11.0,15.1,4921,3708
10001043400,Kent,Prevention,Dental Visit,63.5,59.6,67.0,5648,4415
10005050709,Sussex,Prevention,High Blood Pressure Medication,87.6,85.4,89.7,1956,1774
10003002900,New Castle,Health Risk Behaviors,Binge Drinking,10.1,8.4,12.0,3499,2540
10003013501,New Castle,Health Outcomes,COPD,5.4,4.4,6.5,7213,5880
10005050801,Sussex,Health Risk Behaviors,Current Cigarette Smoking,12.7,10.6,15.0,3979,3225
10005050808,Sussex,Health Outcomes,Cancer (non-skin) or Melanoma,13.8,12.4,15.2,4150,3726
10003012300,New Castle,Health Outcomes,High Blood Pressure,35.7,32.1,39.2,2739,2159
10003011202,New Castle,Health Outcomes,Current Asthma,9.6,8.5,10.8,4003,3308
10005050406,Sussex,Health-Related Social Needs,Loneliness,34.9,31.0,39.0,5475,4063
10003014705,New Castle,Disability,Independent Living Disability,8.6,7.4,9.9,5891,4572
10003010106,New Castle,Health Outcomes,Stroke,3.6,3.1,4.1,1760,1509
10003013508,New Castle,Health Outcomes,Obesity,26.1,21.1,31.3,5655,4419
10003001200,New Castle,Disability,Vision Disability,2.4,2.0,2.8,1605,1454
10005051009,Sussex,Health Status,Frequent Physical Distress,10.8,9.4,12.4,2313,1978
10005050708,Sussex,Disability,Vision Disability,4.5,3.7,5.3,2774,2424
10003016308,New Castle,Health Outcomes,Cancer (non-skin) or Melanoma,5.3,4.8,5.9,3728,2990
10003001200,New Castle,Health Outcomes,COPD,3.2,2.6,4.0,1605,1454
10003016808,New Castle,Disability,Cognitive Disability,11.7,10.0,13.5,7377,5511
10005050408,Sussex,Health Outcomes,Current Asthma,11.7,10.3,13.1,4534,3546
10005051205,Sussex,Disability,Hearing Disability,10.6,9.1,12.1,580,543
10003013903,New Castle,Health Risk Behaviors,Binge Drinking,15.1,12.8,17.7,4820,3768
10005051701,Sussex,Health Outcomes,Depression,22.8,19.6,26.3,4103,3258
10001042207,Kent,Health Outcomes,Stroke,3.9,3.5,4.3,2576,1977
10005050807,Sussex,Prevention,High Blood Pressure Medication,86.4,84.1,88.5,1824,1622
10003013611,New Castle,Prevention,Health Insurance,6.5,5.2,8.1,5572,4648
10005051307,Sussex,Prevention,Dental Visit,70.5,67.4,73.7,2975,2708
10003015502,New Castle,Disability,Any Disability,37.9,33.7,42.2,2686,2035
10005050706,Sussex,Prevention,Health Insurance,6.1,4.7,7.7,1772,1557
10003016612,New Castle,Health-Related Social Needs,Utility Services Threat,5.5,4.7,6.4,6450,4739
10003011000,New Castle,Disability,Self-care Disability,2.4,2.1,2.8,3201,2542
10003010900,New Castle,Health Risk Behaviors,Current Cigarette Smoking,11.5,8.8,14.4,2773,2237
10003016808,New Castle,Health Outcomes,Cancer (non-skin) or Melanoma,7.4,6.7,8.1,7377,5511
10005050805,Sussex,Health Outcomes,Diabetes,12.2,10.6,14.0,3038,2464
10005051017,Sussex,Health Outcomes,Current Asthma,9.6,8.4,10.8,3804,3435
10003014812,New Castle,Health Outcomes,Coronary Heart Disease,5.0,4.4,5.6,4559,3628
10001041804,Kent,Health Status,General Health,23.0,20.3,25.9,5980,4654
10003013610,New Castle,Health-Related Social Needs,Lack of Social/Emotional Support,17.8,15.1,20.5,5460,4534
10003016608,New Castle,Disability,Hearing Disability,5.4,4.7,6.2,6561,5064
10003010704,New Castle,Health Risk Behaviors,Short Sleep Duration,38.8,33.8,44.0,3947,3149
10005051311,Sussex,Health-Related Social Needs,Food Insecurity,6.0,4.3,8.1,1832,1712
10003010502,New Castle,Disability,Independent Living Disability,7.1,6.2,8.1,5779,4788
10005050401,Sussex,Health Outcomes,High Cholesterol,46.2,42.3,50.1,3606,2872
10003014903,New Castle,Prevention,Colorectal Cancer Screening,59.8,55.4,64.1,7365,5269
10003014904,New Castle,Health-Related Social Needs,Food Stamps,12.4,10.3,14.7,5003,4117
10003014908,New Castle,Health Outcomes,Current Asthma,12.3,10.9,13.8,2425,1792
10003016309,New Castle,Health Outcomes,COPD,6.9,5.8,7.9,4125,3307
10003013608,New Castle,Disability,Mobility Disability,11.5,9.8,13.5,1959,1543
10003001400,New Castle,Prevention,Dental Visit,52.1,48.4,55.8,2103,1727
10003003002,New Castle,Health Outcomes,Coronary Heart Disease,6.8,6.0,7.6,3060,2329
10003002800,New Castle,Health-Related Social Needs,Food Stamps,19.7,16.0,23.9,2378,2071
10003012500,New Castle,Health-Related Social Needs,Housing Insecurity,14.7,12.7,16.9,5660,4358
10005051017,Sussex,Disability,Independent Living Disability,5.7,4.5,7.0,3804,3435
10003014200,New Castle,Prevention,Annual Checkup,78.6,75.2,81.6,1600,1313
10005050904,Sussex,Prevention,Annual Checkup,87.0,84.8,89.2,2592,2256
10003016614,New Castle,Prevention,Cholesterol Screening,88.9,87.2,90.5,6239,4474
10001042204,Kent,Health Outcomes,Obesity,40.8,34.5,47.5,4773,3481
10003010104,New Castle,Health Outcomes,All Teeth Lost,15.3,12.6,18.1,3620,2830
10005050711,Sussex,Health-Related Social Needs,Transportation Barriers,9.1,7.8,10.7,1505,1256
10003013506,New Castle,Health Outcomes,Arthritis,25.8,22.9,28.8,4567,3785
10003016609,New Castle,Disability,Mobility Disability,10.4,8.5,12.5,5595,4312
10003013611,New Castle,Health Outcomes,Cancer (non-skin) or Melanoma,8.5,7.8,9.4,5572,4648
10003000601,New Castle,Disability,Hearing Disability,5.1,4.5,5.8,2773,2035
10003015502,New Castle,Prevention,Health Insurance,13.9,11.6,16.6,2686,2035
10003014903,New Castle,Prevention,Cholesterol Screening,83.3,80.9,85.8,7365,5269
10001042208,Kent,Prevention,High Blood Pressure Medication,79.0,76.1,81.5,4016,3108
10001042801,Kent,Health Status,Frequent Mental Distress,16.3,14.2,18.6,2007,1606
10003013901,New Castle,Prevention,Mammography,75.3,69.0,80.9,3492,2741
10005051014,Sussex,Prevention,Annual Checkup,87.7,85.3,89.6,1881,1709
10005051012,Sussex,Health-Related Social Needs,Housing Insecurity,7.2,5.9,8.6,1908,1715
10005050101,Sussex,Health Status,Frequent Mental Distress,14.8,13.1,16.6,4013,3236
10005051205,Sussex,Disability,Any Disability,29.3,24.9,34.1,580,543
10005051008,Sussex,Health Outcomes,Cancer (non-skin) or Melanoma,14.1,12.9,15.5,4100,3626
10005050601,Sussex,Prevention,Annual Checkup,80.4,77.1,83.4,5391,4138
10003002500,New Castle,Health-Related Social Needs,Utility Services Threat,11.7,9.9,13.5,3235,2443
10003011000,New Castle,Health-Related Social Needs,Food Insecurity,6.6,5.3,8.1,3201,2542
10003016613,New Castle,Disability,Cognitive Disability,13.7,11.7,15.7,6109,4337
10003002200,New Castle,Health-Related Social Needs,Utility Services Threat,27.0,23.8,30.3,2874,1942
10003014811,New Castle,Health-Related Social Needs,Lack of Social/Emotional Support,20.4,17.5,23.4,6677,4822
10003011400,New Castle,Health Outcomes,All Teeth Lost,4.7,3.8,5.9,3456,2735
10003016806,New Castle,Health Risk Behaviors,Current Cigarette Smoking,10.7,8.9,12.6,6347,4487
10005050707,Sussex,Prevention,Health Insurance,6.7,5.5,8.0,2578,2285
10005051314,Sussex,Health Outcomes,Stroke,4.1,3.6,4.6,2525,2271
10003011203,New Castle,Health Outcomes,High Cholesterol,39.6,35.8,43.1,4805,3884
10005051502,Sussex,Disability,Cognitive Disability,13.6,11.8,15.4,3228,2586
10003013906,New Castle,Health-Related Social Needs,Lack of Social/Emotional Support,23.2,19.9,26.4,4648,3670
10005051010,Sussex,Disability,Independent Living Disability,6.7,5.7,7.8,2795,2452
10003000300,New Castle,Prevention,Annual Checkup,82.2,79.0,84.9,3012,2233
10003011205,New Castle,Health Risk Behaviors,Binge Drinking,15.5,13.2,18.0,1968,1585
10003011206,New Castle,Health Outcomes,Diabetes,9.8,8.3,11.3,4319,3345
10005051702,Sussex,Health Status,Frequent Mental Distress,17.4,15.6,19.6,6577,4982
10003013611,New Castle,Health-Related Social Needs,Housing Insecurity,9.0,7.5,10.9,5572,4648
10003012000,New Castle,Prevention,Health Insurance,10.7,8.9,12.9,4334,3536
10001043300,Kent,Disability,Hearing Disability,5.3,4.7,6.0,6553,5692
10005051311,Sussex,Health Status,Frequent Mental Distress,10.4,8.8,12.1,1832,1712
10003014706,New Castle,Disability,Any Disability,26.7,23.4,30.2,2929,2180
10005051009,Sussex,Health Outcomes,High Cholesterol,48.7,44.6,52.7,2313,1978
10005051103,Sussex,Health Status,General Health,12.6,10.5,15.0,952,866
10003014810,New Castle,Disability,Vision Disability,3.9,3.4,4.3,7083,5613
10003013508,New Castle,Prevention,Health Insurance,4.0,3.2,5.1,5655,4419
10003002600,New Castle,Health Outcomes,Diabetes,16.6,14.7,18.6,3730,2585
10003013300,New Castle,Prevention,Mammography,76.6,70.5,82.1,1907,1543
10003013506,New Castle,Health Status,General Health,10.4,8.5,12.8,4567,3785
10003014705,New Castle,Health Outcomes,All Teeth Lost,10.6,8.7,12.7,5891,4572
10003013200,New Castle,Health Outcomes,Diabetes,12.3,10.6,13.9,2653,2074
10003013100,New Castle,Health-Related Social Needs,Transportation Barriers,7.6,6.6,8.9,2248,1833
10003012600,New Castle,Disability,Mobility Disability,12.1,9.9,14.5,2945,2351
10003014703,New Castle,Disability,Self-care Disability,4.0,3.5,4.5,4827,3890
10003010300,New Castle,Health Status,General Health,15.5,13.4,17.8,4106,3232
10005050407,Sussex,Health-Related Social Needs,Housing Insecurity,15.9,13.8,18.2,5238,4210
10001042205,Kent,Health Risk Behaviors,Current Cigarette Smoking,16.0,13.8,18.2,3019,2312
10005051203,Sussex,Prevention,Dental Visit,78.2,75.7,80.9,792,726
10003016609,New Castle,Health Outcomes,Diabetes,9.7,8.3,11.2,5595,4312
10005050403,Sussex,Prevention,Colorectal Cancer Screening,65.5,61.4,69.9,3517,2621
10003000602,New Castle,Health-Related Social Needs,Loneliness,37.8,33.5,42.1,2876,2134
10003015802,New Castle,Health Outcomes,Depression,21.3,18.2,24.3,2276,1726
10003016613,New Castle,Health-Related Social Needs,Loneliness,33.6,29.6,37.9,6109,4337
10003013901,New Castle,Prevention,Dental Visit,60.9,57.2,64.5,3492,2741
10005050804,Sussex,Health-Related Social Needs,Housing Insecurity,7.4,6.3,8.6,4188,3465
10003016308,New Castle,Health Outcomes,Current Asthma,11.6,10.3,13.0,3728,2990
10003002300,New Castle,Health Risk Behaviors,Short Sleep Duration,44.8,39.5,50.3,3003,2091
10003001300,New Castle,Disability,Hearing Disability,5.7,5.0,6.6,3588,3013
10003002700,New Castle,Health-Related Social Needs,Utility Services Threat,10.0,8.3,11.7,2990,2310
10003001100,New Castle,Health-Related Social Needs,Utility Services Threat,5.3,4.3,6.4,3375,3187
10005050603,Sussex,Health Outcomes,Depression,20.4,17.5,23.7,3956,3165
10003015100,New Castle,Health-Related Social Needs,Loneliness,31.9,28.0,35.8,3594,2808
10003012300,New Castle,Health-Related Social Needs,Lack of Social/Emotional Support,24.7,21.4,28.2,2739,2159
10003012400,New Castle,Health Outcomes,Obesity,36.6,30.7,42.4,4637,3486
10003013611,New Castle,Health Status,Frequent Mental Distress,15.5,13.6,17.6,5572,4648
10003016610,New Castle,Health Outcomes,High Cholesterol,39.2,35.5,42.6,7062,5510
10003014814,New Castle,Health Outcomes,High Blood Pressure,30.5,27.3,33.9,4361,3290
10005051801,Sussex,Health Outcomes,COPD,10.9,9.5,12.4,5359,3933
10005051702,Sussex,Health Outcomes,High Blood Pressure,38.6,35.1,42.3,6577,4982
10005050903,Sussex,Health Outcomes,Arthritis,39.0,35.1,42.7,2161,1968
10003001400,New Castle,Health Status,Frequent Physical Distress,15.5,13.6,17.4,2103,1727
10001042900,Kent,Disability,Any Disability,39.5,35.1,43.8,5105,4056
10003013608,New Castle,Health-Related Social Needs,Transportation Barriers,6.7,5.6,7.8,1959,1543
10003014808,New Castle,Health Outcomes,COPD,5.5,4.8,6.3,6476,5078
10005050403,Sussex,Health-Related Social Needs,Transportation Barriers,8.7,7.7,9.8,3517,2621
10005050104,Sussex,Health Outcomes,COPD,9.7,8.0,11.6,5031,3785
10003014904,New Castle,Health Outcomes,High Blood Pressure,35.0,31.7,38.3,5003,4117
10003011203,New Castle,Health Outcomes,Cancer (non-skin) or Melanoma,8.6,7.8,9.5,4805,3884
10005050506,Sussex,Health Outcomes,Diabetes,11.9,10.2,13.5,4112,3099
10003014907,New Castle,Prevention,Dental Visit,60.4,56.7,64.1,4921,3708
10003001100,New Castle,Health Outcomes,Stroke,3.4,2.9,3.8,3375,3187
10003014812,New Castle,Disability,Vision Disability,3.3,2.9,3.8,4559,3628
10003013903,New Castle,Health Status,General Health,18.1,15.6,20.6,4820,3768
10003013607,New Castle,Health Outcomes,COPD,5.5,4.6,6.4,6255,5031
10005051801,Sussex,Disability,Hearing Disability,8.6,7.6,9.6,5359,3933
10003011100,New Castle,Prevention,Colorectal Cancer Screening,72.9,69.0,76.7,2654,2282
10001042500,Kent,Health Outcomes,All Teeth Lost,16.6,13.9,19.7,3590,2590
10003000200,New Castle,Prevention,High Blood Pressure Medication,79.9,77.3,82.1,5298,4193
10001041802,Kent,Health Outcomes,Cancer (non-skin) or Melanoma,7.4,6.7,8.0,6720,5103
10005050710,Sussex,Disability,Self-care Disability,4.9,4.3,5.7,1870,1457
10003011400,New Castle,Health Outcomes,COPD,4.8,3.8,6.0,3456,2735
10005051201,Sussex,Health Outcomes,Diabetes,12.9,10.9,15.0,1513,1391
10005051016,Sussex,Health Outcomes,Arthritis,33.4,29.9,37.0,1879,1685
10003010300,New Castle,Health Status,Frequent Physical Distress,11.1,9.7,12.5,4106,3232
10003001600,New Castle,Health Status,General Health,33.9,29.6,38.1,2419,1765
10003014908,New Castle,Health Outcomes,Diabetes,16.2,14.3,18.2,2425,1792
10003001500,New Castle,Health Outcomes,Depression,22.3,19.2,25.4,2231,1748
10005051302,Sussex,Health Status,Frequent Mental Distress,12.1,10.7,13.7,4907,4337
10003010800,New Castle,Health-Related Social Needs,Housing Insecurity,6.6,5.5,7.8,4796,3948
10003014903,New Castle,Prevention,High Blood Pressure Medication,72.9,69.8,75.7,7365,5269
10003016806,New Castle,Disability,Self-care Disability,2.8,2.5,3.1,6347,4487
10003014904,New Castle,Disability,Independent Living Disability,7.5,6.6,8.5,5003,4117
10003010105,New Castle,Disability,Mobility Disability,10.6,9.2,12.0,2916,2113
10003012100,New Castle,Health Outcomes,Cancer (non-skin) or Melanoma,9.2,8.3,10.1,2901,2301
10005051314,Sussex,Prevention,Colorectal Cancer Screening,76.5,73.1,80.0,2525,2271
10005051312,Sussex,Health Outcomes,Current Asthma,9.8,8.6,11.0,2290,2046
10005050105,Sussex,Health Outcomes,High Blood Pressure,39.7,36.0,43.3,5939,4388
10005050101,Sussex,Health-Related Social Needs,Loneliness,30.2,26.7,34.0,4013,3236
10005050103,Sussex,Health Outcomes,All Teeth Lost,7.5,6.2,9.1,5063,4221
10003013604,New Castle,Disability,Self-care Disability,2.6,2.2,3.0,4156,3372
10005050711,Sussex,Prevention,Cholesterol Screening,86.6,84.5,88.6,1505,1256
10003016610,New Castle,Health Outcomes,Cancer (non-skin) or Melanoma,9.4,8.6,10.3,7062,5510
10003011201,New Castle,Health Risk Behaviors,Physical Inactivity,19.4,16.0,23.3,2421,1946
10005051202,Sussex,Health-Related Social Needs,Transportation Barriers,2.5,2.1,3.0,856,822
10003013501,New Castle,Disability,Independent Living Disability,5.4,4.6,6.4,7213,5880
10005051201,Sussex,Health Status,Frequent Physical Distress,12.6,10.6,14.7,1513,1391
10003011203,New Castle,Health Outcomes,Stroke,3.6,3.2,4.0,4805,3884
10003016805,New Castle,Health Outcomes,Obesity,32.8,27.2,38.5,1723,1396
10005050805,Sussex,Health Risk Behaviors,Current Cigarette Smoking,11.3,9.3,13.5,3038,2464
10001043100,Kent,Health Outcomes,All Teeth Lost,13.7,11.2,16.4,2573,2087
10005050701,Sussex,Health Outcomes,High Blood Pressure,45.3,41.3,49.1,5068,4322
10005051802,Sussex,Health Outcomes,High Cholesterol,42.3,38.5,46.0,4354,3076
10003002300,New Castle,Prevention,Health Insurance,18.4,15.3,21.8,3003,2091
10003014706,New Castle,Health-Related Social Needs,Food Insecurity,15.1,12.6,17.8,2929,2180
10003002800,New Castle,Health Outcomes,High Cholesterol,31.7,28.3,35.1,2378,2071
10005051012,Sussex,Health Risk Behaviors,Current Cigarette Smoking,14.2,11.3,17.3,1908,1715
10003012500,New Castle,Prevention,High Blood Pressure Medication,72.4,69.2,75.2,5660,4358
10005051802,Sussex,Health Outcomes,Obesity,38.6,32.6,44.6,4354,3076
10001042204,Kent,Health Status,Frequent Mental Distress,16.3,14.4,18.4,4773,3481
10003016306,New Castle,Disability,Vision Disability,5.5,4.9,6.1,4598,3569
10003016613,New Castle,Disability,Self-care Disability,3.5,3.0,4.0,6109,4337
10005050101,Sussex,Disability,Cognitive Disability,12.3,10.8,14.0,4013,3236
10005050302,Sussex,Health Risk Behaviors,Binge Drinking,14.5,12.3,17.0,5521,4001
10005051900,Sussex,Health Risk Behaviors,Binge Drinking,14.9,12.6,17.4,4760,3685
10003013700,New Castle,Disability,Self-care Disability,3.3,2.8,3.8,4071,3177
10005050604,Sussex,Health Status,Frequent Physical Distress,16.6,14.7,18.8,4674,3611
10003010104,New Castle,Health-Related Social Needs,Utility Services Threat,9.9,8.4,11.6,3620,2830
10005050103,Sussex,Health Outcomes,Diabetes,12.6,10.8,14.4,5063,4221
10005051015,Sussex,Disability,Independent Living Disability,6.5,5.5,7.7,1877,1626
10003003002,New Castle,Health-Related Social Needs,Transportation Barriers,31.1,27.0,35.2,3060,2329
10005050711,Sussex,Health Risk Behaviors,Short Sleep Duration,33.3,28.8,38.4,1505,1256
10003013508,New Castle,Prevention,Mammography,79.4,73.8,84.3,5655,4419
10003001200,New Castle,Disability,Self-care Disability,1.7,1.4,2.0,1605,1454
10005050601,Sussex,Health Outcomes,Cancer (non-skin) or Melanoma,9.0,8.2,9.9,5391,4138
10003015900,New Castle,Health Outcomes,COPD,6.7,5.8,7.8,3344,2595
10003014810,New Castle,Health Outcomes,Diabetes,10.9,9.5,12.4,7083,5613
10005050506,Sussex,Health Risk Behaviors,Physical Inactivity,27.3,23.0,31.7,4112,3099
10003011800,New Castle,Health Outcomes,Depression,19.4,16.7,22.3,4927,4135
10005050303,Sussex,Health Risk Behaviors,Short Sleep Duration,34.8,30.3,40.1,2935,2313
10003011205,New Castle,Health Outcomes,Depression,21.0,18.0,24.2,1968,1585
10003013614,New Castle,Health-Related Social Needs,Loneliness,34.2,30.3,38.1,3258,2555
10003010502,New Castle,Disability,Cognitive Disability,12.2,10.6,14.0,5779,4788
10003013300,New Castle,Health Outcomes,Obesity,30.3,25.0,35.8,1907,1543
10003016404,New Castle,Disability,Cognitive Disability,14.0,12.4,15.9,3334,2622
10001043000,Kent,Health Outcomes,Stroke,3.7,3.3,4.0,5414,4110
10005051012,Sussex,Health Risk Behaviors,Physical Inactivity,28.6,23.6,33.9,1908,1715
10003015802,New Castle,Health Outcomes,Cancer (non-skin) or Melanoma,6.3,5.7,6.9,2276,1726
10003013611,New Castle,Health Outcomes,Current Asthma,10.3,9.1,11.6,5572,4648
10003016000,New Castle,Health Status,Frequent Physical Distress,15.4,13.7,17.3,2999,2265
10003014906,New Castle,Prevention,Health Insurance,11.2,9.3,13.3,5339,4098
10003000602,New Castle,Health Outcomes,All Teeth Lost,22.6,18.9,26.7,2876,2134
10003012500,New Castle,Health Status,General Health,19.5,17.0,22.2,5660,4358
10003011202,New Castle,Health Outcomes,High Blood Pressure,36.2,32.7,39.8,4003,3308
10003013901,New Castle,Health Status,Frequent Mental Distress,16.6,14.5,18.5,3492,2741
10003012200,New Castle,Prevention,Cholesterol Screening,83.8,81.3,86.1,4676,3581
10003002200,New Castle,Health Status,Frequent Physical Distress,20.5,18.3,22.9,2874,1942
10003010106,New Castle,Health Outcomes,All Teeth Lost,14.6,12.0,17.4,1760,1509
10005050806,Sussex,Health-Related Social Needs,Lack of Social/Emotional Support,18.1,15.4,20.8,4454,3735
10001042900,Kent,Health Status,Frequent Mental Distress,18.4,16.3,20.7,5105,4056
10003002900,New Castle,Health-Related Social Needs,Food Insecurity,47.1,40.7,52.9,3499,2540
10003016611,New Castle,Disability,Vision Disability,3.0,2.6,3.4,7851,5645
10005050501,Sussex,Health-Related Social Needs,Housing Insecurity,12.6,10.8,14.4,4201,3285
10003013501,New Castle,Health Status,Frequent Mental Distress,10.9,9.6,12.4,7213,5880
10003000500,New Castle,Prevention,Health Insurance,10.4,8.1,13.0,3453,2515
10005050703,Sussex,Health Outcomes,COPD,11.3,9.3,13.3,2153,1786
10005051101,Sussex,Prevention,High Blood Pressure Medication,86.2,83.8,88.4,629,589
10005050806,Sussex,Health Outcomes,Diabetes,13.7,11.8,15.9,4454,3735
10005050706,Sussex,Health Outcomes,Stroke,4.3,3.8,4.9,1772,1557
10005050200,Sussex,Health-Related Social Needs,Food Stamps,18.1,15.5,20.7,3744,2777
10003016613,New Castle,Health Status,Frequent Mental Distress,16.5,14.4,18.5,6109,4337
10005051101,Sussex,Health Status,General Health,11.7,9.9,13.8,629,589
10003002600,New Castle,Disability,Vision Disability,9.0,7.9,10.2,3730,2585
10003011100,New Castle,Health Risk Behaviors,Short Sleep Duration,29.0,24.7,33.6,2654,2282
10003014909,New Castle,Prevention,High Blood Pressure Medication,72.7,69.8,75.5,6186,4652
10005051802,Sussex,Health Outcomes,Stroke,4.3,3.9,4.7,4354,3076
10001042802,Kent,Health-Related Social Needs,Loneliness,33.9,30.2,38.1,5612,4350
10003014502,New Castle,Health Outcomes,Arthritis,8.5,7.4,9.7,7374,7189
10003016904,New Castle,Health-Related Social Needs,Lack of Social/Emotional Support,29.1,25.2,33.0,3096,2872
10005050506,Sussex,Disability,Vision Disability,5.1,4.4,5.8,4112,3099
10005051313,Sussex,Prevention,Annual Checkup,86.1,83.6,88.3,3144,2742
10003016613,New Castle,Health Outcomes,Depression,21.2,18.1,24.4,6109,4337
10003014501,New Castle,Health Risk Behaviors,Physical Inactivity,34.1,27.1,41.7,2134,1931
10005050604,Sussex,Health Outcomes,All Teeth Lost,17.1,14.4,20.4,4674,3611
10003014810,New Castle,Health Status,Frequent Physical Distress,11.7,10.2,13.2,7083,5613
10003014302,New Castle,Health Risk Behaviors,Current Cigarette Smoking,7.6,6.3,9.0,4908,4464
10005050503,Sussex,Health Risk Behaviors,Physical Inactivity,47.5,41.9,52.5,5604,3737
10005050105,Sussex,Health Outcomes,Obesity,37.8,31.6,43.8,5939,4388
10003011205,New Castle,Prevention,Health Insurance,5.0,3.7,6.4,1968,1585
10003013906,New Castle,Health Outcomes,High Cholesterol,36.7,33.1,40.4,4648,3670
10003016309,New Castle,Health Outcomes,Depression,20.3,17.4,23.4,4125,3307
10003013200,New Castle,Health Risk Behaviors,Current Cigarette Smoking,13.4,10.9,16.2,2653,2074
10003015600,New Castle,Health Status,Frequent Mental Distress,17.2,15.3,19.3,2343,1791
10003014906,New Castle,Disability,Any Disability,31.9,28.3,35.8,5339,4098
10005050406,Sussex,Prevention,High Blood Pressure Medication,80.8,78.4,82.9,5475,4063
10003016614,New Castle,Health-Related Social Needs,Transportation Barriers,5.9,5.0,6.9,6239,4474
10005051701,Sussex,Disability,Cognitive Disability,14.7,12.6,16.8,4103,3258
10003001100,New Castle,Health Outcomes,All Teeth Lost,6.5,5.2,7.9,3375,3187
10003014402,New Castle,Disability,Independent Living Disability,7.4,6.2,8.9,2807,2383
10001041900,Kent,Prevention,Annual Checkup,79.8,76.3,83.0,5289,4044
10003016808,New Castle,Health Outcomes,High Cholesterol,35.1,31.6,38.6,7377,5511
10005051701,Sussex,Health-Related Social Needs,Food Stamps,11.8,9.5,14.4,4103,3258
10003016807,New Castle,Health Outcomes,Diabetes,9.5,8.2,10.9,1901,1411
10003001300,New Castle,Health Status,General Health,10.4,8.8,12.4,3588,3013
10003012100,New Castle,Health Outcomes,Obesity,30.9,25.5,36.6,2901,2301
10005050801,Sussex,Prevention,Dental Visit,65.1,61.7,68.6,3979,3225
10003001500,New Castle,Disability,Cognitive Disability,15.9,13.9,18.2,2231,1748
10005051400,Sussex,Health-Related Social Needs,Housing Insecurity,11.5,10.0,13.3,3878,3033
10003010900,New Castle,Health Outcomes,Diabetes,12.9,11.1,14.9,2773,2237
10003014403,New Castle,Health Outcomes,Coronary Heart Disease,5.4,4.8,6.1,3611,2955
10005050707,Sussex,Health Outcomes,All Teeth Lost,9.8,8.1,11.9,2578,2285
10003014705,New Castle,Health Outcomes,Cancer (non-skin) or Melanoma,7.9,7.1,8.7,5891,4572
10003015400,New Castle,Health Outcomes,Arthritis,28.2,25.3,31.0,2932,2209
10003011100,New Castle,Prevention,Dental Visit,74.5,71.4,77.3,2654,2282
10005050707,Sussex,Health Risk Behaviors,Binge Drinking,11.2,9.4,13.2,2578,2285
10005051502,Sussex,Health Outcomes,High Cholesterol,45.6,41.6,49.4,3228,2586
10001042802,Kent,Prevention,Dental Visit,62.4,58.6,66.0,5612,4350
10003010106,New Castle,Health Outcomes,COPD,5.9,4.8,7.0,1760,1509
10003011800,New Castle,Health-Related Social Needs,Food Stamps,3.6,2.8,4.6,4927,4135
10003010703,New Castle,Health Risk Behaviors,Binge Drinking,14.5,12.2,17.0,2036,1556
10003002100,New Castle,Disability,Hearing Disability,6.9,6.1,7.8,1809,1283
10003010106,New Castle,Prevention,Mammography,82.3,77.2,86.6,1760,1509
10003011000,New Castle,Disability,Any Disability,23.8,20.5,27.4,3201,2542
10005050603,Sussex,Prevention,Annual Checkup,83.0,80.1,85.6,3956,3165
10003000500,New Castle,Prevention,Mammography,82.2,77.2,86.7,3453,2515
10005051400,Sussex,Disability,Self-care Disability,3.8,3.4,4.3,3878,3033
10003011500,New Castle,Prevention,Annual Checkup,79.1,75.6,82.1,2908,2308
10003013901,New Castle,Health Outcomes,High Blood Pressure,33.5,30.1,36.9,3492,2741
10003014811,New Castle,Prevention,Annual Checkup,78.7,75.2,81.8,6677,4822
10003002200,New Castle,Health Outcomes,High Blood Pressure,44.1,40.5,47.6,2874,1942
10005050903,Sussex,Health Outcomes,All Teeth Lost,5.3,4.3,6.5,2161,1968
10003016610,New Castle,Disability,Cognitive Disability,13.4,11.5,15.2,7062,5510
10003016610,New Castle,Health Status,Frequent Mental Distress,15.9,14.0,17.8,7062,5510
10003011205,New Castle,Health Risk Behaviors,Short Sleep Duration,31.3,26.8,36.1,1968,1585
10001043400,Kent,Health Outcomes,All Teeth Lost,13.6,11.2,16.3,5648,4415
10003015802,New Castle,Disability,Cognitive Disability,16.1,13.9,18.3,2276,1726
10005051012,Sussex,Prevention,Dental Visit,60.9,57.3,64.7,1908,1715
10003015100,New Castle,Health Status,Frequent Mental Distress,16.3,14.4,18.3,3594,2808
10003002800,New Castle,Health Outcomes,Current Asthma,11.3,9.9,12.7,2378,2071
10001041702,Kent,Disability,Independent Living Disability,7.4,6.6,8.4,4472,3405
10005051102,Sussex,Health-Related Social Needs,Food Insecurity,4.8,3.8,6.0,1029,970
10005050408,Sussex,Health-Related Social Needs,Food Stamps,19.8,16.7,23.0,4534,3546
10003016200,New Castle,Health-Related Social Needs,Transportation Barriers,6.4,5.5,7.4,3051,2509
10005051400,Sussex,Health-Related Social Needs,Food Insecurity,14.6,12.5,16.9,3878,3033
10003013903,New Castle,Prevention,Health Insurance,7.9,6.5,9.5,4820,3768
10003013700,New Castle,Health Outcomes,High Cholesterol,35.5,32.0,38.9,4071,3177
10003014809,New Castle,Prevention,Mammography,79.9,74.5,84.8,8360,6692
10003012900,New Castle,Health Outcomes,Arthritis,24.5,21.9,27.0,4823,3565
10005050601,Sussex,Disability,Mobility Disability,15.1,13.1,17.2,5391,4138
10003014403,New Castle,Health-Related Social Needs,Utility Services Threat,7.7,6.5,9.0,3611,2955
10003001902,New Castle,Prevention,High Blood Pressure Medication,74.0,71.0,76.8,2113,1554
10005051009,Sussex,Health Risk Behaviors,Binge Drinking,13.7,11.6,16.1,2313,1978
10003013300,New Castle,Health Outcomes,Cancer (non-skin) or Melanoma,10.0,9.0,11.0,1907,1543
10003002200,New Castle,Health Outcomes,Arthritis,26.7,24.0,29.5,2874,1942
10005050506,Sussex,Prevention,Health Insurance,13.1,10.9,15.7,4112,3099
10001043100,Kent,Health Status,General Health,20.2,17.3,23.3,2573,2087
10003014302,New Castle,Prevention,Annual Checkup,74.3,70.3,77.9,4908,4464
10001041803,Kent,Health Outcomes,Current Asthma,13.1,11.7,14.7,4384,3459
10003013906,New Castle,Health Outcomes,COPD,4.1,3.5,4.9,4648,3670
10003013905,New Castle,Health-Related Social Needs,Food Insecurity,12.9,10.5,15.5,4169,3100
10003002400,New Castle,Health Risk Behaviors,Binge Drinking,13.5,11.4,15.9,4250,3346
10005051801,Sussex,Health-Related Social Needs,Food Insecurity,22.2,19.5,25.3,5359,3933
10001041900,Kent,Prevention,Mammography,69.0,61.6,75.6,5289,4044
10003000601,New Castle,Disability,Mobility Disability,22.6,19.7,25.7,2773,2035
10003000300,New Castle,Health-Related Social Needs,Utility Services Threat,18.6,15.5,21.7,3012,2233
10003000602,New Castle,Health Outcomes,Stroke,5.2,4.6,5.9,2876,2134
10001042206,Kent,Prevention,Health Insurance,7.6,6.2,9.1,2822,2203
10005051205,Sussex,Health-Related Social Needs,Loneliness,25.5,21.9,29.1,580,543
10003011204,New Castle,Prevention,Annual Checkup,81.5,78.5,84.2,3313,2741
10003014502,New Castle,Prevention,Colorectal Cancer Screening,58.8,53.8,63.6,7374,7189
10003014906,New Castle,Health Outcomes,High Blood Pressure,35.5,32.1,39.0,5339,4098
10003016404,New Castle,Health Outcomes,High Cholesterol,39.4,35.6,43.2,3334,2622
10005050707,Sussex,Prevention,Mammography,77.3,71.7,82.6,2578,2285
10003014702,New Castle,Health Outcomes,Obesity,33.3,27.7,38.9,1910,1510
10003002600,New Castle,Health Outcomes,Coronary Heart Disease,6.3,5.6,7.0,3730,2585
10003015900,New Castle,Disability,Hearing Disability,6.0,5.2,6.7,3344,2595
10005051309,Sussex,Health Risk Behaviors,Short Sleep Duration,28.8,24.7,33.6,1488,1407
10005051015,Sussex,Health-Related Social Needs,Transportation Barriers,4.3,3.6,5.1,1877,1626
10005051202,Sussex,Disability,Mobility Disability,13.1,11.0,15.3,856,822
10003002900,New Castle,Prevention,Dental Visit,38.7,34.8,42.5,3499,2540
10003012300,New Castle,Health Outcomes,Arthritis,26.2,23.4,29.0,2739,2159
10005051702,Sussex,Health Outcomes,High Cholesterol,43.8,40.0,47.6,6577,4982
10003013800,New Castle,Health Status,Frequent Mental Distress,14.9,13.1,16.8,5901,4752
10003012500,New Castle,Prevention,Dental Visit,55.4,51.6,59.2,5660,4358
10003011800,New Castle,Health Outcomes,Stroke,3.1,2.7,3.5,4927,4135
10005050905,Sussex,Health Outcomes,Cancer (non-skin) or Melanoma,13.7,12.5,15.0,2848,2485
10003014909,New Castle,Health Status,General Health,20.8,18.1,23.6,6186,4652
10003012100,New Castle,Health Outcomes,Current Asthma,9.8,8.7,11.1,2901,2301
10003011500,New Castle,Health-Related Social Needs,Food Insecurity,8.4,6.4,10.8,2908,2308
10003000400,New Castle,Disability,Independent Living Disability,8.9,7.6,10.5,2957,2436
10003011500,New Castle,Disability,Independent Living Disability,6.4,5.2,7.8,2908,2308
10005050501,Sussex,Health-Related Social Needs,Food Insecurity,16.2,13.7,18.5,4201,3285
10003013614,New Castle,Prevention,Health Insurance,13.9,11.6,16.6,3258,2555
10005050604,Sussex,Health Outcomes,High Blood Pressure,43.4,39.7,47.1,4674,3611
10003014000,New Castle,Prevention,High Blood Pressure Medication,73.2,70.2,76.0,5441,4349
10003002700,New Castle,Prevention,Dental Visit,59.3,55.6,62.9,2990,2310
10003010300,New Castle,Health Outcomes,Coronary Heart Disease,4.6,4.0,5.1,4106,3232
10003013906,New Castle,Health Risk Behaviors,Binge Drinking,15.0,12.7,17.5,4648,3670
10003014100,New Castle,Disability,Vision Disability,6.3,5.6,7.1,4985,3693
10003012000,New Castle,Health Risk Behaviors,Short Sleep Duration,34.4,29.7,39.5,4334,3536
10005051101,Sussex,Prevention,Cholesterol Screening,94.2,93.2,95.0,629,589
10005050501,Sussex,Prevention,Cholesterol Screening,85.9,83.9,87.8,4201,3285
10005050304,Sussex,Prevention,Dental Visit,61.2,57.7,64.8,4616,3670
10005050401,Sussex,Prevention,Health Insurance,8.8,7.0,10.9,3606,2872
10005050903,Sussex,Health-Related Social Needs,Food Stamps,4.4,3.1,6.0,2161,1968
10001042204,Kent,Prevention,Annual Checkup,81.8,78.7,84.8,4773,3481
10003016000,New Castle,Prevention,Dental Visit,52.7,48.8,56.6,2999,2265
10003013614,New Castle,Health-Related Social Needs,Lack of Social/Emotional Support,24.1,21.0,27.3,3258,2555
10003015200,New Castle,Prevention,Cholesterol Screening,84.1,81.9,86.2,5783,4501
10003016807,New Castle,Prevention,High Blood Pressure Medication,73.9,70.5,77.0,1901,1411
10005051015,Sussex,Disability,Cognitive Disability,9.6,8.1,11.1,1877,1626
10003012400,New Castle,Prevention,Annual Checkup,76.3,72.5,79.5,4637,3486
10005050801,Sussex,Health Outcomes,Arthritis,31.0,28.0,34.3,3979,3225
10005050707,Sussex,Health Outcomes,COPD,9.6,8.0,11.2,2578,2285
10001042207,Kent,Health-Related Social Needs,Food Stamps,15.4,12.6,18.4,2576,1977
10001042801,Kent,Disability,Independent Living Disability,7.3,6.2,8.6,2007,1606
10005051501,Sussex,Prevention,Colorectal Cancer Screening,66.0,62.0,70.4,2246,1737
10003001500,New Castle,Prevention,Mammography,77.4,71.4,82.8,2231,1748
10005050904,Sussex,Health-Related Social Needs,Housing Insecurity,6.2,5.2,7.5,2592,2256
10003014803,New Castle,Health Outcomes,Depression,20.6,17.7,23.7,4150,3432
10003012900,New Castle,Health Status,Frequent Physical Distress,15.2,13.4,16.9,4823,3565
10005051801,Sussex,Health Outcomes,Depression,23.9,20.6,27.4,5359,3933
10003014813,New Castle,Health-Related Social Needs,Food Stamps,8.5,6.5,10.9,4889,3848
10001042802,Kent,Prevention,Cholesterol Screening,87.0,84.8,88.9,5612,4350
10003016611,New Castle,Disability,Hearing Disability,3.9,3.4,4.5,7851,5645
10003016614,New Castle,Health Outcomes,Depression,20.9,17.9,24.1,6239,4474
10003011900,New Castle,Prevention,Mammography,77.4,71.5,82.6,3298,2592
10003010104,New Castle,Health-Related Social Needs,Lack of Social/Emotional Support,23.9,20.7,27.3,3620,2830
10005050401,Sussex,Disability,Any Disability,32.7,28.6,37.0,3606,2872
10003016808,New Castle,Prevention,Annual Checkup,77.8,74.3,80.9,7377,5511
10003011700,New Castle,Health-Related Social Needs,Housing Insecurity,3.6,2.9,4.6,4260,3465
10005051701,Sussex,Disability,Mobility Disability,15.5,13.0,17.8,4103,3258
10003016609,New Castle,Health-Related Social Needs,Lack of Social/Emotional Support,18.6,15.7,21.7,5595,4312
10003001300,New Castle,Prevention,Cholesterol Screening,92.4,91.1,93.6,3588,3013
10003012600,New Castle,Health Risk Behaviors,Current Cigarette Smoking,11.9,9.2,14.6,2945,2351
10003013613,New Castle,Prevention,Colorectal Cancer Screening,70.3,66.1,74.3,5657,4676
10005050701,Sussex,Health-Related Social Needs,Utility Services Threat,6.3,5.4,7.2,5068,4322
10003014813,New Castle,Health Outcomes,Stroke,2.5,2.2,2.9,4889,3848
10005051204,Sussex,Health Outcomes,Depression,16.8,14.3,19.5,652,627
10003014706,New Castle,Health Outcomes,COPD,5.0,4.3,5.8,2929,2180
10001042802,Kent,Health-Related Social Needs,Transportation Barriers,7.7,6.6,8.8,5612,4350
10003013505,New Castle,Disability,Any Disability,24.8,21.3,28.5,3489,2807
10005051008,Sussex,Prevention,Annual Checkup,85.4,82.8,87.7,4100,3626
10005051101,Sussex,Disability,Hearing Disability,8.6,7.6,9.7,629,589
10003015600,New Castle,Health Risk Behaviors,Current Cigarette Smoking,14.8,12.5,17.3,2343,1791
10003011800,New Castle,Disability,Independent Living Disability,5.2,4.4,6.0,4927,4135
10003013200,New Castle,Health Outcomes,High Cholesterol,39.3,35.6,43.0,2653,2074
10001041804,Kent,Health Outcomes,Stroke,4.1,3.7,4.5,5980,4654
10003016608,New Castle,Health Risk Behaviors,Binge Drinking,15.9,13.6,18.6,6561,5064
10003016808,New Castle,Health Risk Behaviors,Physical Inactivity,19.7,16.3,23.4,7377,5511
10001042208,Kent,Disability,Mobility Disability,16.5,14.5,18.9,4016,3108
10005051205,Sussex,Health Outcomes,All Teeth Lost,9.6,8.0,11.6,580,543
10005050710,Sussex,Disability,Any Disability,37.2,32.9,41.3,1870,1457
10003012200,New Castle,Health-Related Social Needs,Housing Insecurity,16.3,13.9,19.1,4676,3581
10001041802,Kent,Disability,Any Disability,30.8,27.2,34.7,6720,5103
10003010900,New Castle,Health Outcomes,High Blood Pressure,38.4,34.5,42.2,2773,2237
10005050709,Sussex,Health-Related Social Needs,Loneliness,25.8,22.4,29.6,1956,1774
10003014403,New Castle,Health Risk Behaviors,Current Cigarette Smoking,11.2,9.0,13.4,3611,2955
10003013903,New Castle,Health Outcomes,Coronary Heart Disease,5.5,4.9,6.2,4820,3768
10003016306,New Castle,Health Outcomes,Obesity,36.3,30.4,42.2,4598,3569
10001980000,Kent,Disability,Cognitive Disability,20.8,18.4,23.4,108,104
10005050701,Sussex,Disability,Independent Living Disability,8.4,7.3,9.7,5068,4322
10003011206,New Castle,Health Outcomes,Arthritis,27.6,24.5,30.7,4319,3345
10003013906,New Castle,Disability,Self-care Disability,2.5,2.2,2.8,4648,3670
10005050806,Sussex,Health Outcomes,Cancer (non-skin) or Melanoma,12.2,11.0,13.4,4454,3735
10003014702,New Castle,Prevention,Annual Checkup,77.7,74.2,80.9,1910,1510
10005050905,Sussex,Health Outcomes,Stroke,3.9,3.4,4.4,2848,2485
10003013300,New Castle,Health Outcomes,Depression,22.2,19.1,25.3,1907,1543
10003013901,New Castle,Prevention,Annual Checkup,77.2,73.7,80.6,3492,2741
10005050401,Sussex,Health Outcomes,Obesity,35.5,29.6,41.6,3606,2872
10005051801,Sussex,Health Status,Frequent Mental Distress,18.5,16.5,20.7,5359,3933
10005050403,Sussex,Prevention,Cholesterol Screening,86.6,84.7,88.3,3517,2621
10005051308,Sussex,Disability,Vision Disability,4.5,3.8,5.4,4074,3530
10003016301,New Castle,Health-Related Social Needs,Lack of Social/Emotional Support,23.7,20.6,27.0,7385,5955
10003014301,New Castle,Disability,Mobility Disability,11.8,9.9,14.0,1317,1092
10005050503,Sussex,Health Outcomes,Arthritis,25.2,22.7,27.5,5604,3737
10003014706,New Castle,Health Risk Behaviors,Short Sleep Duration,39.0,34.0,44.4,2929,2180
10003016612,New Castle,Health Outcomes,All Teeth Lost,7.1,5.7,8.6,6450,4739
10005051015,Sussex,Prevention,Annual Checkup,85.3,82.8,87.7,1877,1626
10003013604,New Castle,Health Status,General Health,13.4,11.4,15.6,4156,3372
10001043400,Kent,Health Status,Frequent Physical Distress,14.7,13.1,16.5,5648,4415
10003016610,New Castle,Health Outcomes,Stroke,3.9,3.4,4.3,7062,5510
10003014301,New Castle,Prevention,Cholesterol Screening,92.5,91.3,93.7,1317,1092
10003013000,New Castle,Disability,Independent Living Disability,7.5,6.4,8.8,1927,1515
10005051307,Sussex,Prevention,Colorectal Cancer Screening,76.7,73.2,80.4,2975,2708
10003016805,New Castle,Health Outcomes,Stroke,3.6,3.2,4.1,1723,1396
10003016904,New Castle,Disability,Vision Disability,6.4,5.6,7.3,3096,2872
10003001200,New Castle,Disability,Any Disability,20.1,17.1,23.7,1605,1454
10003013905,New Castle,Disability,Self-care Disability,2.2,2.0,2.5,4169,3100
10005051011,Sussex,Health Risk Behaviors,Short Sleep Duration,29.7,25.6,34.6,3580,3083
10003000400,New Castle,Prevention,Annual Checkup,81.3,78.2,84.1,2957,2436
10005050601,Sussex,Health Outcomes,Stroke,3.8,3.4,4.3,5391,4138
10005050503,Sussex,Prevention,Colorectal Cancer Screening,52.2,47.8,56.8,5604,3737
10005050200,Sussex,Disability,Cognitive Disability,15.8,14.0,17.7,3744,2777
10003002400,New Castle,Disability,Self-care Disability,5.6,4.9,6.3,4250,3346
10003011900,New Castle,Health Risk Behaviors,Binge Drinking,13.9,11.8,16.3,3298,2592
10003016301,New Castle,Prevention,Cholesterol Screening,86.9,85.0,88.6,7385,5955
10005051201,Sussex,Health-Related Social Needs,Lack of Social/Emotional Support,14.6,12.1,17.3,1513,1391
10005051204,Sussex,Prevention,Mammography,83.2,78.7,87.4,652,627
10003011900,New Castle,Health Outcomes,COPD,5.8,4.7,6.9,3298,2592
10003016100,New Castle,Health Risk Behaviors,Physical Inactivity,25.5,21.3,30.1,1961,1661
10003016612,New Castle,Health Status,General Health,13.7,11.9,15.7,6450,4739
10003012600,New Castle,Disability,Independent Living Disability,7.0,5.7,8.2,2945,2351
10003010105,New Castle,Health Outcomes,Stroke,2.6,2.3,2.8,2916,2113
10005051013,Sussex,Disability,Any Disability,29.6,25.8,33.7,3686,3150
10005050503,Sussex,Health Outcomes,Diabetes,16.6,14.8,18.4,5604,3737
10003011202,New Castle,Health Outcomes,COPD,5.9,4.8,7.2,4003,3308
10005051205,Sussex,Health Outcomes,Coronary Heart Disease,10.0,8.6,11.5,580,543
10003014502,New Castle,Health Outcomes,Diabetes,4.0,3.5,4.5,7374,7189
10003013000,New Castle,Health Status,General Health,17.2,14.6,20.1,1927,1515
10005050104,Sussex,Health Outcomes,High Blood Pressure,40.3,36.6,43.8,5031,3785
10005050304,Sussex,Disability,Independent Living Disability,9.3,8.0,10.7,4616,3670
10001043400,Kent,Health-Related Social Needs,Food Insecurity,13.2,11.5,15.1,5648,4415
10003011600,New Castle,Disability,Any Disability,24.1,20.7,27.8,3287,2573
10005050601,Sussex,Health-Related Social Needs,Food Stamps,12.5,10.3,14.9,5391,4138
10003001600,New Castle,Health Outcomes,All Teeth Lost,24.7,20.7,28.8,2419,1765
10005050706,Sussex,Prevention,Cholesterol Screening,92.3,90.9,93.4,1772,1557
10003010200,New Castle,Health Status,Frequent Mental Distress,14.4,12.6,16.3,2034,1607
10003016612,New Castle,Health Outcomes,High Cholesterol,39.3,35.5,43.0,6450,4739
10005050406,Sussex,Health Risk Behaviors,Short Sleep Duration,38.0,33.4,43.4,5475,4063
10005050406,Sussex,Health-Related Social Needs,Transportation Barriers,12.7,11.0,14.4,5475,4063
10003013300,New Castle,Disability,Any Disability,30.0,25.8,34.0,1907,1543
10003012000,New Castle,Health Status,General Health,19.4,16.7,22.2,4334,3536
10001042100,Kent,Health-Related Social Needs,Housing Insecurity,12.4,10.7,14.2,3997,3098
10005051900,Sussex,Prevention,Mammography,76.9,71.3,82.3,4760,3685
10001042207,Kent,Disability,Vision Disability,5.9,5.2,6.6,2576,1977
10001042100,Kent,Health Outcomes,Cancer (non-skin) or Melanoma,9.6,8.7,10.5,3997,3098
10003013501,New Castle,Health Outcomes,Depression,18.5,15.8,21.3,7213,5880
10003013400,New Castle,Disability,Cognitive Disability,11.7,9.7,13.9,2504,2036
10005051312,Sussex,Health Outcomes,Diabetes,13.3,11.4,15.2,2290,2046
10003016307,New Castle,Health Risk Behaviors,Short Sleep Duration,38.0,33.1,43.3,2756,2221
10003013614,New Castle,Health Outcomes,High Blood Pressure,32.4,29.2,35.7,3258,2555
10003014404,New Castle,Health Outcomes,Cancer (non-skin) or Melanoma,7.9,7.2,8.7,4159,3562
10005051308,Sussex,Health Status,Frequent Mental Distress,12.3,10.6,14.1,4074,3530
10005050708,Sussex,Health Risk Behaviors,Short Sleep Duration,31.2,26.9,36.2,2774,2424
10003014000,New Castle,Health-Related Social Needs,Transportation Barriers,10.4,8.9,11.8,5441,4349
10003014000,New Castle,Health Outcomes,Depression,22.0,19.0,25.3,5441,4349
10005051310,Sussex,Health Outcomes,High Cholesterol,53.7,49.5,57.9,1933,1765
10003003002,New Castle,Health Outcomes,Diabetes,17.5,15.6,19.4,3060,2329
10003013507,New Castle,Health Outcomes,Arthritis,27.3,24.2,30.4,1819,1428
10005050302,Sussex,Health-Related Social Needs,Loneliness,32.8,29.1,37.0,5521,4001
10003012500,New Castle,Health Risk Behaviors,Short Sleep Duration,37.7,32.7,43.0,5660,4358
10003014502,New Castle,Health Risk Behaviors,Physical Inactivity,29.3,24.3,34.4,7374,7189
10003013507,New Castle,Health Outcomes,Stroke,2.9,2.5,3.4,1819,1428
10003016306,New Castle,Disability,Cognitive Disability,14.3,12.5,16.2,4598,3569
10005051501,Sussex,Health Outcomes,Diabetes,13.4,11.8,15.1,2246,1737
10003015200,New Castle,Health-Related Social Needs,Loneliness,36.2,32.2,40.2,5783,4501
10005050408,Sussex,Health Outcomes,High Blood Pressure,43.5,39.9,47.2,4534,3546
10003016308,New Castle,Health Outcomes,All Teeth Lost,14.6,12.1,17.3,3728,2990
10005051702,Sussex,Health Outcomes,COPD,9.2,8.1,10.5,6577,4982
10003013400,New Castle,Prevention,Mammography,78.4,72.4,83.4,2504,2036
10003011202,New Castle,Health-Related Social Needs,Utility Services Threat,3.9,3.2,4.7,4003,3308
10001042900,Kent,Health Outcomes,Arthritis,34.5,31.3,38.0,5105,4056
10003011300,New Castle,Health Outcomes,High Blood Pressure,35.6,31.9,39.3,2244,1847
10003010105,New Castle,Health Outcomes,Depression,20.8,17.9,23.9,2916,2113
10003014302,New Castle,Health Outcomes,Arthritis,15.4,13.7,17.2,4908,4464
10003013901,New Castle,Health-Related Social Needs,Utility Services Threat,7.9,6.7,9.2,3492,2741
10005051308,Sussex,Health Outcomes,High Blood Pressure,45.1,40.9,49.2,4074,3530
10003013400,New Castle,Disability,Self-care Disability,3.0,2.4,3.6,2504,2036
10003001400,New Castle,Health Risk Behaviors,Current Cigarette Smoking,16.2,13.5,19.1,2103,1727
10005051310,Sussex,Health Outcomes,Stroke,4.1,3.5,4.9,1933,1765
10003002500,New Castle,Health-Related Social Needs,Transportation Barriers,11.3,9.6,13.1,3235,2443
10005050804,Sussex,Health Status,General Health,16.9,14.3,19.6,4188,3465
10001042207,Kent,Health-Related Social Needs,Housing Insecurity,13.7,11.7,15.9,2576,1977
10005050405,Sussex,Health Outcomes,All Teeth Lost,11.9,9.9,14.4,4378,3304
10005051205,Sussex,Health Status,General Health,15.2,12.2,18.5,580,543
10005050302,Sussex,Health Outcomes,High Cholesterol,43.6,39.8,47.4,5521,4001
10005051201,Sussex,Health-Related Social Needs,Utility Services Threat,2.9,2.3,3.6,1513,1391
10003014702,New Castle,Health-Related Social Needs,Utility Services Threat,7.7,6.6,8.8,1910,1510
10003011100,New Castle,Prevention,Cholesterol Screening,91.2,89.7,92.5,2654,2282
10003000601,New Castle,Health Status,General Health,30.4,26.6,34.8,2773,2035
10003013608,New Castle,Prevention,Dental Visit,64.2,60.6,67.8,1959,1543
10005050709,Sussex,Health Risk Behaviors,Current Cigarette Smoking,10.3,7.8,13.1,1956,1774
10005051314,Sussex,Prevention,Cholesterol Screening,93.4,92.3,94.3,2525,2271
10003011203,New Castle,Health Outcomes,Diabetes,12.8,11.2,14.5,4805,3884
10003016806,New Castle,Health Risk Behaviors,Binge Drinking,16.9,14.4,19.7,6347,4487
10005050401,Sussex,Disability,Hearing Disability,8.3,7.3,9.5,3606,2872
10005051702,Sussex,Health Outcomes,Current Asthma,11.3,10.0,12.8,6577,4982
10003014803,New Castle,Health Risk Behaviors,Physical Inactivity,23.3,19.8,27.4,4150,3432
10003014501,New Castle,Health Outcomes,High Cholesterol,26.2,23.4,29.2,2134,1931
10005051309,Sussex,Prevention,High Blood Pressure Medication,87.2,84.6,89.2,1488,1407
10003013506,New Castle,Disability,Hearing Disability,5.1,4.4,5.9,4567,3785
10003013300,New Castle,Health-Related Social Needs,Lack of Social/Emotional Support,21.9,18.6,25.5,1907,1543
10003014703,New Castle,Health-Related Social Needs,Housing Insecurity,13.8,11.9,15.9,4827,3890
10003010400,New Castle,Disability,Independent Living Disability,6.8,5.9,7.7,4591,3725
10003016307,New Castle,Prevention,Dental Visit,62.3,58.7,65.9,2756,2221
10005050405,Sussex,Health Outcomes,Arthritis,29.3,26.4,32.2,4378,3304
10005051308,Sussex,Health Outcomes,Arthritis,37.1,33.4,40.9,4074,3530
10003016806,New Castle,Health-Related Social Needs,Housing Insecurity,10.9,9.4,12.7,6347,4487
10003013507,New Castle,Health Outcomes,Current Asthma,9.0,7.9,10.2,1819,1428
10003016100,New Castle,Health Outcomes,Current Asthma,10.6,9.4,11.9,1961,1661
10003014903,New Castle,Health Risk Behaviors,Short Sleep Duration,39.8,34.8,45.0,7365,5269
10005050401,Sussex,Health-Related Social Needs,Loneliness,30.9,27.0,34.8,3606,2872
10003001902,New Castle,Health Risk Behaviors,Short Sleep Duration,43.5,38.3,49.1,2113,1554
10003014100,New Castle,Disability,Hearing Disability,6.4,5.6,7.2,4985,3693
10005050403,Sussex,Health Risk Behaviors,Binge Drinking,14.7,12.4,17.2,3517,2621
10005050105,Sussex,Health Outcomes,Depression,21.4,18.3,24.6,5939,4388
10003010300,New Castle,Disability,Hearing Disability,4.6,4.0,5.2,4106,3232
10003012400,New Castle,Prevention,Mammography,74.9,68.7,80.6,4637,3486
10005050903,Sussex,Health Outcomes,Cancer (non-skin) or Melanoma,16.6,15.1,18.2,2161,1968
10001041803,Kent,Health Status,Frequent Physical Distress,17.7,15.9,19.7,4384,3459
10003014501,New Castle,Prevention,High Blood Pressure Medication,54.1,52.2,56.5,2134,1931
10003014810,New Castle,Health Risk Behaviors,Binge Drinking,16.3,13.8,18.9,7083,5613
10005051900,Sussex,Health-Related Social Needs,Housing Insecurity,10.4,9.0,12.0,4760,3685
10003011700,New Castle,Health-Related Social Needs,Utility Services Threat,2.4,2.0,3.0,4260,3465
10003012400,New Castle,Prevention,High Blood Pressure Medication,72.4,69.2,75.4,4637,3486
10003014404,New Castle,Health Outcomes,Diabetes,9.8,8.5,11.2,4159,3562
10003000900,New Castle,Health Outcomes,Stroke,5.3,4.6,6.0,2267,1563
10003015802,New Castle,Health Status,Frequent Mental Distress,17.3,15.2,19.4,2276,1726
10003014705,New Castle,Health-Related Social Needs,Loneliness,32.9,29.1,36.8,5891,4572
10005051314,Sussex,Health Risk Behaviors,Short Sleep Duration,27.7,23.7,32.4,2525,2271
10005050506,Sussex,Health Risk Behaviors,Current Cigarette Smoking,14.3,11.8,16.9,4112,3099
10003010106,New Castle,Health Outcomes,High Cholesterol,36.8,33.1,40.3,1760,1509
10001042205,Kent,Disability,Any Disability,38.8,34.9,43.0,3019,2312
10005050408,Sussex,Disability,Self-care Disability,5.6,4.9,6.2,4534,3546
10001042801,Kent,Disability,Cognitive Disability,13.1,11.1,15.3,2007,1606
10005050711,Sussex,Health Status,General Health,25.4,21.7,29.5,1505,1256
10003016805,New Castle,Disability,Independent Living Disability,7.9,6.7,9.2,1723,1396
10005050708,Sussex,Prevention,High Blood Pressure Medication,85.7,83.3,87.9,2774,2424
10003000200,New Castle,Health Risk Behaviors,Physical Inactivity,32.4,27.2,37.8,5298,4193
10003002600,New Castle,Disability,Hearing Disability,5.4,4.7,6.0,3730,2585
10001042500,Kent,Health Status,Frequent Physical Distress,17.1,15.3,19.2,3590,2590
10005051502,Sussex,Health Outcomes,High Blood Pressure,40.2,36.7,43.8,3228,2586
10003011900,New Castle,Disability,Hearing Disability,7.0,6.1,7.9,3298,2592
10005051311,Sussex,Prevention,Mammography,81.8,77.2,86.3,1832,1712
10003016401,New Castle,Health-Related Social Needs,Lack of Social/Emotional Support,23.3,19.9,26.5,6711,5269
10005050603,Sussex,Health Outcomes,COPD,6.4,5.3,7.8,3956,3165
10003011400,New Castle,Health Status,Frequent Physical Distress,10.1,8.6,11.8,3456,2735
10003002300,New Castle,Disability,Cognitive Disability,19.7,17.2,22.3,3003,2091
10001041803,Kent,Health Status,General Health,26.9,24.1,29.7,4384,3459
10003010106,New Castle,Health Outcomes,Current Asthma,10.2,9.0,11.4,1760,1509
10001042208,Kent,Health Outcomes,Diabetes,14.4,12.7,16.3,4016,3108
10001042000,Kent,Disability,Any Disability,36.3,32.3,40.5,3064,2380
10003014705,New Castle,Health-Related Social Needs,Food Stamps,14.5,11.8,17.4,5891,4572
10005050806,Sussex,Health Outcomes,Arthritis,34.7,31.2,38.2,4454,3735
10003011900,New Castle,Health Outcomes,Coronary Heart Disease,7.0,6.2,7.9,3298,2592
10003013903,New Castle,Disability,Hearing Disability,5.0,4.4,5.7,4820,3768
10003011800,New Castle,Health Outcomes,Cancer (non-skin) or Melanoma,12.8,11.6,13.9,4927,4135
10003015400,New Castle,Health Status,Frequent Physical Distress,14.5,12.8,16.4,2932,2209
10001043000,Kent,Health Outcomes,Cancer (non-skin) or Melanoma,8.9,8.1,9.8,5414,4110
10003002900,New Castle,Disability,Self-care Disability,10.8,9.3,12.5,3499,2540
10003016309,New Castle,Health Status,Frequent Mental Distress,16.6,14.6,18.6,4125,3307
10005050104,Sussex,Health-Related Social Needs,Lack of Social/Emotional Support,22.9,19.7,26.2,5031,3785
10003012600,New Castle,Health Risk Behaviors,Physical Inactivity,23.8,19.5,28.4,2945,2351
10003012100,New Castle,Disability,Any Disability,27.7,23.8,31.2,2901,2301
10003016100,New Castle,Disability,Self-care Disability,3.6,3.0,4.1,1961,1661
10005050506,Sussex,Health Outcomes,High Blood Pressure,36.6,32.9,40.1,4112,3099
10003015802,New Castle,Health Outcomes,Stroke,3.2,2.9,3.5,2276,1726
10003000900,New Castle,Prevention,Dental Visit,43.4,39.6,47.3,2267,1563
10003016404,New Castle,Health Outcomes,Cancer (non-skin) or Melanoma,8.7,8.0,9.6,3334,2622
10003015000,New Castle,Health Outcomes,High Blood Pressure,38.1,34.7,41.5,5659,4542
10003014810,New Castle,Health Outcomes,Arthritis,24.6,22.1,27.4,7083,5613
10005050707,Sussex,Health Outcomes,High Cholesterol,52.2,48.0,56.1,2578,2285
10003014808,New Castle,Disability,Cognitive Disability,13.7,12.0,15.4,6476,5078
10003010400,New Castle,Health Outcomes,Depression,22.4,19.2,25.6,4591,3725
10003014301,New Castle,Health Risk Behaviors,Short Sleep Duration,28.8,24.6,33.5,1317,1092
10003001400,New Castle,Health-Related Social Needs,Lack of Social/Emotional Support,22.6,19.5,25.8,2103,1727
10003003002,New Castle,Prevention,Colorectal Cancer Screening,45.6,40.9,50.6,3060,2329
10003010105,New Castle,Disability,Cognitive Disability,13.7,11.9,15.5,2916,2113
10005050302,Sussex,Health Outcomes,All Teeth Lost,15.3,12.8,18.1,5521,4001
10003014502,New Castle,Health Status,Frequent Physical Distress,12.1,10.5,13.6,7374,7189
10005050603,Sussex,Prevention,Mammography,82.1,77.3,86.6,3956,3165
10005051010,Sussex,Health Outcomes,Stroke,4.1,3.7,4.7,2795,2452
10003013505,New Castle,Health Status,Frequent Mental Distress,11.8,10.2,13.4,3489,2807
10005051702,Sussex,Disability,Self-care Disability,4.4,3.9,4.9,6577,4982
10003016308,New Castle,Health Outcomes,High Cholesterol,36.0,32.4,39.5,3728,2990
10003013400,New Castle,Health-Related Social Needs,Housing Insecurity,7.8,6.2,9.5,2504,2036
10005050801,Sussex,Health Status,Frequent Physical Distress,13.3,11.6,15.1,3979,3225
10003011000,New Castle,Health Outcomes,Coronary Heart Disease,5.7,5.1,6.5,3201,2542
10003000300,New Castle,Health Status,Frequent Physical Distress,15.8,13.7,18.1,3012,2233
10003003002,New Castle,Health Status,General Health,40.7,35.7,45.9,3060,2329
10003016805,New Castle,Health Outcomes,Coronary Heart Disease,7.0,6.1,8.0,1723,1396
10003016608,New Castle,Disability,Self-care Disability,2.7,2.3,3.2,6561,5064
10001043000,Kent,Disability,Hearing Disability,6.8,6.0,7.7,5414,4110
10005050706,Sussex,Prevention,High Blood Pressure Medication,85.2,82.7,87.5,1772,1557
10003000200,New Castle,Prevention,Health Insurance,8.8,6.9,11.0,5298,4193
10003015502,New Castle,Health Status,Frequent Mental Distress,18.7,16.6,20.8,2686,2035
10005050707,Sussex,Health Outcomes,Current Asthma,10.4,9.2,11.7,2578,2285
10003013612,New Castle,Prevention,Colorectal Cancer Screening,70.4,66.4,74.2,6158,4926
10003014811,New Castle,Prevention,Dental Visit,70.8,67.7,73.9,6677,4822
10003012700,New Castle,Health Outcomes,Cancer (non-skin) or Melanoma,9.5,8.5,10.3,4392,3592
10001042500,Kent,Health-Related Social Needs,Lack of Social/Emotional Support,24.5,21.2,28.0,3590,2590
10003015400,New Castle,Health Outcomes,Coronary Heart Disease,6.6,5.9,7.4,2932,2209
10005051009,Sussex,Prevention,Health Insurance,4.4,3.4,5.6,2313,1978
10005051017,Sussex,Health Status,Frequent Mental Distress,10.8,9.1,12.6,3804,3435
10005051308,Sussex,Health-Related Social Needs,Food Insecurity,8.3,6.5,10.4,4074,3530
10003013506,New Castle,Health Outcomes,Cancer (non-skin) or Melanoma,10.9,9.9,12.1,4567,3785
10003010704,New Castle,Prevention,Colorectal Cancer Screening,64.5,60.2,68.7,3947,3149
10001042801,Kent,Health-Related Social Needs,Utility Services Threat,5.2,4.3,6.2,2007,1606
10005050505,Sussex,Disability,Independent Living Disability,8.6,7.3,10.0,2420,2212
10005050302,Sussex,Health Outcomes,COPD,9.8,8.4,11.0,5521,4001
10003011100,New Castle,Prevention,High Blood Pressure Medication,79.7,76.7,82.4,2654,2282
10001042208,Kent,Prevention,Mammography,73.3,66.7,79.4,4016,3108
10005051308,Sussex,Prevention,Dental Visit,67.8,64.6,71.2,4074,3530
10003002500,New Castle,Disability,Mobility Disability,15.1,13.0,17.2,3235,2443
10003001600,New Castle,Prevention,Mammography,74.9,68.5,80.6,2419,1765
10003010704,New Castle,Health Outcomes,Obesity,35.7,30.1,41.5,3947,3149
10005050711,Sussex,Disability,Hearing Disability,10.6,9.3,12.0,1505,1256
10003016307,New Castle,Disability,Mobility Disability,12.1,10.5,13.9,2756,2221
10003015000,New Castle,Health Outcomes,All Teeth Lost,18.6,15.4,22.1,5659,4542
10003014703,New Castle,Health-Related Social Needs,Utility Services Threat,8.4,7.2,9.7,4827,3890
10003002200,New Castle,Prevention,Dental Visit,36.4,32.8,40.1,2874,1942
10005051205,Sussex,Health Risk Behaviors,Binge Drinking,10.9,9.1,12.8,580,543
10003014814,New Castle,Health Outcomes,COPD,4.5,3.9,5.2,4361,3290
10003014705,New Castle,Health Outcomes,Stroke,3.5,3.1,3.9,5891,4572
10003011206,New Castle,Health Risk Behaviors,Physical Inactivity,17.7,14.2,21.4,4319,3345
10003011000,New Castle,Disability,Hearing Disability,5.8,5.1,6.6,3201,2542
10003013613,New Castle,Disability,Independent Living Disability,5.7,4.9,6.5,5657,4676
10005050505,Sussex,Prevention,Annual Checkup,76.5,72.5,80.1,2420,2212
10003013905,New Castle,Health Risk Behaviors,Binge Drinking,17.0,14.4,19.7,4169,3100
10001043202,Kent,Health Risk Behaviors,Current Cigarette Smoking,15.8,13.6,18.3,3722,2979
10005050304,Sussex,Health-Related Social Needs,Utility Services Threat,7.4,6.4,8.6,4616,3670
10005050401,Sussex,Health Outcomes,Stroke,4.3,3.8,4.8,3606,2872
10003002800,New Castle,Health Outcomes,All Teeth Lost,19.3,16.2,22.7,2378,2071
10003001100,New Castle,Health Status,Frequent Physical Distress,10.7,9.3,12.4,3375,3187
10001980000,Kent,Health-Related Social Needs,Transportation Barriers,11.4,10.1,13.0,108,104
10003010704,New Castle,Health-Related Social Needs,Transportation Barriers,8.8,7.5,10.1,3947,3149
10003013508,New Castle,Health Risk Behaviors,Binge Drinking,16.0,13.6,18.6,5655,4419
10001042000,Kent,Health Outcomes,Obesity,40.7,34.4,47.4,3064,2380
10003000602,New Castle,Health Outcomes,High Cholesterol,38.0,34.4,41.7,2876,2134
10003014502,New Castle,Health Outcomes,High Cholesterol,18.3,15.9,20.8,7374,7189
10003013800,New Castle,Health Outcomes,Depression,20.1,17.2,23.1,5901,4752
10005050805,Sussex,Health-Related Social Needs,Transportation Barriers,4.7,4.1,5.4,3038,2464
10005051014,Sussex,Prevention,Cholesterol Screening,94.4,93.4,95.3,1881,1709
10003013607,New Castle,Disability,Hearing Disability,5.5,4.8,6.3,6255,5031
10003016307,New Castle,Prevention,High Blood Pressure Medication,75.4,72.3,78.0,2756,2221
10005050403,Sussex,Health-Related Social Needs,Housing Insecurity,13.5,11.8,15.5,3517,2621
10003014908,New Castle,Health Outcomes,Cancer (non-skin) or Melanoma,6.4,5.8,7.0,2425,1792
10003011600,New Castle,Prevention,Health Insurance,5.2,3.8,6.8,3287,2573
10005050103,Sussex,Prevention,Colorectal Cancer Screening,70.6,66.9,74.4,5063,4221
10003012200,New Castle,Prevention,Dental Visit,56.3,52.6,60.0,4676,3581
10003001902,New Castle,Disability,Independent Living Disability,9.9,8.3,11.9,2113,1554
10003011203,New Castle,Health-Related Social Needs,Loneliness,31.2,27.5,35.1,4805,3884
10001041803,Kent,Health Outcomes,All Teeth Lost,26.0,22.1,30.1,4384,3459
10003013800,New Castle,Disability,Vision Disability,3.9,3.4,4.3,5901,4752
10005051011,Sussex,Disability,Hearing Disability,8.3,7.2,9.6,3580,3083
10005051010,Sussex,Health Outcomes,Cancer (non-skin) or Melanoma,13.9,12.5,15.2,2795,2452
10003010704,New Castle,Prevention,High Blood Pressure Medication,74.9,72.1,77.6,3947,3149
10003001100,New Castle,Health Outcomes,Current Asthma,9.9,8.8,11.1,3375,3187
10005050303,Sussex,Prevention,High Blood Pressure Medication,79.1,76.5,81.4,2935,2313
10003011201,New Castle,Health Outcomes,Current Asthma,9.1,8.1,10.2,2421,1946
10003013200,New Castle,Health Outcomes,High Blood Pressure,34.2,30.6,37.6,2653,2074
10003013615,New Castle,Health Outcomes,High Cholesterol,40.0,36.2,43.7,4107,3324
10003010502,New Castle,Health Outcomes,Coronary Heart Disease,6.2,5.5,7.0,5779,4788
10003013100,New Castle,Disability,Any Disability,31.2,26.9,35.5,2248,1833
10003000400,New Castle,Health-Related Social Needs,Loneliness,31.6,27.7,35.6,2957,2436
10003001600,New Castle,Health Outcomes,Coronary Heart Disease,7.0,6.2,7.9,2419,1765
10003011000,New Castle,Health Risk Behaviors,Binge Drinking,16.0,13.6,18.6,3201,2542
10005051008,Sussex,Disability,Cognitive Disability,9.3,7.9,11.0,4100,3626
10003012000,New Castle,Health Outcomes,Diabetes,13.0,11.3,14.8,4334,3536
10003014814,New Castle,Health Status,General Health,14.1,12.2,16.1,4361,3290
10005050303,Sussex,Health-Related Social Needs,Food Insecurity,17.6,15.1,20.1,2935,2313
10003013903,New Castle,Health-Related Social Needs,Loneliness,32.2,28.3,35.9,4820,3768
10003011000,New Castle,Disability,Vision Disability,3.0,2.7,3.5,3201,2542
10005050105,Sussex,Prevention,Health Insurance,12.7,10.6,15.0,5939,4388
10005051312,Sussex,Health Outcomes,All Teeth Lost,10.8,9.0,13.0,2290,2046
10003002300,New Castle,Health Outcomes,Obesity,43.4,37.2,49.6,3003,2091
10003016901,New Castle,Prevention,Health Insurance,8.4,6.8,10.1,2364,1876
10003014402,New Castle,Prevention,Health Insurance,7.0,5.5,9.1,2807,2383
10003001300,New Castle,Health-Related Social Needs,Transportation Barriers,3.3,2.7,3.8,3588,3013
10005050807,Sussex,Disability,Mobility Disability,19.4,15.9,23.6,1824,1622
10001042205,Kent,Disability,Hearing Disability,7.9,7.0,8.8,3019,2312
10003012300,New Castle,Health Status,Frequent Physical Distress,15.3,13.5,17.1,2739,2159
10001043400,Kent,Health-Related Social Needs,Lack of Social/Emotional Support,21.2,18.5,24.4,5648,4415
10005051311,Sussex,Health Outcomes,Depression,18.7,15.8,21.7,1832,1712
10003010800,New Castle,Health Outcomes,High Blood Pressure,36.6,33.1,40.2,4796,3948
10003001902,New Castle,Health Status,Frequent Mental Distress,18.2,15.8,20.8,2113,1554
10003011300,New Castle,Health-Related Social Needs,Food Stamps,4.7,3.4,6.3,2244,1847
10003015200,New Castle,Disability,Hearing Disability,5.3,4.7,6.0,5783,4501
10005050706,Sussex,Health-Related Social Needs,Loneliness,27.1,23.7,31.1,1772,1557
10005051203,Sussex,Health-Related Social Needs,Lack of Social/Emotional Support,13.8,11.6,16.4,792,726
10003016301,New Castle,Health Outcomes,Stroke,3.4,3.0,3.7,7385,5955
10003014908,New Castle,Prevention,Mammography,78.1,72.4,83.4,2425,1792
10003015000,New Castle,Health Outcomes,Current Asthma,11.1,9.8,12.4,5659,4542
10003010104,New Castle,Health Outcomes,High Blood Pressure,35.2,31.7,38.6,3620,2830
10005050904,Sussex,Health-Related Social Needs,Utility Services Threat,4.3,3.6,5.1,2592,2256
10005051900,Sussex,Health Outcomes,COPD,8.0,7.0,9.1,4760,3685
10003010400,New Castle,Prevention,Annual Checkup,78.6,75.3,81.7,4591,3725
10005051201,Sussex,Health Outcomes,High Blood Pressure,44.7,40.4,49.0,1513,1391
10003011300,New Castle,Health-Related Social Needs,Utility Services Threat,3.7,3.0,4.6,2244,1847
10003013613,New Castle,Health-Related Social Needs,Transportation Barriers,5.0,4.3,5.7,5657,4676
10005051101,Sussex,Health Risk Behaviors,Short Sleep Duration,24.8,21.0,29.3,629,589
10005050604,Sussex,Health Outcomes,High Cholesterol,45.9,42.1,49.8,4674,3611
10003011600,New Castle,Health Outcomes,Obesity,29.0,23.7,34.6,3287,2573
10003002700,New Castle,Disability,Mobility Disability,9.8,8.5,11.2,2990,2310
10003014813,New Castle,Health Outcomes,Cancer (non-skin) or Melanoma,6.7,6.0,7.4,4889,3848
10003014809,New Castle,Disability,Cognitive Disability,13.6,12.1,15.4,8360,6692
10003014100,New Castle,Health Outcomes,Coronary Heart Disease,6.7,6.0,7.5,4985,3693
10003011700,New Castle,Prevention,Cholesterol Screening,93.4,92.2,94.4,4260,3465
10005050905,Sussex,Disability,Mobility Disability,13.8,11.8,15.9,2848,2485
10003002900,New Castle,Health-Related Social Needs,Housing Insecurity,34.8,30.0,39.3,3499,2540
10005051016,Sussex,Health Outcomes,Current Asthma,9.3,8.2,10.5,1879,1685
10003013700,New Castle,Health Outcomes,All Teeth Lost,12.9,10.6,15.5,4071,3177
10001043202,Kent,Disability,Independent Living Disability,9.6,8.6,10.8,3722,2979
10003014904,New Castle,Health Outcomes,Arthritis,24.6,22.1,27.1,5003,4117
10003012000,New Castle,Prevention,High Blood Pressure Medication,77.0,74.1,79.5,4334,3536
10003000602,New Castle,Health Outcomes,Cancer (non-skin) or Melanoma,5.6,5.0,6.1,2876,2134
10005050200,Sussex,Disability,Mobility Disability,16.7,14.8,18.6,3744,2777
10003013604,New Castle,Health Risk Behaviors,Binge Drinking,15.7,13.3,18.3,4156,3372
10003014703,New Castle,Health-Related Social Needs,Loneliness,33.6,29.6,37.8,4827,3890
10003014702,New Castle,Health Outcomes,Depression,22.2,19.1,25.4,1910,1510
10005051014,Sussex,Health-Related Social Needs,Lack of Social/Emotional Support,15.3,12.7,18.4,1881,1709
10003012300,New Castle,Health Outcomes,Diabetes,13.5,11.9,15.2,2739,2159
10005050104,Sussex,Prevention,Annual Checkup,80.0,76.7,83.0,5031,3785
10005050104,Sussex,Health Outcomes,High Cholesterol,43.9,40.0,47.7,5031,3785
10003010200,New Castle,Health Outcomes,Depression,20.4,17.5,23.5,2034,1607
10003014404,New Castle,Disability,Mobility Disability,10.7,9.2,12.4,4159,3562
10005050904,Sussex,Health Outcomes,COPD,10.1,8.0,12.6,2592,2256
10003013610,New Castle,Prevention,Dental Visit,73.5,70.5,76.5,5460,4534
10003013507,New Castle,Disability,Cognitive Disability,9.0,7.5,10.7,1819,1428
10005050407,Sussex,Health Risk Behaviors,Physical Inactivity,34.7,30.2,39.6,5238,4210
10005050709,Sussex,Health Outcomes,Coronary Heart Disease,10.6,9.1,12.3,1956,1774
10003014906,New Castle,Health-Related Social Needs,Utility Services Threat,13.8,12.0,15.9,5339,4098
10005050701,Sussex,Health-Related Social Needs,Food Stamps,10.5,8.5,12.7,5068,4322
10003013501,New Castle,Health Risk Behaviors,Binge Drinking,13.5,11.5,15.7,7213,5880
10003001300,New Castle,Health Risk Behaviors,Current Cigarette Smoking,6.3,4.9,8.0,3588,3013
10003011206,New Castle,Prevention,Annual Checkup,81.7,78.6,84.4,4319,3345
10003002400,New Castle,Health Outcomes,Coronary Heart Disease,7.1,6.3,7.9,4250,3346
10003014812,New Castle,Health Outcomes,Obesity,30.9,25.4,36.4,4559,3628
10003002500,New Castle,Health Outcomes,High Cholesterol,36.8,33.2,40.3,3235,2443
10005050710,Sussex,Prevention,Mammography,75.5,69.7,81.4,1870,1457
10003014908,New Castle,Health Outcomes,COPD,7.5,6.4,8.6,2425,1792
10005050405,Sussex,Prevention,Colorectal Cancer Screening,66.6,62.6,70.8,4378,3304
10003015802,New Castle,Prevention,Cholesterol Screening,84.1,81.7,86.4,2276,1726
10005050807,Sussex,Health Outcomes,Coronary Heart Disease,11.3,9.7,13.1,1824,1622
10005051013,Sussex,Health Risk Behaviors,Current Cigarette Smoking,12.3,10.2,14.7,3686,3150
10003011202,New Castle,Health-Related Social Needs,Food Stamps,5.2,3.9,6.7,4003,3308
10003001400,New Castle,Health Outcomes,High Cholesterol,39.1,35.5,42.6,2103,1727
10003013607,New Castle,Health-Related Social Needs,Transportation Barriers,5.8,5.0,6.7,6255,5031
10003013901,New Castle,Health-Related Social Needs,Lack of Social/Emotional Support,24.3,21.0,27.9,3492,2741
10005051012,Sussex,Disability,Self-care Disability,4.3,3.6,5.0,1908,1715
10003013613,New Castle,Prevention,Annual Checkup,79.7,76.4,82.5,5657,4676
10005050304,Sussex,Prevention,Health Insurance,10.4,8.7,12.3,4616,3670
10001042802,Kent,Health Risk Behaviors,Binge Drinking,13.5,11.3,15.9,5612,4350
10003013507,New Castle,Health Status,Frequent Mental Distress,11.8,10.2,13.6,1819,1428
10003001200,New Castle,Health Status,Frequent Mental Distress,14.0,12.0,16.1,1605,1454
10001043000,Kent,Health Status,Frequent Physical Distress,14.7,13.0,16.5,5414,4110
10003011500,New Castle,Prevention,High Blood Pressure Medication,76.0,72.9,78.8,2908,2308
10005051009,Sussex,Health Outcomes,All Teeth Lost,9.0,7.5,10.8,2313,1978
10003000300,New Castle,Health-Related Social Needs,Lack of Social/Emotional Support,28.4,24.2,32.5,3012,2233
10003014703,New Castle,Health Outcomes,Coronary Heart Disease,6.9,6.1,7.6,4827,3890
10001043300,Kent,Health-Related Social Needs,Loneliness,42.2,38.0,46.9,6553,5692
10003012200,New Castle,Health Outcomes,Cancer (non-skin) or Melanoma,7.1,6.4,7.8,4676,3581
10003013612,New Castle,Health Outcomes,Arthritis,25.3,22.5,28.1,6158,4926
10003001600,New Castle,Health Risk Behaviors,Binge Drinking,12.4,10.4,14.6,2419,1765
10003011206,New Castle,Prevention,Colorectal Cancer Screening,71.5,67.7,75.2,4319,3345
10003002700,New Castle,Health-Related Social Needs,Lack of Social/Emotional Support,24.5,20.9,28.0,2990,2310
10005050302,Sussex,Prevention,Annual Checkup,79.4,76.0,82.4,5521,4001
10003016611,New Castle,Health Outcomes,Coronary Heart Disease,3.9,3.4,4.5,7851,5645
10005051008,Sussex,Health Outcomes,High Cholesterol,50.0,45.9,54.0,4100,3626
10005050302,Sussex,Health Outcomes,Current Asthma,11.4,10.1,12.8,5521,4001
10003016613,New Castle,Health-Related Social Needs,Food Insecurity,15.9,13.1,19.1,6109,4337
10005051309,Sussex,Disability,Mobility Disability,15.6,12.6,18.9,1488,1407
10003000300,New Castle,Health-Related Social Needs,Food Stamps,32.3,26.1,38.5,3012,2233
10003016404,New Castle,Prevention,Dental Visit,63.0,59.3,66.6,3334,2622
10001042500,Kent,Prevention,Colorectal Cancer Screening,62.5,57.8,66.9,3590,2590
10003010703,New Castle,Health-Related Social Needs,Housing Insecurity,14.0,11.6,16.4,2036,1556
10003010900,New Castle,Disability,Cognitive Disability,11.8,10.0,13.8,2773,2237
10003010703,New Castle,Disability,Mobility Disability,15.5,13.4,17.6,2036,1556
10003016000,New Castle,Health Status,General Health,25.4,22.4,28.7,2999,2265
10005050805,Sussex,Prevention,Cholesterol Screening,91.5,90.2,92.7,3038,2464
10005050105,Sussex,Disability,Cognitive Disability,15.0,13.1,17.0,5939,4388
10003010900,New Castle,Health-Related Social Needs,Food Stamps,8.2,6.1,10.5,2773,2237
10001042204,Kent,Health Risk Behaviors,Current Cigarette Smoking,11.5,9.6,13.3,4773,3481
10003014706,New Castle,Health Outcomes,High Cholesterol,35.3,31.9,38.8,2929,2180
10005050200,Sussex,Health-Related Social Needs,Utility Services Threat,10.5,9.2,11.9,3744,2777
10005050708,Sussex,Health Status,Frequent Mental Distress,12.0,10.3,13.8,2774,2424
10003002100,New Castle,Health Risk Behaviors,Current Cigarette Smoking,24.6,20.7,28.5,1809,1283
10003001400,New Castle,Health Outcomes,All Teeth Lost,18.0,15.1,21.2,2103,1727
10001980000,Kent,Health Outcomes,Obesity,29.1,23.7,35.1,108,104
10005051400,Sussex,Prevention,Colorectal Cancer Screening,66.5,62.6,70.7,3878,3033
10003016613,New Castle,Health Outcomes,All Teeth Lost,12.1,10.0,14.5,6109,4337
10003010400,New Castle,Health-Related Social Needs,Utility Services Threat,6.1,5.2,7.0,4591,3725
10001043202,Kent,Health Risk Behaviors,Binge Drinking,13.5,11.3,16.0,3722,2979
10005051313,Sussex,Prevention,High Blood Pressure Medication,86.2,83.8,88.3,3144,2742
10003013501,New Castle,Health Status,General Health,12.6,10.7,14.8,7213,5880
10003002600,New Castle,Prevention,Colorectal Cancer Screening,57.1,52.6,61.8,3730,2585
10005051016,Sussex,Prevention,Colorectal Cancer Screening,77.4,74.3,80.9,1879,1685
10003013610,New Castle,Health Outcomes,Current Asthma,9.4,8.3,10.5,5460,4534
10003011800,New Castle,Health Outcomes,Obesity,26.0,21.3,31.0,4927,4135
10003013607,New Castle,Health Outcomes,Current Asthma,9.8,8.7,11.0,6255,5031
10003016904,New Castle,Health-Related Social Needs,Housing Insecurity,18.7,15.6,21.7,3096,2872
10005051203,Sussex,Health Outcomes,Stroke,4.1,3.5,4.7,792,726
10003002500,New Castle,Health Outcomes,Diabetes,13.4,11.6,15.0,3235,2443
10003011800,New Castle,Health Status,Frequent Mental Distress,11.3,9.9,12.7,4927,4135
10003014907,New Castle,Prevention,Cholesterol Screening,87.2,85.4,88.9,4921,3708
10003016807,New Castle,Health-Related Social Needs,Transportation Barriers,5.3,4.5,6.3,1901,1411
10003010900,New Castle,Health-Related Social Needs,Loneliness,28.0,24.4,31.6,2773,2237
10001041802,Kent,Prevention,Dental Visit,65.7,62.1,69.1,6720,5103
10003014501,New Castle,Health Outcomes,Obesity,33.4,27.2,39.5,2134,1931
10003010800,New Castle,Health Risk Behaviors,Physical Inactivity,21.0,17.6,24.6,4796,3948
10005050807,Sussex,Health Status,General Health,21.6,17.6,26.4,1824,1622
10003013611,New Castle,Health Risk Behaviors,Binge Drinking,17.2,14.6,19.9,5572,4648
10005050601,Sussex,Health Outcomes,Diabetes,12.6,11.0,14.3,5391,4138
10005050103,Sussex,Health-Related Social Needs,Transportation Barriers,5.6,4.8,6.4,5063,4221
10003010105,New Castle,Prevention,Health Insurance,9.1,7.6,11.0,2916,2113
10005051302,Sussex,Health-Related Social Needs,Food Insecurity,7.9,6.4,9.5,4907,4337
10003014702,New Castle,Health Outcomes,High Blood Pressure,34.8,31.5,38.3,1910,1510
10003010502,New Castle,Health Outcomes,Obesity,33.0,27.4,38.7,5779,4788
10003014811,New Castle,Disability,Independent Living Disability,4.8,4.1,5.6,6677,4822
10005051311,Sussex,Disability,Vision Disability,4.0,3.3,4.8,1832,1712
10003011201,New Castle,Health Outcomes,High Cholesterol,37.2,33.5,40.8,2421,1946
10005050601,Sussex,Health Outcomes,Arthritis,29.5,26.5,32.5,5391,4138
10003013800,New Castle,Health-Related Social Needs,Transportation Barriers,6.9,5.9,8.1,5901,4752
10003014909,New Castle,Disability,Vision Disability,5.7,5.1,6.4,6186,4652
10003016401,New Castle,Health Outcomes,Coronary Heart Disease,5.3,4.7,6.0,6711,5269
10005050808,Sussex,Health Risk Behaviors,Physical Inactivity,22.4,18.0,27.2,4150,3726
10005050303,Sussex,Health Status,Frequent Mental Distress,17.4,15.5,19.5,2935,2313
10005051203,Sussex,Health Outcomes,High Cholesterol,53.8,49.6,57.9,792,726
10005050405,Sussex,Health Status,General Health,21.1,18.1,24.1,4378,3304
10003011205,New Castle,Prevention,Colorectal Cancer Screening,71.0,67.0,74.8,1968,1585
10001042203,Kent,Health Outcomes,All Teeth Lost,10.7,8.7,12.9,5705,4255
10003014402,New Castle,Health Outcomes,Cancer (non-skin) or Melanoma,8.0,7.3,8.8,2807,2383
10003016901,New Castle,Health-Related Social Needs,Housing Insecurity,10.3,8.7,11.9,2364,1876
10003000500,New Castle,Disability,Vision Disability,6.7,5.8,7.7,3453,2515
10005050401,Sussex,Disability,Cognitive Disability,14.0,12.1,16.2,3606,2872
10003011204,New Castle,Prevention,Mammography,77.6,71.7,82.9,3313,2741
10001041802,Kent,Prevention,Health Insurance,7.6,6.3,9.0,6720,5103
10003014702,New Castle,Health-Related Social Needs,Lack of Social/Emotional Support,23.1,20.0,26.3,1910,1510
10003002200,New Castle,Health Outcomes,Cancer (non-skin) or Melanoma,4.3,3.9,4.8,2874,1942
10003014904,New Castle,Prevention,Annual Checkup,78.8,75.5,81.8,5003,4117
10003016200,New Castle,Disability,Any Disability,27.4,23.8,31.3,3051,2509
10003014814,New Castle,Prevention,Mammography,77.7,71.9,82.9,4361,3290
10003002100,New Castle,Health-Related Social Needs,Lack of Social/Emotional Support,31.5,27.5,35.7,1809,1283
10005050101,Sussex,Health Outcomes,Diabetes,11.7,10.2,13.2,4013,3236
10003014702,New Castle,Health-Related Social Needs,Food Stamps,11.8,9.8,14.0,1910,1510
10005051011,Sussex,Prevention,Mammography,81.6,76.8,86.2,3580,3083
10003013300,New Castle,Prevention,Health Insurance,9.4,7.4,11.7,1907,1543
10003013906,New Castle,Health-Related Social Needs,Loneliness,32.0,28.2,35.9,4648,3670
10003000300,New Castle,Health Outcomes,High Blood Pressure,45.7,41.6,49.5,3012,2233
10005051102,Sussex,Health Outcomes,Arthritis,35.2,31.7,38.6,1029,970
10003000601,New Castle,Health Outcomes,All Teeth Lost,23.7,19.8,28.1,2773,2035
10005051802,Sussex,Health-Related Social Needs,Food Insecurity,22.2,19.1,25.5,4354,3076
10001042100,Kent,Health Outcomes,Obesity,43.4,37.0,50.1,3997,3098
10005050501,Sussex,Health Risk Behaviors,Short Sleep Duration,35.2,30.6,40.5,4201,3285
10005051009,Sussex,Prevention,Dental Visit,73.4,70.5,76.3,2313,1978
10001041900,Kent,Health Outcomes,COPD,9.8,8.5,11.3,5289,4044
10001042900,Kent,Health-Related Social Needs,Transportation Barriers,8.7,7.6,9.9,5105,4056
10003014909,New Castle,Prevention,Annual Checkup,78.6,75.1,81.6,6186,4652
10005050808,Sussex,Health Risk Behaviors,Current Cigarette Smoking,9.8,7.6,12.6,4150,3726
10005051310,Sussex,Health Outcomes,Current Asthma,9.6,8.5,10.9,1933,1765
10005050403,Sussex,Prevention,Mammography,79.6,74.5,84.7,3517,2621
10001042205,Kent,Health Outcomes,Cancer (non-skin) or Melanoma,9.0,8.2,9.9,3019,2312
10003013100,New Castle,Health Status,Frequent Physical Distress,13.8,12.0,15.7,2248,1833
10005050804,Sussex,Disability,Any Disability,27.8,24.0,31.8,4188,3465
10003016306,New Castle,Health Risk Behaviors,Short Sleep Duration,38.4,33.4,43.7,4598,3569
10003015100,New Castle,Health Outcomes,High Blood Pressure,37.5,34.0,41.0,3594,2808
10003013200,New Castle,Health-Related Social Needs,Transportation Barriers,8.6,7.4,10.0,2653,2074
10003013901,New Castle,Health Outcomes,High Cholesterol,37.6,34.0,41.1,3492,2741
10003011800,New Castle,Prevention,Health Insurance,4.2,3.3,5.1,4927,4135
10005050200,Sussex,Health Outcomes,Coronary Heart Disease,7.6,6.9,8.4,3744,2777
10005050408,Sussex,Health-Related Social Needs,Housing Insecurity,15.5,13.4,17.8,4534,3546
10005051205,Sussex,Disability,Mobility Disability,14.9,12.2,17.9,580,543
10003012700,New Castle,Health Outcomes,Stroke,4.2,3.7,4.7,4392,3592
10003002800,New Castle,Health Risk Behaviors,Binge Drinking,17.0,14.4,19.8,2378,2071
10001042206,Kent,Prevention,High Blood Pressure Medication,78.8,76.1,81.4,2822,2203
10003013700,New Castle,Health-Related Social Needs,Food Insecurity,16.0,13.4,18.7,4071,3177
10003014403,New Castle,Disability,Vision Disability,4.6,4.0,5.2,3611,2955
10005051307,Sussex,Prevention,Cholesterol Screening,92.8,91.4,94.1,2975,2708
10003011700,New Castle,Health Risk Behaviors,Physical Inactivity,16.2,13.0,19.6,4260,3465
10005051701,Sussex,Prevention,Health Insurance,10.4,8.2,12.6,4103,3258
10003014703,New Castle,Health Outcomes,COPD,7.4,6.3,8.5,4827,3890
10003014706,New Castle,Prevention,Annual Checkup,78.8,75.3,81.9,2929,2180
10003002500,New Castle,Health Outcomes,Current Asthma,10.9,9.7,12.2,3235,2443
10001042000,Kent,Prevention,Health Insurance,10.0,8.0,12.2,3064,2380
10003012500,New Castle,Health Outcomes,Arthritis,24.7,22.1,27.3,5660,4358
10005051314,Sussex,Disability,Hearing Disability,9.1,8.0,10.3,2525,2271
10003010200,New Castle,Health Status,General Health,14.9,12.8,17.5,2034,1607
10003013615,New Castle,Prevention,Annual Checkup,78.5,75.0,81.5,4107,3324
10003016309,New Castle,Health-Related Social Needs,Food Stamps,16.9,13.4,20.2,4125,3307
10003016401,New Castle,Prevention,Health Insurance,6.9,5.6,8.3,6711,5269
10003016200,New Castle,Health Status,Frequent Mental Distress,15.3,13.4,17.3,3051,2509
10005051102,Sussex,Health Outcomes,High Cholesterol,51.3,47.1,55.3,1029,970
10005050105,Sussex,Health-Related Social Needs,Loneliness,33.0,29.2,37.1,5939,4388
10003014909,New Castle,Disability,Independent Living Disability,9.0,7.8,10.3,6186,4652
10005051012,Sussex,Health Status,Frequent Physical Distress,15.8,13.6,18.2,1908,1715
10003013608,New Castle,Health Outcomes,Cancer (non-skin) or Melanoma,8.2,7.4,9.1,1959,1543
10001041802,Kent,Prevention,Mammography,76.0,69.5,81.5,6720,5103
10003014906,New Castle,Health Outcomes,Cancer (non-skin) or Melanoma,5.1,4.6,5.6,5339,4098
10003010300,New Castle,Health Outcomes,High Blood Pressure,30.7,27.4,33.9,4106,3232
10005050406,Sussex,Health-Related Social Needs,Food Insecurity,25.8,22.3,29.3,5475,4063
10003013508,New Castle,Health Outcomes,Coronary Heart Disease,5.1,4.4,5.8,5655,4419
10001041804,Kent,Prevention,Annual Checkup,82.2,79.1,85.0,5980,4654
10005051801,Sussex,Health Risk Behaviors,Short Sleep Duration,37.6,32.9,43.2,5359,3933
10001042900,Kent,Health Outcomes,Current Asthma,12.8,11.3,14.4,5105,4056
10005050304,Sussex,Disability,Cognitive Disability,13.2,11.5,15.1,4616,3670
10003012100,New Castle,Health Risk Behaviors,Physical Inactivity,23.8,19.7,27.5,2901,2301
10003003002,New Castle,Disability,Mobility Disability,22.5,19.8,25.2,3060,2329
10001042206,Kent,Health Outcomes,Depression,23.0,19.7,26.5,2822,2203
10005051202,Sussex,Health-Related Social Needs,Food Insecurity,3.6,2.8,4.6,856,822
10003014100,New Castle,Health-Related Social Needs,Utility Services Threat,11.4,9.8,13.2,4985,3693
10003016807,New Castle,Disability,Mobility Disability,9.7,8.2,11.3,1901,1411
10005050304,Sussex,Health Outcomes,Coronary Heart Disease,10.3,9.1,11.6,4616,3670
10005051103,Sussex,Prevention,Colorectal Cancer Screening,77.8,74.5,81.3,952,866
10003013506,New Castle,Health-Related Social Needs,Lack of Social/Emotional Support,15.9,13.3,19.0,4567,3785
10003011206,New Castle,Disability,Independent Living Disability,4.9,4.1,5.9,4319,3345
10003012900,New Castle,Health Outcomes,COPD,7.5,6.5,8.5,4823,3565
10001041900,Kent,Disability,Independent Living Disability,10.3,9.0,11.7,5289,4044
10005050709,Sussex,Health Outcomes,Stroke,4.7,4.0,5.5,1956,1774
10003011202,New Castle,Prevention,Annual Checkup,81.8,78.6,84.5,4003,3308
10003013501,New Castle,Health Outcomes,All Teeth Lost,5.7,4.6,6.9,7213,5880
10005051302,Sussex,Disability,Self-care Disability,3.4,2.9,3.9,4907,4337
10001041804,Kent,Health Status,Frequent Physical Distress,15.6,13.8,17.4,5980,4654
10003012200,New Castle,Health-Related Social Needs,Food Stamps,16.8,13.8,20.3,4676,3581
10003001200,New Castle,Health Status,General Health,9.8,8.0,12.0,1605,1454
10003015000,New Castle,Prevention,Colorectal Cancer Screening,62.3,57.9,66.8,5659,4542
10003016100,New Castle,Health Risk Behaviors,Current Cigarette Smoking,11.5,9.3,13.9,1961,1661
10003014811,New Castle,Health-Related Social Needs,Loneliness,29.9,26.1,33.6,6677,4822
10003011600,New Castle,Health Status,General Health,12.6,10.4,15.3,3287,2573
10003002900,New Castle,Disability,Vision Disability,13.6,11.8,15.5,3499,2540
10005050603,Sussex,Health Outcomes,Arthritis,29.9,26.9,33.1,3956,3165
10005050708,Sussex,Health Outcomes,Depression,19.4,16.5,22.5,2774,2424
10003013615,New Castle,Health-Related Social Needs,Loneliness,31.1,27.5,35.1,4107,3324
10003014803,New Castle,Prevention,Colorectal Cancer Screening,70.1,65.9,74.1,4150,3432
10003013505,New Castle,Health Risk Behaviors,Current Cigarette Smoking,7.7,6.2,9.4,3489,2807
10003014402,New Castle,Health Outcomes,Obesity,28.8,23.7,34.0,2807,2383
10005051203,Sussex,Health Outcomes,All Teeth Lost,7.3,6.0,9.0,792,726
10003014813,New Castle,Health-Related Social Needs,Housing Insecurity,10.2,8.3,12.2,4889,3848
10003014906,New Castle,Health-Related Social Needs,Food Stamps,22.0,18.7,25.7,5339,4098
10003002200,New Castle,Health-Related Social Needs,Food Stamps,51.3,45.7,56.8,2874,1942
10003014703,New Castle,Health Risk Behaviors,Binge Drinking,14.7,12.4,17.1,4827,3890
10005050407,Sussex,Disability,Any Disability,36.8,32.8,41.0,5238,4210
10003010502,New Castle,Health-Related Social Needs,Loneliness,29.8,26.3,33.6,5779,4788
10003016904,New Castle,Health-Related Social Needs,Utility Services Threat,12.6,10.6,14.5,3096,2872
10003013611,New Castle,Health Risk Behaviors,Short Sleep Duration,33.0,28.3,38.0,5572,4648
10001043100,Kent,Disability,Independent Living Disability,8.5,7.4,9.8,2573,2087
10003013100,New Castle,Health Risk Behaviors,Physical Inactivity,26.9,22.6,31.7,2248,1833
10001042206,Kent,Health Outcomes,Obesity,42.0,35.4,48.4,2822,2203
10003012500,New Castle,Health Status,Frequent Physical Distress,13.5,12.0,15.3,5660,4358
10005050407,Sussex,Prevention,Colorectal Cancer Screening,67.0,63.1,71.2,5238,4210
10003014808,New Castle,Health-Related Social Needs,Lack of Social/Emotional Support,24.5,21.3,27.7,6476,5078
10005051801,Sussex,Health-Related Social Needs,Transportation Barriers,11.2,9.9,12.6,5359,3933
10001043300,Kent,Prevention,Health Insurance,9.3,7.4,12.1,6553,5692
10005050407,Sussex,Disability,Hearing Disability,8.6,7.7,9.7,5238,4210
10003014814,New Castle,Health Outcomes,Arthritis,21.9,19.4,24.5,4361,3290
10003013200,New Castle,Disability,Independent Living Disability,8.4,7.1,9.7,2653,2074
10003012900,New Castle,Prevention,Mammography,71.8,65.0,77.8,4823,3565
10003014803,New Castle,Prevention,Health Insurance,6.7,5.5,8.3,4150,3432
10005050904,Sussex,Health-Related Social Needs,Food Stamps,7.8,6.0,9.9,2592,2256
10005051202,Sussex,Health Risk Behaviors,Current Cigarette Smoking,6.2,4.8,7.8,856,822
10005050103,Sussex,Disability,Mobility Disability,14.5,12.3,16.7,5063,4221
10001043202,Kent,Health-Related Social Needs,Utility Services Threat,7.8,6.7,8.9,3722,2979
10003015400,New Castle,Health Risk Behaviors,Binge Drinking,11.7,9.8,13.7,2932,2209
10003014810,New Castle,Health-Related Social Needs,Transportation Barriers,7.0,6.1,8.0,7083,5613
10003013508,New Castle,Disability,Vision Disability,2.5,2.2,2.9,5655,4419
10005050807,Sussex,Health Outcomes,Diabetes,16.0,13.8,18.6,1824,1622
10005051102,Sussex,Disability,Self-care Disability,2.7,2.3,3.1,1029,970
10003011204,New Castle,Health Outcomes,High Cholesterol,42.0,38.0,45.8,3313,2741
10003014403,New Castle,Health-Related Social Needs,Housing Insecurity,11.4,9.6,13.6,3611,2955
10003011201,New Castle,Health Status,Frequent Physical Distress,9.6,8.2,11.2,2421,1946
10003013608,New Castle,Health Outcomes,Stroke,2.8,2.5,3.2,1959,1543
10005050200,Sussex,Health Outcomes,Diabetes,14.0,12.4,15.7,3744,2777
10001041702,Kent,Health Outcomes,Stroke,3.7,3.4,4.1,4472,3405
10003000400,New Castle,Health Outcomes,COPD,7.2,6.0,8.6,2957,2436
10005051313,Sussex,Health Risk Behaviors,Short Sleep Duration,29.1,25.0,34.0,3144,2742
10003014808,New Castle,Health Outcomes,Stroke,3.1,2.8,3.3,6476,5078
10003002300,New Castle,Health Outcomes,Depression,21.4,18.4,24.5,3003,2091
10003012000,New Castle,Disability,Mobility Disability,15.6,13.3,17.9,4334,3536
10005051010,Sussex,Disability,Any Disability,28.7,24.9,32.8,2795,2452
10005051204,Sussex,Disability,Hearing Disability,9.6,8.4,10.9,652,627
10005051310,Sussex,Health Outcomes,Cancer (non-skin) or Melanoma,15.9,14.4,17.4,1933,1765
10003010703,New Castle,Prevention,Cholesterol Screening,87.2,85.1,89.1,2036,1556
10003010800,New Castle,Disability,Vision Disability,3.5,3.1,4.0,4796,3948
10003014302,New Castle,Health Risk Behaviors,Physical Inactivity,18.5,15.2,22.1,4908,4464
10003015600,New Castle,Disability,Any Disability,36.5,32.3,40.7,2343,1791
10003016904,New Castle,Health Outcomes,Arthritis,25.3,22.5,28.1,3096,2872
10005050806,Sussex,Prevention,Cholesterol Screening,91.0,89.6,92.3,4454,3735
10003013906,New Castle,Health Outcomes,All Teeth Lost,9.9,8.0,12.0,4648,3670
10005050905,Sussex,Health Outcomes,Diabetes,12.4,10.7,14.1,2848,2485
10003016307,New Castle,Health-Related Social Needs,Food Insecurity,12.8,10.6,15.3,2756,2221
10003016614,New Castle,Prevention,Colorectal Cancer Screening,65.3,61.1,69.4,6239,4474
10005051313,Sussex,Disability,Any Disability,31.1,27.1,35.1,3144,2742
10003011201,New Castle,Prevention,Colorectal Cancer Screening,67.9,63.9,71.9,2421,1946
10003012400,New Castle,Disability,Hearing Disability,6.3,5.5,7.1,4637,3486
10005051312,Sussex,Health Outcomes,COPD,8.4,6.9,10.1,2290,2046
10003014705,New Castle,Health Risk Behaviors,Binge Drinking,15.4,13.0,17.9,5891,4572
10005050506,Sussex,Health-Related Social Needs,Housing Insecurity,11.7,10.0,13.6,4112,3099
10003011202,New Castle,Health-Related Social Needs,Housing Insecurity,6.4,5.2,7.7,4003,3308
10003012100,New Castle,Health Outcomes,Arthritis,25.4,22.7,28.1,2901,2301
10005051203,Sussex,Health Outcomes,Current Asthma,9.5,8.4,10.7,792,726
10003010200,New Castle,Health-Related Social Needs,Transportation Barriers,6.0,5.1,7.0,2034,1607
10003013903,New Castle,Disability,Vision Disability,4.7,4.2,5.3,4820,3768
10003016301,New Castle,Health Outcomes,Cancer (non-skin) or Melanoma,7.4,6.7,8.1,7385,5955
10005050604,Sussex,Prevention,Dental Visit,58.4,54.8,62.2,4674,3611
10005051302,Sussex,Health Risk Behaviors,Binge Drinking,12.5,10.4,14.7,4907,4337
10001041702,Kent,Disability,Hearing Disability,6.5,5.7,7.4,4472,3405
10003003002,New Castle,Health Outcomes,All Teeth Lost,42.9,37.7,48.3,3060,2329
10005050709,Sussex,Disability,Any Disability,31.4,26.4,36.4,1956,1774
10001041803,Kent,Prevention,Cholesterol Screening,86.5,84.7,88.2,4384,3459
10003016808,New Castle,Health Risk Behaviors,Current Cigarette Smoking,9.5,7.8,11.4,7377,5511
10005051008,Sussex,Prevention,Mammography,82.8,78.3,87.1,4100,3626
10003000500,New Castle,Health Outcomes,Coronary Heart Disease,6.0,5.3,6.7,3453,2515
10003016308,New Castle,Health-Related Social Needs,Food Stamps,18.1,14.5,21.7,3728,2990
10003012100,New Castle,Health Risk Behaviors,Current Cigarette Smoking,10.9,8.9,12.9,2901,2301
10003016611,New Castle,Disability,Self-care Disability,2.3,2.0,2.7,7851,5645
10005051017,Sussex,Health Outcomes,High Blood Pressure,42.3,38.1,46.5,3804,3435
10003002100,New Castle,Health Risk Behaviors,Physical Inactivity,47.7,42.1,53.5,1809,1283
10003002600,New Castle,Health-Related Social Needs,Transportation Barriers,17.2,14.8,19.7,3730,2585
10003013614,New Castle,Health-Related Social Needs,Utility Services Threat,8.7,7.6,10.0,3258,2555
10003014908,New Castle,Health Outcomes,Arthritis,27.7,24.9,30.6,2425,1792
10003010400,New Castle,Health-Related Social Needs,Lack of Social/Emotional Support,20.7,17.9,23.7,4591,3725
10005051010,Sussex,Health Status,Frequent Mental Distress,11.9,10.3,13.6,2795,2452
10003012600,New Castle,Health Outcomes,All Teeth Lost,7.3,5.9,8.9,2945,2351
10003011201,New Castle,Health Outcomes,Arthritis,21.6,19.4,24.0,2421,1946
10003011203,New Castle,Health Outcomes,COPD,6.8,5.7,8.1,4805,3884
10005050503,Sussex,Health Status,Frequent Physical Distress,20.8,18.4,22.9,5604,3737
10005051016,Sussex,Disability,Independent Living Disability,4.9,4.1,6.0,1879,1685
10003014803,New Castle,Health Outcomes,Obesity,30.1,24.9,35.5,4150,3432
10003013604,New Castle,Disability,Mobility Disability,11.4,9.6,13.3,4156,3372
10003011700,New Castle,Health Outcomes,High Blood Pressure,35.4,31.7,39.1,4260,3465
10005051502,Sussex,Health-Related Social Needs,Utility Services Threat,6.8,5.8,7.8,3228,2586
10003014501,New Castle,Health-Related Social Needs,Food Insecurity,35.4,26.4,45.8,2134,1931
10001042801,Kent,Disability,Hearing Disability,6.9,6.0,7.9,2007,1606
10003013905,New Castle,Prevention,Dental Visit,63.7,60.0,67.2,4169,3100
10005051013,Sussex,Health-Related Social Needs,Transportation Barriers,4.7,4.0,5.5,3686,3150
10003013100,New Castle,Health Status,General Health,18.9,16.1,22.0,2248,1833
10005050804,Sussex,Health Outcomes,Obesity,32.5,26.9,38.3,4188,3465
10003016613,New Castle,Health Risk Behaviors,Binge Drinking,15.7,13.3,18.3,6109,4337
10003014502,New Castle,Health-Related Social Needs,Transportation Barriers,23.0,19.7,26.0,7374,7189
10005051802,Sussex,Health Outcomes,Coronary Heart Disease,7.7,6.9,8.5,4354,3076
10003011700,New Castle,Health Risk Behaviors,Current Cigarette Smoking,5.4,4.1,7.0,4260,3465
10005051011,Sussex,Prevention,Cholesterol Screening,92.9,91.6,94.0,3580,3083
10001042203,Kent,Health-Related Social Needs,Housing Insecurity,11.1,9.6,12.8,5705,4255
10001041804,Kent,Health Risk Behaviors,Current Cigarette Smoking,15.2,12.8,17.6,5980,4654
10003014903,New Castle,Health Status,General Health,26.0,22.4,29.7,7365,5269
10001041802,Kent,Health Outcomes,Obesity,42.1,35.9,48.8,6720,5103
10003000200,New Castle,Prevention,Colorectal Cancer Screening,70.1,66.1,74.0,5298,4193
10001042205,Kent,Health Outcomes,Obesity,47.0,40.6,53.6,3019,2312
10003016806,New Castle,Health Outcomes,Coronary Heart Disease,4.5,4.1,5.0,6347,4487
10003014903,New Castle,Health-Related Social Needs,Food Insecurity,28.5,24.6,33.1,7365,5269
10005051309,Sussex,Prevention,Dental Visit,67.8,64.5,71.3,1488,1407
10003014000,New Castle,Health Status,Frequent Mental Distress,17.7,15.6,19.6,5441,4349
10003015000,New Castle,Disability,Independent Living Disability,9.5,8.4,10.7,5659,4542
10005050302,Sussex,Disability,Mobility Disability,17.3,15.1,19.4,5521,4001
10005050501,Sussex,Prevention,High Blood Pressure Medication,78.5,75.8,81.0,4201,3285
10005050505,Sussex,Health Outcomes,High Blood Pressure,37.4,33.7,41.1,2420,2212
10001042100,Kent,Prevention,Cholesterol Screening,87.1,85.3,88.8,3997,3098
10003016805,New Castle,Prevention,Dental Visit,65.9,62.4,69.4,1723,1396
10001042100,Kent,Health-Related Social Needs,Food Stamps,13.5,11.4,15.8,3997,3098
10003014810,New Castle,Health Status,General Health,15.6,13.4,17.9,7083,5613
10003015400,New Castle,Prevention,Mammography,80.9,75.7,85.5,2932,2209
10003012000,New Castle,Prevention,Cholesterol Screening,87.5,85.5,89.1,4334,3536
10003014100,New Castle,Health-Related Social Needs,Lack of Social/Emotional Support,22.7,19.5,25.9,4985,3693
10003011201,New Castle,Health Outcomes,Diabetes,8.8,7.6,10.1,2421,1946
10003010300,New Castle,Health-Related Social Needs,Lack of Social/Emotional Support,23.8,20.7,27.0,4106,3232
10003016807,New Castle,Health Status,General Health,12.7,10.7,14.8,1901,1411
10003016609,New Castle,Health Outcomes,All Teeth Lost,7.9,6.3,9.7,5595,4312
10003013903,New Castle,Health Outcomes,Obesity,35.2,29.4,41.0,4820,3768
10003013501,New Castle,Disability,Self-care Disability,2.4,2.1,2.8,7213,5880
10005050604,Sussex,Health Risk Behaviors,Physical Inactivity,32.7,28.1,37.5,4674,3611
10001042207,Kent,Health Outcomes,Coronary Heart Disease,6.8,6.1,7.7,2576,1977
10005051205,Sussex,Prevention,Dental Visit,76.4,73.8,79.2,580,543
10003013903,New Castle,Disability,Cognitive Disability,13.5,11.7,15.4,4820,3768
10003013612,New Castle,Health Outcomes,Diabetes,10.1,8.8,11.5,6158,4926
10005051307,Sussex,Disability,Hearing Disability,11.0,9.4,12.7,2975,2708
10005051014,Sussex,Health Outcomes,Cancer (non-skin) or Melanoma,15.8,14.1,17.3,1881,1709
10003016612,New Castle,Health-Related Social Needs,Loneliness,28.8,25.2,32.6,6450,4739
10003013905,New Castle,Disability,Mobility Disability,8.1,6.9,9.3,4169,3100
10005051900,Sussex,Health Outcomes,Coronary Heart Disease,7.4,6.6,8.2,4760,3685
10001042500,Kent,Prevention,High Blood Pressure Medication,77.0,74.3,79.6,3590,2590
10003013611,New Castle,Health Status,General Health,14.1,12.1,16.6,5572,4648
10005051016,Sussex,Health Outcomes,All Teeth Lost,3.9,3.2,4.8,1879,1685
10003011300,New Castle,Disability,Independent Living Disability,5.8,4.6,7.4,2244,1847
10003013507,New Castle,Health Risk Behaviors,Binge Drinking,14.7,12.5,17.1,1819,1428
10003013400,New Castle,Health Outcomes,Coronary Heart Disease,6.6,5.6,7.7,2504,2036
10003016608,New Castle,Health Outcomes,Depression,21.2,18.1,24.3,6561,5064
10005051702,Sussex,Disability,Cognitive Disability,15.5,13.7,17.6,6577,4982
10003002800,New Castle,Disability,Self-care Disability,3.8,3.3,4.3,2378,2071
10003015900,New Castle,Prevention,Mammography,75.8,69.5,81.3,3344,2595
10003014501,New Castle,Prevention,Annual Checkup,71.5,67.0,75.6,2134,1931
10005050710,Sussex,Health Outcomes,COPD,11.1,9.6,12.8,1870,1457
10003016100,New Castle,Health Outcomes,All Teeth Lost,10.7,8.7,12.9,1961,1661
10003014705,New Castle,Health Outcomes,Diabetes,12.4,10.8,14.0,5891,4572
10001042000,Kent,Health Status,General Health,21.6,18.9,24.7,3064,2380
10005051009,Sussex,Health-Related Social Needs,Food Stamps,3.9,2.9,5.0,2313,1978
10005051103,Sussex,Health-Related Social Needs,Transportation Barriers,3.3,2.7,3.9,952,866
10003016901,New Castle,Prevention,Colorectal Cancer Screening,67.2,62.9,71.3,2364,1876
10003016309,New Castle,Health-Related Social Needs,Utility Services Threat,10.6,8.9,12.3,4125,3307
10005051103,Sussex,Health Outcomes,Depression,19.0,16.2,22.0,952,866
10003013000,New Castle,Prevention,High Blood Pressure Medication,74.8,71.8,77.6,1927,1515
10001043000,Kent,Health Outcomes,Arthritis,29.7,26.7,32.8,5414,4110
10003014705,New Castle,Disability,Mobility Disability,14.7,12.4,16.7,5891,4572
10003014000,New Castle,Health Risk Behaviors,Short Sleep Duration,37.9,33.0,43.1,5441,4349
10003016401,New Castle,Disability,Hearing Disability,4.9,4.2,5.5,6711,5269
10003013507,New Castle,Health Outcomes,Depression,19.2,16.5,22.0,1819,1428
10005051801,Sussex,Prevention,Colorectal Cancer Screening,61.6,57.4,66.1,5359,3933
10005050506,Sussex,Prevention,Cholesterol Screening,87.0,84.9,88.7,4112,3099
10005051012,Sussex,Health Outcomes,Arthritis,39.1,35.5,42.8,1908,1715
10003001300,New Castle,Disability,Mobility Disability,9.5,8.0,11.4,3588,3013
10003014814,New Castle,Health Outcomes,Current Asthma,10.2,9.1,11.5,4361,3290
10005050807,Sussex,Health Risk Behaviors,Short Sleep Duration,29.7,25.5,34.6,1824,1622
10003011202,New Castle,Disability,Vision Disability,3.4,2.9,4.0,4003,3308
10003014812,New Castle,Disability,Any Disability,23.8,20.5,27.2,4559,3628
10003016301,New Castle,Prevention,Dental Visit,64.0,60.3,67.4,7385,5955
10003001902,New Castle,Disability,Any Disability,32.1,27.7,37.0,2113,1554
10005050405,Sussex,Health Outcomes,Diabetes,12.9,11.2,14.6,4378,3304
10005050711,Sussex,Prevention,High Blood Pressure Medication,82.8,80.4,85.0,1505,1256
10003014812,New Castle,Prevention,Health Insurance,5.5,4.5,6.7,4559,3628
10003000200,New Castle,Health-Related Social Needs,Transportation Barriers,12.8,10.7,14.8,5298,4193
10003012600,New Castle,Health Outcomes,Current Asthma,10.3,9.0,11.6,2945,2351
10005051014,Sussex,Health Outcomes,Stroke,4.3,3.6,5.0,1881,1709
10003011000,New Castle,Health-Related Social Needs,Loneliness,27.6,24.0,31.2,3201,2542
10003001400,New Castle,Health Outcomes,Cancer (non-skin) or Melanoma,8.0,7.2,8.7,2103,1727
10005051400,Sussex,Prevention,Health Insurance,12.7,10.7,14.9,3878,3033
10003015000,New Castle,Health-Related Social Needs,Transportation Barriers,11.0,9.6,12.6,5659,4542
10005050603,Sussex,Health Outcomes,Diabetes,11.1,9.7,12.8,3956,3165
10003013612,New Castle,Health Status,Frequent Physical Distress,10.1,8.8,11.4,6158,4926
10003010704,New Castle,Health Outcomes,Depression,20.6,17.7,23.6,3947,3149
10003014301,New Castle,Prevention,High Blood Pressure Medication,81.0,78.0,83.6,1317,1092
10005051900,Sussex,Disability,Self-care Disability,3.8,3.4,4.2,4760,3685
10003011205,New Castle,Health Status,Frequent Physical Distress,11.1,9.6,12.9,1968,1585
10003014402,New Castle,Health Outcomes,Depression,23.8,20.5,27.2,2807,2383
10003010400,New Castle,Health Outcomes,High Blood Pressure,33.4,29.9,36.8,4591,3725
10005050603,Sussex,Health Status,Frequent Physical Distress,12.0,10.5,13.8,3956,3165
10003016805,New Castle,Prevention,Mammography,76.8,70.6,82.3,1723,1396
10003013505,New Castle,Health-Related Social Needs,Transportation Barriers,4.0,3.4,4.7,3489,2807
10003002700,New Castle,Health Outcomes,High Blood Pressure,29.1,26.0,32.3,2990,2310
10003015900,New Castle,Health Risk Behaviors,Short Sleep Duration,38.2,33.2,43.4,3344,2595
10003016808,New Castle,Health-Related Social Needs,Lack of Social/Emotional Support,22.0,18.9,25.3,7377,5511
10003001100,New Castle,Disability,Cognitive Disability,11.2,9.4,13.5,3375,3187
10003000601,New Castle,Prevention,Dental Visit,46.5,42.7,50.4,2773,2035
10003013604,New Castle,Prevention,Dental Visit,71.8,68.5,74.8,4156,3372
10005050408,Sussex,Prevention,Dental Visit,53.5,49.7,57.4,4534,3546
10001042208,Kent,Health Outcomes,COPD,7.8,6.8,9.1,4016,3108
10003011100,New Castle,Health-Related Social Needs,Food Insecurity,6.9,5.7,8.4,2654,2282
10003016612,New Castle,Prevention,Dental Visit,69.0,65.6,72.2,6450,4739
10003010703,New Castle,Health-Related Social Needs,Food Insecurity,16.8,13.8,19.7,2036,1556
10003015502,New Castle,Health Outcomes,Current Asthma,12.0,10.7,13.5,2686,2035
10003015502,New Castle,Disability,Independent Living Disability,11.6,10.1,13.1,2686,2035
10003016401,New Castle,Disability,Vision Disability,4.1,3.7,4.7,6711,5269
10005051014,Sussex,Health Outcomes,Diabetes,14.0,11.8,16.4,1881,1709
10005050805,Sussex,Health-Related Social Needs,Housing Insecurity,6.6,5.6,7.7,3038,2464
10005051204,Sussex,Disability,Cognitive Disability,6.4,5.4,7.5,652,627
10003013610,New Castle,Disability,Cognitive Disability,9.7,8.2,11.2,5460,4534
10003011400,New Castle,Disability,Any Disability,23.8,20.2,27.7,3456,2735
10005051702,Sussex,Health Outcomes,All Teeth Lost,15.1,12.6,18.0,6577,4982
10003010704,New Castle,Prevention,Health Insurance,8.1,6.7,9.6,3947,3149
10003001100,New Castle,Prevention,Mammography,80.3,74.9,85.1,3375,3187
10005050904,Sussex,Disability,Vision Disability,5.4,4.4,6.6,2592,2256
10005051312,Sussex,Health-Related Social Needs,Loneliness,26.5,23.1,30.2,2290,2046
10005051313,Sussex,Health Status,Frequent Mental Distress,12.0,10.5,13.6,3144,2742
10003016904,New Castle,Health Outcomes,High Blood Pressure,41.3,37.5,45.2,3096,2872
10003002400,New Castle,Health-Related Social Needs,Housing Insecurity,19.6,16.8,22.6,4250,3346
10001043202,Kent,Disability,Any Disability,37.1,33.1,41.3,3722,2979
10003014301,New Castle,Health Status,General Health,12.6,10.5,14.8,1317,1092
10003016808,New Castle,Health Status,Frequent Physical Distress,10.1,8.8,11.5,7377,5511
10001042203,Kent,Health Outcomes,Current Asthma,12.0,10.7,13.5,5705,4255
10005050403,Sussex,Disability,Self-care Disability,4.3,3.8,4.8,3517,2621
10003016611,New Castle,Prevention,Mammography,79.4,73.6,84.5,7851,5645
10003014813,New Castle,Prevention,Cholesterol Screening,86.5,84.1,88.6,4889,3848
10003013200,New Castle,Prevention,Annual Checkup,77.4,73.9,80.7,2653,2074
10001042205,Kent,Health Outcomes,Stroke,4.6,4.2,5.0,3019,2312
10003016306,New Castle,Health Outcomes,Current Asthma,11.1,9.9,12.5,4598,3569
10003013615,New Castle,Disability,Cognitive Disability,12.7,11.0,14.5,4107,3324
10003002200,New Castle,Disability,Cognitive Disability,24.6,21.7,27.7,2874,1942
10003016609,New Castle,Health Outcomes,High Cholesterol,38.7,34.8,42.5,5595,4312
10003016000,New Castle,Health Risk Behaviors,Short Sleep Duration,41.5,36.4,46.8,2999,2265
10003014903,New Castle,Health Outcomes,Arthritis,24.3,21.7,26.9,7365,5269
10005050703,Sussex,Health-Related Social Needs,Loneliness,31.0,27.1,34.7,2153,1786
10005050806,Sussex,Health Risk Behaviors,Short Sleep Duration,30.0,25.9,34.9,4454,3735
10001980000,Kent,Health-Related Social Needs,Utility Services Threat,5.8,5.0,6.7,108,104
10003002500,New Castle,Health Outcomes,All Teeth Lost,9.6,7.9,11.6,3235,2443
10005051308,Sussex,Disability,Cognitive Disability,10.4,8.6,12.2,4074,3530
10003011900,New Castle,Disability,Vision Disability,3.6,3.1,4.2,3298,2592
10003010502,New Castle,Disability,Any Disability,27.9,24.5,31.6,5779,4788
10005050703,Sussex,Disability,Any Disability,37.3,32.6,41.5,2153,1786
10003014814,New Castle,Health Outcomes,Diabetes,10.0,8.7,11.4,4361,3290
10003014904,New Castle,Health Risk Behaviors,Physical Inactivity,26.4,22.6,30.4,5003,4117
10003010400,New Castle,Health Outcomes,Obesity,31.4,25.9,37.0,4591,3725
10003013800,New Castle,Prevention,Colorectal Cancer Screening,69.4,65.4,73.3,5901,4752
10003016805,New Castle,Health Outcomes,High Blood Pressure,36.4,32.7,40.0,1723,1396
10001043400,Kent,Health Outcomes,Current Asthma,12.1,10.7,13.6,5648,4415
10003015600,New Castle,Health Outcomes,Coronary Heart Disease,7.2,6.4,8.0,2343,1791
10003014302,New Castle,Health Outcomes,High Cholesterol,27.4,24.6,30.2,4908,4464
10001043000,Kent,Health-Related Social Needs,Lack of Social/Emotional Support,21.9,19.1,24.9,5414,4110
10005051314,Sussex,Health Risk Behaviors,Physical Inactivity,22.7,18.9,26.9,2525,2271
10003016901,New Castle,Health-Related Social Needs,Transportation Barriers,7.5,6.5,8.6,2364,1876
10005051202,Sussex,Health-Related Social Needs,Lack of Social/Emotional Support,13.0,10.8,15.2,856,822
10003015400,New Castle,Prevention,Dental Visit,54.3,50.3,58.2,2932,2209
10003010800,New Castle,Health Outcomes,Coronary Heart Disease,6.6,5.8,7.4,4796,3948
10001042205,Kent,Prevention,Health Insurance,10.6,9.0,12.4,3019,2312
10003010104,New Castle,Health Status,Frequent Mental Distress,16.8,14.8,18.8,3620,2830
10003010900,New Castle,Disability,Mobility Disability,14.8,12.3,17.4,2773,2237
10003010300,New Castle,Health Risk Behaviors,Current Cigarette Smoking,11.4,9.4,13.6,4106,3232
10003001400,New Castle,Health Outcomes,Current Asthma,11.5,10.2,12.9,2103,1727
10003013508,New Castle,Disability,Hearing Disability,5.1,4.4,5.9,5655,4419
10005051011,Sussex,Prevention,High Blood Pressure Medication,84.9,82.5,87.3,3580,3083
10005050706,Sussex,Disability,Mobility Disability,15.8,13.5,18.3,1772,1557
10003015900,New Castle,Prevention,Cholesterol Screening,87.2,85.3,88.8,3344,2595
10005051501,Sussex,Health-Related Social Needs,Transportation Barriers,8.5,7.4,9.6,2246,1737
10005051701,Sussex,Health Outcomes,Coronary Heart Disease,7.9,6.9,8.9,4103,3258
10005051502,Sussex,Prevention,Annual Checkup,81.4,78.4,84.2,3228,2586
10003014814,New Castle,Disability,Independent Living Disability,6.0,5.3,6.8,4361,3290
10005050708,Sussex,Health Status,General Health,17.8,14.4,21.6,2774,2424
10003011000,New Castle,Health Outcomes,COPD,4.9,4.1,5.9,3201,2542
10003011500,New Castle,Health Risk Behaviors,Short Sleep Duration,31.4,27.0,36.4,2908,2308
10001042801,Kent,Health Outcomes,High Blood Pressure,36.7,33.0,40.6,2007,1606
10003013800,New Castle,Health-Related Social Needs,Utility Services Threat,5.9,5.0,6.9,5901,4752
10003011203,New Castle,Disability,Mobility Disability,14.3,12.3,16.5,4805,3884
10003001902,New Castle,Health Status,General Health,22.6,19.4,26.6,2113,1554
10003016806,New Castle,Health Status,General Health,14.5,12.6,16.4,6347,4487
10005050603,Sussex,Health Outcomes,High Cholesterol,45.1,41.3,49.0,3956,3165
10003014404,New Castle,Health-Related Social Needs,Loneliness,31.5,27.6,35.4,4159,3562
10005050303,Sussex,Prevention,Annual Checkup,79.7,76.4,82.7,2935,2313
10005050406,Sussex,Disability,Any Disability,39.4,35.2,43.6,5475,4063
10003014904,New Castle,Health Risk Behaviors,Current Cigarette Smoking,12.2,10.3,14.1,5003,4117
10003001902,New Castle,Health-Related Social Needs,Food Insecurity,25.0,20.1,30.1,2113,1554
10005050801,Sussex,Health Status,General Health,17.2,14.9,19.7,3979,3225
10003014808,New Castle,Health Outcomes,Current Asthma,10.9,9.7,12.2,6476,5078
10003012000,New Castle,Prevention,Dental Visit,62.9,59.3,66.4,4334,3536
10003014200,New Castle,Prevention,Mammography,79.2,73.5,84.2,1600,1313
10003011300,New Castle,Prevention,Health Insurance,5.0,3.7,6.7,2244,1847
10005051313,Sussex,Health-Related Social Needs,Food Insecurity,8.4,6.8,10.1,3144,2742
10003013608,New Castle,Health-Related Social Needs,Lack of Social/Emotional Support,20.5,17.5,23.7,1959,1543
10005051017,Sussex,Disability,Any Disability,26.2,21.8,30.7,3804,3435
10003010200,New Castle,Prevention,Colorectal Cancer Screening,71.2,67.1,75.1,2034,1607
10003014100,New Castle,Health Outcomes,High Blood Pressure,36.7,33.2,40.2,4985,3693
10003016806,New Castle,Disability,Vision Disability,3.6,3.2,4.0,6347,4487
10003014904,New Castle,Prevention,Colorectal Cancer Screening,66.9,62.5,71.1,5003,4117
10003016000,New Castle,Health Outcomes,Arthritis,28.8,26.0,31.7,2999,2265
10003013506,New Castle,Prevention,Cholesterol Screening,91.9,90.3,93.2,4567,3785
10003016807,New Castle,Health Risk Behaviors,Short Sleep Duration,33.4,28.7,38.5,1901,1411
10003014809,New Castle,Health-Related Social Needs,Housing Insecurity,13.5,11.7,15.4,8360,6692
10005050407,Sussex,Health Outcomes,Obesity,40.3,34.2,46.5,5238,4210
10003013700,New Castle,Health Risk Behaviors,Binge Drinking,16.6,14.1,19.3,4071,3177
10003014908,New Castle,Health Status,Frequent Physical Distress,14.7,12.9,16.5,2425,1792
10005050408,Sussex,Prevention,Cholesterol Screening,85.8,83.8,87.6,4534,3546
10003011600,New Castle,Health Risk Behaviors,Short Sleep Duration,30.2,25.8,35.1,3287,2573
10001042500,Kent,Health Status,Frequent Mental Distress,20.0,17.8,22.5,3590,2590
10003010200,New Castle,Health Risk Behaviors,Short Sleep Duration,34.5,29.8,39.6,2034,1607
10003014501,New Castle,Health Risk Behaviors,Short Sleep Duration,36.3,31.1,41.4,2134,1931
10005051202,Sussex,Health Outcomes,Coronary Heart Disease,9.4,8.3,10.7,856,822
10003016610,New Castle,Health Outcomes,Depression,21.6,18.6,24.6,7062,5510
10001041803,Kent,Health Outcomes,Diabetes,18.2,16.2,20.4,4384,3459
10005051308,Sussex,Health-Related Social Needs,Transportation Barriers,4.8,4.0,5.7,4074,3530
10005051801,Sussex,Prevention,High Blood Pressure Medication,79.1,76.5,81.5,5359,3933
10005051502,Sussex,Health-Related Social Needs,Lack of Social/Emotional Support,21.5,18.6,24.6,3228,2586
10005051701,Sussex,Health-Related Social Needs,Utility Services Threat,6.9,5.8,8.0,4103,3258
10003000500,New Castle,Disability,Hearing Disability,4.5,3.9,5.1,3453,2515
10003016306,New Castle,Health Outcomes,Arthritis,25.3,22.5,27.9,4598,3569
10001043100,Kent,Disability,Cognitive Disability,14.3,12.4,16.5,2573,2087
10003014907,New Castle,Health-Related Social Needs,Housing Insecurity,16.3,14.2,18.5,4921,3708
10005050406,Sussex,Health Status,Frequent Mental Distress,17.5,15.7,19.6,5475,4063
10005051400,Sussex,Disability,Vision Disability,5.2,4.6,5.8,3878,3033
10005051900,Sussex,Disability,Vision Disability,4.9,4.4,5.4,4760,3685
10001042000,Kent,Health Risk Behaviors,Physical Inactivity,31.2,26.8,35.7,3064,2380
10003014808,New Castle,Disability,Any Disability,27.9,24.3,31.3,6476,5078
10003000900,New Castle,Health-Related Social Needs,Lack of Social/Emotional Support,32.4,28.1,36.7,2267,1563
10003013300,New Castle,Health Outcomes,Stroke,3.4,2.9,3.8,1907,1543
10003002400,New Castle,Disability,Mobility Disability,18.9,16.5,21.3,4250,3346
10003011201,New Castle,Health Outcomes,All Teeth Lost,8.7,7.1,10.6,2421,1946
10001043300,Kent,Prevention,Dental Visit,56.8,52.7,60.6,6553,5692
10001042203,Kent,Health Status,General Health,17.2,15.1,19.6,5705,4255
10003000602,New Castle,Health Risk Behaviors,Current Cigarette Smoking,17.6,14.7,20.7,2876,2134
10003013615,New Castle,Prevention,Cholesterol Screening,88.0,86.1,89.5,4107,3324
10003010105,New Castle,Health Outcomes,Cancer (non-skin) or Melanoma,5.4,4.9,5.9,2916,2113
10003010200,New Castle,Health-Related Social Needs,Food Stamps,7.8,5.9,9.7,2034,1607
10003010502,New Castle,Disability,Vision Disability,4.2,3.7,4.7,5779,4788
10005050104,Sussex,Prevention,Health Insurance,14.9,12.2,17.7,5031,3785
10003013200,New Castle,Health Risk Behaviors,Short Sleep Duration,36.1,31.3,41.3,2653,2074
10005051701,Sussex,Health-Related Social Needs,Lack of Social/Emotional Support,21.5,18.4,24.9,4103,3258
10003013508,New Castle,Health-Related Social Needs,Utility Services Threat,3.2,2.5,3.9,5655,4419
10005050304,Sussex,Health Status,General Health,22.6,19.6,26.0,4616,3670
10003012000,New Castle,Health-Related Social Needs,Loneliness,31.6,27.7,35.6,4334,3536
10003010502,New Castle,Health-Related Social Needs,Food Stamps,9.6,7.9,11.6,5779,4788
10003014904,New Castle,Prevention,High Blood Pressure Medication,74.9,71.9,77.7,5003,4117
10003010704,New Castle,Health-Related Social Needs,Utility Services Threat,9.2,7.8,10.7,3947,3149
10003013901,New Castle,Disability,Hearing Disability,5.5,4.8,6.3,3492,2741
10003010800,New Castle,Health-Related Social Needs,Utility Services Threat,4.3,3.6,5.1,4796,3948
10003000602,New Castle,Health Status,Frequent Mental Distress,18.7,16.5,21.1,2876,2134
10005051012,Sussex,Health Outcomes,All Teeth Lost,12.3,10.2,14.7,1908,1715
10001041900,Kent,Health Outcomes,Cancer (non-skin) or Melanoma,9.1,8.2,10.1,5289,4044
10003014812,New Castle,Health Risk Behaviors,Physical Inactivity,20.7,17.0,24.4,4559,3628
10003016301,New Castle,Prevention,Mammography,80.1,74.7,84.8,7385,5955
10003011100,New Castle,Disability,Mobility Disability,12.7,10.8,14.7,2654,2282
10005050405,Sussex,Disability,Independent Living Disability,9.1,7.8,10.4,4378,3304
10001042203,Kent,Disability,Self-care Disability,3.0,2.7,3.4,5705,4255
10005050905,Sussex,Health Outcomes,COPD,7.5,6.3,8.7,2848,2485
10005050807,Sussex,Health Outcomes,High Blood Pressure,47.7,43.6,51.9,1824,1622
10003013700,New Castle,Health Outcomes,Diabetes,10.5,9.2,11.9,4071,3177
10005050501,Sussex,Health Status,Frequent Physical Distress,14.7,13.1,16.5,4201,3285
10003001500,New Castle,Health Outcomes,Cancer (non-skin) or Melanoma,7.6,6.9,8.4,2231,1748
10003000400,New Castle,Health Outcomes,Diabetes,15.7,13.7,17.6,2957,2436
10003010900,New Castle,Health-Related Social Needs,Housing Insecurity,7.9,6.3,9.5,2773,2237
10005051400,Sussex,Health Outcomes,Diabetes,12.9,11.3,14.7,3878,3033
10001042802,Kent,Disability,Self-care Disability,4.0,3.5,4.5,5612,4350
10005050708,Sussex,Health-Related Social Needs,Transportation Barriers,4.9,4.0,5.8,2774,2424
10003014909,New Castle,Prevention,Dental Visit,57.5,53.6,61.3,6186,4652
10005050406,Sussex,Health-Related Social Needs,Lack of Social/Emotional Support,25.3,22.0,28.9,5475,4063
10005051701,Sussex,Health Outcomes,High Blood Pressure,38.6,35.1,42.4,4103,3258
10003002500,New Castle,Health-Related Social Needs,Food Insecurity,21.7,18.2,25.3,3235,2443
10003010400,New Castle,Disability,Vision Disability,3.8,3.4,4.3,4591,3725
10003014706,New Castle,Health Status,Frequent Physical Distress,11.4,10.1,12.8,2929,2180
10005050703,Sussex,Disability,Vision Disability,7.0,6.0,8.1,2153,1786
10001043202,Kent,Health Outcomes,Current Asthma,12.5,11.1,14.0,3722,2979
10003015900,New Castle,Prevention,Dental Visit,59.0,55.2,62.8,3344,2595
10003014809,New Castle,Prevention,Dental Visit,62.5,58.8,66.0,8360,6692
10003016401,New Castle,Health Outcomes,Obesity,32.4,27.0,37.9,6711,5269
10005051103,Sussex,Health Outcomes,Stroke,3.5,3.0,4.0,952,866
10005051012,Sussex,Health Status,General Health,20.0,16.8,23.5,1908,1715
10003002200,New Castle,Prevention,Cholesterol Screening,78.3,75.2,81.1,2874,1942
10003002800,New Castle,Disability,Mobility Disability,11.6,10.1,13.2,2378,2071
10003010900,New Castle,Disability,Vision Disability,4.3,3.6,5.0,2773,2237
10003014811,New Castle,Health-Related Social Needs,Transportation Barriers,5.0,4.2,5.9,6677,4822
10003011204,New Castle,Prevention,Dental Visit,70.4,67.0,73.5,3313,2741
10003014706,New Castle,Prevention,Colorectal Cancer Screening,65.7,61.4,69.9,2929,2180
10003016613,New Castle,Health Outcomes,High Cholesterol,35.6,32.0,39.1,6109,4337
10003011400,New Castle,Health-Related Social Needs,Food Stamps,3.9,2.8,5.4,3456,2735
10001042207,Kent,Health Status,General Health,22.2,19.3,25.3,2576,1977
10005051009,Sussex,Health-Related Social Needs,Transportation Barriers,3.5,2.9,4.1,2313,1978
10005051313,Sussex,Health Outcomes,High Cholesterol,52.0,47.9,56.1,3144,2742
10005050603,Sussex,Health Risk Behaviors,Short Sleep Duration,31.4,27.1,36.3,3956,3165
10003016000,New Castle,Disability,Independent Living Disability,10.8,9.6,12.3,2999,2265
10001042204,Kent,Prevention,Cholesterol Screening,88.0,86.2,89.6,4773,3481
10005050808,Sussex,Prevention,Annual Checkup,85.5,82.9,87.9,4150,3726
10005050904,Sussex,Health Outcomes,Coronary Heart Disease,11.2,9.6,12.9,2592,2256
10005051310,Sussex,Prevention,Colorectal Cancer Screening,77.3,73.8,81.1,1933,1765
10003013607,New Castle,Health Risk Behaviors,Binge Drinking,15.6,13.3,18.1,6255,5031
10003002700,New Castle,Disability,Hearing Disability,3.5,3.0,3.9,2990,2310
10003001300,New Castle,Disability,Any Disability,21.6,18.5,25.0,3588,3013
10005050407,Sussex,Health Outcomes,High Cholesterol,46.4,42.5,50.2,5238,4210
10003013615,New Castle,Disability,Mobility Disability,13.6,11.6,15.7,4107,3324
10003002300,New Castle,Health-Related Social Needs,Utility Services Threat,18.7,16.1,21.3,3003,2091
10003010106,New Castle,Prevention,Dental Visit,63.1,59.6,66.5,1760,1509
10003013901,New Castle,Prevention,Colorectal Cancer Screening,66.0,61.8,70.1,3492,2741
10003014814,New Castle,Health-Related Social Needs,Transportation Barriers,6.5,5.6,7.5,4361,3290
10003014402,New Castle,Prevention,Cholesterol Screening,83.6,80.4,86.1,2807,2383
10003016610,New Castle,Health-Related Social Needs,Lack of Social/Emotional Support,21.8,18.8,24.9,7062,5510
10003014301,New Castle,Health Outcomes,Diabetes,11.2,9.5,12.9,1317,1092
10005050403,Sussex,Health Status,Frequent Physical Distress,14.9,13.3,16.7,3517,2621
10003014702,New Castle,Health-Related Social Needs,Housing Insecurity,12.2,10.6,14.0,1910,1510
10005050601,Sussex,Health Outcomes,COPD,8.4,7.2,9.7,5391,4138
10005050401,Sussex,Prevention,Dental Visit,61.9,58.4,65.5,3606,2872
10005050903,Sussex,Health Outcomes,Depression,17.4,14.8,20.3,2161,1968
10003011201,New Castle,Health Risk Behaviors,Binge Drinking,16.0,13.5,18.5,2421,1946
10003014703,New Castle,Health Outcomes,High Blood Pressure,35.8,32.5,39.3,4827,3890
10005051302,Sussex,Health Outcomes,High Cholesterol,51.2,47.0,55.1,4907,4337
10003013611,New Castle,Health Outcomes,Stroke,2.7,2.4,3.1,5572,4648
10003014702,New Castle,Health Outcomes,Coronary Heart Disease,6.2,5.5,7.0,1910,1510
10003002600,New Castle,Health Outcomes,Depression,21.1,18.1,24.1,3730,2585
10003013610,New Castle,Health Risk Behaviors,Binge Drinking,16.5,14.0,19.2,5460,4534
10003013505,New Castle,Prevention,Annual Checkup,82.0,79.0,84.7,3489,2807
10003015600,New Castle,Health Outcomes,High Cholesterol,39.2,35.6,43.0,2343,1791
10005050708,Sussex,Prevention,Colorectal Cancer Screening,75.4,71.6,79.2,2774,2424
10005050711,Sussex,Health Outcomes,Diabetes,16.1,14.0,18.5,1505,1256
10003010703,New Castle,Health Outcomes,COPD,7.5,6.3,8.7,2036,1556
10003014200,New Castle,Health-Related Social Needs,Utility Services Threat,4.8,4.0,5.6,1600,1313
10003016308,New Castle,Health Risk Behaviors,Physical Inactivity,28.9,24.6,33.7,3728,2990
10003011204,New Castle,Disability,Mobility Disability,12.9,10.6,15.1,3313,2741
10003010800,New Castle,Health Outcomes,Obesity,29.1,24.0,34.4,4796,3948
10005050403,Sussex,Prevention,Dental Visit,57.6,54.0,61.4,3517,2621
10003012900,New Castle,Prevention,Cholesterol Screening,83.1,80.9,85.2,4823,3565
10003016309,New Castle,Health-Related Social Needs,Housing Insecurity,16.1,13.5,18.7,4125,3307
10005050805,Sussex,Health Outcomes,Cancer (non-skin) or Melanoma,12.5,11.4,13.7,3038,2464
10005050103,Sussex,Health Status,Frequent Mental Distress,13.5,11.9,15.2,5063,4221
10005051400,Sussex,Health Outcomes,Current Asthma,10.4,9.2,11.6,3878,3033
10003013000,New Castle,Health Risk Behaviors,Physical Inactivity,25.2,21.1,29.5,1927,1515
10003014200,New Castle,Health Risk Behaviors,Current Cigarette Smoking,10.6,8.7,12.7,1600,1313
10001042207,Kent,Health Outcomes,Current Asthma,12.7,11.2,14.3,2576,1977
10005051016,Sussex,Health Outcomes,Depression,18.3,15.5,21.3,1879,1685
10003013615,New Castle,Prevention,Dental Visit,65.3,61.8,68.7,4107,3324
10005050407,Sussex,Health Outcomes,Stroke,5.4,4.8,5.9,5238,4210
10003016806,New Castle,Health Outcomes,Diabetes,10.1,8.9,11.4,6347,4487
10005050200,Sussex,Disability,Vision Disability,6.5,5.9,7.1,3744,2777
10003013613,New Castle,Prevention,High Blood Pressure Medication,76.1,72.9,78.9,5657,4676
10003016200,New Castle,Health Risk Behaviors,Current Cigarette Smoking,10.7,8.7,13.0,3051,2509
10005051009,Sussex,Disability,Cognitive Disability,7.9,6.6,9.3,2313,1978
10001043400,Kent,Health Outcomes,Coronary Heart Disease,7.6,6.8,8.4,5648,4415
10005051008,Sussex,Health-Related Social Needs,Food Insecurity,7.0,5.5,8.7,4100,3626
10005050200,Sussex,Health Outcomes,High Blood Pressure,40.3,36.7,43.7,3744,2777
10001042206,Kent,Health-Related Social Needs,Housing Insecurity,10.7,9.3,12.4,2822,2203
10003014706,New Castle,Health-Related Social Needs,Transportation Barriers,8.8,7.5,10.1,2929,2180
10001041802,Kent,Disability,Cognitive Disability,13.4,11.8,15.2,6720,5103
10003000300,New Castle,Health-Related Social Needs,Housing Insecurity,24.8,20.5,29.1,3012,2233
10003012200,New Castle,Prevention,Health Insurance,14.2,11.6,17.1,4676,3581
10003013612,New Castle,Health Risk Behaviors,Binge Drinking,15.0,12.7,17.5,6158,4926
10005050703,Sussex,Health Outcomes,Coronary Heart Disease,10.5,9.2,11.8,2153,1786
10003011500,New Castle,Health Outcomes,Diabetes,10.2,8.7,11.8,2908,2308
10003013906,New Castle,Disability,Mobility Disability,9.8,8.4,11.4,4648,3670
10003000300,New Castle,Health Outcomes,Coronary Heart Disease,7.0,6.2,8.0,3012,2233
10003000601,New Castle,Disability,Self-care Disability,7.7,6.5,9.0,2773,2035
10003014811,New Castle,Health Status,General Health,11.6,9.8,13.6,6677,4822
10003013607,New Castle,Health Status,Frequent Mental Distress,14.5,12.8,16.4,6255,5031
10001041900,Kent,Disability,Hearing Disability,8.0,7.1,9.1,5289,4044
10001043400,Kent,Prevention,Cholesterol Screening,88.0,86.3,89.6,5648,4415
10001042100,Kent,Health Risk Behaviors,Short Sleep Duration,39.4,34.1,44.7,3997,3098
10003014706,New Castle,Health Risk Behaviors,Physical Inactivity,24.1,20.5,28.1,2929,2180
10005050503,Sussex,Prevention,Annual Checkup,74.8,70.8,78.4,5604,3737
10003011206,New Castle,Prevention,High Blood Pressure Medication,78.7,75.5,81.5,4319,3345
10005051203,Sussex,Prevention,Colorectal Cancer Screening,79.2,75.8,82.7,792,726
10005050711,Sussex,Health Outcomes,Arthritis,35.8,32.5,39.1,1505,1256
10005050408,Sussex,Disability,Cognitive Disability,16.2,14.2,18.3,4534,3546
10003014907,New Castle,Health Outcomes,Cancer (non-skin) or Melanoma,6.9,6.3,7.6,4921,3708
10001041900,Kent,Prevention,Health Insurance,11.4,9.2,13.9,5289,4044
10003001200,New Castle,Health Outcomes,Current Asthma,9.4,8.3,10.6,1605,1454
10003013507,New Castle,Health-Related Social Needs,Lack of Social/Emotional Support,17.9,15.2,20.9,1819,1428
10003016901,New Castle,Health-Related Social Needs,Food Stamps,11.5,9.3,13.8,2364,1876
10003010800,New Castle,Disability,Cognitive Disability,9.7,8.4,11.1,4796,3948
10005050408,Sussex,Health Risk Behaviors,Physical Inactivity,34.2,29.5,38.9,4534,3546
10005051011,Sussex,Health Status,Frequent Physical Distress,12.8,10.9,14.7,3580,3083
10005050805,Sussex,Health-Related Social Needs,Food Stamps,6.4,5.2,7.9,3038,2464
10001041802,Kent,Prevention,High Blood Pressure Medication,76.0,73.3,78.7,6720,5103
10005051014,Sussex,Prevention,Mammography,82.0,77.2,86.5,1881,1709
10005050709,Sussex,Health Outcomes,High Blood Pressure,47.8,43.3,52.1,1956,1774
10005051502,Sussex,Health Outcomes,Depression,21.3,18.3,24.5,3228,2586
10003014501,New Castle,Health Risk Behaviors,Current Cigarette Smoking,15.1,11.0,19.6,2134,1931
10003013612,New Castle,Prevention,Mammography,80.3,74.9,85.1,6158,4926
10003016608,New Castle,Health Risk Behaviors,Physical Inactivity,21.4,17.7,25.2,6561,5064
10005051203,Sussex,Health-Related Social Needs,Transportation Barriers,2.9,2.4,3.5,792,726
10003002300,New Castle,Health Outcomes,High Blood Pressure,38.4,34.9,41.9,3003,2091
10005051307,Sussex,Health Outcomes,Cancer (non-skin) or Melanoma,15.4,13.9,17.0,2975,2708
10003015502,New Castle,Prevention,Colorectal Cancer Screening,57.5,52.9,62.2,2686,2035
10005050304,Sussex,Disability,Hearing Disability,9.9,8.6,11.2,4616,3670
10003013612,New Castle,Health-Related Social Needs,Food Insecurity,6.7,5.5,8.0,6158,4926
10003016308,New Castle,Prevention,Colorectal Cancer Screening,64.5,60.1,68.8,3728,2990
10003016614,New Castle,Health-Related Social Needs,Lack of Social/Emotional Support,21.1,18.0,24.2,6239,4474
10005050503,Sussex,Health Risk Behaviors,Short Sleep Duration,39.4,34.5,45.0,5604,3737
10003001600,New Castle,Health Outcomes,COPD,10.3,8.9,11.8,2419,1765
10001041802,Kent,Disability,Independent Living Disability,7.6,6.7,8.5,6720,5103
10003014906,New Castle,Prevention,Cholesterol Screening,84.3,82.0,86.5,5339,4098
10005050804,Sussex,Health Risk Behaviors,Current Cigarette Smoking,12.4,10.2,14.8,4188,3465
10003002500,New Castle,Health Risk Behaviors,Binge Drinking,15.1,12.7,17.8,3235,2443
10005050503,Sussex,Health-Related Social Needs,Food Insecurity,44.8,40.2,49.4,5604,3737
10003013615,New Castle,Prevention,High Blood Pressure Medication,76.4,73.3,79.0,4107,3324
10001043300,Kent,Health Outcomes,Obesity,40.6,34.5,47.1,6553,5692
10003013000,New Castle,Health Outcomes,Arthritis,26.3,23.5,29.0,1927,1515
10003015400,New Castle,Disability,Self-care Disability,5.6,4.9,6.3,2932,2209
10005051314,Sussex,Prevention,Health Insurance,5.4,4.3,6.6,2525,2271
10003014703,New Castle,Health Outcomes,Diabetes,13.0,11.4,14.6,4827,3890
10003016401,New Castle,Health-Related Social Needs,Loneliness,32.0,27.8,36.0,6711,5269
10003011204,New Castle,Health-Related Social Needs,Food Insecurity,8.1,6.6,10.0,3313,2741
10003012400,New Castle,Health Outcomes,Stroke,3.5,3.2,3.9,4637,3486
10003015100,New Castle,Health Outcomes,Coronary Heart Disease,6.8,6.0,7.6,3594,2808
10003013200,New Castle,Health Status,Frequent Mental Distress,16.4,14.3,18.4,2653,2074
10003002400,New Castle,Disability,Cognitive Disability,17.0,14.7,19.3,4250,3346
10005050701,Sussex,Health-Related Social Needs,Transportation Barriers,6.7,5.8,7.7,5068,4322
10003013611,New Castle,Prevention,Dental Visit,67.3,63.8,70.6,5572,4648
10003014909,New Castle,Health Risk Behaviors,Current Cigarette Smoking,14.2,11.8,16.5,6186,4652
10003013501,New Castle,Health Outcomes,Arthritis,30.6,27.6,33.9,7213,5880
10003001500,New Castle,Health Outcomes,Stroke,4.5,4.0,5.0,2231,1748
10003011206,New Castle,Health Status,General Health,11.4,9.4,13.6,4319,3345
10005050710,Sussex,Prevention,Cholesterol Screening,86.6,84.7,88.4,1870,1457
10003012100,New Castle,Prevention,Annual Checkup,77.8,74.3,80.9,2901,2301
10005051900,Sussex,Health-Related Social Needs,Food Stamps,11.1,9.3,13.2,4760,3685
10005050405,Sussex,Health Outcomes,Current Asthma,11.2,9.9,12.6,4378,3304
10003016100,New Castle,Health Status,General Health,17.6,14.9,20.5,1961,1661
10003014813,New Castle,Health Outcomes,Depression,20.9,17.8,24.2,4889,3848
10001042206,Kent,Health-Related Social Needs,Food Insecurity,11.6,9.9,13.5,2822,2203
10005051202,Sussex,Health Outcomes,High Cholesterol,54.3,50.2,58.5,856,822
10003014403,New Castle,Health-Related Social Needs,Food Stamps,11.8,9.3,14.5,3611,2955
10003016611,New Castle,Prevention,Dental Visit,69.1,65.8,72.3,7851,5645
10003014803,New Castle,Health-Related Social Needs,Food Stamps,7.6,6.0,9.2,4150,3432
10003013505,New Castle,Health-Related Social Needs,Lack of Social/Emotional Support,17.7,15.1,20.6,3489,2807
10005050801,Sussex,Prevention,High Blood Pressure Medication,81.7,79.2,83.9,3979,3225
10003010104,New Castle,Health Risk Behaviors,Current Cigarette Smoking,13.1,10.9,15.4,3620,2830
10003011700,New Castle,Health Outcomes,Obesity,25.1,20.4,30.2,4260,3465
10005051302,Sussex,Health Outcomes,All Teeth Lost,7.3,6.0,8.9,4907,4337
10003016806,New Castle,Health Status,Frequent Physical Distress,10.7,9.5,12.1,6347,4487
10001041900,Kent,Health Outcomes,Stroke,4.0,3.6,4.5,5289,4044
10003011500,New Castle,Health Status,Frequent Physical Distress,11.7,9.9,13.6,2908,2308
10003014706,New Castle,Prevention,High Blood Pressure Medication,72.5,69.2,75.4,2929,2180
10005050407,Sussex,Health-Related Social Needs,Lack of Social/Emotional Support,22.8,19.6,26.0,5238,4210
10001043400,Kent,Health Risk Behaviors,Physical Inactivity,31.1,26.8,35.6,5648,4415
10001042000,Kent,Prevention,High Blood Pressure Medication,77.0,74.0,79.8,3064,2380
10003010200,New Castle,Disability,Independent Living Disability,6.4,5.4,7.4,2034,1607
10003001400,New Castle,Prevention,Health Insurance,12.1,9.8,14.6,2103,1727
10003014803,New Castle,Health-Related Social Needs,Lack of Social/Emotional Support,19.9,17.1,22.8,4150,3432
10003010200,New Castle,Health Outcomes,High Blood Pressure,34.9,31.4,38.4,2034,1607
10003013610,New Castle,Health Outcomes,Coronary Heart Disease,5.4,4.7,6.0,5460,4534
10005051202,Sussex,Disability,Any Disability,26.2,22.5,30.1,856,822
10003015400,New Castle,Health-Related Social Needs,Food Insecurity,25.9,22.4,29.4,2932,2209
10003002200,New Castle,Health-Related Social Needs,Housing Insecurity,36.8,32.6,41.1,2874,1942
10003016306,New Castle,Health Status,General Health,20.2,17.5,22.8,4598,3569
10003013100,New Castle,Disability,Self-care Disability,3.6,3.0,4.2,2248,1833
10001041702,Kent,Health Status,Frequent Physical Distress,13.3,11.8,15.1,4472,3405
10003000900,New Castle,Health Outcomes,Cancer (non-skin) or Melanoma,4.3,3.9,4.8,2267,1563
10003002600,New Castle,Disability,Cognitive Disability,19.2,16.5,21.7,3730,2585
10001042206,Kent,Health Risk Behaviors,Short Sleep Duration,37.4,32.3,42.7,2822,2203
10005050103,Sussex,Prevention,Annual Checkup,83.5,80.7,86.0,5063,4221
10003015200,New Castle,Prevention,Dental Visit,56.4,52.6,60.2,5783,4501
10003012500,New Castle,Prevention,Mammography,76.3,70.1,81.9,5660,4358
10003014909,New Castle,Health Risk Behaviors,Physical Inactivity,29.7,25.2,34.1,6186,4652
10003001200,New Castle,Disability,Independent Living Disability,4.6,3.8,5.7,1605,1454
10001043300,Kent,Prevention,High Blood Pressure Medication,66.5,64.4,68.6,6553,5692
10003016807,New Castle,Health-Related Social Needs,Loneliness,29.4,25.7,33.2,1901,1411
10005050304,Sussex,Health Outcomes,High Blood Pressure,46.2,42.3,50.1,4616,3670
10003015400,New Castle,Health-Related Social Needs,Housing Insecurity,21.5,18.7,24.4,2932,2209
10003010300,New Castle,Health-Related Social Needs,Loneliness,33.1,29.2,37.1,4106,3232
10005051101,Sussex,Disability,Mobility Disability,11.3,9.6,13.3,629,589
10001980000,Kent,Health Outcomes,Arthritis,3.9,3.3,4.6,108,104
10005051310,Sussex,Health Risk Behaviors,Physical Inactivity,21.9,17.4,27.0,1933,1765
10003015600,New Castle,Health-Related Social Needs,Lack of Social/Emotional Support,28.3,24.7,32.0,2343,1791
10003014402,New Castle,Health Risk Behaviors,Physical Inactivity,22.0,18.4,26.0,2807,2383
10003002800,New Castle,Prevention,Dental Visit,54.7,50.9,58.5,2378,2071
10005051012,Sussex,Health Outcomes,Current Asthma,10.6,9.4,12.0,1908,1715
10005050503,Sussex,Disability,Independent Living Disability,16.0,14.0,17.8,5604,3737
10003014702,New Castle,Prevention,Health Insurance,9.4,7.8,11.2,1910,1510
10005051502,Sussex,Health-Related Social Needs,Transportation Barriers,7.2,6.3,8.2,3228,2586
10001042203,Kent,Health Outcomes,Coronary Heart Disease,5.4,4.8,6.0,5705,4255
10003016609,New Castle,Health Outcomes,Coronary Heart Disease,5.0,4.3,5.8,5595,4312
10005051313,Sussex,Health Risk Behaviors,Current Cigarette Smoking,11.9,9.9,14.2,3144,2742
10003014200,New Castle,Prevention,Dental Visit,66.8,63.2,70.2,1600,1313
10003013501,New Castle,Health Status,Frequent Physical Distress,10.7,9.3,12.2,7213,5880
10005051102,Sussex,Health Outcomes,Current Asthma,9.1,8.0,10.2,1029,970
10003014404,New Castle,Health Risk Behaviors,Short Sleep Duration,32.4,27.7,37.3,4159,3562
10003014808,New Castle,Disability,Hearing Disability,4.6,4.1,5.2,6476,5078
10005050501,Sussex,Health-Related Social Needs,Loneliness,32.1,28.3,35.8,4201,3285
10003014811,New Castle,Disability,Mobility Disability,8.3,7.0,9.6,6677,4822
10003011600,New Castle,Disability,Independent Living Disability,5.6,4.7,6.9,3287,2573
10001043400,Kent,Disability,Vision Disability,5.2,4.6,5.7,5648,4415
10003013604,New Castle,Health-Related Social Needs,Loneliness,27.9,24.3,31.5,4156,3372
10003016611,New Castle,Health Outcomes,High Blood Pressure,28.9,25.6,32.3,7851,5645
10003002100,New Castle,Disability,Any Disability,47.2,42.2,52.4,1809,1283
10003016901,New Castle,Health Outcomes,Stroke,4.1,3.7,4.5,2364,1876
10005051311,Sussex,Health Outcomes,Coronary Heart Disease,10.1,8.6,11.7,1832,1712
10005051802,Sussex,Prevention,Health Insurance,12.8,10.6,15.1,4354,3076
10003014501,New Castle,Prevention,Dental Visit,48.4,44.3,52.3,2134,1931
10005051016,Sussex,Health-Related Social Needs,Transportation Barriers,3.1,2.5,3.8,1879,1685
10003014906,New Castle,Health-Related Social Needs,Housing Insecurity,20.4,17.9,23.3,5339,4098
10005051502,Sussex,Health Risk Behaviors,Physical Inactivity,28.6,24.5,33.0,3228,2586
10003015000,New Castle,Health Outcomes,Depression,21.9,18.7,25.1,5659,4542
10003014200,New Castle,Health-Related Social Needs,Housing Insecurity,7.9,6.5,9.2,1600,1313
10003016100,New Castle,Disability,Any Disability,30.2,26.2,34.5,1961,1661
10003012700,New Castle,Health-Related Social Needs,Food Stamps,14.7,12.1,17.6,4392,3592
10001042205,Kent,Health-Related Social Needs,Loneliness,34.4,30.7,38.6,3019,2312
10003014302,New Castle,Health Outcomes,Obesity,25.8,21.0,31.1,4908,4464
10001042802,Kent,Disability,Any Disability,34.5,30.5,38.7,5612,4350
10003016307,New Castle,Health Outcomes,High Cholesterol,37.6,33.9,41.1,2756,2221
10005051013,Sussex,Disability,Independent Living Disability,7.0,6.0,8.1,3686,3150
10003016614,New Castle,Health Outcomes,High Cholesterol,35.0,31.4,38.5,6239,4474
10003012300,New Castle,Disability,Vision Disability,6.4,5.7,7.1,2739,2159
10005051307,Sussex,Health Status,Frequent Mental Distress,11.8,10.0,13.7,2975,2708
10005050105,Sussex,Disability,Vision Disability,6.0,5.4,6.6,5939,4388
10001043100,Kent,Prevention,Mammography,69.9,62.5,76.5,2573,2087
10005050807,Sussex,Health Outcomes,COPD,11.2,8.8,14.2,1824,1622
10005051102,Sussex,Health Outcomes,All Teeth Lost,4.5,3.7,5.5,1029,970
10003016904,New Castle,Disability,Any Disability,35.2,30.9,39.9,3096,2872
10005051204,Sussex,Health-Related Social Needs,Lack of Social/Emotional Support,12.3,10.3,14.5,652,627
10003013501,New Castle,Health Outcomes,Current Asthma,8.9,7.9,10.0,7213,5880
10003014812,New Castle,Health-Related Social Needs,Lack of Social/Emotional Support,20.7,17.8,23.8,4559,3628
10003012600,New Castle,Health Status,General Health,16.5,13.6,19.6,2945,2351
10001042801,Kent,Health-Related Social Needs,Lack of Social/Emotional Support,20.1,17.1,23.5,2007,1606
10003015502,New Castle,Health Outcomes,Diabetes,17.8,15.8,19.8,2686,2035
10003013100,New Castle,Health Outcomes,Current Asthma,10.5,9.3,11.8,2248,1833
10003013614,New Castle,Disability,Vision Disability,5.4,4.8,6.0,3258,2555
10005051102,Sussex,Health Status,Frequent Physical Distress,11.6,10.1,13.2,1029,970
10003013610,New Castle,Disability,Vision Disability,2.9,2.6,3.3,5460,4534
10003012600,New Castle,Health Risk Behaviors,Binge Drinking,17.3,14.7,20.1,2945,2351
10003011300,New Castle,Health Risk Behaviors,Current Cigarette Smoking,8.1,6.2,10.3,2244,1847
10003012200,New Castle,Health Outcomes,Obesity,36.4,30.5,42.3,4676,3581
10003016805,New Castle,Health Risk Behaviors,Physical Inactivity,26.0,21.6,30.6,1723,1396
10001042203,Kent,Disability,Vision Disability,4.1,3.7,4.6,5705,4255
10003015900,New Castle,Health Outcomes,Stroke,3.7,3.3,4.1,3344,2595
10005050506,Sussex,Health-Related Social Needs,Food Stamps,11.1,9.1,13.4,4112,3099
10005051017,Sussex,Disability,Vision Disability,3.6,2.9,4.3,3804,3435
10005050710,Sussex,Health-Related Social Needs,Housing Insecurity,12.1,10.5,13.9,1870,1457
10005050711,Sussex,Prevention,Mammography,78.4,73.1,83.5,1505,1256
10003001902,New Castle,Health Risk Behaviors,Current Cigarette Smoking,14.9,12.0,18.3,2113,1554
10003016808,New Castle,Health Outcomes,Obesity,30.4,25.1,35.8,7377,5511
10003003002,New Castle,Health Risk Behaviors,Short Sleep Duration,50.4,45.0,56.0,3060,2329
10001042000,Kent,Health-Related Social Needs,Housing Insecurity,11.3,9.7,13.1,3064,2380
10005050604,Sussex,Disability,Cognitive Disability,15.3,13.4,17.4,4674,3611
10003013903,New Castle,Health Outcomes,High Blood Pressure,35.6,32.2,39.1,4820,3768
10003011600,New Castle,Prevention,Annual Checkup,79.6,76.3,82.7,3287,2573
10003011700,New Castle,Disability,Any Disability,22.5,19.1,25.9,4260,3465
10005051204,Sussex,Health Outcomes,Coronary Heart Disease,9.2,8.1,10.4,652,627
10001042204,Kent,Health-Related Social Needs,Food Stamps,9.6,8.0,11.5,4773,3481
10001041804,Kent,Health Outcomes,Arthritis,30.5,27.5,33.5,5980,4654
10003013614,New Castle,Health Risk Behaviors,Current Cigarette Smoking,14.2,12.0,16.5,3258,2555
10003013700,New Castle,Health Outcomes,Current Asthma,10.5,9.3,11.8,4071,3177
10005051205,Sussex,Disability,Cognitive Disability,8.6,7.1,10.4,580,543
10003013903,New Castle,Health-Related Social Needs,Utility Services Threat,8.8,7.4,10.2,4820,3768
10005050501,Sussex,Health Outcomes,Diabetes,12.5,11.0,14.2,4201,3285
10003013100,New Castle,Disability,Independent Living Disability,8.0,6.8,9.3,2248,1833
10005050804,Sussex,Health Risk Behaviors,Physical Inactivity,23.8,19.8,28.0,4188,3465
10005050101,Sussex,Prevention,High Blood Pressure Medication,80.9,78.2,83.2,4013,3236
10001042100,Kent,Health Risk Behaviors,Current Cigarette Smoking,15.4,13.0,17.8,3997,3098
10001042100,Kent,Health Outcomes,Diabetes,15.1,13.3,17.0,3997,3098
10001041702,Kent,Health-Related Social Needs,Lack of Social/Emotional Support,21.2,18.5,24.4,4472,3405
10005051802,Sussex,Health Outcomes,High Blood Pressure,40.3,36.8,43.8,4354,3076
10001042203,Kent,Health Risk Behaviors,Physical Inactivity,27.0,23.0,31.3,5705,4255
10003014100,New Castle,Prevention,Health Insurance,11.4,9.4,13.7,4985,3693
10003013612,New Castle,Disability,Self-care Disability,2.2,1.9,2.5,6158,4926
10003010704,New Castle,Health-Related Social Needs,Lack of Social/Emotional Support,24.5,21.1,27.9,3947,3149
10001041804,Kent,Health-Related Social Needs,Food Stamps,16.9,14.0,19.7,5980,4654
10003000200,New Castle,Health Outcomes,Depression,19.4,16.6,22.3,5298,4193
10001043300,Kent,Health Outcomes,Depression,24.6,21.2,28.4,6553,5692
10003014404,New Castle,Disability,Hearing Disability,5.5,4.8,6.2,4159,3562
10003014705,New Castle,Disability,Self-care Disability,3.9,3.3,4.4,5891,4572
10003010200,New Castle,Health Outcomes,Current Asthma,10.1,8.9,11.4,2034,1607
10001041804,Kent,Health Status,Frequent Mental Distress,18.5,16.4,20.6,5980,4654
10003013700,New Castle,Health Risk Behaviors,Physical Inactivity,26.1,21.9,30.4,4071,3177
10005051014,Sussex,Disability,Any Disability,28.4,23.8,33.3,1881,1709
10003014907,New Castle,Health Outcomes,Stroke,3.6,3.3,4.0,4921,3708
10005051103,Sussex,Health Status,Frequent Mental Distress,10.5,9.1,12.1,952,866
10003001500,New Castle,Health-Related Social Needs,Food Stamps,21.8,18.2,25.6,2231,1748
10003001400,New Castle,Prevention,Colorectal Cancer Screening,59.4,54.9,63.7,2103,1727
10003016609,New Castle,Health-Related Social Needs,Transportation Barriers,5.1,4.2,6.2,5595,4312
10003015100,New Castle,Disability,Vision Disability,5.2,4.6,5.9,3594,2808
10003014903,New Castle,Health Outcomes,Diabetes,15.0,13.1,16.8,7365,5269
10005050706,Sussex,Prevention,Dental Visit,69.9,66.8,73.2,1772,1557
10001042204,Kent,Health-Related Social Needs,Utility Services Threat,6.7,5.7,7.7,4773,3481
10003014200,New Castle,Health Outcomes,Coronary Heart Disease,5.6,5.0,6.3,1600,1313
10005051017,Sussex,Health-Related Social Needs,Lack of Social/Emotional Support,15.6,12.9,18.7,3804,3435
10003002900,New Castle,Health Status,Frequent Physical Distress,20.4,17.7,22.9,3499,2540
10003002100,New Castle,Health Outcomes,Obesity,49.2,42.5,55.4,1809,1283
10003014705,New Castle,Health Outcomes,COPD,7.1,5.8,8.2,5891,4572
10003015000,New Castle,Health Status,General Health,22.5,19.8,25.3,5659,4542
10003002500,New Castle,Disability,Self-care Disability,4.4,3.8,5.1,3235,2443
10003014813,New Castle,Prevention,Mammography,73.9,67.6,79.9,4889,3848
10005050501,Sussex,Health Outcomes,Arthritis,28.3,25.4,31.1,4201,3285
10005051009,Sussex,Health-Related Social Needs,Housing Insecurity,4.6,3.7,5.7,2313,1978
10003014810,New Castle,Health Outcomes,All Teeth Lost,7.2,5.9,8.8,7083,5613
10003016612,New Castle,Disability,Mobility Disability,10.9,9.5,12.5,6450,4739
10003011000,New Castle,Disability,Mobility Disability,10.7,9.2,12.6,3201,2542
10003013506,New Castle,Disability,Any Disability,20.5,17.1,24.3,4567,3785
10003016000,New Castle,Health Outcomes,Current Asthma,11.9,10.5,13.4,2999,2265
10003014808,New Castle,Health Outcomes,Obesity,34.1,28.5,39.8,6476,5078
10003010704,New Castle,Health Outcomes,High Blood Pressure,35.8,32.5,39.1,3947,3149
10003014000,New Castle,Health-Related Social Needs,Lack of Social/Emotional Support,25.3,21.8,28.8,5441,4349
10003013200,New Castle,Prevention,High Blood Pressure Medication,74.5,71.4,77.4,2653,2074
10003016608,New Castle,Prevention,Colorectal Cancer Screening,71.0,67.1,74.7,6561,5064
10005051202,Sussex,Disability,Self-care Disability,2.5,2.1,2.9,856,822
10003014000,New Castle,Health Outcomes,High Cholesterol,37.3,33.6,40.9,5441,4349
10005051016,Sussex,Health Status,General Health,12.4,10.2,15.1,1879,1685
10003013000,New Castle,Prevention,Dental Visit,62.8,59.1,66.5,1927,1515
10005051013,Sussex,Health Status,Frequent Mental Distress,12.3,10.8,14.0,3686,3150
10003013506,New Castle,Health Outcomes,Depression,19.8,16.9,22.9,4567,3785
10003016309,New Castle,Health Outcomes,Coronary Heart Disease,6.4,5.6,7.2,4125,3307
10003013905,New Castle,Health-Related Social Needs,Loneliness,34.0,30.0,38.2,4169,3100
10005051501,Sussex,Prevention,Annual Checkup,80.9,77.5,83.8,2246,1737
10001042500,Kent,Prevention,Health Insurance,13.7,11.4,16.6,3590,2590
10001042203,Kent,Health Risk Behaviors,Binge Drinking,14.0,11.7,16.5,5705,4255
10003014907,New Castle,Health-Related Social Needs,Loneliness,34.3,30.5,38.1,4921,3708
10003014502,New Castle,Prevention,Annual Checkup,70.3,65.8,74.4,7374,7189
10001042205,Kent,Health Outcomes,COPD,9.6,8.5,10.7,3019,2312
10001041803,Kent,Health Risk Behaviors,Current Cigarette Smoking,17.0,14.8,19.5,4384,3459
10001043300,Kent,Health Status,General Health,20.4,17.7,23.5,6553,5692
10005050808,Sussex,Health Risk Behaviors,Short Sleep Duration,27.9,23.9,32.5,4150,3726
10003016808,New Castle,Disability,Any Disability,24.0,20.6,27.6,7377,5511
10003012600,New Castle,Disability,Self-care Disability,3.0,2.5,3.6,2945,2351
10003013610,New Castle,Health Status,General Health,11.9,10.1,13.7,5460,4534
10003016807,New Castle,Disability,Independent Living Disability,5.5,4.7,6.4,1901,1411
10005051017,Sussex,Health Outcomes,Coronary Heart Disease,8.3,7.0,9.6,3804,3435
10005051312,Sussex,Disability,Mobility Disability,15.7,13.1,18.5,2290,2046
10003013612,New Castle,Health Outcomes,COPD,4.7,3.9,5.5,6158,4926
10001042000,Kent,Prevention,Cholesterol Screening,85.6,83.4,87.6,3064,2380
10003014302,New Castle,Prevention,High Blood Pressure Medication,63.9,61.5,66.1,4908,4464
10003014402,New Castle,Prevention,Colorectal Cancer Screening,67.6,63.6,71.5,2807,2383
10005051900,Sussex,Health Outcomes,All Teeth Lost,16.1,13.6,19.1,4760,3685
10003014810,New Castle,Disability,Independent Living Disability,6.7,5.8,7.6,7083,5613
10003013615,New Castle,Health-Related Social Needs,Housing Insecurity,10.0,8.5,11.7,4107,3324
10005051010,Sussex,Health-Related Social Needs,Lack of Social/Emotional Support,16.0,13.6,18.9,2795,2452
10005050104,Sussex,Health Outcomes,Obesity,37.7,31.7,43.7,5031,3785
10005051101,Sussex,Prevention,Dental Visit,77.3,74.6,80.1,629,589
10003014814,New Castle,Health Risk Behaviors,Binge Drinking,16.6,14.1,19.3,4361,3290
10003011600,New Castle,Health Outcomes,High Blood Pressure,31.7,28.3,35.2,3287,2573
10005050101,Sussex,Health Status,General Health,17.3,15.1,19.8,4013,3236
10001042207,Kent,Prevention,Colorectal Cancer Screening,62.8,58.2,67.0,2576,1977
10003013903,New Castle,Prevention,Dental Visit,60.8,57.0,64.4,4820,3768
10005050405,Sussex,Health-Related Social Needs,Loneliness,32.7,28.8,36.6,4378,3304
10003001400,New Castle,Health Outcomes,Obesity,39.1,32.9,45.1,2103,1727
10005051307,Sussex,Health-Related Social Needs,Lack of Social/Emotional Support,15.9,13.0,18.9,2975,2708
10003002600,New Castle,Health Status,Frequent Mental Distress,19.5,17.2,21.7,3730,2585
10003014811,New Castle,Health Risk Behaviors,Short Sleep Duration,33.5,28.8,38.6,6677,4822
10005051501,Sussex,Health Risk Behaviors,Binge Drinking,14.3,12.0,16.7,2246,1737
10003013800,New Castle,Health-Related Social Needs,Food Stamps,9.0,7.2,11.1,5901,4752
10003016301,New Castle,Health Outcomes,COPD,6.0,5.2,6.9,7385,5955
10005051302,Sussex,Health Outcomes,Current Asthma,10.2,9.0,11.5,4907,4337
10003013700,New Castle,Health Outcomes,Arthritis,22.2,19.9,24.7,4071,3177
10005051015,Sussex,Health Outcomes,Arthritis,35.2,31.6,38.6,1877,1626
10003010400,New Castle,Health Outcomes,Coronary Heart Disease,5.7,5.0,6.4,4591,3725
10003013607,New Castle,Health Risk Behaviors,Current Cigarette Smoking,10.3,8.5,12.4,6255,5031
10003011205,New Castle,Prevention,Mammography,81.4,75.9,86.0,1968,1585
10003016901,New Castle,Health Outcomes,Depression,24.5,21.2,28.1,2364,1876
10005051309,Sussex,Health-Related Social Needs,Food Insecurity,6.6,4.9,8.7,1488,1407
10003015000,New Castle,Health Status,Frequent Mental Distress,17.9,15.8,19.9,5659,4542
10003013611,New Castle,Health-Related Social Needs,Loneliness,30.9,27.3,35.0,5572,4648
10003002300,New Castle,Health-Related Social Needs,Lack of Social/Emotional Support,29.0,25.3,33.1,3003,2091
10005050104,Sussex,Prevention,Colorectal Cancer Screening,65.3,61.3,69.4,5031,3785
10003011500,New Castle,Health Outcomes,Arthritis,27.0,24.1,29.9,2908,2308
10003000900,New Castle,Prevention,Mammography,76.7,70.3,82.1,2267,1563
10001980000,Kent,Health Status,Frequent Physical Distress,8.1,7.1,9.1,108,104
10001042208,Kent,Prevention,Annual Checkup,82.8,79.8,85.6,4016,3108
10003013501,New Castle,Health Outcomes,Diabetes,11.1,9.6,12.7,7213,5880
10003001600,New Castle,Health-Related Social Needs,Loneliness,39.3,34.9,43.8,2419,1765
10003016904,New Castle,Health Outcomes,Coronary Heart Disease,7.6,6.7,8.5,3096,2872
10003015502,New Castle,Health Status,General Health,27.3,24.0,30.8,2686,2035
10003016000,New Castle,Health Outcomes,All Teeth Lost,20.6,17.2,24.0,2999,2265
10001043202,Kent,Health Status,General Health,22.6,20.1,25.3,3722,2979
10003011201,New Castle,Disability,Self-care Disability,2.1,1.7,2.6,2421,1946
10005051014,Sussex,Health Outcomes,COPD,8.2,6.4,10.2,1881,1709
10005050903,Sussex,Health Risk Behaviors,Physical Inactivity,22.6,18.3,27.7,2161,1968
10005051501,Sussex,Health-Related Social Needs,Food Insecurity,16.8,14.5,19.2,2246,1737
10005051017,Sussex,Health Risk Behaviors,Current Cigarette Smoking,9.5,6.9,12.3,3804,3435
10005050701,Sussex,Prevention,Colorectal Cancer Screening,69.4,65.4,73.6,5068,4322
10003000500,New Castle,Health Status,Frequent Physical Distress,13.9,12.1,15.7,3453,2515
10003015100,New Castle,Health-Related Social Needs,Lack of Social/Emotional Support,22.3,19.2,25.6,3594,2808
10003002900,New Castle,Health Outcomes,Current Asthma,14.1,12.4,15.6,3499,2540
10001042900,Kent,Health Outcomes,All Teeth Lost,16.5,13.7,19.6,5105,4056
10005050104,Sussex,Health-Related Social Needs,Transportation Barriers,10.7,9.2,12.2,5031,3785
10003011100,New Castle,Health Outcomes,High Cholesterol,43.1,39.2,46.9,2654,2282
10005050505,Sussex,Health Outcomes,Depression,18.1,15.3,21.0,2420,2212
10005051501,Sussex,Health Risk Behaviors,Short Sleep Duration,35.7,31.1,41.0,2246,1737
10003016612,New Castle,Health-Related Social Needs,Housing Insecurity,8.2,6.9,9.7,6450,4739
10003014908,New Castle,Health Risk Behaviors,Short Sleep Duration,42.3,37.1,47.7,2425,1792
10003016611,New Castle,Health-Related Social Needs,Utility Services Threat,5.8,4.8,6.9,7851,5645
10003000500,New Castle,Disability,Cognitive Disability,15.7,13.4,18.1,3453,2515
10005050105,Sussex,Disability,Hearing Disability,7.0,6.1,7.8,5939,4388
10003012100,New Castle,Health-Related Social Needs,Lack of Social/Emotional Support,21.0,18.1,24.1,2901,2301
10003001300,New Castle,Disability,Independent Living Disability,4.5,3.8,5.2,3588,3013
10003002700,New Castle,Health Outcomes,Coronary Heart Disease,3.6,3.2,4.0,2990,2310
10005051011,Sussex,Prevention,Dental Visit,68.6,65.3,71.9,3580,3083
10001042206,Kent,Prevention,Dental Visit,68.7,65.3,72.0,2822,2203
10003001100,New Castle,Prevention,Dental Visit,67.1,63.7,70.4,3375,3187
10003012000,New Castle,Disability,Cognitive Disability,13.8,11.9,15.7,4334,3536
10003010400,New Castle,Health Risk Behaviors,Physical Inactivity,22.9,19.0,26.8,4591,3725
10003016614,New Castle,Health Outcomes,Stroke,2.3,2.1,2.6,6239,4474
10003011201,New Castle,Health Status,General Health,12.4,10.2,15.0,2421,1946
10003015600,New Castle,Health Outcomes,High Blood Pressure,40.8,37.4,44.2,2343,1791
10005050303,Sussex,Health-Related Social Needs,Transportation Barriers,9.0,7.8,10.2,2935,2313
10005050808,Sussex,Health-Related Social Needs,Food Insecurity,7.1,5.4,9.1,4150,3726
10005051314,Sussex,Health Outcomes,Obesity,30.2,24.8,35.8,2525,2271
10003013100,New Castle,Health-Related Social Needs,Food Stamps,10.3,8.3,12.7,2248,1833
10005050505,Sussex,Disability,Any Disability,32.0,27.9,36.5,2420,2212
10003016306,New Castle,Prevention,High Blood Pressure Medication,75.5,72.5,78.2,4598,3569
10003011500,New Castle,Prevention,Colorectal Cancer Screening,68.6,64.3,72.7,2908,2308
10003012700,New Castle,Health Risk Behaviors,Current Cigarette Smoking,14.8,12.3,17.2,4392,3592
10003013400,New Castle,Health Outcomes,High Blood Pressure,34.9,31.1,38.7,2504,2036
10005050603,Sussex,Health-Related Social Needs,Food Insecurity,8.6,7.0,10.4,3956,3165
10003014906,New Castle,Health Risk Behaviors,Physical Inactivity,30.4,26.3,34.8,5339,4098
10003010104,New Castle,Health Risk Behaviors,Physical Inactivity,26.8,22.6,30.9,3620,2830
10003014812,New Castle,Health Risk Behaviors,Current Cigarette Smoking,9.2,7.5,11.1,4559,3628
10003014808,New Castle,Health Risk Behaviors,Binge Drinking,15.8,13.5,18.4,6476,5078
10003012300,New Castle,Health Outcomes,Coronary Heart Disease,6.6,5.8,7.4,2739,2159
10003014909,New Castle,Health-Related Social Needs,Utility Services Threat,12.6,10.7,14.5,6186,4652
10001043400,Kent,Health Risk Behaviors,Binge Drinking,12.5,10.5,14.8,5648,4415
10003014302,New Castle,Health-Related Social Needs,Food Insecurity,11.0,8.8,13.7,4908,4464
10005050807,Sussex,Prevention,Health Insurance,8.5,6.3,11.3,1824,1622
10003013700,New Castle,Prevention,Colorectal Cancer Screening,64.6,60.2,68.8,4071,3177
10003013608,New Castle,Disability,Hearing Disability,5.4,4.7,6.1,1959,1543
10005051011,Sussex,Health Outcomes,Cancer (non-skin) or Melanoma,13.5,12.1,14.9,3580,3083
10005051702,Sussex,Disability,Mobility Disability,15.7,13.7,17.8,6577,4982
10005050806,Sussex,Prevention,Mammography,80.7,75.7,85.5,4454,3735
10003010800,New Castle,Prevention,Health Insurance,5.3,4.3,6.4,4796,3948
10003000300,New Castle,Disability,Any Disability,37.1,32.0,42.2,3012,2233
10005050103,Sussex,Health-Related Social Needs,Food Insecurity,9.9,8.3,11.7,5063,4221
10001042900,Kent,Prevention,Cholesterol Screening,86.6,84.7,88.4,5105,4056
10003011700,New Castle,Health Outcomes,COPD,4.4,3.5,5.5,4260,3465
10003002100,New Castle,Disability,Cognitive Disability,23.4,20.2,26.8,1809,1283
10003013508,New Castle,Disability,Cognitive Disability,8.3,7.0,9.9,5655,4419
10003014904,New Castle,Health Outcomes,Obesity,33.9,28.4,39.6,5003,4117
10003015802,New Castle,Health-Related Social Needs,Food Insecurity,20.2,17.2,23.5,2276,1726
10005050801,Sussex,Disability,Independent Living Disability,7.2,6.3,8.3,3979,3225
10003016805,New Castle,Health Outcomes,Depression,23.4,20.2,26.8,1723,1396
10005051103,Sussex,Disability,Independent Living Disability,5.3,4.4,6.3,952,866
10003013905,New Castle,Disability,Cognitive Disability,11.9,10.1,13.9,4169,3100
10003011206,New Castle,Health Risk Behaviors,Short Sleep Duration,28.4,24.1,33.1,4319,3345
10003013400,New Castle,Health Outcomes,Arthritis,28.7,25.5,31.9,2504,2036
10003014809,New Castle,Prevention,Cholesterol Screening,87.5,85.7,89.1,8360,6692
10003016904,New Castle,Prevention,Mammography,69.4,62.2,76.0,3096,2872
10001042500,Kent,Health-Related Social Needs,Transportation Barriers,13.3,11.6,15.2,3590,2590
10003016805,New Castle,Disability,Cognitive Disability,14.0,12.0,16.2,1723,1396
10003000601,New Castle,Health Risk Behaviors,Binge Drinking,11.4,9.5,13.5,2773,2035
10003010300,New Castle,Disability,Any Disability,25.9,22.3,29.5,4106,3232
10001043000,Kent,Health Status,Frequent Mental Distress,18.1,16.1,20.4,5414,4110
10003016401,New Castle,Disability,Any Disability,26.4,22.9,30.0,6711,5269
10005050304,Sussex,Health-Related Social Needs,Transportation Barriers,7.7,6.7,8.7,4616,3670
10005051501,Sussex,Health Status,Frequent Mental Distress,15.4,13.7,17.3,2246,1737
10001043100,Kent,Prevention,Dental Visit,61.1,57.2,64.7,2573,2087
10003011000,New Castle,Health Outcomes,Stroke,2.9,2.6,3.2,3201,2542
10005051400,Sussex,Health-Related Social Needs,Loneliness,31.3,27.5,35.2,3878,3033
10003011400,New Castle,Health Outcomes,Cancer (non-skin) or Melanoma,12.1,10.9,13.2,3456,2735
10003000900,New Castle,Disability,Hearing Disability,4.7,4.1,5.3,2267,1563
10005050505,Sussex,Health Risk Behaviors,Physical Inactivity,29.4,24.8,34.3,2420,2212
10005050401,Sussex,Prevention,Cholesterol Screening,87.9,85.9,89.8,3606,2872
10005051204,Sussex,Disability,Vision Disability,3.0,2.6,3.5,652,627
10003012300,New Castle,Disability,Hearing Disability,6.3,5.5,7.2,2739,2159
10005051202,Sussex,Health Outcomes,High Blood Pressure,46.1,41.9,50.1,856,822
10003013505,New Castle,Health Outcomes,High Blood Pressure,35.0,31.4,38.7,3489,2807
10005051801,Sussex,Prevention,Annual Checkup,80.1,76.9,83.1,5359,3933
10003014903,New Castle,Health Status,Frequent Physical Distress,15.2,13.3,17.1,7365,5269
10005051311,Sussex,Health-Related Social Needs,Food Stamps,4.8,3.2,6.8,1832,1712
10005051702,Sussex,Health-Related Social Needs,Transportation Barriers,8.5,7.4,9.7,6577,4982
10003013611,New Castle,Health-Related Social Needs,Food Stamps,7.7,6.0,9.7,5572,4648
10003014904,New Castle,Disability,Any Disability,28.6,25.2,32.1,5003,4117
10003000300,New Castle,Health Outcomes,COPD,8.6,7.2,10.2,3012,2233
10003013604,New Castle,Disability,Cognitive Disability,10.2,8.7,11.9,4156,3372
10003014907,New Castle,Health-Related Social Needs,Food Stamps,16.3,13.6,19.0,4921,3708
10003016612,New Castle,Disability,Cognitive Disability,10.4,9.0,12.0,6450,4739
10003010200,New Castle,Health Outcomes,All Teeth Lost,9.8,7.9,11.9,2034,1607
10003014908,New Castle,Health-Related Social Needs,Food Insecurity,26.1,22.1,30.1,2425,1792
10003001500,New Castle,Health Outcomes,High Blood Pressure,40.2,36.6,43.6,2231,1748
10003010400,New Castle,Prevention,Health Insurance,6.6,5.4,8.0,4591,3725
10003002400,New Castle,Health-Related Social Needs,Loneliness,33.7,29.8,37.9,4250,3346
10003016613,New Castle,Health Outcomes,Current Asthma,11.0,9.7,12.4,6109,4337
10003014814,New Castle,Health Outcomes,Coronary Heart Disease,4.3,3.8,4.9,4361,3290
10001041803,Kent,Health Risk Behaviors,Physical Inactivity,37.8,33.1,42.9,4384,3459
10003013610,New Castle,Disability,Hearing Disability,5.5,4.8,6.2,5460,4534
10005051701,Sussex,Disability,Vision Disability,5.2,4.5,6.0,4103,3258
10003015100,New Castle,Disability,Any Disability,31.7,27.9,35.8,3594,2808
10003011300,New Castle,Health Risk Behaviors,Physical Inactivity,20.4,16.2,24.9,2244,1847
10003016808,New Castle,Disability,Self-care Disability,2.4,2.1,2.8,7377,5511
10003011700,New Castle,Prevention,Health Insurance,3.5,2.7,4.6,4260,3465
10005050708,Sussex,Disability,Independent Living Disability,7.0,5.7,8.4,2774,2424
10001043300,Kent,Disability,Cognitive Disability,19.2,16.5,22.2,6553,5692
10005050709,Sussex,Health Status,General Health,17.0,13.6,20.6,1956,1774
10003014908,New Castle,Health Status,General Health,24.3,21.1,27.7,2425,1792
10001042203,Kent,Disability,Any Disability,30.0,26.4,34.0,5705,4255
10005050703,Sussex,Disability,Hearing Disability,10.3,9.0,11.6,2153,1786
10003014100,New Castle,Health Outcomes,Depression,23.7,20.4,27.1,4985,3693
10001980000,Kent,Health Status,General Health,13.5,11.5,15.6,108,104
10005050801,Sussex,Health Risk Behaviors,Short Sleep Duration,31.6,27.3,36.7,3979,3225
10003002700,New Castle,Disability,Vision Disability,4.3,3.8,4.9,2990,2310
10003016612,New Castle,Health Outcomes,Current Asthma,10.1,8.9,11.3,6450,4739
10003016808,New Castle,Prevention,Health Insurance,6.4,5.1,7.7,7377,5511
10003011205,New Castle,Health Outcomes,Current Asthma,9.7,8.5,10.9,1968,1585
10005050406,Sussex,Health Risk Behaviors,Current Cigarette Smoking,19.1,16.4,21.7,5475,4063
10003000200,New Castle,Disability,Independent Living Disability,10.3,8.8,12.2,5298,4193
10005051010,Sussex,Health Risk Behaviors,Current Cigarette Smoking,11.3,9.1,13.7,2795,2452
10001042206,Kent,Prevention,Mammography,75.5,69.0,81.1,2822,2203
10003000601,New Castle,Health Status,Frequent Mental Distress,20.2,17.8,22.8,2773,2035
10005051314,Sussex,Health Outcomes,Depression,19.3,16.4,22.2,2525,2271
10003010105,New Castle,Health-Related Social Needs,Loneliness,35.1,31.3,39.0,2916,2113
10005051801,Sussex,Health-Related Social Needs,Lack of Social/Emotional Support,22.5,19.6,25.8,5359,3933
10001042206,Kent,Prevention,Cholesterol Screening,88.5,86.7,90.1,2822,2203
10005050101,Sussex,Disability,Mobility Disability,13.8,12.0,15.8,4013,3236
10003016614,New Castle,Prevention,Annual Checkup,78.6,75.1,81.6,6239,4474
10001042802,Kent,Health Outcomes,All Teeth Lost,13.2,10.9,15.7,5612,4350
10003011100,New Castle,Disability,Cognitive Disability,10.2,8.7,11.7,2654,2282
10001043400,Kent,Health Risk Behaviors,Current Cigarette Smoking,12.8,10.9,14.9,5648,4415
10003014907,New Castle,Health Outcomes,COPD,6.2,5.4,7.0,4921,3708
10005050806,Sussex,Disability,Hearing Disability,8.5,7.3,9.7,4454,3735
10005051201,Sussex,Health Outcomes,COPD,7.5,5.9,9.4,1513,1391
10005050303,Sussex,Prevention,Colorectal Cancer Screening,64.3,60.2,68.6,2935,2313
10005051502,Sussex,Disability,Hearing Disability,8.0,7.1,9.0,3228,2586
10005051201,Sussex,Prevention,Mammography,80.9,76.1,85.6,1513,1391
10001043100,Kent,Disability,Hearing Disability,7.8,6.8,8.8,2573,2087
10003014809,New Castle,Health-Related Social Needs,Food Stamps,13.3,11.1,15.5,8360,6692
10003012900,New Castle,Health Status,General Health,24.7,21.8,27.7,4823,3565
10001043100,Kent,Disability,Self-care Disability,3.9,3.4,4.5,2573,2087
10003001200,New Castle,Health Risk Behaviors,Current Cigarette Smoking,6.8,4.9,9.1,1605,1454
10003011203,New Castle,Disability,Vision Disability,4.9,4.3,5.6,4805,3884
10005050105,Sussex,Health Risk Behaviors,Physical Inactivity,30.8,26.3,35.3,5939,4388
10003010800,New Castle,Health-Related Social Needs,Lack of Social/Emotional Support,17.8,15.3,20.4,4796,3948
10005050501,Sussex,Disability,Mobility Disability,14.8,13.0,16.9,4201,3285
10003000400,New Castle,Prevention,High Blood Pressure Medication,78.6,75.9,81.0,2957,2436
10003016308,New Castle,Health Risk Behaviors,Binge Drinking,13.8,11.7,16.1,3728,2990
10003016610,New Castle,Health Outcomes,Coronary Heart Disease,7.0,6.1,7.8,7062,5510
10003015200,New Castle,Health Outcomes,Stroke,3.2,3.0,3.6,5783,4501
10003010502,New Castle,Health-Related Social Needs,Housing Insecurity,9.9,8.5,11.5,5779,4788
10003014803,New Castle,Disability,Independent Living Disability,6.7,5.8,7.7,4150,3432
10005051701,Sussex,Prevention,Dental Visit,57.0,53.4,60.8,4103,3258
10005051015,Sussex,Health Outcomes,Stroke,3.9,3.4,4.5,1877,1626
10003010703,New Castle,Health Outcomes,Diabetes,13.4,11.8,15.2,2036,1556
10005050703,Sussex,Health-Related Social Needs,Utility Services Threat,8.0,6.8,9.2,2153,1786
10003016608,New Castle,Health Status,Frequent Physical Distress,11.3,9.9,12.9,6561,5064
10003013200,New Castle,Health-Related Social Needs,Food Insecurity,16.0,13.3,19.0,2653,2074
10005051701,Sussex,Health-Related Social Needs,Housing Insecurity,10.7,9.0,12.5,4103,3258
10003011700,New Castle,Health-Related Social Needs,Loneliness,24.7,21.4,28.1,4260,3465
10003001500,New Castle,Prevention,Cholesterol Screening,85.9,83.6,87.9,2231,1748
10003011500,New Castle,Health Risk Behaviors,Physical Inactivity,21.2,17.1,25.6,2908,2308
10001042207,Kent,Health Outcomes,All Teeth Lost,14.0,11.5,16.7,2576,1977
10003014904,New Castle,Health Status,General Health,18.0,15.8,20.3,5003,4117
10003012500,New Castle,Disability,Independent Living Disability,8.3,7.3,9.4,5660,4358
10003013901,New Castle,Health-Related Social Needs,Transportation Barriers,8.6,7.3,9.9,3492,2741
10005051400,Sussex,Health Outcomes,COPD,7.5,6.5,8.7,3878,3033
10003003002,New Castle,Health Outcomes,Current Asthma,12.7,11.2,14.3,3060,2329
10005050904,Sussex,Health Outcomes,High Blood Pressure,47.9,43.7,52.1,2592,2256
10003010106,New Castle,Disability,Self-care Disability,3.5,3.0,4.1,1760,1509
10001042204,Kent,Health-Related Social Needs,Transportation Barriers,6.7,5.8,7.7,4773,3481
10003000602,New Castle,Health-Related Social Needs,Transportation Barriers,15.3,13.0,17.9,2876,2134
10003016200,New Castle,Health-Related Social Needs,Food Stamps,8.3,6.6,10.3,3051,2509
10003013614,New Castle,Disability,Mobility Disability,14.0,12.2,16.0,3258,2555
10005051009,Sussex,Health Status,Frequent Mental Distress,10.5,9.1,12.0,2313,1978
10003012300,New Castle,Health Risk Behaviors,Binge Drinking,15.2,12.8,17.8,2739,2159
10003003002,New Castle,Prevention,High Blood Pressure Medication,63.2,59.6,66.6,3060,2329
10005050805,Sussex,Disability,Any Disability,27.3,23.6,31.1,3038,2464
10003001200,New Castle,Health Outcomes,All Teeth Lost,7.7,6.3,9.3,1605,1454
10003012100,New Castle,Health Outcomes,High Cholesterol,38.5,34.9,42.1,2901,2301
10005050601,Sussex,Prevention,Cholesterol Screening,86.7,84.8,88.5,5391,4138
10003016613,New Castle,Health Risk Behaviors,Current Cigarette Smoking,12.0,9.7,14.4,6109,4337
10003011202,New Castle,Health Outcomes,Coronary Heart Disease,6.6,5.8,7.6,4003,3308
10005050105,Sussex,Health Outcomes,Coronary Heart Disease,7.3,6.5,8.0,5939,4388
10003016404,New Castle,Health Risk Behaviors,Short Sleep Duration,35.6,30.7,40.7,3334,2622
10005051012,Sussex,Disability,Independent Living Disability,8.4,7.1,9.8,1908,1715
10003013506,New Castle,Prevention,Health Insurance,3.6,2.6,4.9,4567,3785
10003001300,New Castle,Health Outcomes,Cancer (non-skin) or Melanoma,12.4,11.4,13.6,3588,3013
10005051310,Sussex,Health Outcomes,Depression,18.3,15.6,21.4,1933,1765
10005050808,Sussex,Prevention,High Blood Pressure Medication,85.2,82.8,87.4,4150,3726
10001042801,Kent,Prevention,Mammography,72.7,65.7,78.7,2007,1606
10003013604,New Castle,Health Outcomes,All Teeth Lost,7.7,6.2,9.4,4156,3372
10005050506,Sussex,Health-Related Social Needs,Utility Services Threat,7.0,6.0,8.0,4112,3099
10005051015,Sussex,Health Status,General Health,15.9,13.3,18.9,1877,1626
10005051302,Sussex,Health-Related Social Needs,Transportation Barriers,4.5,3.8,5.2,4907,4337
10003000900,New Castle,Prevention,Cholesterol Screening,82.7,79.8,85.2,2267,1563
10001042207,Kent,Health Outcomes,Arthritis,30.0,26.9,33.2,2576,1977
10003014903,New Castle,Prevention,Annual Checkup,77.5,73.9,80.7,7365,5269
10003015900,New Castle,Health Outcomes,Cancer (non-skin) or Melanoma,7.9,7.1,8.7,3344,2595
10003012300,New Castle,Disability,Self-care Disability,4.7,4.1,5.3,2739,2159
10003016609,New Castle,Health Outcomes,COPD,5.0,3.9,6.2,5595,4312
10003011700,New Castle,Health-Related Social Needs,Food Stamps,2.5,1.7,3.5,4260,3465
10003000300,New Castle,Disability,Vision Disability,8.7,7.4,10.1,3012,2233
10003013906,New Castle,Health-Related Social Needs,Food Insecurity,10.8,8.8,13.0,4648,3670
10005050707,Sussex,Health Outcomes,Arthritis,39.3,35.5,42.9,2578,2285
10003002200,New Castle,Prevention,Mammography,69.8,62.5,76.3,2874,1942
10005050200,Sussex,Health-Related Social Needs,Housing Insecurity,15.6,13.6,17.6,3744,2777
10003016613,New Castle,Health-Related Social Needs,Transportation Barriers,8.8,7.4,10.4,6109,4337
10005050503,Sussex,Prevention,High Blood Pressure Medication,72.9,70.2,75.5,5604,3737
10001043400,Kent,Disability,Self-care Disability,3.9,3.5,4.3,5648,4415
10003014706,New Castle,Health Outcomes,Diabetes,11.2,9.9,12.6,2929,2180
10003011800,New Castle,Health-Related Social Needs,Housing Insecurity,4.7,3.9,5.6,4927,4135
10003011206,New Castle,Disability,Any Disability,23.2,19.6,26.9,4319,3345
10003011900,New Castle,Health-Related Social Needs,Utility Services Threat,3.9,3.2,4.7,3298,2592
10003016200,New Castle,Health Outcomes,High Cholesterol,38.8,35.0,42.5,3051,2509
10003014200,New Castle,Disability,Vision Disability,3.4,3.0,3.9,1600,1313
10003013506,New Castle,Health-Related Social Needs,Loneliness,26.3,22.8,30.3,4567,3785
10003001600,New Castle,Health Outcomes,Arthritis,26.8,24.1,29.4,2419,1765
10003013507,New Castle,Disability,Hearing Disability,6.1,5.3,7.1,1819,1428
10003013300,New Castle,Health Risk Behaviors,Physical Inactivity,25.4,21.1,29.8,1907,1543
10003011203,New Castle,Disability,Hearing Disability,6.2,5.4,7.1,4805,3884
10005050703,Sussex,Health Outcomes,High Blood Pressure,45.3,41.4,49.0,2153,1786
10003002200,New Castle,Disability,Self-care Disability,9.9,8.8,11.1,2874,1942
10003014810,New Castle,Prevention,Mammography,79.2,73.6,84.2,7083,5613
10003014814,New Castle,Health Outcomes,Stroke,2.5,2.3,2.8,4361,3290
10005050806,Sussex,Health Outcomes,COPD,8.6,6.9,10.3,4454,3735
10005051310,Sussex,Prevention,Health Insurance,4.8,3.6,6.3,1933,1765
10003016806,New Castle,Health Outcomes,COPD,4.7,4.1,5.3,6347,4487
10003013200,New Castle,Disability,Any Disability,31.4,27.2,35.7,2653,2074
10005051103,Sussex,Health-Related Social Needs,Food Stamps,3.5,2.6,4.7,952,866
10001042802,Kent,Disability,Cognitive Disability,14.5,12.6,16.5,5612,4350
10003001500,New Castle,Health-Related Social Needs,Utility Services Threat,12.9,11.1,14.9,2231,1748
10003015802,New Castle,Prevention,Dental Visit,56.2,52.5,59.8,2276,1726
10003002300,New Castle,Disability,Vision Disability,9.1,8.1,10.2,3003,2091
10003010900,New Castle,Health Risk Behaviors,Binge Drinking,14.6,12.4,17.0,2773,2237
10003013901,New Castle,Health Outcomes,Depression,21.8,18.6,24.8,3492,2741
10003013612,New Castle,Health Outcomes,Current Asthma,9.1,8.1,10.2,6158,4926
10005050403,Sussex,Disability,Cognitive Disability,14.6,12.8,16.5,3517,2621
10003000400,New Castle,Health Risk Behaviors,Short Sleep Duration,37.8,32.9,42.9,2957,2436
10005050903,Sussex,Prevention,Colorectal Cancer Screening,77.8,74.2,81.4,2161,1968
10005051802,Sussex,Prevention,Colorectal Cancer Screening,61.2,57.1,65.7,4354,3076
10003015502,New Castle,Health Outcomes,All Teeth Lost,24.3,20.5,28.4,2686,2035
10001042500,Kent,Disability,Hearing Disability,7.0,6.2,8.0,3590,2590
10003016610,New Castle,Health-Related Social Needs,Transportation Barriers,8.4,7.2,9.6,7062,5510
10005050103,Sussex,Disability,Self-care Disability,3.5,3.0,4.0,5063,4221
10003011203,New Castle,Prevention,High Blood Pressure Medication,76.3,73.2,79.0,4805,3884
10003016614,New Castle,Health Status,Frequent Mental Distress,14.6,12.8,16.4,6239,4474
10003013608,New Castle,Prevention,Mammography,75.6,69.5,81.0,1959,1543
10003014812,New Castle,Health Outcomes,All Teeth Lost,6.7,5.3,8.1,4559,3628
10003016805,New Castle,Prevention,Health Insurance,7.8,6.2,9.8,1723,1396
10003014808,New Castle,Health Risk Behaviors,Current Cigarette Smoking,12.2,10.3,14.1,6476,5078
10005051203,Sussex,Health Outcomes,Depression,18.0,15.3,20.8,792,726
10005051900,Sussex,Health Outcomes,Arthritis,29.8,26.9,32.8,4760,3685
10003010106,New Castle,Health Status,Frequent Physical Distress,11.9,10.3,13.6,1760,1509
10001042900,Kent,Health-Related Social Needs,Lack of Social/Emotional Support,21.9,19.0,25.1,5105,4056
10005050904,Sussex,Health Status,Frequent Mental Distress,11.7,10.1,13.4,2592,2256
10003016308,New Castle,Health Outcomes,Obesity,38.5,32.5,44.6,3728,2990
10003002300,New Castle,Health Outcomes,Coronary Heart Disease,6.1,5.4,6.8,3003,2091
10003016610,New Castle,Disability,Hearing Disability,6.8,6.0,7.7,7062,5510
10003014811,New Castle,Prevention,High Blood Pressure Medication,72.4,68.8,75.6,6677,4822
10005050604,Sussex,Disability,Self-care Disability,5.5,4.8,6.2,4674,3611
10003001500,New Castle,Prevention,Dental Visit,57.5,53.7,61.3,2231,1748
10003014403,New Castle,Health Outcomes,High Blood Pressure,29.9,27.0,32.9,3611,2955
10001042207,Kent,Health Status,Frequent Physical Distress,15.4,13.5,17.4,2576,1977
10003016807,New Castle,Disability,Cognitive Disability,10.6,8.9,12.4,1901,1411
10005051502,Sussex,Prevention,Colorectal Cancer Screening,72.4,68.7,76.1,3228,2586
10003011206,New Castle,Prevention,Health Insurance,4.0,3.2,5.3,4319,3345
10005050406,Sussex,Prevention,Annual Checkup,81.6,78.5,84.5,5475,4063
10003012900,New Castle,Health Risk Behaviors,Short Sleep Duration,39.4,34.4,44.8,4823,3565
10003013800,New Castle,Health Outcomes,High Blood Pressure,30.0,26.9,33.1,5901,4752
10003014402,New Castle,Health Status,General Health,15.3,13.1,17.7,2807,2383
10005050710,Sussex,Health Outcomes,Stroke,4.9,4.3,5.5,1870,1457
10003014907,New Castle,Disability,Any Disability,30.5,26.8,34.1,4921,3708
10003000200,New Castle,Health Outcomes,Cancer (non-skin) or Melanoma,6.8,6.1,7.5,5298,4193
10005050804,Sussex,Health Outcomes,Current Asthma,10.4,9.2,11.7,4188,3465
10005051801,Sussex,Health Outcomes,High Cholesterol,44.6,40.7,48.4,5359,3933
10003013501,New Castle,Health-Related Social Needs,Transportation Barriers,3.6,3.1,4.2,7213,5880
10003000400,New Castle,Prevention,Cholesterol Screening,88.3,86.3,90.0,2957,2436
10005050707,Sussex,Health Status,Frequent Physical Distress,14.9,13.0,16.8,2578,2285
10003013610,New Castle,Disability,Self-care Disability,2.3,1.9,2.6,5460,4534
10003002100,New Castle,Health Outcomes,Stroke,7.1,6.4,8.0,1809,1283
10003016807,New Castle,Prevention,Annual Checkup,79.1,75.8,82.3,1901,1411
10005050405,Sussex,Health Outcomes,COPD,8.4,7.1,9.7,4378,3304
10003013614,New Castle,Disability,Hearing Disability,5.9,5.2,6.6,3258,2555
10005051312,Sussex,Health Status,General Health,16.7,14.0,19.8,2290,2046
10003010105,New Castle,Health-Related Social Needs,Food Stamps,12.8,10.5,15.2,2916,2113
10003012900,New Castle,Disability,Hearing Disability,6.0,5.3,6.8,4823,3565
10001043100,Kent,Disability,Any Disability,34.8,30.5,39.3,2573,2087
10003015900,New Castle,Health-Related Social Needs,Lack of Social/Emotional Support,24.6,21.4,28.2,3344,2595
10003014812,New Castle,Health Outcomes,Stroke,2.8,2.5,3.1,4559,3628
10005051202,Sussex,Health-Related Social Needs,Loneliness,22.9,19.9,26.2,856,822
10005051702,Sussex,Health-Related Social Needs,Food Insecurity,16.4,14.1,18.9,6577,4982
10003014301,New Castle,Health-Related Social Needs,Loneliness,26.4,23.2,30.2,1317,1092
10003012200,New Castle,Health Outcomes,Stroke,3.4,3.0,3.8,4676,3581
10003013906,New Castle,Health Outcomes,Diabetes,10.5,9.1,11.9,4648,3670
10003016611,New Castle,Disability,Cognitive Disability,10.7,9.0,12.5,7851,5645
10001043300,Kent,Health Risk Behaviors,Short Sleep Duration,42.5,37.0,47.9,6553,5692
10005050603,Sussex,Prevention,High Blood Pressure Medication,81.7,79.2,83.9,3956,3165
10005050701,Sussex,Health Status,Frequent Mental Distress,13.9,12.3,15.7,5068,4322
10003014803,New Castle,Prevention,Annual Checkup,80.2,77.0,83.0,4150,3432
10005051314,Sussex,Disability,Cognitive Disability,9.1,7.8,10.5,2525,2271
10005050710,Sussex,Health Outcomes,Cancer (non-skin) or Melanoma,10.6,9.6,11.7,1870,1457
10003011204,New Castle,Prevention,High Blood Pressure Medication,79.2,76.4,81.8,3313,2741
10005050601,Sussex,Health-Related Social Needs,Loneliness,31.5,27.9,35.4,5391,4138
10003016404,New Castle,Health-Related Social Needs,Food Insecurity,13.1,11.3,15.2,3334,2622
10005051312,Sussex,Health Outcomes,Coronary Heart Disease,9.5,8.3,10.7,2290,2046
10003016308,New Castle,Health Outcomes,Depression,19.8,16.9,22.8,3728,2990
10003013300,New Castle,Prevention,Cholesterol Screening,87.8,85.8,89.7,1907,1543
10001041804,Kent,Disability,Independent Living Disability,9.8,8.6,11.0,5980,4654
10005051015,Sussex,Prevention,Dental Visit,70.7,67.6,73.8,1877,1626
10003016100,New Castle,Disability,Independent Living Disability,7.4,6.3,8.5,1961,1661
10005050405,Sussex,Health Risk Behaviors,Binge Drinking,14.2,11.9,16.7,4378,3304
10003015802,New Castle,Prevention,Health Insurance,16.5,13.6,19.9,2276,1726
10001041802,Kent,Health Status,General Health,17.8,15.7,20.2,6720,5103
10003016614,New Castle,Health Outcomes,Cancer (non-skin) or Melanoma,7.0,6.3,7.6,6239,4474
10003013906,New Castle,Health Outcomes,Current Asthma,9.6,8.5,10.8,4648,3670
10003014812,New Castle,Health Outcomes,High Cholesterol,38.5,34.8,42.2,4559,3628
10003016904,New Castle,Health Outcomes,COPD,8.5,7.4,9.8,3096,2872
10005051310,Sussex,Health Outcomes,Obesity,29.4,23.9,35.2,1933,1765
10001041702,Kent,Prevention,Mammography,75.9,69.5,81.4,4472,3405
10003013905,New Castle,Health Outcomes,High Cholesterol,31.5,28.0,34.8,4169,3100
10005050711,Sussex,Health Outcomes,COPD,12.1,10.0,14.5,1505,1256
10003016100,New Castle,Disability,Mobility Disability,15.3,13.0,17.8,1961,1661
10003014502,New Castle,Health Risk Behaviors,Short Sleep Duration,39.6,34.3,45.0,7374,7189
10003013505,New Castle,Health-Related Social Needs,Utility Services Threat,3.4,2.8,4.1,3489,2807
10003010105,New Castle,Disability,Hearing Disability,3.9,3.4,4.4,2916,2113
10003014703,New Castle,Disability,Cognitive Disability,15.2,13.3,17.3,4827,3890
10003016806,New Castle,Prevention,Mammography,79.3,73.7,84.3,6347,4487
10003013612,New Castle,Health Outcomes,High Cholesterol,41.3,37.5,45.0,6158,4926
10005050711,Sussex,Health Outcomes,Stroke,5.3,4.6,6.1,1505,1256
10005050707,Sussex,Disability,Self-care Disability,3.8,3.3,4.3,2578,2285
10003014906,New Castle,Health Risk Behaviors,Current Cigarette Smoking,15.6,13.4,18.0,5339,4098
10005051015,Sussex,Health Status,Frequent Mental Distress,11.6,10.1,13.2,1877,1626
10005050406,Sussex,Disability,Independent Living Disability,12.5,10.9,14.3,5475,4063
10003016200,New Castle,Health Outcomes,All Teeth Lost,8.0,6.5,9.7,3051,2509
10005050801,Sussex,Prevention,Annual Checkup,82.5,79.5,85.2,3979,3225
10005051101,Sussex,Health Outcomes,Cancer (non-skin) or Melanoma,15.8,14.4,17.3,629,589
10003014809,New Castle,Health Status,Frequent Physical Distress,12.8,11.4,14.4,8360,6692
10005051102,Sussex,Health Risk Behaviors,Binge Drinking,12.8,10.8,14.9,1029,970
10003016608,New Castle,Health Outcomes,Arthritis,26.3,23.4,29.1,6561,5064
10001041900,Kent,Disability,Any Disability,39.0,34.7,43.2,5289,4044
10001042000,Kent,Prevention,Dental Visit,61.2,57.4,64.9,3064,2380
10003014301,New Castle,Health Outcomes,COPD,5.5,4.5,6.7,1317,1092
10003014904,New Castle,Health Risk Behaviors,Short Sleep Duration,38.1,33.1,43.3,5003,4117
10005051009,Sussex,Health Outcomes,Current Asthma,9.4,8.3,10.6,2313,1978
10003014100,New Castle,Health-Related Social Needs,Loneliness,32.9,29.0,36.9,4985,3693
10003015200,New Castle,Health Outcomes,Cancer (non-skin) or Melanoma,6.3,5.7,6.9,5783,4501
10003013613,New Castle,Health Risk Behaviors,Short Sleep Duration,31.0,26.5,35.8,5657,4676
10003011204,New Castle,Health Risk Behaviors,Short Sleep Duration,31.5,27.0,36.4,3313,2741
10005050505,Sussex,Prevention,Health Insurance,15.6,12.1,19.2,2420,2212
10001043400,Kent,Health-Related Social Needs,Housing Insecurity,11.4,9.9,13.2,5648,4415
10005050604,Sussex,Health Outcomes,Coronary Heart Disease,9.0,8.0,10.2,4674,3611
10005051201,Sussex,Disability,Any Disability,27.8,23.6,32.4,1513,1391
10003002700,New Castle,Disability,Cognitive Disability,13.6,11.7,15.7,2990,2310
10003016306,New Castle,Health Risk Behaviors,Physical Inactivity,28.4,24.1,32.5,4598,3569
10001041803,Kent,Health Risk Behaviors,Binge Drinking,11.2,9.4,13.3,4384,3459
10003014909,New Castle,Prevention,Colorectal Cancer Screening,61.0,56.7,65.3,6186,4652
10005051008,Sussex,Prevention,High Blood Pressure Medication,84.9,82.4,87.0,4100,3626
10003002400,New Castle,Prevention,Dental Visit,53.5,49.7,57.2,4250,3346
10005051203,Sussex,Health Status,Frequent Mental Distress,9.5,8.2,10.9,792,726
10003011400,New Castle,Health-Related Social Needs,Housing Insecurity,5.0,4.0,6.3,3456,2735
10003011900,New Castle,Health Outcomes,Arthritis,29.6,26.7,32.7,3298,2592
10001041802,Kent,Health Risk Behaviors,Short Sleep Duration,39.7,34.5,45.1,6720,5103
10003013607,New Castle,Health Outcomes,Stroke,2.9,2.6,3.2,6255,5031
10003010104,New Castle,Disability,Any Disability,29.4,25.7,33.2,3620,2830
10003001902,New Castle,Prevention,Annual Checkup,79.9,76.4,82.8,2113,1554
10003000400,New Castle,Health Status,General Health,21.0,17.9,24.2,2957,2436
10003016608,New Castle,Health Outcomes,Current Asthma,10.2,9.0,11.5,6561,5064
10005051502,Sussex,Health Outcomes,Obesity,34.4,28.6,40.3,3228,2586
10003014810,New Castle,Health Outcomes,COPD,5.5,4.7,6.3,7083,5613
10005051701,Sussex,Health-Related Social Needs,Loneliness,31.9,28.1,36.0,4103,3258
10003013615,New Castle,Health Risk Behaviors,Short Sleep Duration,32.9,28.3,37.9,4107,3324
10005050709,Sussex,Disability,Mobility Disability,16.7,13.5,20.1,1956,1774
10001041900,Kent,Health Outcomes,Obesity,43.0,36.7,49.9,5289,4044
10003001300,New Castle,Health Risk Behaviors,Short Sleep Duration,26.6,22.6,31.2,3588,3013
10005051311,Sussex,Health Outcomes,High Blood Pressure,47.3,42.9,51.6,1832,1712
10003012400,New Castle,Health Risk Behaviors,Current Cigarette Smoking,15.4,13.1,17.7,4637,3486
10005051802,Sussex,Health-Related Social Needs,Transportation Barriers,11.3,9.8,12.9,4354,3076
10003013800,New Castle,Prevention,Annual Checkup,76.5,72.8,79.7,5901,4752
10003012500,New Castle,Disability,Cognitive Disability,15.0,13.1,17.0,5660,4358
10005050304,Sussex,Prevention,Annual Checkup,84.1,81.3,86.5,4616,3670
10001042203,Kent,Prevention,Colorectal Cancer Screening,67.8,63.4,71.9,5705,4255
10003010104,New Castle,Disability,Vision Disability,5.1,4.4,5.7,3620,2830
10003014909,New Castle,Health Status,Frequent Physical Distress,13.1,11.5,14.7,6186,4652
10003013300,New Castle,Prevention,Colorectal Cancer Screening,67.5,63.5,71.4,1907,1543
10001043000,Kent,Disability,Independent Living Disability,8.8,7.7,10.0,5414,4110
10005050105,Sussex,Health-Related Social Needs,Utility Services Threat,9.7,8.4,11.2,5939,4388
10005050408,Sussex,Health Status,Frequent Physical Distress,17.0,15.0,18.9,4534,3546
10003011203,New Castle,Health Status,General Health,18.3,15.7,21.1,4805,3884
10003010104,New Castle,Disability,Hearing Disability,5.0,4.4,5.6,3620,2830
10003016610,New Castle,Disability,Vision Disability,5.0,4.4,5.6,7062,5510
10003014702,New Castle,Health Risk Behaviors,Physical Inactivity,27.0,23.0,31.3,1910,1510
10003011400,New Castle,Health Risk Behaviors,Short Sleep Duration,27.7,23.5,32.3,3456,2735
10005051302,Sussex,Health Risk Behaviors,Current Cigarette Smoking,11.8,9.6,14.4,4907,4337
10003013610,New Castle,Prevention,Mammography,78.4,72.7,83.5,5460,4534
10003013501,New Castle,Disability,Mobility Disability,12.4,10.4,14.6,7213,5880
10003016901,New Castle,Health Outcomes,Cancer (non-skin) or Melanoma,10.6,9.6,11.6,2364,1876
10005051101,Sussex,Health-Related Social Needs,Loneliness,23.2,20.2,26.8,629,589
10001042207,Kent,Health Outcomes,Diabetes,15.0,13.1,17.0,2576,1977
10003015802,New Castle,Disability,Hearing Disability,5.4,4.8,6.2,2276,1726
10005051015,Sussex,Prevention,High Blood Pressure Medication,84.9,82.4,87.2,1877,1626
10003014200,New Castle,Health Risk Behaviors,Binge Drinking,16.7,14.2,19.4,1600,1313
10001980000,Kent,Health Outcomes,Cancer (non-skin) or Melanoma,0.7,0.6,0.9,108,104
10005051012,Sussex,Health Risk Behaviors,Binge Drinking,11.4,9.5,13.4,1908,1715
10005050503,Sussex,Prevention,Mammography,73.0,67.0,79.1,5604,3737
10003016608,New Castle,Health Outcomes,High Cholesterol,39.8,35.9,43.5,6561,5064
10003014402,New Castle,Health Outcomes,All Teeth Lost,11.0,8.9,13.3,2807,2383
10005051307,Sussex,Health Outcomes,Depression,20.0,16.9,23.0,2975,2708
10005050505,Sussex,Health Risk Behaviors,Short Sleep Duration,38.4,33.6,43.8,2420,2212
10003002200,New Castle,Health Risk Behaviors,Binge Drinking,11.7,9.8,13.8,2874,1942
10003001600,New Castle,Health Outcomes,Diabetes,18.5,16.4,20.5,2419,1765
10003014000,New Castle,Prevention,Annual Checkup,77.1,73.6,80.3,5441,4349
10005050506,Sussex,Health Outcomes,Obesity,33.7,27.9,39.6,4112,3099
10003013613,New Castle,Health Outcomes,Depression,21.8,18.7,25.0,5657,4676
10003010900,New Castle,Health Outcomes,Coronary Heart Disease,7.6,6.6,8.7,2773,2237
10003002400,New Castle,Health Outcomes,All Teeth Lost,15.6,13.0,18.4,4250,3346
10005050200,Sussex,Prevention,Dental Visit,54.5,50.8,58.4,3744,2777
10003013800,New Castle,Disability,Independent Living Disability,6.6,5.7,7.5,5901,4752
10005050503,Sussex,Health Outcomes,High Cholesterol,41.0,37.4,44.7,5604,3737
10003000602,New Castle,Disability,Any Disability,37.2,32.8,41.8,2876,2134
10005050706,Sussex,Health-Related Social Needs,Food Stamps,6.4,5.0,8.3,1772,1557
10003013905,New Castle,Health Outcomes,All Teeth Lost,7.6,6.2,9.2,4169,3100
10001042208,Kent,Health-Related Social Needs,Utility Services Threat,7.6,6.6,8.7,4016,3108
10003014200,New Castle,Health-Related Social Needs,Food Stamps,6.6,5.1,8.1,1600,1313
10005051205,Sussex,Disability,Self-care Disability,3.0,2.5,3.7,580,543
10003015200,New Castle,Disability,Cognitive Disability,16.8,14.7,18.9,5783,4501
10005050101,Sussex,Health-Related Social Needs,Utility Services Threat,5.5,4.7,6.4,4013,3236
10003011100,New Castle,Prevention,Mammography,80.0,74.5,84.9,2654,2282
10005050603,Sussex,Prevention,Cholesterol Screening,90.4,88.8,91.8,3956,3165
10005051308,Sussex,Health-Related Social Needs,Utility Services Threat,4.4,3.6,5.2,4074,3530
10003016301,New Castle,Disability,Hearing Disability,5.3,4.6,5.9,7385,5955
10001042205,Kent,Health Outcomes,High Cholesterol,41.3,37.5,45.3,3019,2312
10001042802,Kent,Health Status,General Health,20.6,18.0,23.4,5612,4350
10003014909,New Castle,Health Outcomes,Arthritis,23.4,20.8,25.9,6186,4652
10005051016,Sussex,Health Status,Frequent Mental Distress,10.0,8.6,11.6,1879,1685
10003010502,New Castle,Health-Related Social Needs,Utility Services Threat,6.7,5.7,7.8,5779,4788
10003013100,New Castle,Health Outcomes,All Teeth Lost,13.5,11.2,16.2,2248,1833
10003016806,New Castle,Health Outcomes,Arthritis,22.4,20.0,25.0,6347,4487
10003014702,New Castle,Prevention,Colorectal Cancer Screening,63.2,59.1,67.4,1910,1510
10003013608,New Castle,Disability,Cognitive Disability,12.9,11.0,14.9,1959,1543
10003014403,New Castle,Health Status,Frequent Mental Distress,17.3,15.1,19.5,3611,2955
10003013612,New Castle,Health Outcomes,All Teeth Lost,5.3,4.3,6.5,6158,4926
10001041803,Kent,Health-Related Social Needs,Housing Insecurity,15.8,13.9,17.9,4384,3459
10001041804,Kent,Health Outcomes,Cancer (non-skin) or Melanoma,8.5,7.7,9.4,5980,4654
10003012200,New Castle,Health Status,Frequent Mental Distress,17.8,15.9,20.0,4676,3581
10003013505,New Castle,Health Outcomes,High Cholesterol,42.8,38.8,46.7,3489,2807
10003013614,New Castle,Disability,Any Disability,31.9,27.9,35.8,3258,2555
10005051201,Sussex,Disability,Hearing Disability,9.5,8.2,10.9,1513,1391
10005050501,Sussex,Health Outcomes,COPD,8.1,7.0,9.3,4201,3285
10005050407,Sussex,Prevention,Health Insurance,12.2,10.3,14.2,5238,4210
10003001400,New Castle,Health Risk Behaviors,Physical Inactivity,32.9,28.4,37.8,2103,1727
10005050805,Sussex,Health Outcomes,Stroke,3.7,3.3,4.2,3038,2464
10001042100,Kent,Health Risk Behaviors,Physical Inactivity,32.6,28.1,37.4,3997,3098
10001042100,Kent,Health Outcomes,Arthritis,32.4,29.2,35.8,3997,3098
10003002400,New Castle,Health Outcomes,High Cholesterol,38.4,34.7,41.9,4250,3346
10003013501,New Castle,Prevention,Colorectal Cancer Screening,73.1,69.3,76.7,7213,5880
10005050303,Sussex,Health Outcomes,Arthritis,30.3,27.3,33.2,2935,2313
10005051314,Sussex,Health Outcomes,Cancer (non-skin) or Melanoma,14.8,13.5,16.1,2525,2271
10003013505,New Castle,Disability,Independent Living Disability,5.4,4.5,6.3,3489,2807
10003011600,New Castle,Prevention,Colorectal Cancer Screening,69.0,64.8,72.9,3287,2573
10003014100,New Castle,Health Outcomes,Obesity,37.8,31.9,43.8,4985,3693
10003014903,New Castle,Prevention,Mammography,76.2,70.1,81.6,7365,5269
10001042204,Kent,Health Outcomes,Diabetes,11.9,10.5,13.6,4773,3481
10005051204,Sussex,Health Outcomes,High Blood Pressure,45.5,41.4,49.6,652,627
10003014803,New Castle,Health Outcomes,High Blood Pressure,35.7,32.3,39.3,4150,3432
10005051009,Sussex,Health Outcomes,Arthritis,31.4,28.2,34.6,2313,1978
10005050706,Sussex,Health Outcomes,Cancer (non-skin) or Melanoma,13.9,12.6,15.3,1772,1557
10003016612,New Castle,Disability,Self-care Disability,2.7,2.4,3.1,6450,4739
10001042208,Kent,Health-Related Social Needs,Food Stamps,12.1,10.2,14.3,4016,3108
10005051308,Sussex,Health Outcomes,Coronary Heart Disease,9.9,8.5,11.4,4074,3530
10003014502,New Castle,Health Outcomes,Obesity,31.9,26.3,37.6,7374,7189
10003011400,New Castle,Prevention,Cholesterol Screening,91.6,90.1,93.0,3456,2735
10003011900,New Castle,Health Outcomes,Diabetes,11.8,10.3,13.4,3298,2592
10003011300,New Castle,Disability,Any Disability,26.1,22.0,30.4,2244,1847
10003016308,New Castle,Prevention,Health Insurance,9.4,7.6,11.5,3728,2990
10001043300,Kent,Disability,Any Disability,37.2,32.7,41.8,6553,5692
10003013400,New Castle,Prevention,Dental Visit,69.0,65.6,72.2,2504,2036
10003014903,New Castle,Health Outcomes,COPD,7.4,6.3,8.6,7365,5269
10003013614,New Castle,Health Outcomes,Coronary Heart Disease,5.8,5.1,6.5,3258,2555
10005050706,Sussex,Disability,Cognitive Disability,10.6,9.1,12.3,1772,1557
10003014705,New Castle,Health Risk Behaviors,Short Sleep Duration,36.1,31.2,41.2,5891,4572
10003014812,New Castle,Health Outcomes,Current Asthma,10.0,8.9,11.3,4559,3628
10005050601,Sussex,Health-Related Social Needs,Housing Insecurity,11.8,10.1,13.6,5391,4138
10003013506,New Castle,Health Outcomes,Stroke,2.5,2.1,2.9,4567,3785
10003013400,New Castle,Health Outcomes,All Teeth Lost,7.4,6.0,8.9,2504,2036
10003001400,New Castle,Disability,Any Disability,36.3,32.2,40.6,2103,1727
10003016306,New Castle,Prevention,Dental Visit,61.5,57.9,65.1,4598,3569
10005051201,Sussex,Disability,Vision Disability,3.7,3.1,4.5,1513,1391
10003015600,New Castle,Prevention,Annual Checkup,79.0,75.8,81.9,2343,1791
10003016307,New Castle,Disability,Cognitive Disability,12.3,10.7,14.1,2756,2221
10003016609,New Castle,Health Status,Frequent Mental Distress,14.5,12.4,16.6,5595,4312
10003014813,New Castle,Disability,Cognitive Disability,12.2,10.3,14.3,4889,3848
10005050401,Sussex,Health-Related Social Needs,Lack of Social/Emotional Support,21.0,17.8,24.0,3606,2872
10005050711,Sussex,Health Status,Frequent Physical Distress,17.7,15.4,20.3,1505,1256
10001042204,Kent,Disability,Mobility Disability,12.8,11.3,14.4,4773,3481
10001041804,Kent,Health Outcomes,Diabetes,15.4,13.6,17.3,5980,4654
10003014403,New Castle,Disability,Any Disability,29.0,25.1,32.7,3611,2955
10005050905,Sussex,Disability,Hearing Disability,8.8,7.7,9.9,2848,2485
10005051017,Sussex,Disability,Hearing Disability,8.3,7.1,9.6,3804,3435
10003014000,New Castle,Prevention,Colorectal Cancer Screening,62.1,57.8,66.3,5441,4349
10003011000,New Castle,Health-Related Social Needs,Lack of Social/Emotional Support,17.4,14.8,20.1,3201,2542
10003014502,New Castle,Health-Related Social Needs,Food Insecurity,34.3,28.6,39.5,7374,7189
10003002500,New Castle,Health Status,Frequent Mental Distress,17.4,15.4,19.5,3235,2443
10003012900,New Castle,Prevention,High Blood Pressure Medication,71.9,68.9,74.7,4823,3565
10005050703,Sussex,Health Risk Behaviors,Physical Inactivity,33.2,28.1,38.1,2153,1786
10001042208,Kent,Health Outcomes,High Blood Pressure,40.1,36.4,43.7,4016,3108
10003010106,New Castle,Health Outcomes,Arthritis,24.2,21.8,26.6,1760,1509
10003014702,New Castle,Disability,Vision Disability,4.9,4.4,5.5,1910,1510
10003001500,New Castle,Health-Related Social Needs,Housing Insecurity,17.8,15.2,20.4,2231,1748
10003015400,New Castle,Disability,Vision Disability,7.3,6.5,8.3,2932,2209
10003000200,New Castle,Health Outcomes,Stroke,5.2,4.6,5.9,5298,4193
10005051309,Sussex,Health Outcomes,High Cholesterol,53.6,49.4,57.8,1488,1407
10003014502,New Castle,Prevention,High Blood Pressure Medication,33.5,30.7,36.5,7374,7189
10005051101,Sussex,Disability,Cognitive Disability,6.9,5.8,8.0,629,589
10005051307,Sussex,Health Outcomes,Stroke,5.1,4.3,6.1,2975,2708
10003014501,New Castle,Health Outcomes,Arthritis,14.9,13.3,16.6,2134,1931
10003010106,New Castle,Health-Related Social Needs,Food Insecurity,16.3,13.4,19.7,1760,1509
10005050408,Sussex,Health Outcomes,All Teeth Lost,19.2,16.3,22.7,4534,3546
10003011205,New Castle,Health-Related Social Needs,Food Stamps,5.5,4.1,7.3,1968,1585
10003013613,New Castle,Health Status,General Health,12.8,11.0,14.6,5657,4676
10003014908,New Castle,Prevention,High Blood Pressure Medication,76.9,74.1,79.4,2425,1792
10003011900,New Castle,Health-Related Social Needs,Lack of Social/Emotional Support,16.2,13.7,18.8,3298,2592
10003016309,New Castle,Health Outcomes,High Blood Pressure,40.0,36.4,43.4,4125,3307
10003013508,New Castle,Health Outcomes,High Blood Pressure,31.3,27.8,34.9,5655,4419
10003014908,New Castle,Prevention,Cholesterol Screening,86.6,84.6,88.4,2425,1792
10003015200,New Castle,Disability,Mobility Disability,14.5,12.8,16.4,5783,4501
10005050903,Sussex,Prevention,Health Insurance,5.5,4.4,7.0,2161,1968
10005051702,Sussex,Health Outcomes,Diabetes,12.6,11.0,14.3,6577,4982
10001042205,Kent,Prevention,Annual Checkup,83.0,80.0,85.7,3019,2312
10005050103,Sussex,Prevention,Health Insurance,7.4,6.1,9.0,5063,4221
10003016609,New Castle,Health Outcomes,Depression,22.3,19.2,25.8,5595,4312
10003014808,New Castle,Health Risk Behaviors,Physical Inactivity,25.2,21.4,29.0,6476,5078
10005051010,Sussex,Disability,Hearing Disability,9.0,7.9,10.2,2795,2452
10003016000,New Castle,Prevention,High Blood Pressure Medication,77.8,75.2,80.1,2999,2265
10001041803,Kent,Disability,Any Disability,41.1,37.1,45.4,4384,3459
10003000200,New Castle,Health Outcomes,Obesity,42.6,36.0,48.7,5298,4193
10005051309,Sussex,Prevention,Annual Checkup,87.3,84.8,89.3,1488,1407
10003010106,New Castle,Health Risk Behaviors,Binge Drinking,13.5,11.5,15.7,1760,1509
10005051013,Sussex,Health-Related Social Needs,Food Stamps,6.7,5.3,8.5,3686,3150
10003012700,New Castle,Prevention,Mammography,74.1,67.7,80.1,4392,3592
10005050804,Sussex,Disability,Independent Living Disability,6.8,5.8,7.8,4188,3465
10003013000,New Castle,Health Risk Behaviors,Short Sleep Duration,34.5,29.6,39.6,1927,1515
10003000400,New Castle,Health-Related Social Needs,Transportation Barriers,9.7,8.1,11.4,2957,2436
10005051900,Sussex,Health Status,Frequent Physical Distress,14.2,12.5,15.8,4760,3685
10003014703,New Castle,Health-Related Social Needs,Food Stamps,13.9,11.6,16.6,4827,3890
10005050302,Sussex,Health-Related Social Needs,Food Insecurity,21.5,18.6,24.6,5521,4001
10003015802,New Castle,Health-Related Social Needs,Transportation Barriers,10.2,8.8,11.8,2276,1726
10003015100,New Castle,Health-Related Social Needs,Utility Services Threat,8.4,7.2,9.7,3594,2808
10003014404,New Castle,Health Outcomes,COPD,5.2,4.4,6.2,4159,3562
10003000200,New Castle,Health-Related Social Needs,Food Stamps,24.2,19.2,29.1,5298,4193
10003012400,New Castle,Health Status,Frequent Physical Distress,14.8,13.1,16.4,4637,3486
10003013611,New Castle,Disability,Mobility Disability,10.8,9.2,12.7,5572,4648
10003010704,New Castle,Health Outcomes,High Cholesterol,36.4,32.9,39.9,3947,3149
10003016200,New Castle,Health Outcomes,Current Asthma,10.5,9.3,11.7,3051,2509
10005050710,Sussex,Health-Related Social Needs,Food Stamps,14.4,12.1,17.0,1870,1457
10005050104,Sussex,Health Status,Frequent Mental Distress,17.2,15.1,19.4,5031,3785
10003015600,New Castle,Health-Related Social Needs,Utility Services Threat,12.2,10.5,14.1,2343,1791
10003014706,New Castle,Health Outcomes,Arthritis,22.3,20.0,24.8,2929,2180
10005050801,Sussex,Prevention,Mammography,79.6,74.5,84.5,3979,3225
10003002700,New Castle,Disability,Self-care Disability,3.0,2.6,3.4,2990,2310
10005050506,Sussex,Health Outcomes,Coronary Heart Disease,7.1,6.1,8.0,4112,3099
10003002600,New Castle,Health-Related Social Needs,Lack of Social/Emotional Support,28.2,24.6,32.3,3730,2585
10003011900,New Castle,Health-Related Social Needs,Housing Insecurity,5.8,4.7,7.0,3298,2592
10003014810,New Castle,Health Outcomes,Current Asthma,10.7,9.4,11.9,7083,5613
10003014705,New Castle,Health-Related Social Needs,Housing Insecurity,13.7,11.7,15.9,5891,4572
10003001100,New Castle,Health Outcomes,Arthritis,26.2,23.5,28.8,3375,3187
10003013300,New Castle,Disability,Hearing Disability,6.8,5.8,7.7,1907,1543
10003010400,New Castle,Prevention,Colorectal Cancer Screening,70.5,66.6,74.3,4591,3725
10005050405,Sussex,Health Status,Frequent Physical Distress,14.7,12.9,16.6,4378,3304
10005051501,Sussex,Prevention,High Blood Pressure Medication,80.0,77.6,82.3,2246,1737
10001042204,Kent,Health Outcomes,High Blood Pressure,35.6,32.1,39.4,4773,3481
10003011400,New Castle,Health-Related Social Needs,Loneliness,26.5,23.0,30.3,3456,2735
10003002100,New Castle,Prevention,Health Insurance,18.5,14.7,22.8,1809,1283
10001042900,Kent,Health Status,Frequent Physical Distress,17.4,15.3,19.4,5105,4056
10003014904,New Castle,Prevention,Health Insurance,9.2,7.6,10.9,5003,4117
10003016609,New Castle,Health Risk Behaviors,Binge Drinking,17.6,14.9,20.5,5595,4312
10005050506,Sussex,Disability,Any Disability,30.2,26.1,34.1,4112,3099
10003012200,New Castle,Health Outcomes,Depression,23.1,19.9,26.4,4676,3581
10003002300,New Castle,Disability,Hearing Disability,5.2,4.6,5.9,3003,2091
10005051202,Sussex,Health Outcomes,All Teeth Lost,6.1,5.0,7.5,856,822
10005050104,Sussex,Health Outcomes,Depression,22.3,19.1,25.6,5031,3785
10005050904,Sussex,Health Risk Behaviors,Current Cigarette Smoking,11.5,9.2,14.4,2592,2256
10001042500,Kent,Health Outcomes,Stroke,4.6,4.2,5.1,3590,2590
10003010200,New Castle,Health-Related Social Needs,Utility Services Threat,5.8,4.9,6.9,2034,1607
10003011900,New Castle,Health Outcomes,High Blood Pressure,36.7,33.1,40.2,3298,2592
10005051502,Sussex,Health Outcomes,Coronary Heart Disease,8.0,7.1,8.9,3228,2586
10003013903,New Castle,Health-Related Social Needs,Lack of Social/Emotional Support,23.0,19.9,26.0,4820,3768
10003011800,New Castle,Prevention,Cholesterol Screening,91.7,90.4,92.8,4927,4135
10003016200,New Castle,Health Outcomes,Cancer (non-skin) or Melanoma,9.3,8.4,10.2,3051,2509
10005050403,Sussex,Health Outcomes,Arthritis,28.9,26.1,31.8,3517,2621
10003014906,New Castle,Health Outcomes,All Teeth Lost,14.2,11.8,16.8,5339,4098
10005051008,Sussex,Health Risk Behaviors,Short Sleep Duration,27.5,23.6,32.2,4100,3626
10003015100,New Castle,Health Risk Behaviors,Current Cigarette Smoking,13.3,11.1,15.9,3594,2808
10003014404,New Castle,Prevention,High Blood Pressure Medication,73.3,70.5,75.7,4159,3562
10003011202,New Castle,Health Risk Behaviors,Current Cigarette Smoking,9.2,7.1,11.3,4003,3308
10005051205,Sussex,Health Outcomes,Current Asthma,9.4,8.3,10.6,580,543
10005050804,Sussex,Health Outcomes,All Teeth Lost,13.2,11.1,15.9,4188,3465
10005051702,Sussex,Health Risk Behaviors,Binge Drinking,15.4,13.0,18.1,6577,4982
10005050505,Sussex,Health Status,General Health,22.1,18.9,25.6,2420,2212
10005051102,Sussex,Health Risk Behaviors,Physical Inactivity,19.6,16.0,23.4,1029,970
10005050707,Sussex,Health-Related Social Needs,Food Insecurity,8.8,7.4,10.4,2578,2285
10003003002,New Castle,Disability,Independent Living Disability,19.0,16.5,21.6,3060,2329
10003010300,New Castle,Health Risk Behaviors,Short Sleep Duration,36.4,31.7,41.6,4106,3232
10005050808,Sussex,Health Outcomes,High Cholesterol,50.1,46.1,54.1,4150,3726
10003015502,New Castle,Health-Related Social Needs,Transportation Barriers,14.6,12.4,16.7,2686,2035
10005050302,Sussex,Disability,Self-care Disability,5.2,4.6,5.7,5521,4001
10001042000,Kent,Prevention,Mammography,71.8,64.8,78.0,3064,2380
10003011202,New Castle,Health Outcomes,Depression,20.1,17.1,23.1,4003,3308
10003010800,New Castle,Health Outcomes,Depression,19.8,17.0,22.8,4796,3948
10003002100,New Castle,Health-Related Social Needs,Loneliness,38.9,34.6,43.3,1809,1283
10003014705,New Castle,Prevention,Cholesterol Screening,85.6,83.5,87.7,5891,4572
10003000500,New Castle,Prevention,Dental Visit,56.1,52.2,59.9,3453,2515
10003014703,New Castle,Disability,Vision Disability,5.6,5.0,6.2,4827,3890
10003010900,New Castle,Disability,Self-care Disability,3.5,2.9,4.2,2773,2237
10003014100,New Castle,Disability,Cognitive Disability,16.3,14.3,18.6,4985,3693
10001043202,Kent,Prevention,Mammography,72.1,65.1,78.3,3722,2979
10003016611,New Castle,Disability,Mobility Disability,8.8,7.4,10.5,7851,5645
10003014906,New Castle,Health Outcomes,Obesity,39.4,33.4,45.6,5339,4098
10005050105,Sussex,Health-Related Social Needs,Housing Insecurity,14.8,12.9,17.0,5939,4388
10001042801,Kent,Prevention,Dental Visit,66.9,63.3,70.2,2007,1606
10005051011,Sussex,Disability,Cognitive Disability,9.2,7.7,10.8,3580,3083
10003013400,New Castle,Health-Related Social Needs,Food Stamps,7.0,5.0,9.2,2504,2036
10003015100,New Castle,Disability,Hearing Disability,6.6,5.7,7.4,3594,2808
10005050407,Sussex,Health Outcomes,Cancer (non-skin) or Melanoma,8.9,8.1,9.7,5238,4210
10005050200,Sussex,Health-Related Social Needs,Loneliness,33.1,29.4,36.8,3744,2777
10003016404,New Castle,Prevention,Cholesterol Screening,87.2,85.3,88.9,3334,2622
10005051502,Sussex,Prevention,Health Insurance,10.3,8.5,12.1,3228,2586
10005050903,Sussex,Health Outcomes,Obesity,28.5,23.3,34.1,2161,1968
10003001600,New Castle,Health Status,Frequent Physical Distress,18.3,16.1,20.6,2419,1765
10005051501,Sussex,Disability,Self-care Disability,4.2,3.8,4.7,2246,1737
10005050701,Sussex,Health Outcomes,Depression,20.4,17.5,23.5,5068,4322
10005051011,Sussex,Health Outcomes,Arthritis,35.0,31.6,38.6,3580,3083
10005050105,Sussex,Health-Related Social Needs,Lack of Social/Emotional Support,23.5,20.5,26.9,5939,4388
10005051802,Sussex,Health Outcomes,Diabetes,13.8,12.2,15.4,4354,3076
10005050905,Sussex,Health-Related Social Needs,Loneliness,26.1,22.8,29.7,2848,2485
10001042900,Kent,Health Risk Behaviors,Current Cigarette Smoking,16.7,14.2,19.3,5105,4056
10005051308,Sussex,Health Outcomes,High Cholesterol,51.0,47.0,55.1,4074,3530
10003013400,New Castle,Prevention,Cholesterol Screening,89.4,87.4,91.1,2504,2036
10003011206,New Castle,Health Outcomes,Obesity,26.8,21.8,32.3,4319,3345
10005051102,Sussex,Health Risk Behaviors,Current Cigarette Smoking,8.4,6.7,10.4,1029,970
10005050505,Sussex,Prevention,Colorectal Cancer Screening,62.2,58.1,66.7,2420,2212
10003002800,New Castle,Health-Related Social Needs,Transportation Barriers,12.0,10.1,14.1,2378,2071
10003016901,New Castle,Health Outcomes,Obesity,34.0,28.3,40.1,2364,1876
10005050505,Sussex,Prevention,High Blood Pressure Medication,71.4,68.1,74.5,2420,2212
10003014810,New Castle,Disability,Self-care Disability,3.0,2.7,3.4,7083,5613
10003014302,New Castle,Prevention,Health Insurance,6.5,5.3,8.1,4908,4464
10005051311,Sussex,Health-Related Social Needs,Utility Services Threat,3.1,2.4,3.9,1832,1712
10003014809,New Castle,Health Outcomes,Cancer (non-skin) or Melanoma,7.5,6.9,8.3,8360,6692
10003010105,New Castle,Prevention,Dental Visit,58.1,54.3,61.8,2916,2113
10001043202,Kent,Prevention,Cholesterol Screening,86.0,83.9,87.7,3722,2979
10001043000,Kent,Disability,Cognitive Disability,14.9,13.0,16.9,5414,4110
10003013905,New Castle,Health Outcomes,Current Asthma,9.8,8.6,11.0,4169,3100
10003011202,New Castle,Health Status,Frequent Mental Distress,12.7,11.0,14.4,4003,3308
10003013700,New Castle,Health Status,Frequent Physical Distress,12.3,10.8,13.9,4071,3177
10005050103,Sussex,Health Outcomes,High Cholesterol,47.1,43.0,51.0,5063,4221
10003012300,New Castle,Prevention,Mammography,75.1,68.7,80.8,2739,2159
10003016608,New Castle,Health Outcomes,Diabetes,10.7,9.3,12.2,6561,5064
10003013508,New Castle,Prevention,Dental Visit,78.0,75.2,80.6,5655,4419
10003016805,New Castle,Health Status,General Health,18.1,15.3,21.4,1723,1396
10003014808,New Castle,Prevention,Health Insurance,9.1,7.7,10.6,6476,5078
10003013100,New Castle,Health Risk Behaviors,Current Cigarette Smoking,13.9,11.4,16.7,2248,1833
10003010703,New Castle,Health-Related Social Needs,Loneliness,31.4,27.6,35.5,2036,1556
10003011800,New Castle,Prevention,Colorectal Cancer Screening,71.8,67.8,75.5,4927,4135
10003015900,New Castle,Health Outcomes,Arthritis,26.7,24.0,29.5,3344,2595
10005050101,Sussex,Prevention,Cholesterol Screening,88.7,86.9,90.1,4013,3236
10005050302,Sussex,Health Outcomes,Diabetes,14.0,12.2,15.6,5521,4001
10003011100,New Castle,Prevention,Annual Checkup,81.9,78.9,84.6,2654,2282
10003016608,New Castle,Health Outcomes,All Teeth Lost,7.6,6.1,9.3,6561,5064
10005051013,Sussex,Health Outcomes,Stroke,4.3,3.8,4.8,3686,3150
10001042208,Kent,Disability,Independent Living Disability,8.4,7.4,9.6,4016,3108
10005051501,Sussex,Health Outcomes,High Cholesterol,43.6,39.8,47.4,2246,1737
10003016000,New Castle,Prevention,Mammography,76.3,70.1,81.8,2999,2265
10003000601,New Castle,Disability,Independent Living Disability,13.6,11.7,15.7,2773,2035
10003012200,New Castle,Disability,Cognitive Disability,16.4,14.3,18.9,4676,3581
10003016401,New Castle,Health Outcomes,COPD,5.3,4.5,6.2,6711,5269
10003012700,New Castle,Disability,Any Disability,35.1,30.6,39.2,4392,3592
10003010704,New Castle,Prevention,Annual Checkup,80.1,76.9,83.0,3947,3149
10003001100,New Castle,Health Status,General Health,14.5,12.4,17.2,3375,3187
10003016612,New Castle,Health Risk Behaviors,Binge Drinking,15.9,13.4,18.5,6450,4739
10003001902,New Castle,Health-Related Social Needs,Transportation Barriers,13.3,10.9,15.8,2113,1554
10005051311,Sussex,Health-Related Social Needs,Housing Insecurity,4.3,3.2,5.5,1832,1712
10005050103,Sussex,Health Outcomes,Cancer (non-skin) or Melanoma,11.7,10.7,12.8,5063,4221
10003002900,New Castle,Prevention,Mammography,76.6,70.3,82.2,3499,2540
10003010502,New Castle,Health Outcomes,High Blood Pressure,35.6,32.1,39.1,5779,4788
10001042000,Kent,Health Risk Behaviors,Short Sleep Duration,39.0,33.7,44.4,3064,2380
10005051400,Sussex,Disability,Mobility Disability,14.8,12.8,16.8,3878,3033
10003010400,New Castle,Health-Related Social Needs,Housing Insecurity,9.4,8.1,11.0,4591,3725
10005050805,Sussex,Health Status,Frequent Mental Distress,12.3,10.7,13.9,3038,2464
10005050104,Sussex,Health Risk Behaviors,Short Sleep Duration,34.9,30.4,40.2,5031,3785
10003013613,New Castle,Health Status,Frequent Mental Distress,14.0,12.3,15.8,5657,4676
10003013506,New Castle,Disability,Cognitive Disability,8.1,6.7,9.9,4567,3785
10005050405,Sussex,Disability,Self-care Disability,4.3,3.7,4.8,4378,3304
10003014907,New Castle,Health Status,Frequent Mental Distress,16.9,15.0,18.9,4921,3708
10005050505,Sussex,Health Outcomes,Obesity,37.3,31.2,43.3,2420,2212
10003014302,New Castle,Health Risk Behaviors,Short Sleep Duration,32.3,27.6,37.3,4908,4464
10001042802,Kent,Health Outcomes,Current Asthma,12.5,11.1,14.1,5612,4350
10005051204,Sussex,Health-Related Social Needs,Utility Services Threat,1.9,1.6,2.4,652,627
10003014803,New Castle,Health-Related Social Needs,Utility Services Threat,5.3,4.5,6.2,4150,3432
10005050604,Sussex,Health Outcomes,Arthritis,33.0,29.9,36.1,4674,3611
10003002100,New Castle,Health Outcomes,Cancer (non-skin) or Melanoma,5.4,4.9,6.0,1809,1283
10003012300,New Castle,Health-Related Social Needs,Housing Insecurity,17.6,15.2,20.2,2739,2159
10003011203,New Castle,Health Outcomes,Coronary Heart Disease,6.5,5.7,7.4,4805,3884
10001042208,Kent,Health Status,Frequent Mental Distress,16.9,14.9,19.0,4016,3108
10003013607,New Castle,Health-Related Social Needs,Lack of Social/Emotional Support,19.9,17.1,22.8,6255,5031
10001042207,Kent,Health Risk Behaviors,Physical Inactivity,32.3,27.7,37.0,2576,1977
10003013903,New Castle,Disability,Mobility Disability,13.5,11.7,15.4,4820,3768
10005050403,Sussex,Health-Related Social Needs,Food Stamps,13.7,11.5,16.0,3517,2621
10005051014,Sussex,Disability,Hearing Disability,9.5,8.1,11.0,1881,1709
10005050401,Sussex,Health Outcomes,Cancer (non-skin) or Melanoma,10.2,9.2,11.2,3606,2872
10003000601,New Castle,Health Outcomes,Current Asthma,13.3,11.8,15.0,2773,2035
10005050804,Sussex,Prevention,Health Insurance,7.1,5.8,8.6,4188,3465
10005051308,Sussex,Health-Related Social Needs,Lack of Social/Emotional Support,16.2,13.7,19.0,4074,3530
10005050104,Sussex,Health-Related Social Needs,Food Insecurity,21.7,18.6,25.2,5031,3785
10005050807,Sussex,Health-Related Social Needs,Loneliness,27.2,23.4,31.4,1824,1622
10005051017,Sussex,Health-Related Social Needs,Utility Services Threat,3.4,2.7,4.2,3804,3435
10001042205,Kent,Health-Related Social Needs,Lack of Social/Emotional Support,22.8,20.0,26.1,3019,2312
10005051010,Sussex,Prevention,Cholesterol Screening,92.7,91.6,93.8,2795,2452
10003013000,New Castle,Health Status,Frequent Physical Distress,12.8,11.1,14.6,1927,1515
10005050303,Sussex,Health Outcomes,Diabetes,13.0,11.5,14.7,2935,2313
10003016404,New Castle,Disability,Mobility Disability,14.1,12.4,15.9,3334,2622
10005051201,Sussex,Health Outcomes,Coronary Heart Disease,9.3,8.0,10.6,1513,1391
10003014809,New Castle,Health Outcomes,Stroke,3.5,3.1,3.8,8360,6692
10003015502,New Castle,Disability,Mobility Disability,20.3,17.9,22.7,2686,2035
10001043100,Kent,Health Risk Behaviors,Binge Drinking,13.8,11.6,16.4,2573,2087
10001042100,Kent,Health Outcomes,Current Asthma,12.7,11.3,14.3,3997,3098
10005050303,Sussex,Health Status,Frequent Physical Distress,16.1,14.2,17.9,2935,2313
10003010105,New Castle,Prevention,Cholesterol Screening,85.4,83.1,87.3,2916,2113
10003016307,New Castle,Prevention,Annual Checkup,79.7,76.5,82.7,2756,2221
10005050303,Sussex,Health Outcomes,High Cholesterol,44.3,40.5,47.9,2935,2313
10005051103,Sussex,Health Outcomes,Cancer (non-skin) or Melanoma,14.5,13.2,15.8,952,866
10003012100,New Castle,Health Outcomes,Stroke,3.0,2.7,3.3,2901,2301
10003012300,New Castle,Health Outcomes,COPD,7.9,6.8,9.1,2739,2159
10003013506,New Castle,Health Outcomes,Obesity,26.1,21.2,31.2,4567,3785
10001980000,Kent,Disability,Any Disability,31.5,27.6,35.6,108,104
10003014404,New Castle,Prevention,Cholesterol Screening,84.8,82.4,86.9,4159,3562
10003010703,New Castle,Disability,Self-care Disability,4.3,3.7,4.8,2036,1556
10001041803,Kent,Disability,Self-care Disability,5.6,5.1,6.1,4384,3459
10005051008,Sussex,Prevention,Dental Visit,71.1,68.2,74.2,4100,3626
10005051016,Sussex,Health Risk Behaviors,Binge Drinking,13.2,11.1,15.5,1879,1685
10003014000,New Castle,Health-Related Social Needs,Utility Services Threat,10.0,8.6,11.6,5441,4349
10005050304,Sussex,Health Status,Frequent Mental Distress,14.5,12.7,16.3,4616,3670
10003011300,New Castle,Health Outcomes,Obesity,27.4,22.5,32.7,2244,1847
10003013615,New Castle,Health-Related Social Needs,Food Insecurity,11.6,9.8,13.7,4107,3324
10003000400,New Castle,Disability,Mobility Disability,17.1,14.7,19.9,2957,2436
10003001600,New Castle,Disability,Self-care Disability,8.4,7.3,9.6,2419,1765
10003010104,New Castle,Health Outcomes,Coronary Heart Disease,5.4,4.8,6.1,3620,2830
10005051013,Sussex,Health Outcomes,Cancer (non-skin) or Melanoma,13.6,12.4,14.9,3686,3150
10005051900,Sussex,Health Outcomes,Diabetes,12.3,10.8,13.9,4760,3685
10003013604,New Castle,Health Outcomes,Current Asthma,9.8,8.7,11.0,4156,3372
10003014703,New Castle,Disability,Mobility Disability,15.7,13.8,17.6,4827,3890
10003000300,New Castle,Prevention,Mammography,78.5,72.8,83.6,3012,2233
10005050703,Sussex,Health-Related Social Needs,Lack of Social/Emotional Support,21.5,18.4,24.6,2153,1786
10005050604,Sussex,Health-Related Social Needs,Food Insecurity,20.2,17.3,23.2,4674,3611
10003011600,New Castle,Health Risk Behaviors,Physical Inactivity,18.9,15.4,23.0,3287,2573
10003016404,New Castle,Prevention,High Blood Pressure Medication,75.5,72.4,78.3,3334,2622
